ticker,price,last_bar,last_month,rsi_m,rsi_m_prev,rsi_partial_month,oversold_now,qualified,episode_active,episode_start,episode_end,episode_exit,episode_months,episode_min_rsi,months_since_oversold,episodes_15y,drawdown_5y,high_5y,high_date,ret_3m,ret_12m,pct_vs_200dma,adv_3m_usd,years_history,first_bar,name,sector,industry,index,liquid,history_ok,priority
TTD,12.600000381469728,2026-09-25,2026-08-31,30.9,32.4,30.6,True,True,True,2025-08-31,2026-08-31,,13,30.9,0.0,2,-0.9097,139.51,2024-12-04,-0.2729,-0.7305,-0.4578,354842635.0,10.0,2016-09-21,Trade Desk (The),Communication Services,Advertising,sp500,True,True,True
BILL,44.25,2026-09-25,2026-08-31,46.7,44.3,44.2,False,True,False,2026-01-31,2026-06-30,2026-07-31,6,38.5,2.0,5,-0.8707,342.26,2021-11-09,0.3256,-0.1681,0.0154,103185320.0,6.8,2019-12-12,Bill Holdings,Information Technology,Application Software,sp400,True,True,True
WHR,31.709999084472656,2026-09-25,2026-08-31,33.0,31.0,30.4,True,True,True,2026-02-28,2026-08-31,,7,31.0,0.0,15,-0.8676,239.47,2022-01-04,-0.1598,-0.5907,-0.4187,94781105.0,15.0,2011-09-26,Whirlpool Corporation,Consumer Discretionary,Household Appliances,sp400,True,True,True
CHTR,112.91000366210938,2026-09-25,2026-08-31,33.0,31.5,29.3,True,True,True,2025-07-31,2026-08-31,,14,30.9,0.0,4,-0.849,747.79,2021-10-05,-0.1291,-0.5827,-0.3634,431657179.0,15.0,2011-09-26,Charter Communications,Communication Services,Cable & Satellite,sp500,True,True,True
XRAY,9.399999618530272,2026-09-25,2026-08-31,36.2,40.1,33.5,True,True,True,2024-04-30,2026-08-31,,29,27.0,0.0,6,-0.8452,60.73,2021-09-27,-0.128,-0.2401,-0.1948,54863146.0,15.0,2011-09-26,Dentsply Sirona,Health Care,Health Care Supplies,sp400,True,True,True
RH,124.16999816894533,2026-09-25,2026-08-31,41.2,43.1,38.4,True,True,True,2026-08-31,2026-08-31,,1,41.2,0.0,9,-0.8238,704.52,2021-09-27,-0.2235,-0.4124,-0.2282,121348104.0,13.9,2012-11-02,RH,Consumer Discretionary,Homefurnishing Retail,sp400,True,True,True
VFC,14.149999618530272,2026-09-25,2026-08-31,40.0,41.4,41.7,True,True,True,2026-07-31,2026-08-31,,2,40.0,0.0,5,-0.8186,78.01,2021-11-16,-0.1657,-0.0167,-0.1827,105915744.0,15.0,2011-09-26,VF Corporation,Consumer Discretionary,"Apparel, Accessories & Luxury Goods",sp400,True,True,True
FISV,46.47999954223633,2026-09-25,2026-08-31,31.4,31.6,29.9,True,True,True,2025-09-30,2026-08-31,,12,29.1,0.0,2,-0.8045,237.79,2025-03-03,-0.0221,-0.6387,-0.189,377279005.0,15.0,2011-09-26,Fiserv,Financials,Transaction & Payment Processing Services,sp500,True,True,True
LULU,101.3000030517578,2026-09-25,2026-08-31,34.0,33.7,32.0,True,True,True,2025-06-30,2026-08-31,,15,32.8,0.0,5,-0.8019,511.29,2023-12-29,-0.096,-0.4111,-0.3126,493461413.0,15.0,2011-09-26,Lululemon Athletica,Consumer Discretionary,"Apparel, Accessories & Luxury Goods",sp500,True,True,True
PYPL,55.040000915527344,2026-09-25,2026-08-31,42.9,45.6,44.8,False,True,False,2025-11-30,2026-06-30,2026-07-31,8,32.7,2.0,3,-0.7987,273.39,2021-09-27,0.2987,-0.1753,0.0909,802038588.0,11.2,2015-07-06,PayPal,Financials,Transaction & Payment Processing Services,sp500,True,True,True
NKE,35.75,2026-09-25,2026-08-31,28.8,30.0,27.4,True,True,True,2025-09-30,2026-08-31,,12,28.8,0.0,7,-0.7986,177.51,2021-11-05,-0.1259,-0.4837,-0.2777,1103975390.0,15.0,2011-09-26,"Nike, Inc.",Consumer Discretionary,"Apparel, Accessories & Luxury Goods",sp500,True,True,True
BBWI,16.450000762939453,2026-09-25,2026-08-31,39.2,40.2,36.3,True,True,True,2026-07-31,2026-08-31,,2,39.2,0.0,10,-0.7901,78.37,2021-11-18,-0.2461,-0.3634,-0.1771,115479939.0,15.0,2011-09-26,"Bath & Body Works, Inc.",Consumer Discretionary,Other Specialty Retail,sp400,True,True,True
CPRI,15.100000381469728,2026-09-25,2026-08-31,35.1,37.8,38.3,True,True,True,2026-02-28,2026-08-31,,7,35.1,0.0,9,-0.7866,70.76,2022-02-16,-0.1994,-0.2188,-0.2094,68389600.0,14.8,2011-12-15,Capri Holdings,Consumer Discretionary,"Apparel, Accessories & Luxury Goods",sp400,True,True,True
PATH,12.460000038146973,2026-09-25,2026-08-31,57.2,46.1,46.4,False,True,False,2026-06-30,2026-06-30,2026-07-31,1,41.5,2.0,5,-0.7833,57.51,2021-11-04,0.2548,0.0264,-0.027,958660154.0,5.4,2021-04-21,UiPath,Information Technology,Systems Software,sp400,True,True,True
ARE,49.93000030517578,2026-09-25,2026-08-31,35.0,35.1,34.4,True,True,True,2024-10-31,2026-08-31,,23,26.5,0.0,4,-0.7767,223.57,2021-12-29,-0.0631,-0.4067,-0.0066,95936773.0,15.0,2011-09-26,Alexandria Real Estate Equities,Real Estate,Office REITs,sp500,True,True,True
CHWY,18.270000457763672,2026-09-25,2026-08-31,42.5,40.9,37.5,False,True,False,2026-04-30,2026-07-31,2026-08-31,4,36.9,1.0,5,-0.7705,79.62,2021-11-04,0.0072,-0.5186,-0.2659,183420897.0,7.3,2019-06-14,Chewy,Consumer Discretionary,Other Specialty Retail,sp400,True,True,True
WING,99.06999969482422,2026-09-25,2026-08-31,36.3,38.0,35.5,True,True,True,2026-03-31,2026-08-31,,6,36.3,0.0,2,-0.769,428.85,2024-06-18,-0.4011,-0.6025,-0.4496,157884466.0,11.3,2015-06-12,Wingstop,Consumer Discretionary,Restaurants,sp400,True,True,True
DOCU,67.5,2026-09-25,2026-08-31,51.1,44.1,51.8,False,True,False,2026-01-31,2026-06-30,2026-07-31,6,33.9,2.0,4,-0.7624,284.11,2021-11-04,0.5897,-0.1698,0.2571,195345107.0,8.4,2018-04-27,Docusign,Information Technology,Application Software,sp400,True,True,True
OLN,16.399999618530273,2026-09-25,2026-08-31,35.8,36.8,34.9,True,True,True,2026-06-30,2026-08-31,,3,35.8,0.0,7,-0.7549,66.92,2022-06-02,-0.2333,-0.282,-0.2888,57433799.0,15.0,2011-09-26,Olin Corporation,Materials,Diversified Chemicals,sp400,True,True,True
PSKY,9.960000038146973,2026-09-25,2026-08-31,46.2,38.9,44.3,False,True,False,2026-07-31,2026-07-31,2026-08-31,1,38.9,1.0,9,-0.7537,40.44,2021-09-27,0.0562,-0.4739,-0.0663,139821923.0,15.0,2011-09-26,Paramount Skydance Corporation,Communication Services,Movies & Entertainment,sp500,True,True,True
APTV,44.790000915527344,2026-09-25,2026-08-31,33.3,38.8,33.4,True,True,True,2026-06-30,2026-08-31,,3,33.3,0.0,9,-0.7485,178.12,2021-11-03,-0.2772,-0.4713,-0.3022,198471919.0,14.9,2011-11-17,Aptiv,Consumer Discretionary,Automotive Parts & Equipment,sp500,True,True,True
EL,94.47000122070312,2026-09-25,2026-08-31,50.2,43.8,47.7,False,True,False,2026-06-30,2026-06-30,2026-07-31,1,41.9,2.0,6,-0.746,371.86,2022-01-04,0.1591,0.1248,0.0225,275757643.0,15.0,2011-09-26,Estée Lauder Companies (The),Consumer Staples,Personal Care Products,sp500,True,True,True
BAX,23.3700008392334,2026-09-25,2026-08-31,47.6,47.8,43.6,False,True,False,2022-06-30,2026-06-30,2026-07-31,49,26.0,2.0,3,-0.7387,89.45,2022-02-09,0.0845,0.0765,0.1284,160933410.0,15.0,2011-09-26,Baxter International,Health Care,Health Care Equipment,sp500,True,True,True
DUOL,143.50999450683594,2026-09-25,2026-08-31,43.4,41.6,42.9,False,True,False,2026-01-31,2026-07-31,2026-08-31,7,37.0,1.0,2,-0.7346,540.68,2025-05-14,0.1965,-0.5422,0.1144,163125104.0,5.2,2021-07-28,Duolingo,Consumer Discretionary,Education Services,sp400,True,True,True
KD,11.600000381469728,2026-09-25,2026-08-31,36.5,36.6,34.6,True,True,True,2026-02-28,2026-08-31,,7,32.5,0.0,2,-0.733,43.45,2025-02-05,0.0751,-0.6212,-0.2409,51098116.0,4.9,2021-10-22,Kyndryl,Information Technology,IT Consulting & Other Services,sp400,True,False,True
BLDR,59.16999816894531,2026-09-25,2026-08-31,37.0,37.0,35.4,True,True,True,2026-07-31,2026-08-31,,2,37.0,0.0,5,-0.7197,211.12,2024-03-21,-0.3331,-0.4939,-0.3186,178860551.0,15.0,2011-09-26,Builders FirstSource,Industrials,Building Products,sp500,True,True,True
CSGP,28.09000015258789,2026-09-25,2026-08-31,29.7,26.3,28.0,True,True,True,2026-01-31,2026-08-31,,8,25.9,0.0,3,-0.7184,99.74,2021-10-26,-0.0192,-0.6619,-0.3159,211576518.0,15.0,2011-09-26,CoStar Group,Real Estate,Real Estate Services,sp500,True,True,True
FIS,35.40999984741211,2026-09-25,2026-08-31,32.0,34.2,29.2,True,True,True,2026-01-31,2026-08-31,,8,27.3,0.0,6,-0.7168,125.04,2021-10-22,-0.0647,-0.4449,-0.2564,245677801.0,15.0,2011-09-26,Fidelity National Information Services,Financials,Transaction & Payment Processing Services,sp500,True,True,True
ZTS,71.05000305175781,2026-09-25,2026-08-31,27.4,27.4,26.0,True,True,True,2025-10-31,2026-08-31,,11,24.4,0.0,5,-0.7124,247.03,2021-12-29,-0.087,-0.4966,-0.2863,424536803.0,13.6,2013-02-01,Zoetis,Health Care,Pharmaceuticals,sp500,True,True,True
CELH,27.989999771118164,2026-09-25,2026-08-31,43.6,41.9,41.6,False,True,False,2026-06-30,2026-07-31,2026-08-31,2,41.9,1.0,2,-0.7088,96.11,2024-03-13,-0.0082,-0.4598,-0.2402,276297152.0,15.0,2011-09-26,Celsius Holdings,Consumer Staples,Soft Drinks & Non-alcoholic Beverages,sp400,True,True,True
MOS,23.01000022888184,2026-09-25,2026-08-31,43.2,39.4,41.7,False,True,False,2026-04-30,2026-07-31,2026-08-31,4,37.6,1.0,11,-0.7056,78.15,2022-04-18,0.0589,-0.3386,-0.0634,188351002.0,15.0,2011-09-26,Mosaic Company (The),Materials,Fertilizers & Agricultural Chemicals,sp500,True,True,True
SAM,163.77000427246094,2026-09-25,2026-08-31,36.2,37.1,34.0,True,True,True,2026-05-31,2026-08-31,,4,35.4,0.0,12,-0.6995,545.0,2021-10-07,-0.0912,-0.2364,-0.1877,46659861.0,15.0,2011-09-26,Boston Beer Company,Consumer Staples,Brewers,sp400,True,True,True
DOCS,26.350000381469727,2026-09-25,2026-08-31,41.0,35.8,40.8,True,True,True,2026-02-28,2026-08-31,,7,35.7,0.0,5,-0.6991,87.56,2021-09-27,0.3275,-0.6457,-0.0318,109314516.0,5.3,2021-06-24,Doximity,Health Care,Health Care Technology,sp400,True,True,True
PINS,18.899999618530277,2026-09-25,2026-08-31,42.7,45.3,39.6,False,True,False,2026-01-31,2026-06-30,2026-07-31,6,35.2,2.0,6,-0.6985,62.68,2021-10-20,-0.0298,-0.435,-0.1177,267743289.0,7.4,2019-04-18,Pinterest,Communication Services,Interactive Home Entertainment,sp400,True,True,True
FOUR,38.45000076293945,2026-09-25,2026-08-31,38.2,42.5,36.7,True,True,True,2026-08-31,2026-08-31,,1,38.2,0.0,2,-0.694,125.66,2025-02-18,-0.1217,-0.518,-0.2262,77874200.0,6.3,2020-06-05,Shift4,Financials,Transaction & Payment Processing Services,sp400,True,True,True
GPK,9.380000114440918,2026-09-25,2026-08-31,30.4,28.5,27.4,True,True,True,2025-09-30,2026-08-31,,12,22.3,0.0,3,-0.6925,30.5,2024-09-19,-0.1402,-0.5117,-0.1848,54972024.0,15.0,2011-09-26,Graphic Packaging,Materials,Paper & Plastic Packaging Products & Materials,sp400,True,True,True
ACI,11.670000076293944,2026-09-25,2026-08-31,29.4,25.3,27.9,True,True,True,2026-03-31,2026-08-31,,6,25.3,0.0,3,-0.683,36.81,2021-12-06,-0.1519,-0.3312,-0.248,103933045.0,6.2,2020-06-26,Albertsons,Consumer Staples,Food Retail,sp400,True,True,True
TREX,44.790000915527344,2026-09-25,2026-08-31,45.0,43.3,44.5,False,True,False,2025-09-30,2026-05-31,2026-06-30,9,34.2,3.0,6,-0.6816,140.68,2021-12-10,-0.1038,-0.1127,0.0698,84545430.0,15.0,2011-09-26,Trex,Industrials,Building Products,sp400,True,True,True
CCI,67.83999633789062,2026-09-25,2026-08-31,36.4,36.4,32.4,True,True,True,2026-06-30,2026-08-31,,3,36.0,0.0,6,-0.675,208.74,2021-12-31,-0.147,-0.2781,-0.1884,278231566.0,15.0,2011-09-26,Crown Castle,Real Estate,Telecom Tower REITs,sp500,True,True,True
OLED,77.38999938964844,2026-09-25,2026-08-31,34.2,32.7,32.7,True,True,True,2025-11-30,2026-08-31,,10,32.7,0.0,7,-0.6727,236.42,2024-07-16,-0.1159,-0.4711,-0.2018,62783193.0,15.0,2011-09-26,Universal Display,Information Technology,Semiconductors,sp400,True,True,True
FND,47.060001373291016,2026-09-25,2026-08-31,37.8,40.8,36.5,True,True,True,2026-03-31,2026-08-31,,6,34.7,0.0,4,-0.6716,143.31,2021-11-04,-0.1931,-0.3884,-0.1733,131520211.0,9.4,2017-04-27,Floor & Decor,Consumer Discretionary,Home Improvement Retail,sp400,True,True,True
SIRI,25.86000061035156,2026-09-25,2026-08-31,50.1,53.0,45.9,False,True,False,2024-03-31,2026-03-31,2026-04-30,25,33.8,5.0,5,-0.6689,78.1,2023-07-20,-0.0684,0.1555,0.0135,119199116.0,15.0,2011-09-26,SiriusXM,Communication Services,Broadcasting,sp400,True,True,True
BF-B,26.15999984741211,2026-09-25,2026-08-31,36.3,39.2,35.7,True,True,True,2024-03-31,2026-08-31,,30,25.7,0.0,3,-0.6631,77.66,2022-08-17,-0.0549,-0.0217,-0.0329,64231078.0,15.0,2011-09-26,Brown–Forman,Consumer Staples,Distillers & Vintners,sp500,True,True,True
IT,187.8999938964844,2026-09-25,2026-08-31,39.4,31.3,38.4,True,True,True,2025-07-31,2026-08-31,,14,27.1,0.0,2,-0.6595,551.8,2024-11-13,0.4839,-0.2839,0.0782,221556683.0,15.0,2011-09-26,Gartner,Information Technology,IT Consulting & Other Services,sp500,True,True,True
INTU,275.7900085449219,2026-09-25,2026-08-31,37.5,33.1,33.0,True,True,True,2026-01-31,2026-08-31,,8,27.1,0.0,1,-0.6584,807.39,2025-07-30,0.0812,-0.6019,-0.3164,1273247712.0,15.0,2011-09-26,Intuit,Information Technology,Application Software,sp500,True,True,True
ADBE,235.47000122070312,2026-09-25,2026-08-31,43.4,37.3,38.0,False,True,False,2025-07-31,2026-07-31,2026-08-31,13,29.9,1.0,7,-0.6579,688.37,2021-11-19,0.2175,-0.3351,-0.1036,1315733945.0,15.0,2011-09-26,Adobe Inc.,Information Technology,Application Software,sp500,True,True,True
SFM,62.4900016784668,2026-09-25,2026-08-31,44.2,46.3,37.2,False,True,False,2025-12-31,2026-03-31,2026-04-30,4,39.3,5.0,9,-0.6519,179.53,2025-06-02,-0.2384,-0.4388,-0.2018,152845265.0,13.1,2013-08-01,Sprouts Farmers Market,Consumer Staples,Food Retail,sp400,True,True,True
DECK,78.66999816894531,2026-09-25,2026-08-31,41.9,44.7,39.6,True,True,True,2026-08-31,2026-08-31,,1,41.9,0.0,6,-0.6474,223.11,2025-01-30,-0.2332,-0.2566,-0.2276,242541062.0,15.0,2011-09-26,Deckers Brands,Consumer Discretionary,Footwear,sp500,True,True,True
HRL,19.709999084472656,2026-09-25,2026-08-31,36.8,42.9,33.4,True,True,True,2026-08-31,2026-08-31,,1,36.8,0.0,7,-0.6404,54.81,2022-04-21,-0.2425,-0.1925,-0.1526,102681781.0,15.0,2011-09-26,Hormel Foods,Consumer Staples,Packaged Foods & Meats,sp500,True,True,True
AVTR,15.25,2026-09-25,2026-08-31,49.9,47.7,52.0,False,True,False,2025-02-28,2026-06-30,2026-07-31,17,24.1,2.0,4,-0.6381,42.14,2021-12-31,0.5129,0.2946,0.4338,124332234.0,7.4,2019-05-17,Avantor,Health Care,Life Sciences Tools & Services,sp400,True,True,True
FICO,863.0900268554688,2026-09-25,2026-08-31,42.9,42.1,36.6,False,True,False,2026-03-31,2026-04-30,2026-05-31,2,38.2,4.0,1,-0.6377,2382.4,2024-11-26,-0.2452,-0.4426,-0.3077,378679566.0,15.0,2011-09-26,Fair Isaac,Information Technology,Application Software,sp500,True,True,True
MTN,136.11000061035156,2026-09-25,2026-08-31,40.6,45.5,40.3,True,True,True,2026-08-31,2026-08-31,,1,40.6,0.0,8,-0.6346,372.51,2021-11-05,0.0208,-0.0727,-0.0123,101888343.0,15.0,2011-09-26,Vail Resorts,Consumer Discretionary,"Hotels, Resorts & Cruise Lines",sp400,True,True,True
CLF,12.18000030517578,2026-09-25,2026-08-31,48.9,48.8,50.3,False,True,False,2026-03-31,2026-03-31,2026-04-30,1,39.8,5.0,8,-0.6317,33.07,2022-03-28,0.132,0.0091,0.0664,212195056.0,15.0,2011-09-26,Cleveland-Cliffs,Materials,Steel,sp400,True,True,True
GIS,33.63999938964844,2026-09-25,2026-08-31,36.7,24.6,29.6,True,True,True,2025-01-31,2026-08-31,,20,19.7,0.0,7,-0.6287,90.61,2023-05-12,-0.0497,-0.3194,-0.1406,363801648.0,15.0,2011-09-26,General Mills,Consumer Staples,Packaged Foods & Meats,sp500,True,True,True
PLNT,42.68000030517578,2026-09-25,2026-08-31,35.2,36.7,32.1,True,True,True,2026-04-30,2026-08-31,,5,34.4,0.0,3,-0.6241,113.55,2025-07-22,-0.1783,-0.5872,-0.3857,106029483.0,11.1,2015-08-06,Planet Fitness,Consumer Discretionary,Leisure Facilities,sp400,True,True,True
PSN,43.06999969482422,2026-09-25,2026-08-31,40.6,37.5,38.0,True,True,True,2026-06-30,2026-08-31,,3,37.5,0.0,2,-0.6199,113.31,2024-11-11,-0.0846,-0.4596,-0.2364,65156481.0,7.4,2019-05-08,Parsons Corporation,Industrials,Aerospace & Defense,sp400,True,True,True
PODD,136.1300048828125,2026-09-25,2026-08-31,36.1,38.1,34.6,True,True,True,2026-03-31,2026-08-31,,6,34.0,0.0,3,-0.6142,352.82,2025-09-09,-0.115,-0.5793,-0.3105,238137551.0,15.0,2011-09-26,Insulet Corporation,Health Care,Health Care Equipment,sp500,True,True,True
PII,53.02999877929688,2026-09-25,2026-08-31,48.2,50.0,40.9,False,True,False,2026-03-31,2026-03-31,2026-04-30,1,41.3,5.0,10,-0.6134,137.17,2023-07-26,-0.265,-0.0701,-0.176,53174915.0,15.0,2011-09-26,Polaris,Consumer Discretionary,Leisure Products,sp400,True,True,True
BAH,72.94999694824219,2026-09-25,2026-08-31,39.1,35.4,38.0,True,True,True,2025-09-30,2026-08-31,,12,29.1,0.0,3,-0.6078,186.0,2024-10-28,0.2217,-0.252,-0.0691,138932391.0,15.0,2011-09-26,Booz Allen Hamilton,Industrials,Research & Consulting Services,sp400,True,True,True
DOW,28.020000457763672,2026-09-25,2026-08-31,44.1,43.8,41.6,False,True,False,2026-06-30,2026-06-30,2026-07-31,1,40.1,2.0,4,-0.6032,70.61,2022-05-04,-0.044,0.2622,-0.1219,283002212.0,7.5,2019-03-20,Dow Inc.,Materials,Commodity Chemicals,sp500,True,True,True
UPS,93.95999908447266,2026-09-25,2026-08-31,44.5,44.5,39.6,False,True,False,2026-03-31,2026-03-31,2026-04-30,1,41.1,5.0,6,-0.5952,232.11,2022-02-02,-0.1404,0.1378,-0.1064,505163628.0,15.0,2011-09-26,United Parcel Service,Industrials,Air Freight & Logistics,sp500,True,True,True
BSX,43.91999816894531,2026-09-25,2026-08-31,29.9,28.2,28.0,True,True,True,2026-02-28,2026-08-31,,7,24.0,0.0,1,-0.5939,108.14,2025-09-08,-0.0063,-0.5525,-0.3023,944225366.0,15.0,2011-09-26,Boston Scientific,Health Care,Health Care Equipment,sp500,True,True,True
CMCSA,21.90999984741211,2026-09-25,2026-08-31,41.7,35.1,34.9,True,True,True,2026-03-31,2026-08-31,,6,35.1,0.0,7,-0.5927,53.8,2021-10-07,-0.0344,-0.2607,-0.1827,778692071.0,15.0,2011-09-26,Comcast,Communication Services,Cable & Satellite,sp500,True,True,True
ERIE,222.8600006103516,2026-09-25,2026-08-31,40.6,37.2,35.7,True,True,True,2025-10-31,2026-08-31,,11,30.0,0.0,2,-0.591,544.84,2024-09-24,-0.0309,-0.2879,-0.1103,68663100.0,15.0,2011-09-26,Erie Indemnity,Financials,Insurance Brokers,sp500,True,True,True
RYN,18.8799991607666,2026-09-25,2026-08-31,38.4,41.2,35.0,True,True,True,2025-10-31,2026-08-31,,11,37.3,0.0,11,-0.5845,45.44,2022-04-20,-0.1371,-0.2722,-0.117,63208178.0,15.0,2011-09-26,Rayonier,Real Estate,Timber REITs,sp400,True,True,True
STZ,113.62999725341795,2026-09-25,2026-08-31,33.3,33.1,29.2,True,True,True,2025-01-31,2026-08-31,,20,27.5,0.0,4,-0.5835,272.8,2023-07-31,-0.2134,-0.1434,-0.2114,280466987.0,15.0,2011-09-26,Constellation Brands,Consumer Staples,Distillers & Vintners,sp500,True,True,True
WLK,67.70999908447266,2026-09-25,2026-08-31,41.7,39.6,39.3,True,True,True,2026-06-30,2026-08-31,,3,39.6,0.0,10,-0.5822,162.06,2024-04-09,-0.1154,-0.1091,-0.2348,70367897.0,15.0,2011-09-26,Westlake Corporation,Materials,Specialty Chemicals,sp400,True,True,True
FBIN,39.380001068115234,2026-09-25,2026-08-31,42.2,45.1,39.4,False,True,False,2026-03-31,2026-05-31,2026-06-30,3,34.3,3.0,7,-0.5766,93.01,2021-11-16,-0.1502,-0.2539,-0.1551,120631180.0,15.0,2011-09-26,Fortune Brands Innovations,Industrials,Building Products,sp400,True,True,True
ACN,176.11000061035156,2026-09-25,2026-08-31,40.0,35.2,38.3,True,True,True,2026-02-28,2026-08-31,,7,25.4,0.0,2,-0.5761,415.42,2021-12-29,0.3997,-0.2427,-0.1104,1068531057.0,15.0,2011-09-26,Accenture,Information Technology,IT Consulting & Other Services,sp500,True,True,True
SBAC,166.14999389648438,2026-09-25,2026-08-31,45.6,43.3,40.7,False,True,False,2026-03-31,2026-03-31,2026-04-30,1,37.8,5.0,5,-0.5729,389.02,2021-12-31,-0.0818,-0.1498,-0.1347,180349560.0,15.0,2011-09-26,SBA Communications,Real Estate,Telecom Tower REITs,sp500,True,True,True
HLNE,86.20999908447266,2026-09-25,2026-08-31,47.1,39.5,40.8,False,True,False,2026-02-28,2026-07-31,2026-08-31,6,35.1,1.0,2,-0.5724,201.62,2024-11-11,0.1311,-0.3827,-0.1732,63375812.0,9.6,2017-03-01,Hamilton Lane,Financials,Asset Management & Custody Banks,sp400,True,True,True
CPRT,27.59000015258789,2026-09-25,2026-08-31,38.8,32.0,33.7,True,True,True,2025-11-30,2026-08-31,,10,30.3,0.0,1,-0.5678,63.84,2025-05-16,-0.0819,-0.3854,-0.1833,341852459.0,15.0,2011-09-26,Copart,Industrials,Diversified Support Services,sp500,True,True,True
KRC,34.22999954223633,2026-09-25,2026-08-31,49.1,52.8,46.3,False,True,False,2026-02-28,2026-03-31,2026-04-30,2,36.5,5.0,8,-0.5661,78.89,2022-03-29,-0.0874,-0.2102,-0.0228,47855588.0,15.0,2011-09-26,Kilroy Realty Corp,Real Estate,Office REITs,sp400,True,True,True
LEN,82.1500015258789,2026-09-25,2026-08-31,38.0,37.1,37.4,True,True,True,2026-03-31,2026-08-31,,6,37.1,0.0,5,-0.559,186.3,2024-09-19,-0.1248,-0.3376,-0.1371,255494500.0,15.0,2011-09-26,Lennar,Consumer Discretionary,Homebuilding,sp500,True,True,True
REXR,37.470001220703125,2026-09-25,2026-08-31,45.0,46.0,45.8,False,True,False,2026-02-28,2026-06-30,2026-07-31,5,36.3,2.0,6,-0.5532,83.86,2022-04-20,0.1185,-0.0991,0.0188,99744959.0,13.2,2013-07-19,Rexford Industrial Realty,Real Estate,Industrial REITs,sp400,True,True,True
CLX,83.80000305175781,2026-09-25,2026-08-31,38.8,37.6,34.1,True,True,True,2026-03-31,2026-08-31,,6,34.7,0.0,6,-0.5509,186.6,2022-01-14,-0.1204,-0.3171,-0.1778,269662182.0,15.0,2011-09-26,Clorox,Consumer Staples,Household Products,sp500,True,True,True
EEFT,65.61000061035156,2026-09-25,2026-08-31,36.7,37.8,34.4,True,True,True,2025-09-30,2026-08-31,,12,33.0,0.0,5,-0.5507,146.04,2022-02-10,-0.0216,-0.2537,-0.088,47620602.0,15.0,2011-09-26,Euronet Worldwide,Financials,Transaction & Payment Processing Services,sp400,True,True,True
GDDY,97.13999938964844,2026-09-25,2026-08-31,40.4,31.4,40.1,True,True,True,2025-12-31,2026-08-31,,9,30.4,0.0,1,-0.5468,214.35,2025-01-28,0.2242,-0.312,0.0315,206122366.0,11.5,2015-03-31,GoDaddy,Information Technology,Internet Services & Infrastructure,sp500,True,True,True
ACM,60.88999938964844,2026-09-25,2026-08-31,35.0,37.1,32.4,True,True,True,2026-03-31,2026-08-31,,6,34.9,0.0,3,-0.5468,134.35,2025-10-31,-0.1319,-0.5256,-0.2474,131806078.0,15.0,2011-09-26,AECOM,Industrials,Construction & Engineering,sp400,True,True,True
MOH,190.8600006103516,2026-09-25,2026-08-31,45.7,45.2,44.7,False,True,False,2026-05-31,2026-05-31,2026-06-30,1,41.0,3.0,2,-0.5451,419.53,2024-03-19,-0.1166,0.0082,0.0539,200962638.0,15.0,2011-09-26,Molina Healthcare,Health Care,Managed Health Care,sp400,True,True,True
ELF,99.51000213623048,2026-09-25,2026-08-31,53.3,47.0,50.9,False,True,False,2026-03-31,2026-05-31,2026-06-30,3,39.6,3.0,4,-0.5435,218.0,2024-06-27,0.5288,-0.2386,0.2814,198138891.0,10.0,2016-09-22,e.l.f. Beauty,Consumer Staples,Personal Care Products,sp400,True,True,True
CMG,31.32999992370605,2026-09-25,2026-08-31,46.0,45.0,39.3,False,True,False,2026-02-28,2026-06-30,2026-07-31,5,36.8,2.0,5,-0.543,68.55,2024-06-18,-0.0294,-0.2034,-0.1034,561365857.0,15.0,2011-09-26,Chipotle Mexican Grill,Consumer Discretionary,Restaurants,sp500,True,True,True
ROL,30.030000686645508,2026-09-25,2026-08-31,32.5,34.0,28.2,True,True,True,2026-06-30,2026-08-31,,3,32.5,0.0,1,-0.5422,65.6,2026-02-11,-0.2984,-0.4679,-0.4037,216875424.0,15.0,2011-09-26,"Rollins, Inc.",Industrials,Environmental & Facilities Services,sp500,True,True,True
MZTI,100.47000122070312,2026-09-25,2026-08-31,33.7,30.7,30.7,True,True,True,2026-03-31,2026-08-31,,6,30.7,0.0,3,-0.5409,218.84,2023-05-05,-0.1062,-0.4167,-0.242,39113487.0,15.0,2011-09-26,The Marzetti Company,Consumer Staples,Packaged Foods & Meats,sp400,True,True,True
MKC,47.93999862670898,2026-09-25,2026-08-31,39.8,36.1,35.6,True,True,True,2026-03-31,2026-08-31,,6,32.3,0.0,5,-0.5403,104.28,2022-04-21,-0.0085,-0.2581,-0.1438,162674366.0,15.0,2011-09-26,McCormick & Company,Consumer Staples,Packaged Foods & Meats,sp500,True,True,True
COIN,195.1100006103516,2026-09-25,2026-08-31,47.2,41.7,48.0,False,True,False,2026-06-30,2026-07-31,2026-08-31,2,41.7,1.0,2,-0.5352,419.78,2025-07-18,0.369,-0.3638,0.0411,1527387926.0,5.4,2021-04-14,Coinbase,Financials,Financial Exchanges & Data,sp500,True,True,True
PFE,28.670000076293945,2026-09-25,2026-08-31,53.1,42.6,53.7,False,True,False,2026-06-30,2026-06-30,2026-07-31,1,39.2,2.0,5,-0.5319,61.25,2021-12-16,0.2112,0.2148,0.0886,1002662030.0,15.0,2011-09-26,Pfizer,Health Care,Pharmaceuticals,sp500,True,True,True
PCTY,143.35000610351562,2026-09-25,2026-08-31,52.4,45.9,47.8,False,True,False,2026-01-31,2026-06-30,2026-07-31,6,31.4,2.0,4,-0.5312,305.75,2021-11-01,0.4267,-0.1249,0.1451,99179469.0,12.5,2014-03-19,Paylocity,Industrials,Human Resource & Employment Services,sp400,True,True,True
TOST,30.600000381469727,2026-09-25,2026-08-31,51.9,49.8,47.8,False,True,False,2026-05-31,2026-05-31,2026-06-30,1,41.9,3.0,3,-0.5308,65.22,2021-11-02,0.1874,-0.1696,0.0229,333694534.0,5.0,2021-09-22,"Toast, Inc.",Financials,Transaction & Payment Processing Services,sp400,True,True,True
WY,20.01000022888184,2026-09-25,2026-08-31,40.9,45.0,34.1,True,True,True,2026-08-31,2026-08-31,,1,40.9,0.0,8,-0.53,42.57,2022-02-09,-0.2232,-0.1721,-0.175,131308985.0,15.0,2011-09-26,Weyerhaeuser,Real Estate,Timber REITs,sp500,True,True,True
PNR,53.65999984741211,2026-09-25,2026-08-31,32.9,35.0,30.1,True,True,True,2026-04-30,2026-08-31,,5,32.9,0.0,8,-0.5234,112.59,2025-09-11,-0.2939,-0.5046,-0.3482,213017681.0,15.0,2011-09-26,Pentair,Industrials,Industrial Machinery & Supplies & Components,sp500,True,True,True
TROW,105.51000213623048,2026-09-25,2026-08-31,53.4,53.7,49.4,False,True,False,2026-03-31,2026-03-31,2026-04-30,1,39.8,5.0,10,-0.5232,221.29,2021-11-08,-0.0078,0.0223,0.0157,199157340.0,15.0,2011-09-26,T. Rowe Price,Financials,Asset Management & Custody Banks,sp500,True,True,True
BXP,63.400001525878906,2026-09-25,2026-08-31,50.5,52.5,46.4,False,True,False,2026-02-28,2026-04-30,2026-05-31,3,34.1,4.0,6,-0.5215,132.51,2022-03-29,-0.0346,-0.1587,0.0047,91915166.0,15.0,2011-09-26,"BXP, Inc.",Real Estate,Office REITs,sp500,True,True,True
KBR,34.540000915527344,2026-09-25,2026-08-31,37.3,35.6,34.0,True,True,True,2025-09-30,2026-08-31,,12,31.5,0.0,8,-0.5204,72.02,2024-11-11,0.071,-0.2651,-0.0877,55493842.0,15.0,2011-09-26,"KBR, Inc.",Industrials,Diversified Support Services,sp400,True,True,True
EFX,148.11000061035156,2026-09-25,2026-08-31,43.5,38.5,35.7,False,True,False,2026-03-31,2026-07-31,2026-08-31,5,33.8,1.0,3,-0.5178,307.13,2024-08-30,-0.0251,-0.4117,-0.197,261456323.0,15.0,2011-09-26,Equifax,Industrials,Research & Consulting Services,sp500,True,True,True
BRO,60.81999969482422,2026-09-25,2026-08-31,44.3,43.0,38.1,False,True,False,2026-01-31,2026-06-30,2026-07-31,6,31.3,2.0,1,-0.5112,124.43,2025-04-03,-0.0002,-0.3436,-0.1109,159094646.0,15.0,2011-09-26,Brown & Brown,Financials,Insurance Brokers,sp500,True,True,True
HOG,25.450000762939453,2026-09-25,2026-08-31,51.6,46.3,48.0,False,True,False,2025-12-31,2026-03-31,2026-04-30,4,35.2,5.0,11,-0.5079,51.72,2023-02-02,-0.0004,-0.0946,0.0961,56701874.0,15.0,2011-09-26,Harley-Davidson,Consumer Discretionary,Motorcycle Manufacturers,sp400,True,True,True
MAT,13.289999961853027,2026-09-25,2026-08-31,43.4,43.7,39.9,False,True,False,2026-06-30,2026-06-30,2026-07-31,1,40.4,2.0,9,-0.5072,26.97,2022-05-04,-0.0377,-0.2023,-0.1722,60386290.0,15.0,2011-09-26,Mattel,Consumer Discretionary,Leisure Products,sp400,True,True,True
PPC,27.81999969482422,2026-09-25,2026-08-31,41.5,34.4,37.6,True,True,True,2026-04-30,2026-08-31,,5,34.4,0.0,7,-0.5055,56.26,2025-04-01,0.0392,-0.3188,-0.1787,44786161.0,15.0,2011-09-26,Pilgrim's Pride,Consumer Staples,Packaged Foods & Meats,sp400,True,True,True
LYB,58.13999938964844,2026-09-25,2026-08-31,48.5,46.7,44.8,False,True,False,2026-06-30,2026-06-30,2026-07-31,1,40.8,2.0,8,-0.5034,117.08,2022-05-27,0.0412,0.187,-0.0575,261500557.0,15.0,2011-09-26,LyondellBasell,Materials,Specialty Chemicals,sp500,True,True,True
COO,55.380001068115234,2026-09-25,2026-08-31,43.8,45.3,35.7,False,True,False,2026-03-31,2026-05-31,2026-06-30,3,36.2,3.0,5,-0.5021,111.23,2024-09-16,-0.216,-0.1721,-0.2306,192589934.0,15.0,2011-09-26,Cooper Companies (The),Health Care,Health Care Supplies,sp500,True,True,True
RYAN,37.88999938964844,2026-09-25,2026-08-31,43.6,45.1,40.4,False,True,False,2026-01-31,2026-06-30,2026-07-31,6,31.9,2.0,1,-0.501,75.93,2025-04-03,0.054,-0.3055,-0.0639,83651170.0,5.2,2021-07-22,Ryan Specialty,Financials,Insurance Brokers,sp400,True,True,True
BSY,31.440000534057617,2026-09-25,2026-08-31,43.5,41.6,38.0,False,True,False,2025-12-31,2026-07-31,2026-08-31,8,32.5,1.0,2,-0.4991,62.77,2021-09-27,0.0951,-0.3967,-0.096,89791634.0,6.0,2020-09-23,Bentley Systems,Information Technology,Application Software,sp400,True,True,True
TYL,325.57000732421875,2026-09-25,2026-08-31,41.3,29.5,36.4,True,True,True,2025-12-31,2026-08-31,,9,25.7,0.0,4,-0.4966,646.74,2025-02-13,0.1582,-0.3766,-0.0665,280297151.0,15.0,2011-09-26,Tyler Technologies,Information Technology,Application Software,sp500,True,True,True
PEGA,33.75,2026-09-25,2026-08-31,46.1,40.3,43.8,False,True,False,2026-06-30,2026-07-31,2026-08-31,2,39.7,1.0,4,-0.4935,66.64,2025-10-27,0.1751,-0.421,-0.1604,84077119.0,15.0,2011-09-26,Pegasystems,Information Technology,Application Software,sp400,True,True,True
TAP,35.95000076293945,2026-09-25,2026-08-31,37.6,39.5,33.8,True,True,True,2026-03-31,2026-08-31,,6,35.0,0.0,8,-0.4913,70.67,2023-07-25,-0.1132,-0.1905,-0.1738,148750103.0,15.0,2011-09-26,Molson Coors Beverage Company,Consumer Staples,Brewers,sp500,True,True,True
EXPO,64.18000030517578,2026-09-25,2026-08-31,46.2,42.2,41.2,False,True,False,2025-04-30,2026-06-30,2026-07-31,15,32.8,2.0,2,-0.4878,125.3,2021-11-22,0.1066,-0.074,-0.0372,32260769.0,15.0,2011-09-26,"Exponent, Inc.",Industrials,Research & Consulting Services,sp400,True,True,True
BMRN,60.2599983215332,2026-09-25,2026-08-31,51.0,45.7,46.3,False,True,False,2026-03-31,2026-04-30,2026-05-31,2,38.9,4.0,5,-0.4861,117.27,2023-01-27,0.0507,0.1452,0.0296,122598799.0,15.0,2011-09-26,BioMarin Pharmaceutical,Health Care,Biotechnology,sp400,True,True,True
SWKS,89.33999633789062,2026-09-25,2026-08-31,45.0,42.1,56.1,False,True,False,2025-11-30,2026-03-31,2026-04-30,5,33.3,5.0,6,-0.4851,173.51,2021-11-03,0.2774,0.1258,0.3674,443867705.0,15.0,2011-09-26,Skyworks Solutions,Information Technology,Semiconductors,sp500,True,True,True
TSCO,32.27000045776367,2026-09-25,2026-08-31,36.9,30.3,34.6,True,True,True,2026-04-30,2026-08-31,,5,30.3,0.0,4,-0.4849,62.65,2025-08-28,0.0494,-0.428,-0.2018,332541368.0,15.0,2011-09-26,Tractor Supply,Consumer Discretionary,Other Specialty Retail,sp500,True,True,True
MAA,118.3499984741211,2026-09-25,2026-08-31,43.3,45.0,38.4,False,True,False,2026-03-31,2026-03-31,2026-04-30,1,37.7,5.0,5,-0.4842,229.44,2021-12-31,-0.1429,-0.147,-0.0995,136037886.0,15.0,2011-09-26,Mid-America Apartment Communities,Real Estate,Multi-Family Residential REITs,sp500,True,True,True
DPZ,292.1400146484375,2026-09-25,2026-08-31,41.7,42.4,36.1,True,True,True,2026-08-31,2026-08-31,,1,41.7,0.0,6,-0.4823,564.33,2021-12-31,0.0235,-0.309,-0.1818,286122365.0,15.0,2011-09-26,Domino's,Consumer Discretionary,Restaurants,sp500,True,True,True
IRT,14.630000114440918,2026-09-25,2026-08-31,45.5,47.2,40.2,False,True,False,2026-03-31,2026-03-31,2026-04-30,1,40.5,5.0,6,-0.4803,28.15,2022-04-21,-0.1271,-0.1106,-0.1065,48068491.0,13.1,2013-08-13,Independence Realty Trust,Real Estate,Multi-Family Residential REITs,sp400,True,True,True
CDW,135.42999267578125,2026-09-25,2026-08-31,46.8,45.2,41.4,False,True,False,2025-08-31,2026-05-31,2026-06-30,10,30.5,3.0,3,-0.4748,257.87,2024-03-27,0.0579,-0.1372,0.0258,256036915.0,13.2,2013-06-27,CDW Corporation,Information Technology,Technology Distributors,sp500,True,True,True
VRSK,169.2100067138672,2026-09-25,2026-08-31,38.1,38.3,32.3,True,True,True,2025-10-31,2026-08-31,,11,29.6,0.0,1,-0.4734,321.33,2025-06-04,-0.0442,-0.3067,-0.1153,285632226.0,15.0,2011-09-26,Verisk Analytics,Industrials,Research & Consulting Services,sp500,True,True,True
GPN,86.48999786376953,2026-09-25,2026-08-31,51.6,47.6,48.9,False,True,False,2025-09-30,2026-06-30,2026-07-31,10,35.7,2.0,8,-0.4714,163.61,2021-09-27,0.2689,0.0187,0.1312,251732753.0,15.0,2011-09-26,Global Payments,Financials,Transaction & Payment Processing Services,sp500,True,True,True
NFLX,71.1500015258789,2026-09-25,2026-08-31,46.9,41.3,42.3,False,True,False,2026-06-30,2026-07-31,2026-08-31,2,41.1,1.0,2,-0.4687,133.91,2025-06-30,0.0035,-0.4111,-0.1601,2803074245.0,15.0,2011-09-26,Netflix,Communication Services,Movies & Entertainment,sp500,True,True,True
MMS,52.61000061035156,2026-09-25,2026-08-31,39.2,40.5,36.6,True,True,True,2026-03-31,2026-08-31,,6,35.3,0.0,4,-0.4682,98.93,2026-01-22,-0.0447,-0.4004,-0.2329,36026735.0,15.0,2011-09-26,Maximus Inc.,Industrials,Data Processing & Outsourced Services,sp400,True,True,True
DXCM,86.62000274658203,2026-09-25,2026-08-31,55.5,52.4,53.3,False,True,False,2026-03-31,2026-04-30,2026-05-31,2,39.8,4.0,5,-0.468,162.82,2021-11-17,0.2618,0.2682,0.1936,382855142.0,15.0,2011-09-26,Dexcom,Health Care,Health Care Equipment,sp500,True,True,True
ESAB,71.91000366210938,2026-09-25,2026-08-31,36.8,41.0,35.6,True,True,True,2026-07-31,2026-08-31,,2,36.8,0.0,1,-0.4676,135.08,2024-11-11,-0.2723,-0.3457,-0.2754,61769641.0,4.5,2022-03-29,ESAB,Industrials,Industrial Machinery & Supplies & Components,sp400,True,False,True
KHC,23.6299991607666,2026-09-25,2026-08-31,43.9,44.3,38.9,False,True,False,2024-11-30,2026-06-30,2026-07-31,20,31.7,2.0,5,-0.4665,44.29,2022-05-13,0.0068,-0.0845,-0.0147,425853087.0,11.2,2015-07-06,Kraft Heinz,Consumer Staples,Packaged Foods & Meats,sp500,True,True,True
CHDN,79.7699966430664,2026-09-25,2026-08-31,41.1,39.1,37.9,True,True,True,2026-05-31,2026-08-31,,4,39.1,0.0,4,-0.4649,149.08,2023-05-01,-0.0501,-0.171,-0.1351,86357763.0,15.0,2011-09-26,Churchill Downs Inc.,Consumer Discretionary,Casinos & Gaming,sp400,True,True,True
KBH,48.0099983215332,2026-09-25,2026-08-31,46.3,47.5,42.9,False,True,False,2026-05-31,2026-05-31,2026-06-30,1,41.8,3.0,6,-0.4644,89.63,2024-09-19,-0.2093,-0.2255,-0.1349,64683328.0,15.0,2011-09-26,KB Home,Consumer Discretionary,Homebuilding,sp400,True,True,True
COLM,57.59999847412109,2026-09-25,2026-08-31,42.5,44.1,42.7,False,True,False,2026-03-31,2026-03-31,2026-04-30,1,38.4,5.0,4,-0.4593,106.53,2021-11-09,-0.098,0.1319,-0.0297,38346431.0,15.0,2011-09-26,Columbia Sportswear,Consumer Discretionary,"Apparel, Accessories & Luxury Goods",sp400,True,True,True
DKS,136.42999267578125,2026-09-25,2026-08-31,34.9,48.5,35.4,True,True,True,2026-08-31,2026-08-31,,1,34.9,0.0,5,-0.4544,250.04,2025-01-30,-0.425,-0.3943,-0.3232,444104885.0,15.0,2011-09-26,Dick's Sporting Goods,Consumer Discretionary,Specialty Stores,sp400,True,True,True
MORN,195.97999572753903,2026-09-25,2026-08-31,47.0,40.6,42.7,False,True,False,2025-09-30,2026-07-31,2026-08-31,11,28.9,1.0,3,-0.4538,358.78,2024-12-12,0.3817,-0.1542,0.0488,68495749.0,15.0,2011-09-26,"Morningstar, Inc.",Financials,Financial Exchanges & Data,sp400,True,True,True
STWD,14.359999656677246,2026-09-25,2026-08-31,35.2,36.2,30.7,True,True,True,2026-05-31,2026-08-31,,4,35.2,0.0,11,-0.4532,26.26,2021-11-24,-0.1355,-0.2813,-0.1673,67684636.0,15.0,2011-09-26,Starwood Property Trust,Financials,Mortgage REITs,sp400,True,True,True
WMG,27.13999938964844,2026-09-25,2026-08-31,47.4,43.4,45.7,False,True,False,2026-03-31,2026-03-31,2026-04-30,1,40.8,5.0,5,-0.452,49.53,2021-10-28,0.0323,-0.1847,-0.0512,56912663.0,6.3,2020-06-03,Warner Music Group,Communication Services,Movies & Entertainment,sp400,True,True,True
CPT,98.12000274658205,2026-09-25,2026-08-31,47.1,50.5,42.4,False,True,False,2026-03-31,2026-03-31,2026-04-30,1,41.0,5.0,9,-0.4509,178.68,2021-12-31,-0.1362,-0.0748,-0.0836,106093426.0,15.0,2011-09-26,Camden Property Trust,Real Estate,Multi-Family Residential REITs,sp500,True,True,True
FDS,273.0799865722656,2026-09-25,2026-08-31,47.4,38.0,41.9,False,True,False,2025-08-31,2026-07-31,2026-08-31,12,25.1,1.0,1,-0.4491,495.72,2024-11-14,0.3076,-0.038,0.0939,244711150.0,15.0,2011-09-26,FactSet,Financials,Financial Exchanges & Data,sp500,True,True,True
LII,373.7699890136719,2026-09-25,2026-08-31,40.1,42.3,39.5,True,True,True,2026-08-31,2026-08-31,,1,40.1,0.0,4,-0.4491,678.43,2024-11-25,-0.3451,-0.2759,-0.2374,227649954.0,15.0,2011-09-26,Lennox International,Industrials,Building Products,sp500,True,True,True
TECH,72.61000061035156,2026-09-25,2026-08-31,55.9,55.7,56.1,False,True,False,2026-05-31,2026-05-31,2026-06-30,1,41.5,3.0,5,-0.4468,131.26,2021-11-01,0.027,0.4384,0.1765,277024608.0,15.0,2011-09-26,Bio-Techne,Health Care,Life Sciences Tools & Services,sp500,True,True,True
DOC,20.309999465942383,2026-09-25,2026-08-31,54.4,58.0,52.7,False,True,False,2026-03-31,2026-04-30,2026-05-31,2,39.4,4.0,15,-0.446,36.66,2022-01-04,-0.0433,0.0955,0.0801,118169131.0,15.0,2011-09-26,Healthpeak Properties,Real Estate,Health Care REITs,sp500,True,True,True
GWRE,145.55999755859375,2026-09-25,2026-08-31,57.5,47.1,46.4,False,True,False,2026-06-30,2026-06-30,2026-07-31,1,39.5,2.0,7,-0.4442,261.88,2025-09-08,0.3221,-0.3794,-0.0455,214098015.0,14.7,2012-01-25,Guidewire Software,Information Technology,Application Software,sp400,True,True,True
UDR,33.84000015258789,2026-09-25,2026-08-31,46.1,48.4,40.8,False,True,False,2026-03-31,2026-03-31,2026-04-30,1,38.6,5.0,8,-0.4433,60.79,2022-01-04,-0.1345,-0.0782,-0.0864,126780245.0,15.0,2011-09-26,"UDR, Inc.",Real Estate,Multi-Family Residential REITs,sp500,True,True,True
WSO,317.2300109863281,2026-09-25,2026-08-31,41.3,41.2,42.2,True,True,True,2026-07-31,2026-08-31,,2,41.2,0.0,2,-0.4423,568.78,2024-11-25,-0.2304,-0.1943,-0.1493,158765818.0,15.0,2011-09-26,Watsco,Industrials,Trading Companies & Distributors,sp400,True,True,True
THO,72.1500015258789,2026-09-25,2026-08-31,40.9,40.3,39.1,True,True,True,2026-04-30,2026-08-31,,5,40.3,0.0,6,-0.4408,129.03,2024-03-01,-0.0744,-0.3181,-0.1649,51147155.0,15.0,2011-09-26,Thor Industries,Consumer Discretionary,Leisure Products,sp400,True,True,True
PCG,12.34000015258789,2026-09-25,2026-08-31,39.6,52.8,37.3,True,True,True,2026-08-31,2026-08-31,,1,39.6,0.0,4,-0.4295,21.63,2024-11-27,-0.2775,-0.1454,-0.2567,526579390.0,15.0,2011-09-26,PG&E Corporation,Utilities,Multi-Utilities,sp500,True,True,True
UFPI,79.48999786376953,2026-09-25,2026-08-31,42.1,43.3,39.6,False,True,False,2026-05-31,2026-05-31,2026-06-30,1,38.7,3.0,2,-0.4282,139.02,2024-11-25,-0.1366,-0.1341,-0.1308,37371374.0,15.0,2011-09-26,UFP Industries,Industrials,Building Products,sp400,True,True,True
AMT,169.02999877929688,2026-09-25,2026-08-31,44.5,43.6,42.4,False,True,False,2026-06-30,2026-06-30,2026-07-31,1,39.9,2.0,8,-0.4221,292.5,2021-12-31,0.0018,-0.1274,-0.0466,468598907.0,15.0,2011-09-26,American Tower,Real Estate,Telecom Tower REITs,sp500,True,True,True
NOW,135.6199951171875,2026-09-25,2026-08-31,51.2,41.5,48.3,False,True,False,2026-06-30,2026-07-31,2026-08-31,2,37.8,1.0,4,-0.4206,234.08,2025-01-28,0.515,-0.2618,0.1628,2271146949.0,14.2,2012-06-29,ServiceNow,Information Technology,Systems Software,sp500,True,True,True
TRU,69.16999816894531,2026-09-25,2026-08-31,53.1,48.2,42.2,False,True,False,2026-03-31,2026-05-31,2026-06-30,3,39.7,3.0,4,-0.4204,119.35,2021-12-29,0.0324,-0.1796,-0.0892,176271459.0,11.3,2015-06-25,TransUnion,Industrials,Research & Consulting Services,sp400,True,True,True
FCN,134.2899932861328,2026-09-25,2026-08-31,40.7,44.0,35.4,True,True,True,2026-08-31,2026-08-31,,1,40.7,0.0,7,-0.4187,231.0,2023-12-04,-0.0435,-0.1638,-0.1772,60816195.0,15.0,2011-09-26,FTI Consulting,Industrials,Research & Consulting Services,sp400,True,True,True
IP,35.02000045776367,2026-09-25,2026-08-31,45.7,48.8,42.8,False,True,False,2026-03-31,2026-05-31,2026-06-30,3,35.3,3.0,10,-0.4172,60.09,2025-01-24,-0.1025,-0.2273,-0.0821,188220123.0,15.0,2011-09-26,International Paper,Materials,Paper & Plastic Packaging Products & Materials,sp500,True,True,True
JEF,47.68000030517578,2026-09-25,2026-08-31,49.9,51.4,46.3,False,True,False,2026-03-31,2026-03-31,2026-04-30,1,41.3,5.0,8,-0.4168,81.75,2024-12-16,-0.0942,-0.2768,-0.1009,104762575.0,15.0,2011-09-26,Jefferies,Financials,Multi-Sector Holdings,sp400,True,True,True
INVH,26.6200008392334,2026-09-25,2026-08-31,46.0,47.6,39.8,False,True,False,2025-09-30,2026-03-31,2026-04-30,7,31.8,5.0,5,-0.4129,45.34,2021-12-31,-0.11,-0.0789,-0.0442,127034163.0,9.6,2017-02-01,Invitation Homes,Real Estate,Single-Family Residential REITs,sp500,True,True,True
OC,123.91000366210938,2026-09-25,2026-08-31,50.5,50.8,46.1,False,True,False,2026-03-31,2026-03-31,2026-04-30,1,39.5,5.0,6,-0.4122,210.81,2024-11-25,-0.0906,-0.1147,-0.0171,153325654.0,15.0,2011-09-26,Owens Corning,Industrials,Building Products,sp400,True,True,True
BX,118.41999816894533,2026-09-25,2026-08-31,52.8,47.2,44.6,False,True,False,2026-02-28,2026-03-31,2026-04-30,2,40.8,5.0,4,-0.4051,199.05,2024-11-22,0.0371,-0.3256,-0.085,555461135.0,15.0,2011-09-26,Blackstone Inc.,Financials,Asset Management & Custody Banks,sp500,True,True,True
EIX,52.650001525878906,2026-09-25,2026-08-31,40.7,57.1,39.9,True,True,True,2026-08-31,2026-08-31,,1,40.7,0.0,8,-0.4041,88.36,2024-11-27,-0.2957,-0.0259,-0.2291,280318821.0,15.0,2011-09-26,Edison International,Utilities,Electric Utilities,sp500,True,True,True
G,33.099998474121094,2026-09-25,2026-08-31,48.2,44.9,43.3,False,True,False,2026-04-30,2026-06-30,2026-07-31,3,34.1,2.0,3,-0.404,55.54,2025-02-13,0.1962,-0.2079,-0.103,76763458.0,15.0,2011-09-26,Genpact,Industrials,Data Processing & Outsourced Services,sp400,True,True,True
OLLI,84.25,2026-09-25,2026-08-31,37.5,36.1,43.6,True,True,True,2026-04-30,2026-08-31,,5,36.1,0.0,5,-0.4016,140.8,2025-08-06,0.1798,-0.3696,-0.0646,137466301.0,11.2,2015-07-16,Ollie's Bargain Outlet,Consumer Discretionary,Broadline Retail,sp400,True,True,True
GNTX,22.57999992370605,2026-09-25,2026-08-31,41.4,43.7,42.1,True,True,True,2026-08-31,2026-08-31,,1,41.4,0.0,6,-0.4009,37.69,2021-11-15,-0.1238,-0.2035,-0.036,57396711.0,15.0,2011-09-26,Gentex,Consumer Discretionary,Automotive Parts & Equipment,sp400,True,True,True
ZBRA,370.0400085449219,2026-09-25,2026-08-31,60.3,52.1,62.2,False,True,False,2025-11-30,2026-04-30,2026-05-31,6,36.3,4.0,8,-0.3979,614.55,2021-12-10,0.5204,0.2254,0.3988,226456550.0,15.0,2011-09-26,Zebra Technologies,Information Technology,Electronic Equipment & Instruments,sp500,True,True,False
UNH,376.5899963378906,2026-09-25,2026-08-31,49.3,52.1,47.8,False,True,False,2025-04-30,2026-03-31,2026-04-30,12,30.4,5.0,1,-0.3977,625.25,2024-11-11,-0.0937,0.0898,0.0595,2017620066.0,15.0,2011-09-26,UnitedHealth Group,Health Care,Managed Health Care,sp500,True,True,False
KNSL,330.489990234375,2026-09-25,2026-08-31,48.4,45.9,43.1,False,True,False,2026-03-31,2026-06-30,2026-07-31,4,38.0,2.0,1,-0.3969,547.98,2024-03-06,0.0715,-0.2039,-0.0733,89388546.0,10.2,2016-07-28,Kinsale Capital Group,Financials,Property & Casualty Insurance,sp400,True,True,False
ROP,358.5599975585937,2026-09-25,2026-08-31,46.2,40.3,38.0,False,True,False,2025-10-31,2026-07-31,2026-08-31,10,25.1,1.0,2,-0.3962,593.81,2025-03-05,0.0786,-0.2757,-0.0346,317230795.0,15.0,2011-09-26,Roper Technologies,Information Technology,Electronic Equipment & Instruments,sp500,True,True,False
POST,73.1500015258789,2026-09-25,2026-08-31,37.5,42.3,32.5,True,True,True,2026-08-31,2026-08-31,,1,37.5,0.0,4,-0.3941,120.72,2024-12-02,-0.1805,-0.3055,-0.2286,80918436.0,14.7,2012-01-27,Post Holdings,Consumer Staples,Packaged Foods & Meats,sp400,True,True,False
TMUS,165.42999267578125,2026-09-25,2026-08-31,43.1,39.9,38.8,False,True,False,2026-06-30,2026-07-31,2026-08-31,2,37.9,1.0,1,-0.3937,272.83,2025-03-03,-0.0889,-0.3047,-0.1387,877995935.0,15.0,2011-09-26,T-Mobile US,Communication Services,Wireless Telecommunication Services,sp500,True,True,False
ASH,69.05999755859375,2026-09-25,2026-08-31,56.3,55.8,52.3,False,True,False,2026-03-31,2026-04-30,2026-05-31,2,38.0,4.0,5,-0.392,113.58,2022-12-02,0.0719,0.4421,0.1074,48523299.0,15.0,2011-09-26,Ashland Global,Materials,Diversified Chemicals,sp400,True,True,False
DLB,58.560001373291016,2026-09-25,2026-08-31,42.6,39.2,40.0,False,True,False,2025-10-31,2026-07-31,2026-08-31,10,30.8,1.0,5,-0.3918,96.28,2022-01-04,0.1165,-0.1798,-0.023,56054174.0,15.0,2011-09-26,Dolby,Information Technology,Application Software,sp400,True,True,False
BR,163.77000427246094,2026-09-25,2026-08-31,46.1,34.9,41.1,False,True,False,2026-01-31,2026-07-31,2026-08-31,7,26.4,1.0,2,-0.3864,266.89,2025-08-06,0.2019,-0.3028,-0.0523,187570208.0,15.0,2011-09-26,Broadridge Financial Solutions,Industrials,Data Processing & Outsourced Services,sp500,True,True,False
LDOS,123.61000061035156,2026-09-25,2026-08-31,47.9,38.9,43.3,False,True,False,2026-05-31,2026-07-31,2026-08-31,3,33.5,1.0,2,-0.3862,201.39,2024-11-11,0.2361,-0.3222,-0.1698,179113706.0,15.0,2011-09-26,Leidos,Industrials,Diversified Support Services,sp500,True,True,False
ARES,122.01000213623048,2026-09-25,2026-08-31,51.6,46.9,45.5,False,True,False,2026-06-30,2026-06-30,2026-07-31,1,41.0,2.0,4,-0.3845,198.22,2025-01-31,0.0848,-0.2529,-0.0708,283063390.0,12.4,2014-05-02,Ares Management,Financials,Asset Management & Custody Banks,sp500,True,True,False
CTSH,57.33000183105469,2026-09-25,2026-08-31,48.4,42.8,44.7,False,True,False,2026-03-31,2026-06-30,2026-07-31,4,30.3,2.0,7,-0.3843,93.12,2022-03-22,0.4644,-0.1401,-0.0693,429459255.0,15.0,2011-09-26,Cognizant,Information Technology,IT Consulting & Other Services,sp500,True,True,False
RLI,55.68999862670898,2026-09-25,2026-08-31,49.2,47.1,42.8,False,True,False,2026-03-31,2026-05-31,2026-06-30,3,35.1,3.0,3,-0.3843,90.44,2024-11-26,0.0102,-0.1321,-0.0565,47636127.0,15.0,2011-09-26,RLI Corp.,Financials,Property & Casualty Insurance,sp400,True,True,False
WDAY,189.4499969482422,2026-09-25,2026-08-31,50.1,41.9,48.5,False,True,False,2026-01-31,2026-07-31,2026-08-31,7,26.8,1.0,2,-0.3833,307.21,2024-02-26,0.6652,-0.2196,0.1984,717175082.0,14.0,2012-10-12,"Workday, Inc.",Information Technology,Application Software,sp500,True,True,False
HLI,129.07000732421875,2026-09-25,2026-08-31,41.8,37.9,40.3,True,True,True,2026-06-30,2026-08-31,,3,37.9,0.0,1,-0.383,209.19,2025-09-23,-0.0533,-0.3712,-0.144,120087358.0,11.1,2015-08-13,Houlihan Lokey,Financials,Investment Banking & Brokerage,sp400,True,True,False
ZBH,91.04000091552734,2026-09-25,2026-08-31,50.4,46.6,45.3,False,True,False,2026-04-30,2026-06-30,2026-07-31,3,38.5,2.0,8,-0.3812,147.13,2021-09-27,0.0009,-0.0612,-0.004,209878454.0,15.0,2011-09-26,Zimmer Biomet,Health Care,Health Care Equipment,sp500,True,True,False
OTIS,65.94000244140625,2026-09-25,2026-08-31,37.6,38.1,34.3,True,True,True,2026-03-31,2026-08-31,,6,37.0,0.0,1,-0.378,106.01,2024-10-18,-0.1044,-0.2627,-0.1616,272058814.0,6.5,2020-03-19,Otis Worldwide,Industrials,Industrial Machinery & Supplies & Components,sp500,True,True,False
SLGN,35.90999984741211,2026-09-25,2026-08-31,46.6,44.9,41.6,False,True,False,2026-05-31,2026-05-31,2026-06-30,1,40.5,3.0,5,-0.3758,57.53,2024-11-29,-0.2078,-0.1347,-0.1416,53725335.0,15.0,2011-09-26,Silgan Holdings,Materials,"Metal, Glass & Plastic Containers",sp400,True,True,False
INGR,96.72000122070312,2026-09-25,2026-08-31,41.8,38.4,37.9,True,True,True,2026-05-31,2026-08-31,,4,34.1,0.0,7,-0.3754,154.86,2024-11-05,-0.001,-0.2007,-0.1009,66374119.0,15.0,2011-09-26,Ingredion,Consumer Staples,Agricultural Products & Services,sp400,True,True,False
ADSK,209.3999938964844,2026-09-25,2026-08-31,50.1,44.3,40.9,False,True,False,2026-03-31,2026-06-30,2026-07-31,4,32.6,2.0,3,-0.3724,333.64,2021-11-16,0.1037,-0.346,-0.1319,491056453.0,15.0,2011-09-26,Autodesk,Information Technology,Application Software,sp500,True,True,False
AMCR,42.5099983215332,2026-09-25,2026-08-31,50.6,49.2,46.0,False,True,False,2026-03-31,2026-05-31,2026-06-30,3,38.7,3.0,11,-0.3698,67.45,2022-06-06,-0.0082,0.0668,-0.0063,160533158.0,14.4,2012-05-15,Amcor,Materials,Paper & Plastic Packaging Products & Materials,sp500,True,True,False
OPCH,23.06999969482422,2026-09-25,2026-08-31,42.9,42.1,42.3,False,True,False,2026-04-30,2026-06-30,2026-07-31,3,37.1,2.0,6,-0.3695,36.59,2026-01-22,0.074,-0.1398,-0.1378,51551811.0,15.0,2011-09-26,Option Care Health,Health Care,Health Care Facilities,sp400,True,True,False
HRB,42.18999862670898,2026-09-25,2026-08-31,57.5,49.6,47.5,False,True,False,2026-06-30,2026-06-30,2026-07-31,1,41.7,2.0,6,-0.3665,66.6,2024-08-20,0.1792,-0.1439,0.0861,97750562.0,15.0,2011-09-26,H&R Block,Consumer Discretionary,Specialized Consumer Services,sp400,True,True,False
PAYX,101.37000274658205,2026-09-25,2026-08-31,55.3,49.4,42.3,False,True,False,2025-10-31,2026-06-30,2026-07-31,9,30.1,2.0,2,-0.3656,159.78,2025-06-06,0.0481,-0.1999,-0.027,345930371.0,15.0,2011-09-26,Paychex,Industrials,Human Resource & Employment Services,sp500,True,True,False
NVR,6297.60009765625,2026-09-25,2026-08-31,43.1,41.3,43.0,False,True,False,2026-07-31,2026-07-31,2026-08-31,1,41.3,1.0,3,-0.3654,9924.4,2024-10-18,-0.0758,-0.2035,-0.0634,218071254.0,15.0,2011-09-26,"NVR, Inc.",Consumer Discretionary,Homebuilding,sp500,True,True,False
APPF,204.22000122070312,2026-09-25,2026-08-31,56.6,44.5,50.1,False,True,False,2026-02-28,2026-06-30,2026-07-31,5,37.4,2.0,2,-0.3643,321.25,2025-08-04,0.4106,-0.26,0.0951,72309031.0,11.2,2015-06-26,AppFolio,Information Technology,Application Software,sp400,True,True,False
CNC,61.81999969482422,2026-09-25,2026-08-31,56.7,55.4,54.7,False,True,False,2026-03-31,2026-03-31,2026-04-30,1,34.9,5.0,7,-0.3641,97.22,2022-08-15,-0.0455,0.7976,0.1837,300265740.0,15.0,2011-09-26,Centene Corporation,Health Care,Managed Health Care,sp500,True,True,False
CRM,234.0200042724609,2026-09-25,2026-08-31,54.2,41.6,50.4,False,True,False,2026-02-28,2026-07-31,2026-08-31,6,35.4,1.0,3,-0.3639,367.87,2024-12-04,0.5582,-0.0288,0.1628,2881574578.0,15.0,2011-09-26,Salesforce,Information Technology,Application Software,sp500,True,True,False
AOS,58.650001525878906,2026-09-25,2026-08-31,42.0,42.7,41.6,True,True,True,2026-08-31,2026-08-31,,1,42.0,0.0,6,-0.3624,91.98,2024-07-16,-0.0406,-0.1786,-0.0925,93147147.0,15.0,2011-09-26,A. O. Smith,Industrials,Building Products,sp500,True,True,False
PTC,138.1199951171875,2026-09-25,2026-08-31,48.6,42.2,43.7,False,True,False,2026-03-31,2026-06-30,2026-07-31,4,32.3,2.0,2,-0.3621,216.53,2025-08-27,0.2272,-0.3186,-0.0537,208968290.0,15.0,2011-09-26,PTC Inc.,Information Technology,Application Software,sp500,True,True,False
FNF,41.41999816894531,2026-09-25,2026-08-31,44.2,49.7,39.6,False,True,False,2026-03-31,2026-03-31,2026-04-30,1,41.9,5.0,2,-0.355,64.21,2025-04-02,-0.1017,-0.2737,-0.1698,89387003.0,15.0,2011-09-26,Fidelity National Financial,Financials,Property & Casualty Insurance,sp400,True,True,False
KVUE,17.799999237060547,2026-09-25,2026-08-31,46.3,47.3,43.3,False,True,False,2026-03-31,2026-05-31,2026-06-30,3,40.9,3.0,3,-0.3527,27.5,2023-05-15,-0.0612,0.1008,-0.0125,413427016.0,3.4,2023-05-04,Kenvue,Consumer Staples,Personal Care Products,sp500,True,False,False
TRMB,57.84999847412109,2026-09-25,2026-08-31,45.1,41.9,43.5,False,True,False,2026-05-31,2026-07-31,2026-08-31,3,36.5,1.0,9,-0.352,89.28,2021-11-16,0.1515,-0.2767,-0.0857,171740348.0,15.0,2011-09-26,Trimble Inc.,Information Technology,Application Software,sp500,True,True,False
CHH,101.80999755859376,2026-09-25,2026-08-31,43.2,48.2,42.3,False,True,False,2026-03-31,2026-04-30,2026-05-31,2,39.5,4.0,4,-0.3473,155.99,2021-12-31,-0.0843,-0.0622,-0.0379,59633445.0,15.0,2011-09-26,Choice Hotels,Consumer Discretionary,"Hotels, Resorts & Cruise Lines",sp400,True,True,False
BBY,90.51000213623048,2026-09-25,2026-08-31,52.8,57.0,58.4,False,True,False,2026-01-31,2026-04-30,2026-05-31,4,39.2,4.0,5,-0.3441,138.0,2021-11-22,0.1771,0.22,0.247,318688950.0,15.0,2011-09-26,Best Buy,Consumer Discretionary,Computer & Electronics Retail,sp500,True,True,False
PEP,128.6300048828125,2026-09-25,2026-08-31,43.9,43.4,38.7,False,True,False,2026-06-30,2026-06-30,2026-07-31,1,41.0,2.0,4,-0.3441,196.12,2023-05-12,-0.0781,-0.0807,-0.1297,1155623880.0,15.0,2011-09-26,PepsiCo,Consumer Staples,Soft Drinks & Non-alcoholic Beverages,sp500,True,True,False
LOW,189.27999877929688,2026-09-25,2026-08-31,41.1,41.9,37.4,True,True,True,2026-07-31,2026-08-31,,2,41.1,0.0,2,-0.3414,287.39,2026-02-13,-0.1471,-0.2593,-0.1882,637149876.0,15.0,2011-09-26,Lowe's,Consumer Discretionary,Home Improvement Retail,sp500,True,True,False
VMRK,61.5099983215332,2026-09-25,2026-08-31,48.9,50.8,43.9,False,True,False,2026-03-31,2026-03-31,2026-04-30,1,40.3,5.0,10,-0.3403,93.24,2022-04-21,-0.0843,-0.035,-0.0398,308282831.0,15.0,2011-09-26,Vivmark Residential,Real Estate,Multi-Family Residential REITs,sp500,True,True,False
VICI,23.51000022888184,2026-09-25,2026-08-31,38.1,39.7,33.5,True,True,True,2026-06-30,2026-08-31,,3,38.1,0.0,4,-0.3383,35.53,2022-08-15,-0.1138,-0.2662,-0.1469,252665674.0,8.7,2018-01-02,Vici Properties,Real Estate,Hotel & Resort REITs,sp500,True,True,False
AJG,231.1000061035156,2026-09-25,2026-08-31,51.8,49.0,45.4,False,True,False,2026-02-28,2026-05-31,2026-06-30,4,36.9,3.0,2,-0.3374,348.77,2025-06-02,0.0608,-0.2375,-0.01,364078681.0,15.0,2011-09-26,Arthur J. Gallagher & Co.,Financials,Insurance Brokers,sp500,True,True,False
KMB,98.43000030517578,2026-09-25,2026-08-31,44.0,44.7,39.2,False,True,False,2026-03-31,2026-05-31,2026-06-30,3,36.0,3.0,5,-0.3365,148.35,2024-09-04,-0.0895,-0.1913,-0.0422,418845929.0,15.0,2011-09-26,Kimberly-Clark,Consumer Staples,Household Products,sp500,True,True,False
ISRG,405.1799926757813,2026-09-25,2026-08-31,40.6,37.1,44.6,True,True,True,2026-06-30,2026-08-31,,3,37.1,0.0,3,-0.3363,610.45,2025-01-22,0.0137,-0.0752,-0.1014,1133261938.0,15.0,2011-09-26,Intuitive Surgical,Health Care,Health Care Equipment,sp500,True,True,False
MANH,206.02999877929688,2026-09-25,2026-08-31,58.9,52.5,54.6,False,True,False,2026-01-31,2026-06-30,2026-07-31,6,34.5,2.0,3,-0.3349,309.78,2024-12-12,0.6112,-0.0175,0.2837,151198818.0,15.0,2011-09-26,Manhattan Associates,Information Technology,Application Software,sp400,True,True,False
EXLS,34.75,2026-09-25,2026-08-31,52.2,46.8,48.0,False,True,False,2026-02-28,2026-06-30,2026-07-31,5,33.1,2.0,2,-0.3292,51.8,2025-02-06,0.3779,-0.196,0.0471,75180453.0,15.0,2011-09-26,EXL Service,Industrials,Data Processing & Outsourced Services,sp400,True,True,False
XYL,102.62999725341795,2026-09-25,2026-08-31,41.3,44.8,37.8,True,True,True,2026-08-31,2026-08-31,,1,41.3,0.0,5,-0.329,152.95,2025-10-29,-0.1228,-0.2744,-0.1582,241771817.0,15.0,2011-10-13,Xylem Inc.,Industrials,Industrial Machinery & Supplies & Components,sp500,True,True,False
TTEK,33.90999984741211,2026-09-25,2026-08-31,53.1,49.2,50.0,False,True,False,2026-05-31,2026-05-31,2026-06-30,1,40.4,3.0,2,-0.3288,50.52,2024-10-29,0.1923,0.0245,0.026,88466315.0,15.0,2011-09-26,Tetra Tech,Industrials,Construction & Engineering,sp400,True,True,False
GEN,21.6200008392334,2026-09-25,2026-08-31,60.7,54.9,44.4,False,True,False,2026-02-28,2026-04-30,2026-05-31,3,34.3,4.0,9,-0.3277,32.16,2025-08-13,-0.0725,-0.2414,-0.1264,174683564.0,15.0,2011-09-26,Gen Digital,Information Technology,Systems Software,sp500,True,True,False
SYK,272.3599853515625,2026-09-25,2026-08-31,45.3,45.7,35.8,False,True,False,2026-05-31,2026-05-31,2026-06-30,1,40.4,3.0,2,-0.3251,403.53,2025-07-25,-0.1384,-0.261,-0.18,822211219.0,15.0,2011-09-26,Stryker Corporation,Health Care,Health Care Equipment,sp500,True,True,False
HD,293.20001220703125,2026-09-25,2026-08-31,44.6,45.3,39.0,False,True,False,2026-05-31,2026-05-31,2026-06-30,1,41.4,3.0,1,-0.3203,431.37,2024-12-06,-0.1501,-0.2804,-0.1396,1334750048.0,15.0,2011-09-26,Home Depot (The),Consumer Discretionary,Home Improvement Retail,sp500,True,True,False
CUZ,28.649999618530277,2026-09-25,2026-08-31,53.9,60.7,53.0,False,True,False,2026-02-28,2026-03-31,2026-04-30,2,38.1,5.0,7,-0.3203,42.15,2022-01-07,-0.0205,0.017,0.0738,45028789.0,15.0,2011-09-26,Cousins Properties,Real Estate,Office REITs,sp400,True,True,False
BRKR,64.18000030517578,2026-09-25,2026-08-31,54.8,58.7,58.6,False,True,False,2026-02-28,2026-04-30,2026-05-31,3,38.8,4.0,3,-0.3192,94.27,2024-03-21,0.054,1.0851,0.3136,130099860.0,15.0,2011-09-26,Bruker,Health Care,Health Care Equipment,sp400,True,True,False
MDT,88.63999938964844,2026-09-25,2026-08-31,51.6,48.2,50.2,False,True,False,2026-05-31,2026-05-31,2026-06-30,1,39.7,3.0,4,-0.3115,128.75,2021-09-27,0.1008,-0.06,-0.0036,715785852.0,15.0,2011-09-26,Medtronic,Health Care,Health Care Equipment,sp500,True,True,False
GPC,129.61000061035156,2026-09-25,2026-08-31,53.9,49.5,51.3,False,True,False,2026-03-31,2026-05-31,2026-06-30,3,37.6,3.0,6,-0.3079,187.28,2022-12-02,0.1471,-0.0488,0.0798,183385549.0,15.0,2011-09-26,Genuine Parts Company,Consumer Discretionary,Distributors,sp500,True,True,False
CXT,47.720001220703125,2026-09-25,2026-08-31,47.8,50.2,46.9,False,True,False,2026-05-31,2026-05-31,2026-06-30,1,39.0,3.0,5,-0.3075,68.91,2025-10-08,-0.0065,-0.2465,0.0065,30576011.0,15.0,2011-09-26,Crane NXT,Information Technology,Electronic Equipment & Instruments,sp400,True,True,False
AWK,130.91000366210938,2026-09-25,2026-08-31,52.7,49.7,47.3,False,True,False,2026-05-31,2026-05-31,2026-06-30,1,41.0,3.0,4,-0.3068,188.86,2021-12-31,0.007,-0.031,-0.0082,290939553.0,15.0,2011-09-26,American Water Works,Utilities,Water Utilities,sp500,True,True,False
MCD,236.5,2026-09-25,2026-08-31,40.5,42.4,34.3,True,True,True,2026-08-31,2026-08-31,,1,40.5,0.0,1,-0.3066,341.06,2026-02-27,-0.106,-0.2177,-0.1896,1292850575.0,15.0,2011-09-26,McDonald's,Consumer Discretionary,Restaurants,sp500,True,True,False
VNT,31.479999542236328,2026-09-25,2026-08-31,45.4,45.3,44.4,False,True,False,2026-05-31,2026-06-30,2026-07-31,2,39.0,2.0,4,-0.306,45.36,2024-03-28,0.0365,-0.2462,-0.083,46507142.0,6.0,2020-09-24,Vontier,Information Technology,Electronic Equipment & Instruments,sp400,True,True,False
CROX,126.13999938964844,2026-09-25,2026-08-31,57.6,61.8,59.8,False,True,False,2026-03-31,2026-03-31,2026-04-30,1,41.7,5.0,8,-0.3014,180.57,2021-11-12,0.0611,0.6457,0.1935,131873197.0,15.0,2011-09-26,Crocs,Consumer Discretionary,Footwear,sp400,True,True,False
JKHY,147.7899932861328,2026-09-25,2026-08-31,51.9,45.8,44.2,False,True,False,2026-05-31,2026-06-30,2026-07-31,2,36.3,2.0,3,-0.2998,211.07,2022-08-05,0.1482,-0.0044,-0.0686,167187046.0,15.0,2011-09-26,Jack Henry & Associates,Financials,Transaction & Payment Processing Services,sp500,True,True,False
MRSH,171.1199951171875,2026-09-25,2026-08-31,49.3,49.3,42.5,False,True,False,2026-03-31,2026-06-30,2026-07-31,4,35.2,2.0,2,-0.2995,244.27,2025-04-03,0.0548,-0.1356,-0.0359,448320949.0,15.0,2011-09-26,Marsh McLennan,Financials,Insurance Brokers,sp500,True,True,False
AMH,30.63999938964844,2026-09-25,2026-08-31,48.8,49.1,42.3,False,True,False,2025-10-31,2026-03-31,2026-04-30,6,33.5,5.0,3,-0.2974,43.61,2021-12-31,-0.0796,-0.0604,-0.0328,78196527.0,13.1,2013-08-01,American Homes 4 Rent,Real Estate,Single-Family Residential REITs,sp400,True,True,False
ATR,123.87000274658205,2026-09-25,2026-08-31,48.6,49.8,45.0,False,True,False,2026-05-31,2026-05-31,2026-06-30,1,40.2,3.0,4,-0.2968,176.15,2024-11-11,-0.0202,-0.0531,-0.0224,57526574.0,15.0,2011-09-26,AptarGroup,Materials,"Metal, Glass & Plastic Containers",sp400,True,True,False
ELV,396.0899963378906,2026-09-25,2026-08-31,51.2,48.7,51.7,False,True,False,2026-01-31,2026-03-31,2026-04-30,3,35.1,5.0,4,-0.2956,562.29,2024-09-03,0.0226,0.2507,0.0857,498021718.0,15.0,2011-09-26,Elevance Health,Health Care,Managed Health Care,sp500,True,True,False
PGR,205.5,2026-09-25,2026-08-31,50.4,48.5,46.8,False,True,False,2026-05-31,2026-05-31,2026-06-30,1,41.6,3.0,1,-0.2943,291.22,2025-03-17,-0.0466,-0.1515,-0.0199,582338052.0,15.0,2011-09-26,Progressive Corporation,Financials,Property & Casualty Insurance,sp500,True,True,False
GLPI,38.790000915527344,2026-09-25,2026-08-31,41.6,46.2,36.9,True,True,True,2026-08-31,2026-08-31,,1,41.6,0.0,9,-0.2937,54.92,2023-03-03,-0.1391,-0.1586,-0.1427,140069045.0,12.9,2013-10-14,Gaming and Leisure Properties,Real Estate,Other Specialized REITs,sp400,True,True,False
HUM,397.9299926757813,2026-09-25,2026-08-31,58.8,57.1,60.1,False,True,False,2025-11-30,2026-03-31,2026-04-30,5,33.6,5.0,4,-0.2932,563.0,2022-11-03,0.0583,0.564,0.3712,472253590.0,15.0,2011-09-26,Humana,Health Care,Managed Health Care,sp500,True,True,False
GEHC,66.62999725341797,2026-09-25,2026-08-31,48.8,46.0,45.2,False,True,False,2026-04-30,2026-05-31,2026-06-30,2,39.7,3.0,1,-0.2902,93.87,2024-03-08,0.026,-0.0681,-0.0714,279181455.0,3.8,2022-12-15,GE HealthCare,Health Care,Health Care Equipment,sp500,True,False,False
ABT,101.29000091552734,2026-09-25,2026-08-31,48.9,46.4,44.5,False,True,False,2026-03-31,2026-06-30,2026-07-31,4,33.8,2.0,4,-0.284,141.46,2021-12-27,0.0863,-0.2402,-0.0321,1013998538.0,15.0,2011-09-26,Abbott Laboratories,Health Care,Health Care Equipment,sp500,True,True,False
OKTA,195.19000244140625,2026-09-25,2026-08-31,73.1,66.7,76.6,False,True,False,2026-04-30,2026-04-30,2026-05-31,1,41.7,4.0,6,-0.2724,268.28,2021-11-09,0.6367,1.1405,0.788,560134144.0,9.5,2017-04-07,"Okta, Inc.",Information Technology,Application Software,sp400,True,True,False
PK,15.43000030517578,2026-09-25,2026-08-31,62.1,61.3,62.6,False,True,False,2026-03-31,2026-03-31,2026-04-30,1,41.5,5.0,10,-0.2694,21.12,2021-11-05,0.059,0.3667,0.2241,57800511.0,9.7,2017-01-04,Park Hotels & Resorts,Real Estate,Hotel & Resort REITs,sp400,True,True,False
UHS,178.86000061035156,2026-09-25,2026-08-31,47.4,46.9,49.7,False,True,False,2026-05-31,2026-06-30,2026-07-31,2,40.8,2.0,4,-0.2675,244.18,2025-11-26,0.2381,-0.0949,-0.0173,138952376.0,15.0,2011-09-26,Universal Health Services,Health Care,Health Care Facilities,sp500,True,True,False
DT,57.95000076293945,2026-09-25,2026-08-31,59.7,48.1,62.7,False,True,False,2026-01-31,2026-04-30,2026-05-31,4,35.3,4.0,2,-0.2642,78.76,2021-10-22,0.4387,0.1924,0.3721,311269730.0,7.2,2019-08-01,Dynatrace,Information Technology,Application Software,sp400,True,True,False
VNO,34.72999954223633,2026-09-25,2026-08-31,54.4,57.7,50.2,False,True,False,2026-02-28,2026-03-31,2026-04-30,2,36.8,5.0,8,-0.2607,46.98,2022-03-29,-0.088,-0.1401,0.0403,56238106.0,15.0,2011-09-26,Vornado Realty Trust,Real Estate,Office REITs,sp400,True,True,False
LAD,316.4200134277344,2026-09-25,2026-08-31,58.0,61.0,50.6,False,True,False,2026-03-31,2026-03-31,2026-04-30,1,41.3,5.0,6,-0.2598,427.48,2026-07-29,0.0664,-0.0005,0.0103,103529869.0,15.0,2011-09-26,Lithia Motors,Consumer Discretionary,Automotive Retail,sp400,True,True,False
AVY,170.33999633789062,2026-09-25,2026-08-31,47.6,45.4,45.9,False,True,False,2026-04-30,2026-06-30,2026-07-31,3,39.8,2.0,3,-0.2578,229.52,2024-06-24,0.0348,0.0733,-0.0153,154663089.0,15.0,2011-09-26,Avery Dennison,Materials,Paper & Plastic Packaging Products & Materials,sp500,True,True,False
SJM,121.0,2026-09-25,2026-08-31,59.9,54.4,54.0,False,True,False,2026-03-31,2026-03-31,2026-04-30,1,41.4,5.0,11,-0.2558,162.59,2023-01-06,0.0756,0.1218,0.1185,167771510.0,15.0,2011-09-26,J.M. Smucker Company (The),Consumer Staples,Packaged Foods & Meats,sp500,True,True,False
CVLT,145.5399932861328,2026-09-25,2026-08-31,52.8,47.9,54.7,False,True,False,2026-01-31,2026-04-30,2026-05-31,4,33.9,4.0,11,-0.2552,195.41,2025-09-18,0.0866,-0.2169,0.2671,85828340.0,15.0,2011-09-26,CommVault Systems,Information Technology,Systems Software,sp400,True,True,False
RVTY,151.11000061035156,2026-09-25,2026-08-31,60.2,53.9,67.0,False,True,False,2026-04-30,2026-04-30,2026-05-31,1,41.7,4.0,7,-0.2484,201.06,2021-12-31,0.331,0.8197,0.4392,210476350.0,15.0,2011-09-26,Revvity,Health Care,Health Care Equipment,sp500,True,True,False
SPGI,403.2999877929688,2026-09-25,2026-08-31,49.5,44.9,44.1,False,True,False,2026-05-31,2026-06-30,2026-07-31,2,39.2,2.0,2,-0.2444,533.73,2025-08-14,0.0788,-0.1209,-0.0534,836099097.0,15.0,2011-09-26,S&P Global,Financials,Financial Exchanges & Data,sp500,True,True,False
RMD,222.0,2026-09-25,2026-08-31,52.8,45.0,48.3,False,True,False,2026-05-31,2026-06-30,2026-07-31,2,38.5,2.0,2,-0.2442,293.73,2025-08-22,0.1178,-0.1695,-0.0197,311030922.0,15.0,2011-09-26,ResMed|,Health Care,Health Care Equipment,sp500,True,True,False
DHR,224.4900054931641,2026-09-25,2026-08-31,51.0,43.7,54.7,False,True,False,2026-03-31,2026-06-30,2026-07-31,4,36.7,2.0,4,-0.2303,291.68,2021-12-31,0.1619,0.2371,0.1124,934815794.0,15.0,2011-09-26,Danaher Corporation,Health Care,Life Sciences Tools & Services,sp500,True,True,False
HPQ,31.299999237060547,2026-09-25,2026-08-31,55.8,51.8,57.5,False,True,False,2025-11-30,2026-04-30,2026-05-31,6,31.3,4.0,7,-0.2241,40.34,2022-06-01,0.3656,0.1657,0.3338,446204370.0,15.0,2011-09-26,HP Inc.,Information Technology,"Technology Hardware, Storage & Peripherals",sp500,True,True,False
CHE,512.1599731445312,2026-09-25,2026-08-31,54.4,56.3,53.4,False,True,False,2025-06-30,2026-05-31,2026-06-30,12,33.3,3.0,1,-0.2129,650.7,2024-03-19,0.1302,0.137,0.1304,82876977.0,15.0,2011-09-26,Chemed Corp.,Health Care,Health Care Services,sp400,True,True,False
SIGI,86.12000274658203,2026-09-25,2026-08-31,53.2,56.4,48.8,False,True,False,2026-03-31,2026-03-31,2026-04-30,1,39.7,5.0,5,-0.2111,109.17,2024-03-28,-0.0888,0.098,-0.0084,45220766.0,15.0,2011-09-26,Selective Insurance Group,Financials,Property & Casualty Insurance,sp400,True,True,False
KDP,31.950000762939453,2026-09-25,2026-08-31,52.0,50.3,52.2,False,True,False,2026-03-31,2026-03-31,2026-04-30,1,38.7,5.0,6,-0.2028,40.08,2022-08-16,-0.0175,0.2408,0.0871,367739979.0,15.0,2011-09-26,Keurig Dr Pepper,Consumer Staples,Soft Drinks & Non-alcoholic Beverages,sp500,True,True,False
QCOM,201.97000122070312,2026-09-25,2026-08-31,51.1,47.3,55.9,False,True,False,2026-03-31,2026-03-31,2026-04-30,1,40.8,5.0,5,-0.1954,251.02,2026-05-29,-0.0143,0.1903,0.1942,2292840171.0,15.0,2011-09-26,Qualcomm,Information Technology,Semiconductors,sp500,True,True,False
ADP,263.6700134277344,2026-09-25,2026-08-31,57.8,53.1,51.5,False,True,False,2026-01-31,2026-06-30,2026-07-31,6,31.7,2.0,1,-0.1932,326.81,2025-06-06,0.2189,-0.0873,0.1077,608333335.0,15.0,2011-09-26,Automatic Data Processing,Industrials,Human Resource & Employment Services,sp500,True,True,False
CME,264.4800109863281,2026-09-25,2026-08-31,55.8,52.3,51.0,False,True,False,2026-06-30,2026-06-30,2026-07-31,1,40.5,2.0,3,-0.1899,326.46,2026-03-02,0.1755,-0.0158,-0.0507,598373908.0,15.0,2011-09-26,CME Group,Financials,Financial Exchanges & Data,sp500,True,True,False
ICE,154.30999755859375,2026-09-25,2026-08-31,52.7,49.8,50.3,False,True,False,2026-06-30,2026-06-30,2026-07-31,1,37.2,2.0,3,-0.1812,188.45,2025-08-04,0.2395,-0.0775,-0.006,567187712.0,15.0,2011-09-26,Intercontinental Exchange,Financials,Financial Exchanges & Data,sp500,True,True,False
NTNX,68.02999877929688,2026-09-25,2026-08-31,58.8,53.4,58.4,False,True,False,2026-01-31,2026-04-30,2026-05-31,4,37.9,4.0,4,-0.1811,83.07,2025-05-19,0.4493,-0.1103,0.3623,177155386.0,10.0,2016-09-30,Nutanix,Information Technology,Systems Software,sp400,True,True,False
CBSH,56.43999862670898,2026-09-25,2026-08-31,54.6,57.3,52.4,False,True,False,2026-03-31,2026-03-31,2026-04-30,1,41.8,5.0,3,-0.1632,67.45,2024-11-25,-0.0174,-0.0038,0.0418,62880469.0,15.0,2011-09-26,Commerce Bancshares,Financials,Regional Banks,sp400,True,True,False
QLYS,172.42999267578125,2026-09-25,2026-08-31,65.1,55.5,60.4,False,True,False,2026-02-28,2026-04-30,2026-05-31,3,34.2,4.0,2,-0.1625,205.89,2023-12-19,0.484,0.2739,0.3587,127037027.0,14.0,2012-09-28,Qualys,Information Technology,Systems Software,sp400,True,True,False
WTW,293.989990234375,2026-09-25,2026-08-31,59.5,59.0,49.4,False,True,False,2026-04-30,2026-06-30,2026-07-31,3,38.0,2.0,1,-0.1618,350.75,2026-08-24,0.1409,-0.1303,-0.0189,172285423.0,15.0,2011-09-26,Willis Towers Watson,Financials,Insurance Brokers,sp500,True,True,False
DBX,32.31999969482422,2026-09-25,2026-08-31,65.5,61.6,58.6,False,True,False,2026-03-31,2026-03-31,2026-04-30,1,40.1,5.0,5,-0.1436,37.74,2026-09-16,0.2887,0.0346,0.1515,135936393.0,8.5,2018-03-23,Dropbox,Information Technology,Application Software,sp400,True,True,False
T,25.3799991607666,2026-09-25,2026-08-31,53.2,47.5,52.0,False,True,False,2026-06-30,2026-06-30,2026-07-31,1,40.9,2.0,10,-0.1431,29.62,2025-09-15,0.132,-0.1032,0.0091,1314802527.0,15.0,2011-09-26,AT&T,Communication Services,Integrated Telecommunication Services,sp500,True,True,False
VEEV,280.67999267578125,2026-09-25,2026-08-31,61.7,47.6,60.6,False,True,False,2026-02-28,2026-06-30,2026-07-31,5,35.4,2.0,9,-0.137,325.25,2021-10-21,0.7756,0.0027,0.4041,423216413.0,12.9,2013-10-16,Veeva Systems,Health Care,Health Care Technology,sp500,True,True,False
MSFT,516.1699829101562,2026-09-25,2026-08-31,58.6,54.6,59.4,False,True,False,2026-03-31,2026-03-31,2026-04-30,1,41.0,5.0,1,-0.0478,542.07,2025-10-28,0.4629,0.018,0.1947,13488744354.0,15.0,2011-09-26,Microsoft,Information Technology,Systems Software,sp500,True,True,False
IQV,270.3699951171875,2026-09-25,2026-08-31,62.1,57.8,63.6,False,True,False,2026-04-30,2026-04-30,2026-05-31,1,40.3,4.0,3,-0.0433,282.61,2021-12-30,0.4502,0.5302,0.3204,348915143.0,13.4,2013-05-09,IQVIA,Health Care,Life Sciences Tools & Services,sp500,True,True,False
EQH,53.84000015258789,2026-09-25,2026-08-31,57.7,54.8,61.8,False,True,False,2026-03-31,2026-03-31,2026-04-30,1,39.5,5.0,2,-0.0403,56.1,2025-06-30,0.2281,0.0366,0.1913,143457385.0,8.4,2018-05-10,Equitable Holdings,Financials,Diversified Financial Services,sp400,True,True,False
CRBG,34.869998931884766,2026-09-25,2026-08-31,57.0,54.6,60.8,False,True,False,2026-03-31,2026-03-31,2026-04-30,1,38.9,5.0,1,-0.0298,35.94,2025-07-29,0.2392,0.0693,0.188,136389754.0,4.0,2022-09-16,Corebridge Financial,Financials,Asset Management & Custody Banks,sp400,True,False,False
CAR,108.29000091552734,2026-09-25,2026-08-31,52.1,50.1,44.7,False,False,False,2025-02-28,2025-03-31,2025-04-30,2,40.6,17.0,11,-0.8483,713.97,2026-04-21,-0.3445,-0.3368,-0.3089,66813153.0,15.0,2011-09-26,Avis Budget Group,Industrials,Passenger Ground Transportation,sp400,True,True,True
ALGN,146.77999877929688,2026-09-25,2026-08-31,43.0,44.7,40.6,False,False,False,2025-07-31,2025-12-31,2026-01-31,6,35.9,8.0,7,-0.7936,711.02,2021-11-09,-0.1646,0.1754,-0.1405,154299878.0,15.0,2011-09-26,Align Technology,Health Care,Health Care Supplies,sp500,True,True,True
SMG,50.88999938964844,2026-09-25,2026-08-31,46.6,50.1,41.7,False,False,False,2025-03-31,2025-04-30,2025-05-31,2,40.0,16.0,7,-0.7123,176.89,2021-11-12,-0.266,-0.1006,-0.186,60503691.0,15.0,2011-09-26,Scotts Miracle-Gro Company,Materials,Fertilizers & Agricultural Chemicals,sp400,True,True,True
XYZ,76.41999816894531,2026-09-25,2026-08-31,55.6,55.2,51.9,False,False,False,2025-03-31,2025-03-31,2025-04-30,1,41.7,17.0,4,-0.7117,265.08,2021-10-21,0.0316,0.0372,0.0937,366307948.0,10.9,2015-11-19,"Block, Inc.",Financials,Transaction & Payment Processing Services,sp500,True,True,True
FLG,12.369999885559082,2026-09-25,2026-08-31,46.1,49.0,43.3,False,False,False,2025-09-30,2025-10-31,2025-11-30,2,40.5,10.0,14,-0.7078,42.33,2021-10-19,-0.1835,0.071,-0.0943,60686825.0,15.0,2011-09-26,Flagstar Bank,Financials,Regional Banks,sp400,True,True,True
ALB,109.7300033569336,2026-09-25,2026-08-31,50.8,46.7,45.3,False,False,False,2025-09-30,2025-09-30,2025-10-31,1,41.7,11.0,9,-0.6628,325.38,2022-11-11,-0.222,0.2935,-0.2967,291801817.0,15.0,2011-09-26,Albemarle Corporation,Materials,Specialty Chemicals,sp500,True,True,True
CAVA,51.58000183105469,2026-09-25,2026-08-31,47.1,46.9,42.4,False,False,False,2025-11-30,2025-11-30,2025-12-31,1,41.9,9.0,1,-0.6581,150.88,2024-12-06,-0.3808,-0.1762,-0.2864,218840818.0,3.3,2023-06-15,Cava Group,Consumer Discretionary,Restaurants,sp400,True,False,True
KTOS,45.619998931884766,2026-09-25,2026-08-31,49.0,46.8,46.5,False,False,False,2022-04-30,2023-02-28,2023-03-31,11,32.7,42.0,6,-0.651,130.72,2026-01-16,-0.0151,-0.4582,-0.3463,200126838.0,15.0,2011-09-26,Kratos Defense & Security Solutions,Industrials,Aerospace & Defense,sp400,True,True,True
SYNA,102.72000122070312,2026-09-25,2026-08-31,52.7,56.5,54.5,False,False,False,2025-02-28,2025-07-31,2025-08-31,6,36.2,13.0,13,-0.6492,292.85,2021-12-07,-0.1823,0.4808,0.0468,87293868.0,15.0,2011-09-26,Synaptics,Information Technology,Semiconductors,sp400,True,True,True
SMCI,43.2599983215332,2026-09-25,2026-08-31,50.3,46.2,52.9,False,False,False,2018-10-31,2019-01-31,2019-02-28,4,34.6,91.0,4,-0.6359,118.81,2024-03-13,0.3655,-0.0644,0.3606,1579853525.0,15.0,2011-09-26,Supermicro,Information Technology,"Technology Hardware, Storage & Peripherals",sp500,True,True,True
AVAV,152.0500030517578,2026-09-25,2026-08-31,43.7,43.8,44.2,False,False,False,2021-12-31,2022-01-31,2022-02-28,2,37.6,55.0,3,-0.629,409.83,2025-10-13,0.1125,-0.4962,-0.2544,294821443.0,15.0,2011-09-26,AeroVironment,Industrials,Aerospace & Defense,sp400,True,True,True
GME,23.38999938964844,2026-09-25,2026-08-31,43.3,47.7,50.7,False,False,False,2024-03-31,2024-04-30,2024-05-31,2,40.0,28.0,5,-0.6221,61.89,2021-11-22,0.1133,-0.0744,0.0531,138466396.0,15.0,2011-09-26,GameStop,Consumer Discretionary,Computer & Electronics Retail,sp400,True,True,True
YETI,42.27999877929688,2026-09-25,2026-08-31,49.9,58.8,51.1,False,False,False,2025-03-31,2025-06-30,2025-07-31,4,37.7,14.0,4,-0.6075,107.73,2021-11-05,-0.1546,0.2406,-0.0491,71235519.0,7.9,2018-10-25,Yeti Holdings,Consumer Discretionary,Leisure Products,sp400,True,True,True
GNRC,208.13999938964844,2026-09-25,2026-08-31,49.9,51.5,52.9,False,False,False,2025-04-30,2025-04-30,2025-05-31,1,41.8,16.0,4,-0.5885,505.8,2021-11-01,-0.2948,0.2671,-0.0155,250205510.0,15.0,2011-09-26,Generac,Industrials,Heavy Electrical Equipment,sp500,True,True,True
ORCL,137.10000610351562,2026-09-25,2026-08-31,47.3,44.3,45.7,False,False,False,2022-09-30,2022-09-30,2022-10-31,1,41.5,47.0,1,-0.5824,328.33,2025-09-10,-0.1007,-0.5294,-0.1668,4652543953.0,15.0,2011-09-26,Oracle Corporation,Information Technology,Application Software,sp500,True,True,True
APP,310.75,2026-09-25,2026-08-31,46.4,50.5,46.3,False,False,False,2022-06-30,2023-04-30,2023-05-31,11,34.0,40.0,1,-0.5764,733.6,2025-12-22,-0.3031,-0.5144,-0.3337,2206172718.0,5.4,2021-04-15,AppLovin,Communication Services,Advertising,sp500,True,True,True
HIMS,29.420000076293945,2026-09-25,2026-08-31,49.9,49.0,49.8,False,False,False,2022-09-30,2022-10-31,2022-11-30,2,37.9,46.0,2,-0.572,68.74,2025-02-19,-0.1006,-0.4638,0.0599,398458395.0,7.0,2019-09-13,Hims & Hers Health,Health Care,Health Care Services,sp400,True,True,True
GXO,45.20000076293945,2026-09-25,2026-08-31,46.5,48.5,44.4,False,False,False,2025-02-28,2025-04-30,2025-05-31,3,38.8,16.0,2,-0.5636,103.57,2021-11-18,-0.1129,-0.1425,-0.1416,68623145.0,5.2,2021-07-22,GXO Logistics,Industrials,Air Freight & Logistics,sp400,True,True,True
IPGP,78.12000274658203,2026-09-25,2026-08-31,44.1,46.9,44.9,False,False,False,2024-02-29,2025-06-30,2025-07-31,17,34.2,14.0,5,-0.5595,177.34,2021-11-02,-0.2913,-0.0146,-0.2289,40024487.0,15.0,2011-09-26,IPG Photonics,Information Technology,Electronic Manufacturing Services,sp400,True,True,True
ROKU,152.67999267578125,2026-09-25,2026-08-31,71.0,68.1,68.6,False,False,False,2024-04-30,2024-07-31,2024-08-31,4,40.7,25.0,4,-0.5568,344.46,2021-10-18,0.1332,0.5578,0.2503,380771651.0,9.0,2017-09-28,"Roku, Inc.",Communication Services,Movies & Entertainment,sp400,True,True,True
BROS,37.88999938964844,2026-09-25,2026-08-31,47.0,56.3,42.2,False,False,False,2023-09-30,2023-09-30,2023-10-31,1,41.4,35.0,1,-0.5562,85.37,2025-02-18,-0.4311,-0.2899,-0.325,202749728.0,5.0,2021-09-15,Dutch Bros Inc.,Consumer Discretionary,Restaurants,sp400,True,True,True
AA,42.84999847412109,2026-09-25,2026-08-31,52.3,49.6,48.1,False,False,False,2025-04-30,2025-04-30,2025-05-31,1,40.8,16.0,5,-0.5492,95.06,2022-03-24,-0.1927,0.3625,-0.2623,246967578.0,15.0,2011-09-26,Alcoa,Materials,Aluminum,sp400,True,True,True
SWK,91.4000015258789,2026-09-25,2026-08-31,57.2,56.4,54.0,False,False,False,2025-10-31,2025-10-31,2025-11-30,1,40.6,10.0,8,-0.5351,196.61,2021-11-12,-0.0099,0.2444,0.0953,165008499.0,15.0,2011-09-26,Stanley Black & Decker,Industrials,Industrial Machinery & Supplies & Components,sp500,True,True,True
NVST,23.950000762939453,2026-09-25,2026-08-31,57.1,57.5,50.1,False,False,False,2025-07-31,2025-07-31,2025-08-31,1,41.5,13.0,3,-0.5295,50.9,2022-03-21,-0.101,0.1981,-0.0652,75546223.0,7.0,2019-09-18,Envista Holdings,Health Care,Health Care Supplies,sp400,True,True,True
DG,124.83999633789062,2026-09-25,2026-08-31,52.1,52.2,51.3,False,False,False,2025-10-31,2025-10-31,2025-11-30,1,41.9,10.0,3,-0.5207,260.44,2022-10-28,0.0619,0.2138,-0.0176,299004900.0,15.0,2011-09-26,Dollar General,Consumer Staples,Consumer Staples Merchandise Retail,sp500,True,True,True
BIO,381.0,2026-09-25,2026-08-31,60.8,52.7,59.9,False,False,False,2025-02-28,2025-07-31,2025-08-31,6,35.4,13.0,4,-0.5206,794.68,2021-10-29,0.2773,0.409,0.2443,96918152.0,15.0,2011-09-26,Bio-Rad Laboratories,Health Care,Life Sciences Tools & Services,sp400,True,True,True
MRNA,198.8800048828125,2026-09-25,2026-08-31,70.7,49.1,77.7,False,False,False,2024-08-31,2025-12-31,2026-01-31,17,31.8,8.0,3,-0.5136,408.84,2021-09-27,2.3285,7.0813,2.0951,2307769183.0,7.8,2018-12-07,Moderna,Health Care,Biotechnology,sp500,True,True,True
MTZ,212.8500061035156,2026-09-25,2026-08-31,52.0,55.0,48.7,False,False,False,2023-10-31,2023-11-30,2023-12-31,2,40.1,33.0,4,-0.5135,437.51,2026-05-05,-0.4726,0.0413,-0.3035,416109872.0,15.0,2011-09-26,MasTec,Industrials,Construction & Engineering,sp400,True,True,True
AXON,430.1099853515625,2026-09-25,2026-08-31,53.7,51.4,45.5,False,False,False,2022-05-31,2022-06-30,2022-07-31,2,38.3,50.0,1,-0.5062,870.97,2025-08-07,-0.0329,-0.396,-0.1407,531978214.0,15.0,2011-09-26,Axon Enterprise,Industrials,Aerospace & Defense,sp500,True,True,True
MP,48.83000183105469,2026-09-25,2026-08-31,55.2,48.5,52.0,False,False,False,2024-06-30,2024-08-31,2024-09-30,3,40.1,24.0,3,-0.505,98.65,2025-10-14,-0.1221,-0.3669,-0.1433,291733156.0,6.3,2020-06-22,MP Materials,Materials,Diversified Metals & Mining,sp400,True,True,True
NCLH,14.609999656677246,2026-09-25,2026-08-31,43.4,46.6,41.4,False,False,False,2023-03-31,2023-04-30,2023-05-31,2,40.7,40.0,7,-0.4974,29.07,2025-01-30,-0.3036,-0.4156,-0.2537,273060552.0,13.7,2013-01-18,Norwegian Cruise Line Holdings,Consumer Discretionary,"Hotels, Resorts & Cruise Lines",sp500,True,True,True
F,12.710000038146973,2026-09-25,2026-08-31,53.9,56.4,49.9,False,False,False,2025-02-28,2025-02-28,2025-03-31,1,41.8,18.0,8,-0.4954,25.19,2022-01-14,-0.0992,0.0938,-0.0603,677335050.0,15.0,2011-09-26,Ford Motor Company,Consumer Discretionary,Automobile Manufacturers,sp500,True,True,True
DY,271.5199890136719,2026-09-25,2026-08-31,49.5,60.1,47.8,False,False,False,2018-10-31,2020-04-30,2020-05-31,19,30.7,76.0,1,-0.4927,535.2,2026-05-28,-0.4499,-0.0119,-0.3048,203164313.0,15.0,2011-09-26,Dycom Industries,Industrials,Construction & Engineering,sp400,True,True,True
AES,14.869999885559082,2026-09-25,2026-08-31,49.2,48.9,49.6,False,False,False,2024-11-30,2025-06-30,2025-07-31,8,36.3,14.0,6,-0.492,29.27,2022-12-13,0.0143,0.1412,0.0143,114199962.0,15.0,2011-09-26,AES Corporation,Utilities,Independent Power Producers & Energy Traders,sp500,True,True,True
KNF,54.58000183105469,2026-09-25,2026-08-31,44.2,48.8,41.0,False,False,False,2025-10-31,2025-10-31,2025-11-30,1,41.8,10.0,1,-0.4914,107.31,2025-01-21,-0.4125,-0.2424,-0.2919,52108986.0,3.3,2023-06-06,Knife River Corporation,Materials,Construction Materials,sp400,True,False,True
TSN,50.91999816894531,2026-09-25,2026-08-31,44.2,47.6,39.7,False,False,False,2025-10-31,2025-10-31,2025-11-30,1,41.8,10.0,8,-0.4861,99.09,2022-02-07,-0.119,-0.0527,-0.1541,183643172.0,15.0,2011-09-26,Tyson Foods,Consumer Staples,Packaged Foods & Meats,sp500,True,True,True
STRL,512.2899780273438,2026-09-25,2026-08-31,55.7,63.6,57.6,False,False,False,2020-05-31,2020-05-31,2020-06-30,1,41.3,75.0,6,-0.4845,993.74,2026-06-04,-0.4191,0.5137,-0.0417,389345511.0,15.0,2011-09-26,Sterling Infrastructure,Industrials,Construction & Engineering,sp400,True,True,True
NXT,80.8499984741211,2026-09-25,2026-08-31,50.4,52.6,50.0,False,False,False,,,,0,,,0,-0.4831,156.4,2026-05-29,-0.2857,0.0999,-0.2512,244781238.0,3.6,2023-02-09,Nextpower,Industrials,Electrical Components & Equipment,sp400,True,False,True
ALGM,36.7599983215332,2026-09-25,2026-08-31,50.7,53.7,51.0,False,False,False,2025-04-30,2025-04-30,2025-05-31,1,41.3,16.0,2,-0.472,69.62,2026-06-30,-0.389,0.2282,-0.082,112558446.0,5.9,2020-10-29,Allegro MicroSystems,Information Technology,Semiconductors,sp400,True,True,True
VC,90.45999908447266,2026-09-25,2026-08-31,49.1,50.3,44.4,False,False,False,2024-09-30,2025-05-31,2025-06-30,9,35.2,15.0,7,-0.4719,171.28,2023-03-08,-0.1887,-0.2505,-0.1126,50458844.0,15.0,2011-09-26,Visteon,Consumer Discretionary,Automotive Parts & Equipment,sp400,True,True,True
SUI,112.26000213623048,2026-09-25,2026-08-31,45.1,46.5,39.2,False,False,False,2024-04-30,2024-05-31,2024-06-30,2,38.2,27.0,3,-0.4665,210.41,2021-12-29,-0.0533,-0.1222,-0.0993,202146001.0,15.0,2011-09-26,Sun Communities,Real Estate,Single-Family Residential REITs,sp400,True,True,True
ALK,40.93999862670898,2026-09-25,2026-08-31,45.8,49.6,45.6,False,False,False,2023-09-30,2023-10-31,2023-11-30,2,37.5,34.0,7,-0.4655,76.6,2025-02-19,-0.2318,-0.2018,-0.1047,124014307.0,15.0,2011-09-26,Alaska Air Group,Industrials,Passenger Airlines,sp400,True,True,True
SAIA,324.2200012207031,2026-09-25,2026-08-31,48.9,48.3,46.3,False,False,False,2025-04-30,2025-05-31,2025-06-30,2,40.1,15.0,3,-0.4649,605.92,2024-03-06,-0.2524,0.076,-0.166,161771391.0,15.0,2011-09-26,Saia,Industrials,Cargo Ground Transportation,sp400,True,True,True
HR,18.049999237060547,2026-09-25,2026-08-31,52.9,61.1,49.4,False,False,False,2025-07-31,2025-07-31,2025-08-31,1,41.3,13.0,6,-0.4644,33.7,2021-10-28,-0.1113,0.0209,-0.0387,73628858.0,15.0,2011-09-26,Healthcare Realty Trust,Real Estate,Health Care REITs,sp400,True,True,True
PVH,75.98999786376953,2026-09-25,2026-08-31,46.6,51.3,47.4,False,False,False,2025-12-31,2026-01-31,2026-02-28,2,40.4,7.0,8,-0.4596,140.61,2024-03-28,0.0553,-0.1137,-0.0018,74712664.0,15.0,2011-09-26,PVH Corp.,Consumer Discretionary,"Apparel, Accessories & Luxury Goods",sp400,True,True,True
NRG,100.37000274658205,2026-09-25,2026-08-31,45.4,52.1,42.9,False,False,False,2020-03-31,2020-03-31,2020-04-30,1,38.2,77.0,3,-0.4546,184.03,2026-02-24,-0.3177,-0.3841,-0.2961,335317670.0,15.0,2011-09-26,NRG Energy,Utilities,Independent Power Producers & Energy Traders,sp500,True,True,True
RDDT,149.83999633789062,2026-09-25,2026-08-31,52.7,51.5,53.0,False,False,False,,,,0,,,0,-0.4465,270.71,2025-09-18,-0.0518,-0.3562,-0.122,967070447.0,2.5,2024-03-21,Reddit,Communication Services,Interactive Media & Services,sp500,True,False,True
LPX,66.69999694824219,2026-09-25,2026-08-31,42.7,43.8,40.6,False,False,False,2020-03-31,2020-04-30,2020-05-31,2,35.5,76.0,1,-0.4454,120.27,2024-12-06,-0.1826,-0.2001,-0.136,83310701.0,15.0,2011-09-26,Louisiana-Pacific,Industrials,Building Products,sp400,True,True,True
FSLR,177.7100067138672,2026-09-25,2026-08-31,49.4,50.6,46.2,False,False,False,2025-03-31,2025-04-30,2025-05-31,2,41.8,16.0,5,-0.4416,318.25,2026-06-03,-0.2853,-0.2033,-0.215,482387977.0,15.0,2011-09-26,First Solar,Information Technology,Semiconductors,sp500,True,True,True
FN,417.3900146484375,2026-09-25,2026-08-31,52.2,54.2,52.5,False,False,False,2018-01-31,2018-01-31,2018-02-28,1,38.7,103.0,2,-0.4408,746.47,2026-05-14,-0.2649,0.1564,-0.2175,401786307.0,15.0,2011-09-26,Fabrinet,Information Technology,Electronic Manufacturing Services,sp400,True,True,True
IFF,85.69000244140625,2026-09-25,2026-08-31,55.5,50.2,54.9,False,False,False,2025-03-31,2026-01-31,2026-02-28,11,31.5,7.0,6,-0.4404,153.12,2021-11-09,0.1413,0.4211,0.1297,142266840.0,15.0,2011-09-26,International Flavors & Fragrances,Materials,Specialty Chemicals,sp500,True,True,True
LVS,38.9900016784668,2026-09-25,2026-08-31,43.8,47.8,40.3,False,False,False,2025-03-31,2025-04-30,2025-05-31,2,38.9,16.0,13,-0.4389,69.49,2025-12-01,-0.1575,-0.2652,-0.2564,231014852.0,15.0,2011-09-26,Las Vegas Sands,Consumer Discretionary,Casinos & Gaming,sp500,True,True,True
EXP,178.49000549316406,2026-09-25,2026-08-31,45.0,47.3,41.8,False,False,False,2020-03-31,2020-05-31,2020-06-30,3,33.3,75.0,3,-0.4339,315.29,2024-11-25,-0.2419,-0.2166,-0.144,89289114.0,15.0,2011-09-26,Eagle Materials,Materials,Construction Materials,sp400,True,True,True
CIEN,356.9100036621094,2026-09-25,2026-08-31,63.8,63.4,60.7,False,False,False,2022-09-30,2022-09-30,2022-10-31,1,41.3,47.0,1,-0.4308,627.0,2026-06-02,-0.2636,1.602,-0.0796,877702738.0,15.0,2011-09-26,Ciena,Information Technology,Communications Equipment,sp500,True,True,True
HL,18.190000534057617,2026-09-25,2026-08-31,64.1,54.4,60.1,False,False,False,2024-02-29,2024-02-29,2024-03-31,1,41.9,30.0,7,-0.4282,31.81,2026-01-23,0.2007,0.5776,-0.0532,648663247.0,15.0,2011-09-26,Hecla Mining,Materials,Silver,sp400,True,True,True
AMKR,53.61000061035156,2026-09-25,2026-08-31,53.4,54.8,56.4,False,False,False,2025-02-28,2025-05-31,2025-06-30,4,37.3,15.0,4,-0.4269,93.55,2026-06-22,-0.3739,0.8385,-0.0605,275089973.0,15.0,2011-09-26,Amkor Technology,Information Technology,Semiconductors,sp400,True,True,True
ON,77.19999694824219,2026-09-25,2026-08-31,51.7,54.8,52.9,False,False,False,2025-01-31,2025-05-31,2025-06-30,5,35.2,15.0,2,-0.4236,133.93,2026-06-03,-0.3498,0.5511,-0.0334,840391444.0,15.0,2011-09-26,ON Semiconductor,Information Technology,Semiconductors,sp500,True,True,True
CG,40.02999877929688,2026-09-25,2026-08-31,49.7,47.6,43.1,False,False,False,2023-05-31,2023-05-31,2023-06-30,1,41.8,39.0,6,-0.4228,69.35,2025-09-18,-0.0446,-0.3711,-0.2002,161397303.0,14.4,2012-05-03,Carlyle Group (The),Financials,Asset Management & Custody Banks,sp400,True,True,True
KKR,96.66999816894533,2026-09-25,2026-08-31,50.4,47.2,45.7,False,False,False,2026-02-28,2026-02-28,2026-03-31,1,40.9,6.0,2,-0.4214,167.07,2025-01-31,0.0434,-0.2874,-0.0717,424824902.0,15.0,2011-09-26,KKR & Co.,Financials,Asset Management & Custody Banks,sp500,True,True,True
NLY,20.61000061035156,2026-09-25,2026-08-31,55.3,54.6,46.8,False,False,False,2024-12-31,2024-12-31,2025-01-31,1,41.9,20.0,16,-0.4211,35.6,2021-09-27,-0.0864,-0.0101,-0.0837,176135847.0,15.0,2011-09-26,Annaly Capital Management,Financials,Mortgage REITs,sp400,True,True,True
BWXT,138.47000122070312,2026-09-25,2026-08-31,49.0,54.0,45.3,False,False,False,2021-11-30,2022-01-31,2022-02-28,3,38.3,55.0,2,-0.4192,238.42,2026-04-15,-0.3238,-0.2142,-0.2741,162849154.0,15.0,2011-09-26,BWX Technologies,Industrials,Aerospace & Defense,sp400,True,True,True
HII,264.0199890136719,2026-09-25,2026-08-31,49.6,54.2,46.3,False,False,False,2025-02-28,2025-02-28,2025-03-31,1,38.5,18.0,5,-0.4181,453.73,2026-03-02,-0.054,-0.0267,-0.236,138536413.0,15.0,2011-09-26,Huntington Ingalls Industries,Industrials,Aerospace & Defense,sp500,True,True,True
TTMI,129.1699981689453,2026-09-25,2026-08-31,61.0,60.3,63.1,False,False,False,2019-05-31,2019-05-31,2019-06-30,1,37.9,87.0,7,-0.4168,221.47,2026-06-22,-0.3866,1.3697,0.0417,331103911.0,15.0,2011-09-26,TTM Technologies,Information Technology,Electronic Manufacturing Services,sp400,True,True,True
BALL,56.83000183105469,2026-09-25,2026-08-31,54.1,56.0,48.5,False,False,False,2025-09-30,2025-11-30,2025-12-31,3,37.8,9.0,5,-0.4147,97.1,2022-01-31,-0.074,0.1725,-0.0508,118217295.0,15.0,2011-09-26,Ball Corporation,Materials,"Metal, Glass & Plastic Containers",sp500,True,True,True
MKSI,260.82000732421875,2026-09-25,2026-08-31,56.6,61.6,57.0,False,False,False,2025-03-31,2025-04-30,2025-05-31,2,37.8,16.0,7,-0.4136,444.8,2026-06-30,-0.3643,1.1335,-0.0319,428692413.0,15.0,2011-09-26,MKS Instruments,Information Technology,Semiconductor Materials & Equipment,sp400,True,True,True
EXR,133.35000610351562,2026-09-25,2026-08-31,48.0,51.3,44.5,False,False,False,2025-12-31,2025-12-31,2026-01-31,1,41.8,8.0,3,-0.4119,226.73,2021-12-31,-0.094,-0.0317,-0.0591,172607039.0,15.0,2011-09-26,Extra Space Storage,Real Estate,Self-Storage REITs,sp500,True,True,True
TGT,157.4499969482422,2026-09-25,2026-08-31,66.6,61.0,64.5,False,False,False,2025-02-28,2025-12-31,2026-01-31,11,32.6,8.0,4,-0.4089,266.39,2021-11-16,0.1281,0.8069,0.2369,607311503.0,15.0,2011-09-26,Target Corporation,Consumer Staples,Consumer Staples Merchandise Retail,sp500,True,True,True
TPL,341.07000732421875,2026-09-25,2026-08-31,51.5,54.2,48.5,False,False,False,2020-03-31,2020-03-31,2020-04-30,1,38.0,77.0,1,-0.4085,576.67,2024-11-22,-0.1278,0.1055,-0.1385,143122263.0,15.0,2011-09-26,Texas Pacific Land Corporation,Energy,Oil & Gas Exploration & Production,sp500,True,True,True
FFIN,32.45000076293945,2026-09-25,2026-08-31,49.4,53.4,47.9,False,False,False,2023-08-31,2023-11-30,2023-12-31,4,34.2,33.0,3,-0.4048,54.52,2021-11-23,-0.0713,-0.0461,-0.0025,25571328.0,15.0,2011-09-26,First Financial Bankshares,Financials,Regional Banks,sp400,True,True,True
DIS,106.1500015258789,2026-09-25,2026-08-31,51.0,44.1,50.2,False,False,False,2023-05-31,2023-10-31,2023-11-30,6,36.7,34.0,4,-0.4045,178.26,2021-09-27,0.0826,-0.0605,0.0206,978964221.0,15.0,2011-09-26,Walt Disney Company (The),Communication Services,Movies & Entertainment,sp500,True,True,True
CYTK,64.66000366210938,2026-09-25,2026-08-31,57.7,62.4,53.3,False,False,False,2025-05-31,2025-06-30,2025-07-31,2,38.9,14.0,5,-0.4016,108.06,2024-01-08,-0.1998,0.3519,-0.0769,147903044.0,15.0,2011-09-26,Cytokinetics,Health Care,Biotechnology,sp400,True,True,True
AAON,89.0999984741211,2026-09-25,2026-08-31,45.9,49.0,49.3,False,False,False,2022-04-30,2022-04-30,2022-05-31,1,39.8,52.0,1,-0.399,148.25,2026-06-03,-0.3314,0.011,-0.0884,104944989.0,15.0,2011-09-26,AAON,Industrials,Building Products,sp400,True,True,False
HSY,166.3699951171875,2026-09-25,2026-08-31,46.5,46.1,43.8,False,False,False,2025-04-30,2025-06-30,2025-07-31,3,38.6,14.0,6,-0.398,276.35,2023-05-01,-0.0584,-0.102,-0.1311,270726087.0,15.0,2011-09-26,Hershey Company (The),Consumer Staples,Packaged Foods & Meats,sp500,True,True,False
DVN,47.04999923706055,2026-09-25,2026-08-31,57.7,54.3,55.8,False,False,False,2025-10-31,2025-10-31,2025-11-30,1,40.6,10.0,10,-0.3971,78.04,2022-06-07,0.1045,0.3157,0.0606,535569593.0,15.0,2011-09-26,Devon Energy,Energy,Oil & Gas Exploration & Production,sp500,True,True,False
M,22.63999938964844,2026-09-25,2026-08-31,57.4,65.7,58.7,False,False,False,2025-03-31,2025-07-31,2025-08-31,5,37.5,13.0,7,-0.3942,37.37,2021-11-18,-0.1191,0.3255,0.0481,127676476.0,15.0,2011-09-26,Macy's,Consumer Discretionary,Broadline Retail,sp400,True,True,False
VVV,28.920000076293945,2026-09-25,2026-08-31,45.1,54.1,41.5,False,False,False,2025-11-30,2025-12-31,2026-01-31,2,38.3,8.0,6,-0.3924,47.6,2024-07-16,-0.2719,-0.2143,-0.1561,77520790.0,10.0,2016-09-23,Valvoline,Consumer Discretionary,Automotive Retail,sp400,True,True,False
WYNN,81.12000274658203,2026-09-25,2026-08-31,44.1,48.3,39.5,False,False,False,2024-08-31,2024-08-31,2024-09-30,1,41.5,24.0,8,-0.3916,133.34,2025-10-02,-0.1837,-0.3554,-0.222,158847633.0,15.0,2011-09-26,Wynn Resorts,Consumer Discretionary,Casinos & Gaming,sp500,True,True,False
WDC,456.80999755859375,2026-09-25,2026-08-31,68.3,80.5,68.6,False,False,False,2023-04-30,2023-04-30,2023-05-31,1,41.6,40.0,6,-0.3878,746.23,2026-06-18,-0.3236,3.2609,0.1616,3649711195.0,15.0,2011-09-26,Western Digital,Information Technology,"Technology Hardware, Storage & Peripherals",sp500,True,True,False
GLW,156.74000549316406,2026-09-25,2026-08-31,58.2,56.6,59.3,False,False,False,2023-10-31,2023-10-31,2023-11-30,1,39.2,34.0,3,-0.387,255.69,2026-06-29,-0.3126,0.9808,0.053,1888425882.0,15.0,2011-09-26,Corning Inc.,Information Technology,Electronic Components,sp500,True,True,False
RMBS,105.16000366210938,2026-09-25,2026-08-31,50.5,51.7,55.4,False,False,False,2018-09-30,2019-01-31,2019-02-28,5,27.8,91.0,2,-0.3838,170.66,2026-06-03,-0.1498,0.0437,-0.0242,258741960.0,15.0,2011-09-26,Rambus,Information Technology,Semiconductors,sp400,True,True,False
RGEN,189.67999267578125,2026-09-25,2026-08-31,59.6,49.5,61.4,False,False,False,2025-07-31,2025-07-31,2025-08-31,1,41.6,13.0,5,-0.3829,307.37,2021-09-27,0.3061,0.5588,0.328,174336481.0,15.0,2011-09-26,Repligen,Health Care,Biotechnology,sp400,True,True,False
PPG,107.5199966430664,2026-09-25,2026-08-31,47.9,46.9,45.3,False,False,False,2025-01-31,2025-12-31,2026-01-31,12,34.6,8.0,4,-0.3789,173.1,2022-01-05,-0.1216,0.0346,-0.0391,194405733.0,15.0,2011-09-26,PPG Industries,Materials,Specialty Chemicals,sp500,True,True,False
KLAC,187.9199981689453,2026-09-25,2026-08-31,58.1,59.5,59.8,False,False,False,2015-07-31,2015-09-30,2015-10-31,3,38.4,131.0,1,-0.3772,301.71,2026-06-30,-0.2739,0.7743,0.0681,2289706872.0,15.0,2011-09-26,KLA Corporation,Information Technology,Semiconductor Materials & Equipment,sp500,True,True,False
AAL,13.869999885559082,2026-09-25,2026-08-31,49.5,53.6,50.5,False,False,False,2025-03-31,2025-04-30,2025-05-31,2,40.1,16.0,14,-0.3769,22.26,2021-11-09,-0.2106,0.2177,-0.0015,1310697547.0,15.0,2011-09-26,American Airlines Group,Industrials,Passenger Airlines,sp400,True,True,False
WH,69.98999786376953,2026-09-25,2026-08-31,43.6,44.6,40.6,False,False,False,2020-06-30,2020-06-30,2020-07-31,1,41.5,74.0,3,-0.3746,111.91,2025-02-20,-0.1873,-0.1355,-0.1068,97243866.0,8.3,2018-05-21,Wyndham Hotels & Resorts,Consumer Discretionary,"Hotels, Resorts & Cruise Lines",sp400,True,True,False
LHX,237.69000244140625,2026-09-25,2026-08-31,48.2,50.7,42.1,False,False,False,2023-08-31,2023-09-30,2023-10-31,2,40.4,35.0,2,-0.372,378.48,2026-03-02,-0.1762,-0.1782,-0.2377,426339182.0,15.0,2011-09-26,L3Harris,Industrials,Aerospace & Defense,sp500,True,True,False
ULS,66.05000305175781,2026-09-25,2026-08-31,53.6,64.8,49.1,False,False,False,,,,0,,,0,-0.3703,104.89,2026-05-06,-0.3108,-0.036,-0.2111,72911078.0,2.5,2024-04-12,UL Solutions,Industrials,Research & Consulting Services,sp400,True,False,False
WAL,77.61000061035156,2026-09-25,2026-08-31,50.1,51.7,49.8,False,False,False,2023-09-30,2023-10-31,2023-11-30,2,39.5,34.0,7,-0.3679,122.78,2021-11-03,-0.0475,-0.1206,-0.0458,84328901.0,15.0,2011-09-26,Western Alliance Bancorporation,Financials,Regional Banks,sp400,True,True,False
WFRD,85.08000183105469,2026-09-25,2026-08-31,56.9,53.1,51.2,False,False,False,2025-01-31,2025-06-30,2025-07-31,6,33.3,14.0,1,-0.3663,134.26,2024-07-16,0.0028,0.2495,-0.0866,100428244.0,5.7,2021-01-04,Weatherford International,Energy,Oil & Gas Equipment & Services,sp400,True,True,False
VST,138.4600067138672,2026-09-25,2026-08-31,48.8,52.0,49.1,False,False,False,2021-04-30,2021-05-31,2021-06-30,2,39.6,63.0,4,-0.3646,217.92,2025-09-22,-0.1747,-0.3133,-0.1104,644838512.0,10.0,2016-10-05,Vistra Corp.,Utilities,Electric Utilities,sp500,True,True,False
ECHO,90.11000061035156,2026-09-25,2026-08-31,57.7,56.8,59.1,False,False,False,2024-01-31,2024-02-29,2024-03-31,2,40.4,30.0,10,-0.3645,141.8,2026-05-20,-0.0728,0.232,-0.1736,385601628.0,15.0,2011-09-26,EchoStar,Communication Services,Wireless Telecommunication Services,sp500,True,True,False
LEA,122.70999908447266,2026-09-25,2026-08-31,53.3,56.3,52.0,False,False,False,2024-09-30,2025-07-31,2025-08-31,11,33.5,13.0,7,-0.3636,192.81,2022-01-04,-0.1122,0.2239,-0.0439,81615511.0,15.0,2011-09-26,Lear,Consumer Discretionary,Automotive Parts & Equipment,sp400,True,True,False
CNM,42.63999938964844,2026-09-25,2026-08-31,42.4,43.5,42.0,False,False,False,2022-11-30,2022-12-31,2023-01-31,2,36.0,44.0,2,-0.3634,66.98,2025-09-05,-0.1165,-0.1651,-0.1392,101332437.0,5.2,2021-07-22,Core & Main,Industrials,Trading Companies & Distributors,sp400,True,True,False
NXST,162.10000610351562,2026-09-25,2026-08-31,49.3,51.2,45.1,False,False,False,2020-03-31,2020-03-31,2020-04-30,1,36.8,77.0,1,-0.3609,253.64,2026-03-05,0.0478,-0.1817,-0.18,67323539.0,15.0,2011-09-26,Nexstar Media Group,Communication Services,Broadcasting,sp400,True,True,False
CGNX,58.65999984741211,2026-09-25,2026-08-31,58.9,62.6,57.0,False,False,False,2025-02-28,2025-06-30,2025-07-31,5,34.7,14.0,5,-0.3605,91.73,2021-11-02,-0.1184,0.3073,0.0637,129885763.0,15.0,2011-09-26,Cognex,Information Technology,Electronic Equipment & Instruments,sp400,True,True,False
MGM,32.58000183105469,2026-09-25,2026-08-31,53.7,58.3,43.5,False,False,False,2025-03-31,2025-04-30,2025-05-31,2,39.2,16.0,3,-0.3599,50.9,2023-07-28,-0.3097,-0.0551,-0.1834,121740149.0,15.0,2011-09-26,MGM Resorts,Consumer Discretionary,Casinos & Gaming,sp500,True,True,False
CRS,396.8399963378906,2026-09-25,2026-08-31,67.0,73.1,57.4,False,False,False,2020-02-29,2020-11-30,2020-12-31,10,32.4,69.0,6,-0.3592,619.25,2026-07-06,-0.3378,0.7076,-0.0972,368765717.0,15.0,2011-09-26,Carpenter Technology,Industrials,Industrial Machinery & Supplies & Components,sp400,True,True,False
ORA,93.62999725341795,2026-09-25,2026-08-31,52.3,50.6,48.8,False,False,False,2024-04-30,2024-04-30,2024-05-31,1,41.4,28.0,3,-0.3547,145.1,2026-06-03,-0.2199,-0.0009,-0.182,91241091.0,15.0,2011-09-26,Ormat Technologies,Utilities,Renewable Electricity,sp400,True,True,False
CRH,85.04000091552734,2026-09-25,2026-08-31,46.7,47.1,41.9,False,False,False,2022-09-30,2022-09-30,2022-10-31,1,38.5,47.0,4,-0.3527,131.38,2026-01-09,-0.2478,-0.2392,-0.2228,427446233.0,15.0,2011-09-26,CRH plc,Materials,Construction Materials,sp500,True,True,False
ST,42.18999862670898,2026-09-25,2026-08-31,54.8,62.9,56.2,False,False,False,2024-10-31,2025-05-31,2025-06-30,8,30.4,15.0,11,-0.3509,65.0,2022-01-04,-0.1421,0.4191,0.0292,68096635.0,15.0,2011-09-26,Sensata Technologies,Industrials,Electrical Components & Equipment,sp400,True,True,False
HGV,35.77000045776367,2026-09-25,2026-08-31,48.6,52.8,42.2,False,False,False,2025-04-30,2025-04-30,2025-05-31,1,42.0,16.0,6,-0.3496,55.0,2021-11-18,-0.3373,-0.1662,-0.2195,48990025.0,9.7,2017-01-04,Hilton Grand Vacations,Consumer Discretionary,"Hotels, Resorts & Cruise Lines",sp400,True,True,False
CEG,263.2699890136719,2026-09-25,2026-08-31,51.2,49.8,49.7,False,False,False,,,,0,,,0,-0.3483,403.95,2025-10-15,-0.0202,-0.1932,-0.0933,773925723.0,4.7,2022-01-19,Constellation Energy,Utilities,Electric Utilities,sp500,True,False,False
ILMN,270.0,2026-09-25,2026-08-31,69.0,67.6,76.5,False,False,False,2025-01-31,2025-09-30,2025-10-31,9,31.7,11.0,3,-0.3478,413.99,2021-09-27,0.5198,1.9287,0.695,555221984.0,15.0,2011-09-26,"Illumina, Inc.",Health Care,Life Sciences Tools & Services,sp400,True,True,False
BC,67.19000244140625,2026-09-25,2026-08-31,51.7,54.1,45.4,False,False,False,2025-02-28,2025-06-30,2025-07-31,5,34.8,14.0,6,-0.3475,102.98,2021-11-15,-0.2361,0.0884,-0.1486,55423324.0,15.0,2011-09-26,Brunswick,Consumer Discretionary,Leisure Products,sp400,True,True,False
SGI,63.95000076293945,2026-09-25,2026-08-31,47.0,47.4,46.5,False,False,False,2022-06-30,2022-06-30,2022-07-31,1,37.1,50.0,6,-0.3474,97.99,2026-02-10,-0.1863,-0.2207,-0.1715,205026667.0,15.0,2011-09-26,Somnigroup International,Consumer Discretionary,Home Furnishings,sp400,True,True,False
CRL,292.8399963378906,2026-09-25,2026-08-31,67.3,59.2,67.9,False,False,False,2025-01-31,2025-05-31,2025-06-30,5,34.7,15.0,5,-0.3473,448.68,2021-10-29,0.3767,1.0117,0.4113,244926517.0,15.0,2011-09-26,Charles River Laboratories,Health Care,Life Sciences Tools & Services,sp500,True,True,False
CASY,598.4600219726562,2026-09-25,2026-08-31,64.5,78.7,51.5,False,False,False,2018-04-30,2018-05-31,2018-06-30,2,41.0,99.0,1,-0.3469,916.28,2026-06-11,-0.2373,0.1019,-0.181,353714053.0,15.0,2011-09-26,Casey's,Consumer Staples,Food Retail,sp500,True,True,False
ELAN,22.309999465942383,2026-09-25,2026-08-31,59.0,65.7,55.0,False,False,False,2025-02-28,2025-04-30,2025-05-31,3,38.6,16.0,5,-0.3456,34.09,2021-11-05,-0.0845,0.1792,-0.0617,145118623.0,8.0,2018-09-20,Elanco,Health Care,Pharmaceuticals,sp400,True,True,False
CCL,22.25,2026-09-25,2026-08-31,47.9,54.5,45.4,False,False,False,2022-03-31,2023-05-31,2023-06-30,15,30.1,39.0,6,-0.3454,33.99,2026-02-06,-0.2182,-0.27,-0.1922,496447624.0,15.0,2011-09-26,Carnival Corporation,Consumer Discretionary,"Hotels, Resorts & Cruise Lines",sp500,True,True,False
DLTR,114.06999969482422,2026-09-25,2026-08-31,57.0,57.2,51.5,False,False,False,2024-07-31,2025-04-30,2025-05-31,10,32.1,16.0,3,-0.3447,174.08,2022-04-20,-0.035,0.2131,-0.0301,346014916.0,15.0,2011-09-26,Dollar Tree,Consumer Staples,Consumer Staples Merchandise Retail,sp500,True,True,False
REGN,788.0399780273438,2026-09-25,2026-08-31,55.2,53.0,54.4,False,False,False,2024-12-31,2025-09-30,2025-10-31,10,32.4,11.0,5,-0.3443,1201.76,2024-08-27,0.2707,0.4186,0.0712,559232466.0,15.0,2011-09-26,Regeneron Pharmaceuticals,Health Care,Biotechnology,sp500,True,True,False
RRX,156.17999267578125,2026-09-25,2026-08-31,48.2,57.2,47.8,False,False,False,2025-03-31,2025-04-30,2025-05-31,2,38.5,16.0,5,-0.3443,238.19,2026-06-30,-0.3125,0.1077,-0.1715,227860015.0,15.0,2011-09-26,Regal Rexnord,Industrials,Electrical Components & Equipment,sp400,True,True,False
AZO,2872.159912109375,2026-09-25,2026-08-31,44.6,44.9,42.9,False,False,False,2017-05-31,2017-10-31,2017-11-30,6,31.1,106.0,1,-0.3404,4354.54,2025-09-11,-0.0611,-0.3056,-0.1328,840084825.0,15.0,2011-09-26,AutoZone,Consumer Discretionary,Automotive Retail,sp500,True,True,False
SNPS,425.760009765625,2026-09-25,2026-08-31,47.7,42.7,46.5,False,False,False,,,,0,,,0,-0.3403,645.35,2025-07-30,-0.0643,-0.1261,-0.0439,748397934.0,15.0,2011-09-26,Synopsys,Information Technology,Application Software,sp500,True,True,False
EW,86.29000091552734,2026-09-25,2026-08-31,57.6,54.0,53.3,False,False,False,2024-07-31,2024-07-31,2024-08-31,1,40.5,25.0,4,-0.3397,130.68,2021-12-30,-0.0382,0.1464,0.0145,342724849.0,15.0,2011-09-26,Edwards Lifesciences,Health Care,Health Care Equipment,sp500,True,True,False
CUBE,37.81999969482422,2026-09-25,2026-08-31,47.8,50.8,44.7,False,False,False,2025-10-31,2025-12-31,2026-01-31,3,39.6,8.0,3,-0.3367,57.02,2021-12-30,-0.0696,-0.0476,-0.0374,92251458.0,15.0,2011-09-26,CubeSmart,Real Estate,Industrial REITs,sp400,True,True,False
RCL,242.6999969482422,2026-09-25,2026-08-31,52.1,61.0,48.1,False,False,False,2022-05-31,2022-09-30,2022-10-31,5,33.6,47.0,3,-0.3366,365.84,2025-08-28,-0.2478,-0.2521,-0.1546,645056069.0,15.0,2011-09-26,Royal Caribbean Group,Consumer Discretionary,"Hotels, Resorts & Cruise Lines",sp500,True,True,False
NOC,510.5199890136719,2026-09-25,2026-08-31,48.9,49.2,45.7,False,False,False,2018-12-31,2018-12-31,2019-01-31,1,41.6,92.0,1,-0.3353,768.02,2026-03-02,0.0224,-0.1285,-0.1493,446648877.0,15.0,2011-09-26,Northrop Grumman,Industrials,Aerospace & Defense,sp500,True,True,False
LOPE,147.27999877929688,2026-09-25,2026-08-31,46.3,45.3,46.0,False,False,False,2021-11-30,2021-11-30,2021-12-31,1,39.8,57.0,3,-0.3322,220.55,2025-10-23,0.0297,-0.3127,-0.0722,49694158.0,15.0,2011-09-26,Grand Canyon Education,Consumer Discretionary,Education Services,sp400,True,True,False
CRUS,119.91999816894533,2026-09-25,2026-08-31,45.6,52.5,49.4,False,False,False,2018-09-30,2019-01-31,2019-02-28,5,35.2,91.0,2,-0.3297,178.9,2026-06-03,-0.2212,-0.0452,-0.1429,99963793.0,15.0,2011-09-26,Cirrus Logic,Information Technology,Semiconductors,sp400,True,True,False
MIDD,107.66000366210938,2026-09-25,2026-08-31,47.8,55.9,46.7,False,False,False,2025-11-30,2025-11-30,2025-12-31,1,41.6,9.0,4,-0.3297,160.62,2022-02-09,-0.2209,0.0165,-0.1152,76745772.0,15.0,2011-09-26,Middleby,Industrials,Industrial Machinery & Supplies & Components,sp400,True,True,False
AMAT,485.0,2026-09-25,2026-08-31,60.4,64.5,61.8,False,False,False,2022-09-30,2022-09-30,2022-10-31,1,40.8,47.0,4,-0.3292,723.0,2026-06-30,-0.274,1.4299,0.1509,4159006795.0,15.0,2011-09-26,Applied Materials,Information Technology,Semiconductor Materials & Equipment,sp500,True,True,False
SHC,18.34000015258789,2026-09-25,2026-08-31,60.2,57.5,58.1,False,False,False,2025-06-30,2025-06-30,2025-07-31,1,40.8,14.0,6,-0.3277,27.28,2021-11-08,0.0725,0.1802,0.082,48234452.0,5.8,2020-11-20,Sotera Health,Health Care,Health Care Services,sp400,True,True,False
VRT,253.27999877929688,2026-09-25,2026-08-31,61.1,59.2,60.2,False,False,False,2022-02-28,2022-09-30,2022-10-31,8,30.4,47.0,2,-0.3268,376.23,2026-05-14,-0.222,0.8121,-0.0361,1470009918.0,8.1,2018-08-02,Vertiv,Industrials,Electrical Components & Equipment,sp500,True,True,False
CBT,78.76000213623047,2026-09-25,2026-08-31,51.8,56.1,48.8,False,False,False,2025-10-31,2025-12-31,2026-01-31,3,38.1,8.0,8,-0.3268,117.0,2024-11-06,-0.1539,0.043,0.0009,36219822.0,15.0,2011-09-26,Cabot Corp,Materials,Diversified Chemicals,sp400,True,True,False
ELS,59.22999954223633,2026-09-25,2026-08-31,48.3,51.1,41.9,False,False,False,2025-06-30,2025-09-30,2025-10-31,4,39.9,11.0,3,-0.3243,87.66,2021-12-31,-0.0588,-0.0125,-0.0707,97047013.0,15.0,2011-09-26,Equity Lifestyle Properties,Real Estate,Single-Family Residential REITs,sp400,True,True,False
IDXX,519.260009765625,2026-09-25,2026-08-31,50.4,50.6,46.4,False,False,False,2022-08-31,2022-09-30,2022-10-31,2,38.9,47.0,2,-0.3227,766.68,2025-11-25,-0.0643,-0.16,-0.1235,320349754.0,15.0,2011-09-26,Idexx Laboratories,Health Care,Health Care Equipment,sp500,True,True,False
ES,63.66999816894531,2026-09-25,2026-08-31,52.2,53.9,45.2,False,False,False,2024-12-31,2025-01-31,2025-02-28,2,40.3,19.0,3,-0.3224,93.96,2022-08-18,-0.1167,-0.0705,-0.0935,159168891.0,15.0,2011-09-26,Eversource Energy,Utilities,Electric Utilities,sp500,True,True,False
AVNT,41.27999877929688,2026-09-25,2026-08-31,57.5,48.5,53.8,False,False,False,2025-11-30,2025-12-31,2026-01-31,2,40.8,8.0,11,-0.3224,60.92,2021-11-17,0.1157,0.2678,0.1036,32343794.0,15.0,2011-09-26,Avient,Materials,Specialty Chemicals,sp400,True,True,False
CSL,326.3699951171875,2026-09-25,2026-08-31,49.5,51.8,46.3,False,False,False,,,,0,,,0,-0.3214,480.93,2024-10-14,-0.1597,-0.0042,-0.0734,202456920.0,15.0,2011-09-26,Carlisle Companies,Industrials,Industrial Conglomerates,sp400,True,True,False
AON,277.989990234375,2026-09-25,2026-08-31,46.1,55.2,38.5,False,False,False,,,,0,,,0,-0.3208,409.32,2025-03-03,-0.1201,-0.2094,-0.1669,494286575.0,15.0,2011-09-26,Aon plc,Financials,Insurance Brokers,sp500,True,True,False
CVNA,65.05999755859375,2026-09-25,2026-08-31,57.8,52.7,53.1,False,False,False,2023-09-30,2023-11-30,2023-12-31,3,38.3,33.0,2,-0.3201,95.69,2026-01-22,-0.0172,-0.1241,-0.1049,599715998.0,9.4,2017-04-28,Carvana,Consumer Discretionary,Automotive Retail,sp500,True,True,False
CW,539.72998046875,2026-09-25,2026-08-31,55.9,76.2,51.5,False,False,False,2020-09-30,2020-10-31,2020-11-30,2,38.6,70.0,3,-0.3192,792.77,2026-07-06,-0.297,0.0445,-0.2028,218888760.0,15.0,2011-09-26,Curtiss-Wright,Industrials,Aerospace & Defense,sp400,True,True,False
APO,121.69000244140624,2026-09-25,2026-08-31,54.6,50.6,48.9,False,False,False,2018-12-31,2018-12-31,2019-01-31,1,42.0,92.0,3,-0.3187,178.61,2024-12-11,0.0015,-0.1061,-0.0449,455592839.0,15.0,2011-09-26,Apollo Global Management,Financials,Asset Management & Custody Banks,sp500,True,True,False
CARR,56.369998931884766,2026-09-25,2026-08-31,47.3,49.7,46.1,False,False,False,2025-12-31,2025-12-31,2026-01-31,1,41.5,8.0,1,-0.3181,82.67,2024-10-14,-0.2583,-0.0405,-0.0845,398141378.0,6.5,2020-03-19,Carrier Global,Industrials,Building Products,sp500,True,True,False
TLN,304.4200134277344,2026-09-25,2026-08-31,51.6,57.8,52.9,False,False,False,,,,0,,,0,-0.3172,445.84,2025-10-08,-0.2696,-0.2588,-0.1374,260831768.0,3.3,2023-06-02,Talen Energy,Utilities,Independent Power Producers & Energy Traders,sp400,True,False,False
MLM,484.2999877929688,2026-09-25,2026-08-31,44.3,45.0,40.6,False,False,False,2020-03-31,2020-03-31,2020-04-30,1,41.8,77.0,2,-0.3161,708.11,2026-02-10,-0.23,-0.2035,-0.1834,374441051.0,15.0,2011-09-26,Martin Marietta Materials,Materials,Construction Materials,sp500,True,True,False
BURL,254.69000244140625,2026-09-25,2026-08-31,47.6,68.4,46.9,False,False,False,2023-09-30,2023-10-31,2023-11-30,2,37.8,34.0,4,-0.3157,372.19,2026-07-30,-0.2151,-0.03,-0.1807,335010862.0,13.0,2013-10-02,Burlington Stores,Consumer Discretionary,Apparel Retail,sp400,True,True,False
IBM,225.50999450683597,2026-09-25,2026-08-31,48.4,46.6,47.0,False,False,False,2020-10-31,2020-10-31,2020-11-30,1,39.6,70.0,7,-0.315,329.23,2026-06-02,-0.1268,-0.1987,-0.125,1947673423.0,15.0,2011-09-26,IBM,Information Technology,IT Consulting & Other Services,sp500,True,True,False
PSA,287.9700012207031,2026-09-25,2026-08-31,52.3,56.5,48.0,False,False,False,2025-12-31,2025-12-31,2026-01-31,1,41.4,8.0,4,-0.3142,419.9,2022-04-20,-0.1022,0.0275,-0.0379,305876658.0,15.0,2011-09-26,Public Storage,Real Estate,Self-Storage REITs,sp500,True,True,False
EVR,262.9100036621094,2026-09-25,2026-08-31,51.0,57.5,47.1,False,False,False,2022-09-30,2022-09-30,2022-10-31,1,39.2,47.0,2,-0.3138,383.12,2026-01-15,-0.243,-0.222,-0.1956,153685663.0,15.0,2011-09-26,Evercore,Financials,Investment Banking & Brokerage,sp400,True,True,False
DASH,193.3600006103516,2026-09-25,2026-08-31,59.3,53.4,51.7,False,False,False,2023-04-30,2023-04-30,2023-05-31,1,41.9,40.0,2,-0.3137,281.74,2025-10-06,0.093,-0.2622,0.0298,830382572.0,5.8,2020-12-09,DoorDash,Consumer Discretionary,Specialized Consumer Services,sp500,True,True,False
D,60.68000030517578,2026-09-25,2026-08-31,58.2,64.6,49.4,False,False,False,2024-06-30,2024-06-30,2024-07-31,1,41.1,26.0,5,-0.3134,88.38,2022-04-08,-0.127,0.0169,-0.0564,296779098.0,15.0,2011-09-26,Dominion Energy,Utilities,Multi-Utilities,sp500,True,True,False
SARO,22.739999771118164,2026-09-25,2026-08-31,42.9,51.1,40.4,False,False,False,,,,0,,,0,-0.3134,33.12,2026-01-27,-0.1817,-0.1324,-0.1762,93710364.0,2.0,2024-10-02,StandardAero,Industrials,Aerospace & Defense,sp400,True,False,False
SLM,23.65999984741211,2026-09-25,2026-08-31,52.4,52.5,47.6,False,False,False,2026-02-28,2026-02-28,2026-03-31,1,37.1,6.0,9,-0.3122,34.4,2025-07-07,-0.0386,-0.1574,-0.0246,61902575.0,15.0,2011-09-26,SLM Corp,Financials,Consumer Finance,sp400,True,True,False
TDG,1116.199951171875,2026-09-25,2026-08-31,45.4,49.5,42.8,False,False,False,2020-03-31,2020-03-31,2020-04-30,1,40.6,77.0,1,-0.3113,1620.83,2025-07-30,-0.1624,-0.1347,-0.1089,476049892.0,15.0,2011-09-26,TransDigm Group,Industrials,Aerospace & Defense,sp500,True,True,False
TPR,113.87999725341795,2026-09-25,2026-08-31,57.9,75.7,53.4,False,False,False,2023-09-30,2023-10-31,2023-11-30,2,39.3,34.0,5,-0.3089,164.78,2026-08-10,-0.22,0.0564,-0.1793,394504361.0,15.0,2011-09-26,"Tapestry, Inc.",Consumer Discretionary,"Apparel, Accessories & Luxury Goods",sp500,True,True,False
RBA,82.48999786376953,2026-09-25,2026-08-31,43.7,58.1,42.7,False,False,False,,,,0,,,0,-0.3076,119.14,2026-02-10,-0.2858,-0.2433,-0.195,154299988.0,15.0,2011-09-26,RB Global,Industrials,Diversified Support Services,sp400,True,True,False
COHR,295.8299865722656,2026-09-25,2026-08-31,62.2,60.8,63.9,False,False,False,2023-09-30,2023-10-31,2023-11-30,2,38.7,34.0,6,-0.307,426.89,2026-06-02,-0.2736,1.7759,0.0338,1886939107.0,15.0,2011-09-26,Coherent Corp.,Information Technology,Electronic Components,sp500,True,True,False
ALLY,38.790000915527344,2026-09-25,2026-08-31,53.4,55.2,48.4,False,False,False,2023-09-30,2023-10-31,2023-11-30,2,39.1,34.0,8,-0.305,55.81,2021-10-20,-0.1626,-0.05,-0.0942,137154505.0,12.7,2014-01-28,Ally Financial,Financials,Consumer Finance,sp400,True,True,False
UBER,69.62000274658203,2026-09-25,2026-08-31,51.2,46.8,46.5,False,False,False,2022-12-31,2022-12-31,2023-01-31,1,39.3,44.0,3,-0.3045,100.1,2025-10-06,-0.0364,-0.2867,-0.0736,1330683176.0,7.4,2019-05-10,Uber,Industrials,Passenger Ground Transportation,sp500,True,True,False
ODFL,173.3000030517578,2026-09-25,2026-08-31,55.1,59.3,47.1,False,False,False,2025-09-30,2025-11-30,2025-12-31,3,38.7,9.0,1,-0.3033,248.73,2026-06-09,-0.2127,0.2341,-0.1304,343604331.0,15.0,2011-09-26,Old Dominion,Industrials,Cargo Ground Transportation,sp500,True,True,False
MTSI,285.57000732421875,2026-09-25,2026-08-31,59.6,58.3,61.8,False,False,False,2018-01-31,2019-06-30,2019-07-31,18,32.2,86.0,3,-0.3029,409.68,2026-05-26,-0.2681,1.3052,0.0557,421327456.0,14.5,2012-03-15,MACOM Technology Solutions,Information Technology,Semiconductors,sp400,True,True,False
SPXC,172.7899932861328,2026-09-25,2026-08-31,53.9,60.4,48.1,False,False,False,2022-04-30,2022-04-30,2022-05-31,1,40.8,52.0,2,-0.2988,246.41,2026-06-22,-0.2935,-0.0555,-0.1873,108042705.0,15.0,2011-09-26,SPX Technologies,Industrials,Industrial Machinery & Supplies & Components,sp400,True,True,False
CHRW,147.10000610351562,2026-09-25,2026-08-31,53.6,53.1,52.7,False,False,False,2024-02-29,2024-04-30,2024-05-31,3,35.1,28.0,8,-0.2976,209.42,2026-07-21,-0.1843,0.0991,-0.147,286531908.0,15.0,2011-09-26,C.H. Robinson,Industrials,Air Freight & Logistics,sp500,True,True,False
MTDR,51.54999923706055,2026-09-25,2026-08-31,55.1,48.7,49.8,False,False,False,2025-10-31,2025-10-31,2025-11-30,1,40.2,10.0,8,-0.2974,73.37,2022-11-07,0.0277,0.0726,-0.0239,105331434.0,14.6,2012-02-02,Matador Resources,Energy,Oil & Gas Exploration & Production,sp400,True,True,False
DAR,61.290000915527344,2026-09-25,2026-08-31,65.0,61.7,60.0,False,False,False,2025-09-30,2025-10-31,2025-11-30,2,40.0,10.0,10,-0.297,87.18,2022-06-07,0.1547,0.95,0.1028,153547413.0,15.0,2011-09-26,Darling Ingredients,Consumer Staples,Agricultural Products & Services,sp400,True,True,False
CBOE,258.0299987792969,2026-09-25,2026-08-31,59.8,61.9,51.8,False,False,False,2020-10-31,2020-10-31,2020-11-30,1,39.5,70.0,3,-0.2963,366.7,2026-05-13,0.0533,0.0575,-0.0999,305725277.0,15.0,2011-09-26,Cboe Global Markets,Financials,Financial Exchanges & Data,sp500,True,True,False
BKNG,163.9499969482422,2026-09-25,2026-08-31,56.7,54.7,44.8,False,False,False,2022-09-30,2022-09-30,2022-10-31,1,40.7,47.0,3,-0.2953,232.64,2025-07-07,-0.074,-0.2649,-0.1085,1255005330.0,15.0,2011-09-26,Booking Holdings,Consumer Discretionary,"Hotels, Resorts & Cruise Lines",sp500,True,True,False
ANF,135.7100067138672,2026-09-25,2026-08-31,62.4,51.8,60.0,False,False,False,2025-04-30,2025-04-30,2025-05-31,1,41.0,16.0,12,-0.2944,192.34,2024-06-12,0.5189,0.5446,0.3466,187910251.0,15.0,2011-09-26,Abercrombie & Fitch,Consumer Discretionary,Apparel Retail,sp400,True,True,False
EXE,86.83999633789062,2026-09-25,2026-08-31,49.6,47.0,43.3,False,False,False,,,,0,,,0,-0.2934,122.89,2025-12-03,-0.0181,-0.168,-0.1241,313954237.0,5.6,2021-02-10,Expand Energy,Energy,Oil & Gas Exploration & Production,sp500,True,True,False
TFC,47.65999984741211,2026-09-25,2026-08-31,55.1,58.7,52.1,False,False,False,2023-03-31,2023-11-30,2023-12-31,9,33.0,33.0,6,-0.293,67.41,2022-01-14,-0.0594,0.042,-0.0443,363833909.0,15.0,2011-09-26,Truist Financial,Financials,Diversified Banks,sp500,True,True,False
AKAM,113.94000244140624,2026-09-25,2026-08-31,53.3,55.9,55.1,False,False,False,2025-02-28,2025-10-31,2025-11-30,9,36.8,10.0,6,-0.2929,161.14,2026-05-13,0.0093,0.5115,0.0253,461359845.0,15.0,2011-09-26,Akamai Technologies,Information Technology,Internet Services & Infrastructure,sp500,True,True,False
FLEX,114.68000030517578,2026-09-25,2026-08-31,63.9,65.9,65.3,False,False,False,2020-03-31,2020-03-31,2020-04-30,1,39.5,77.0,4,-0.2924,162.07,2026-06-30,-0.2889,1.0297,0.164,474964305.0,15.0,2011-09-26,Flex Ltd.,Information Technology,Electronic Manufacturing Services,sp500,True,True,False
CDE,19.21999931335449,2026-09-25,2026-08-31,61.8,53.4,58.8,False,False,False,2024-02-29,2024-02-29,2024-03-31,1,41.5,30.0,8,-0.2921,27.15,2026-02-27,0.202,0.056,-0.0014,621368516.0,15.0,2011-09-26,Coeur Mining,Materials,Gold,sp400,True,True,False
PEG,67.0199966430664,2026-09-25,2026-08-31,43.4,46.9,37.8,False,False,False,2020-03-31,2020-03-31,2020-04-30,1,34.2,77.0,2,-0.2909,94.51,2024-11-26,-0.1889,-0.1714,-0.1534,226601856.0,15.0,2011-09-26,Public Service Enterprise Group,Utilities,Electric Utilities,sp500,True,True,False
VAL,80.98999786376953,2026-09-25,2026-08-31,59.5,56.7,56.5,False,False,False,2025-02-28,2025-05-31,2025-06-30,4,36.6,15.0,2,-0.2859,113.42,2026-05-18,0.0473,0.6054,-0.0083,89957434.0,5.4,2021-05-03,Valaris,Energy,Oil & Gas Drilling,sp400,True,True,False
BIIB,227.6000061035156,2026-09-25,2026-08-31,60.1,56.2,62.9,False,False,False,2024-07-31,2025-10-31,2025-11-30,16,24.7,10.0,6,-0.2844,318.06,2023-05-05,0.127,0.6776,0.1735,224584655.0,15.0,2011-09-26,Biogen,Health Care,Biotechnology,sp500,True,True,False
NXPI,238.0800018310547,2026-09-25,2026-08-31,49.0,49.7,51.2,False,False,False,2025-04-30,2025-04-30,2025-05-31,1,41.5,16.0,3,-0.2843,332.67,2026-05-26,-0.2028,0.0497,-0.0302,941282983.0,15.0,2011-09-26,NXP Semiconductors,Information Technology,Semiconductors,sp500,True,True,False
MUR,36.33000183105469,2026-09-25,2026-08-31,53.5,57.9,53.4,False,False,False,2024-10-31,2025-08-31,2025-09-30,11,30.7,12.0,12,-0.2839,50.73,2022-11-11,0.0266,0.2463,0.0139,60444038.0,15.0,2011-09-26,Murphy Oil,Energy,Oil & Gas Exploration & Production,sp400,True,True,False
RPM,100.44000244140624,2026-09-25,2026-08-31,46.8,48.5,44.7,False,False,False,,,,0,,,0,-0.2839,140.26,2024-11-25,-0.1008,-0.1352,-0.0544,125106570.0,15.0,2011-09-26,RPM International,Materials,Specialty Chemicals,sp400,True,True,False
DHI,141.50999450683594,2026-09-25,2026-08-31,49.9,49.4,48.9,False,False,False,2020-03-31,2020-03-31,2020-04-30,1,39.6,77.0,1,-0.2819,197.06,2024-09-19,-0.1524,-0.1424,-0.05,350885475.0,15.0,2011-09-26,D. R. Horton,Consumer Discretionary,Homebuilding,sp500,True,True,False
AEIS,279.67999267578125,2026-09-25,2026-08-31,57.7,59.5,58.0,False,False,False,2018-12-31,2018-12-31,2019-01-31,1,39.5,92.0,2,-0.2811,389.05,2026-05-01,-0.2545,0.6712,-0.0785,189108444.0,15.0,2011-09-26,Advanced Energy,Information Technology,Semiconductor Materials & Equipment,sp400,True,True,False
CMI,525.0599975585938,2026-09-25,2026-08-31,59.0,67.2,54.9,False,False,False,2018-06-30,2018-06-30,2018-07-31,1,41.8,98.0,2,-0.2784,727.59,2026-06-25,-0.2784,0.2681,-0.1296,601345695.0,15.0,2011-09-26,Cummins,Industrials,Construction Machinery & Heavy Transportation Equipment,sp500,True,True,False
OMC,76.1500015258789,2026-09-25,2026-08-31,55.5,48.9,47.1,False,False,False,2025-11-30,2025-11-30,2025-12-31,1,40.3,9.0,7,-0.2781,105.49,2024-10-16,0.037,0.0036,-0.0288,252239798.0,15.0,2011-09-26,Omnicom Group,Communication Services,Advertising,sp500,True,True,False
IR,76.08000183105469,2026-09-25,2026-08-31,47.4,51.6,46.8,False,False,False,,,,0,,,0,-0.2778,105.35,2024-11-25,-0.0688,-0.0549,-0.0688,329150621.0,9.4,2017-05-12,Ingersoll Rand,Industrials,Industrial Machinery & Supplies & Components,sp500,True,True,False
VNOM,40.93000030517578,2026-09-25,2026-08-31,55.6,55.3,48.9,False,False,False,2020-01-31,2020-12-31,2021-01-31,12,27.0,68.0,3,-0.2762,56.55,2024-11-22,-0.0602,0.0336,-0.0641,72879011.0,12.3,2014-06-18,Viper Energy,Energy,Oil & Gas Storage & Transportation,sp400,True,True,False
AR,35.0,2026-09-25,2026-08-31,55.3,52.5,50.5,False,False,False,2018-08-31,2020-11-30,2020-12-31,28,16.9,69.0,5,-0.2755,48.31,2022-06-07,0.0145,0.0279,-0.0378,150267332.0,13.0,2013-10-10,Antero Resources,Energy,Oil & Gas Exploration & Production,sp400,True,True,False
AN,166.97999572753906,2026-09-25,2026-08-31,54.2,57.9,44.6,False,False,False,2020-03-31,2020-03-31,2020-04-30,1,33.1,77.0,6,-0.2739,229.98,2026-07-29,-0.1305,-0.2271,-0.165,93087432.0,15.0,2011-09-26,AutoNation,Consumer Discretionary,Automotive Retail,sp400,True,True,False
LSTR,163.77000427246094,2026-09-25,2026-08-31,55.6,53.7,49.4,False,False,False,2025-03-31,2025-11-30,2025-12-31,9,31.9,9.0,1,-0.2733,225.37,2026-06-08,-0.2206,0.3503,-0.0619,80741865.0,15.0,2011-09-26,Landstar System,Industrials,Cargo Ground Transportation,sp400,True,True,False
CHRD,136.27000427246094,2026-09-25,2026-08-31,58.6,56.6,54.3,False,False,False,2025-09-30,2026-01-31,2026-02-28,5,35.4,7.0,8,-0.2729,187.42,2024-04-11,0.1405,0.3169,0.0935,102130503.0,15.0,2011-09-26,Chord Energy,Energy,Oil & Gas Exploration & Production,sp400,True,True,False
LRCX,315.2099914550781,2026-09-25,2026-08-31,64.2,63.5,65.3,False,False,False,2022-09-30,2022-09-30,2022-10-31,1,41.2,47.0,1,-0.2726,433.33,2026-06-30,-0.2155,1.4601,0.1634,3244282517.0,15.0,2011-09-26,Lam Research,Information Technology,Semiconductor Materials & Equipment,sp500,True,True,False
CNH,13.09000015258789,2026-09-25,2026-08-31,52.0,45.1,56.6,False,False,False,2025-11-30,2025-12-31,2026-01-31,2,37.6,8.0,9,-0.2687,17.9,2023-02-01,0.1976,0.212,0.1863,208448555.0,13.0,2013-09-30,CNH Industrial,Industrials,Agricultural & Farm Machinery,sp400,True,True,False
PNFP,94.97000122070312,2026-09-25,2026-08-31,52.6,55.9,49.6,False,False,False,2023-03-31,2023-06-30,2023-07-31,4,32.4,38.0,4,-0.2687,129.87,2024-11-25,-0.0378,-0.0025,-0.0208,109787603.0,15.0,2011-09-26,Pinnacle Financial Partners,Financials,Regional Banks,sp400,True,True,False
AVGO,352.8099975585937,2026-09-25,2026-08-31,60.8,63.8,58.0,False,False,False,,,,0,,,0,-0.2674,481.57,2026-06-02,-0.0689,0.0497,-0.0422,8528015679.0,15.0,2011-09-26,Broadcom,Information Technology,Semiconductors,sp500,True,True,False
COLB,29.63999938964844,2026-09-25,2026-08-31,55.6,60.3,55.6,False,False,False,2024-01-31,2024-06-30,2024-07-31,6,37.7,26.0,6,-0.266,40.38,2021-10-07,-0.0758,0.1488,-0.006,90076314.0,15.0,2011-09-26,Columbia Banking System,Financials,Regional Banks,sp400,True,True,False
SITM,662.27001953125,2026-09-25,2026-08-31,64.6,63.2,68.8,False,False,False,,,,0,,,0,-0.2654,901.48,2026-05-11,-0.0199,1.2499,0.2702,282870766.0,6.8,2019-11-20,SiTime,Information Technology,Semiconductors,sp400,True,True,False
ENS,178.88999938964844,2026-09-25,2026-08-31,61.5,62.2,59.7,False,False,False,2022-08-31,2022-09-30,2022-10-31,2,39.3,47.0,7,-0.2649,243.34,2026-05-26,-0.2096,0.628,-0.0518,98071025.0,15.0,2011-09-26,EnerSys,Industrials,Electrical Components & Equipment,sp400,True,True,False
VIAV,40.68000030517578,2026-09-25,2026-08-31,64.1,65.0,67.4,False,False,False,2024-03-31,2024-07-31,2024-08-31,5,34.5,25.0,5,-0.2648,55.33,2026-05-01,-0.1935,2.31,0.1247,192402402.0,15.0,2011-09-26,Viavi Solutions,Information Technology,Communications Equipment,sp400,True,True,False
ARWR,65.91999816894531,2026-09-25,2026-08-31,75.4,78.0,59.7,False,False,False,2024-12-31,2025-07-31,2025-08-31,8,36.1,13.0,12,-0.2642,89.59,2026-08-04,-0.1684,1.0821,-0.0919,152765201.0,15.0,2011-09-26,Arrowhead Pharmaceuticals,Health Care,Biotechnology,sp400,True,True,False
WEX,178.27999877929688,2026-09-25,2026-08-31,58.9,58.0,54.4,False,False,False,2025-04-30,2025-05-31,2025-06-30,2,38.2,15.0,6,-0.264,242.22,2024-04-03,0.3396,0.1279,0.1058,116627207.0,15.0,2011-09-26,WEX Inc.,Financials,Transaction & Payment Processing Services,sp400,True,True,False
WTRG,39.52999877929688,2026-09-25,2026-08-31,55.6,52.4,51.0,False,False,False,2024-01-31,2024-02-29,2024-03-31,2,39.6,30.0,2,-0.2637,53.69,2021-12-31,0.0422,0.046,0.0097,88790617.0,15.0,2011-09-26,Essential Utilities,Utilities,Water Utilities,sp400,True,True,False
DVA,178.47000122070312,2026-09-25,2026-08-31,55.1,74.8,55.6,False,False,False,2026-01-31,2026-01-31,2026-02-28,1,41.6,7.0,8,-0.2593,240.96,2026-07-29,-0.1635,0.37,0.0583,164366204.0,15.0,2011-09-26,DaVita,Health Care,Health Care Services,sp500,True,True,False
GBCI,44.75,2026-09-25,2026-08-31,50.5,54.1,48.7,False,False,False,2023-03-31,2023-11-30,2023-12-31,9,31.8,33.0,3,-0.2589,60.38,2022-01-10,-0.1191,-0.083,-0.0633,53235518.0,15.0,2011-09-26,Glacier Bancorp,Financials,Regional Banks,sp400,True,True,False
O,55.540000915527344,2026-09-25,2026-08-31,51.9,55.9,44.3,False,False,False,2024-02-29,2024-02-29,2024-03-31,1,41.0,30.0,5,-0.2588,74.93,2022-04-20,-0.1048,-0.0711,-0.1026,374970149.0,15.0,2011-09-26,Realty Income,Real Estate,Retail REITs,sp500,True,True,False
CI,272.010009765625,2026-09-25,2026-08-31,47.0,47.6,46.2,False,False,False,2025-10-31,2025-10-31,2025-11-30,1,40.9,10.0,2,-0.2585,366.85,2024-09-16,-0.035,-0.0424,-0.0282,461190077.0,15.0,2011-09-26,Cigna,Health Care,Health Care Services,sp500,True,True,False
VMC,245.0,2026-09-25,2026-08-31,49.7,49.5,44.5,False,False,False,2022-06-30,2022-06-30,2022-07-31,1,41.6,50.0,5,-0.2584,330.37,2026-02-10,-0.2172,-0.1688,-0.1414,291642124.0,15.0,2011-09-26,Vulcan Materials Company,Materials,Construction Materials,sp500,True,True,False
VICR,281.9599914550781,2026-09-25,2026-08-31,55.0,57.3,62.5,False,False,False,2024-04-30,2024-06-30,2024-07-31,3,40.6,26.0,7,-0.2576,379.78,2026-06-30,-0.1497,4.4077,0.3332,200215248.0,15.0,2011-09-26,Vicor Corporation,Industrials,Electrical Components & Equipment,sp400,True,True,False
WMS,133.1300048828125,2026-09-25,2026-08-31,49.3,50.1,48.5,False,False,False,,,,0,,,0,-0.2573,179.24,2024-05-21,-0.1425,-0.0197,-0.0891,99044684.0,12.2,2014-07-25,Advanced Drainage Systems,Industrials,Building Products,sp400,True,True,False
NYT,63.83000183105469,2026-09-25,2026-08-31,54.1,62.2,50.8,False,False,False,2022-06-30,2022-10-31,2022-11-30,5,36.9,46.0,2,-0.2566,85.86,2026-04-07,-0.0691,0.1041,-0.1346,162098347.0,15.0,2011-09-26,New York Times Company,Communication Services,Publishing,sp400,True,True,False
BDC,112.4499969482422,2026-09-25,2026-08-31,51.4,55.8,50.5,False,False,False,2020-02-29,2020-10-31,2020-11-30,9,35.2,70.0,6,-0.2549,150.91,2026-02-12,-0.0731,-0.0967,-0.0594,54218426.0,15.0,2011-09-26,Belden Inc.,Information Technology,Electronic Components,sp400,True,True,False
TXRH,159.75,2026-09-25,2026-08-31,59.1,63.5,46.4,False,False,False,2020-03-31,2020-03-31,2020-04-30,1,37.5,77.0,1,-0.2545,214.28,2026-08-12,-0.1619,-0.02,-0.1117,173201690.0,15.0,2011-09-26,Texas Roadhouse,Consumer Discretionary,Restaurants,sp400,True,True,False
OSK,132.75,2026-09-25,2026-08-31,57.6,54.7,51.2,False,False,False,2023-05-31,2023-05-31,2023-06-30,1,41.0,39.0,6,-0.254,177.94,2026-02-24,-0.1208,0.0413,-0.0962,106547091.0,15.0,2011-09-26,Oshkosh,Industrials,Construction Machinery & Heavy Transportation Equipment,sp400,True,True,False
NBIX,138.39999389648438,2026-09-25,2026-08-31,57.8,65.2,50.2,False,False,False,2022-01-31,2022-01-31,2022-02-28,1,41.2,55.0,1,-0.2539,185.5,2026-07-30,-0.157,-0.0177,-0.0624,200184488.0,15.0,2011-09-26,Neurocrine Biosciences,Health Care,Biotechnology,sp400,True,True,False
TWLO,275.79998779296875,2026-09-25,2026-08-31,73.0,67.6,77.3,False,False,False,2022-02-28,2024-09-30,2024-10-31,32,27.7,23.0,1,-0.253,369.23,2021-10-21,0.4449,1.7218,0.6025,506276228.0,10.3,2016-06-23,Twilio,Information Technology,Systems Software,sp400,True,True,False
EQT,50.810001373291016,2026-09-25,2026-08-31,53.3,52.3,49.2,False,False,False,2020-06-30,2020-06-30,2020-07-31,1,41.6,74.0,6,-0.252,67.93,2026-03-25,-0.0163,-0.0579,-0.0874,377666825.0,15.0,2011-09-26,EQT Corporation,Energy,Oil & Gas Exploration & Production,sp500,True,True,False
OXY,56.86000061035156,2026-09-25,2026-08-31,57.0,54.7,53.9,False,False,False,2025-10-31,2025-12-31,2026-01-31,3,38.5,8.0,11,-0.2515,75.97,2022-11-07,0.1103,0.21,0.0601,488448343.0,15.0,2011-09-26,Occidental Petroleum,Energy,Oil & Gas Exploration & Production,sp500,True,True,False
GAP,21.81999969482422,2026-09-25,2026-08-31,50.3,46.2,49.4,False,False,False,2023-03-31,2023-06-30,2023-07-31,4,37.6,38.0,9,-0.2509,29.13,2026-02-06,0.0791,-0.0162,-0.0756,151618540.0,15.0,2011-09-26,Gap Inc.,Consumer Discretionary,Apparel Retail,sp400,True,True,False
SON,50.060001373291016,2026-09-25,2026-08-31,55.6,57.3,48.9,False,False,False,2025-09-30,2025-12-31,2026-01-31,4,35.8,8.0,6,-0.2507,66.81,2022-04-21,-0.0788,0.1349,-0.0333,61260858.0,15.0,2011-09-26,Sonoco,Materials,Paper & Plastic Packaging Products & Materials,sp400,True,True,False
BA,198.07000732421875,2026-09-25,2026-08-31,50.3,52.6,47.7,False,False,False,2024-09-30,2024-10-31,2024-11-30,2,40.5,22.0,3,-0.2505,264.27,2023-12-15,-0.0919,-0.0724,-0.1041,1259515094.0,15.0,2011-09-26,Boeing,Industrials,Aerospace & Defense,sp500,True,True,False
JBHT,225.4600067138672,2026-09-25,2026-08-31,65.8,67.8,54.4,False,False,False,2025-03-31,2025-09-30,2025-10-31,7,34.8,11.0,4,-0.2445,298.41,2026-07-16,-0.1792,0.7029,-0.0708,275506079.0,15.0,2011-09-26,J.B. Hunt,Industrials,Cargo Ground Transportation,sp500,True,True,False
WPC,66.08999633789062,2026-09-25,2026-08-31,53.3,58.3,48.6,False,False,False,2024-12-31,2024-12-31,2025-01-31,1,40.6,20.0,6,-0.2444,87.46,2022-07-29,-0.099,-0.0194,-0.0695,99409522.0,15.0,2011-09-26,W. P. Carey,Real Estate,Diversified REITs,sp400,True,True,False
ESS,271.6099853515625,2026-09-25,2026-08-31,54.5,54.9,50.6,False,False,False,2023-09-30,2023-11-30,2023-12-31,3,39.7,33.0,4,-0.2441,359.31,2022-04-21,-0.0489,0.0302,0.0133,140546755.0,15.0,2011-09-26,Essex Property Trust,Real Estate,Multi-Family Residential REITs,sp500,True,True,False
WWD,330.3099975585937,2026-09-25,2026-08-31,60.6,64.7,58.8,False,False,False,2022-09-30,2022-09-30,2022-10-31,1,38.3,47.0,3,-0.2432,436.44,2026-06-25,-0.2432,0.354,-0.0894,242611013.0,15.0,2011-09-26,"Woodward, Inc.",Industrials,Electrical Components & Equipment,sp400,True,True,False
OKE,88.62999725341797,2026-09-25,2026-08-31,60.4,57.0,53.9,False,False,False,2025-10-31,2025-10-31,2025-11-30,1,39.2,10.0,3,-0.2428,117.05,2024-11-22,-0.0099,0.2068,0.0257,335725043.0,15.0,2011-09-26,Oneok,Energy,Oil & Gas Storage & Transportation,sp500,True,True,False
HAL,32.7599983215332,2026-09-25,2026-08-31,57.3,51.4,51.3,False,False,False,2024-12-31,2025-08-31,2025-09-30,9,33.6,12.0,7,-0.2427,43.26,2023-10-19,-0.0551,0.3285,-0.0733,379274291.0,15.0,2011-09-26,Halliburton,Energy,Oil & Gas Equipment & Services,sp500,True,True,False
XPO,173.1699981689453,2026-09-25,2026-08-31,63.9,66.8,56.2,False,False,False,2022-09-30,2022-09-30,2022-10-31,1,40.4,47.0,8,-0.2417,228.37,2026-04-20,-0.147,0.3408,-0.0972,195676262.0,15.0,2011-09-26,"XPO, Inc.",Industrials,Cargo Ground Transportation,sp400,True,True,False
TSLA,372.1099853515625,2026-09-25,2026-08-31,51.8,46.3,52.2,False,False,False,2022-12-31,2022-12-31,2023-01-31,1,38.6,44.0,2,-0.2404,489.88,2025-12-16,-0.008,-0.1211,-0.0594,14050258888.0,15.0,2011-09-26,"Tesla, Inc.",Consumer Discretionary,Automobile Manufacturers,sp500,True,True,False
ABNB,157.47000122070312,2026-09-25,2026-08-31,66.9,57.7,56.2,False,False,False,2022-11-30,2022-12-31,2023-01-31,2,38.4,44.0,2,-0.24,207.21,2021-11-15,0.1099,0.2934,0.1034,774244762.0,5.8,2020-12-10,Airbnb,Consumer Discretionary,"Hotels, Resorts & Cruise Lines",sp500,True,True,False
TXT,76.58999633789062,2026-09-25,2026-08-31,47.2,50.9,44.3,False,False,False,2020-02-29,2020-07-31,2020-08-31,6,30.3,73.0,3,-0.24,100.77,2026-02-20,-0.14,-0.0699,-0.1474,142883405.0,15.0,2011-09-26,Textron,Industrials,Aerospace & Defense,sp500,True,True,False
ONTO,287.6400146484375,2026-09-25,2026-08-31,58.0,57.3,59.9,False,False,False,2025-05-31,2025-07-31,2025-08-31,3,38.5,13.0,1,-0.24,378.45,2026-06-30,-0.1644,1.2484,0.151,321664068.0,6.9,2019-10-28,Onto Innovation,Information Technology,Semiconductor Materials & Equipment,sp400,True,True,False
SNDK,1777.800048828125,2026-09-25,2026-08-31,68.1,64.0,70.2,False,False,False,,,,0,,,0,-0.2386,2335.0,2026-06-25,-0.2386,17.8546,0.6046,20871185793.0,1.6,2025-02-13,Sandisk,Information Technology,"Technology Hardware, Storage & Peripherals",sp500,True,False,False
KEY,20.61000061035156,2026-09-25,2026-08-31,58.4,62.2,54.7,False,False,False,2023-03-31,2023-10-31,2023-11-30,8,31.6,34.0,5,-0.2369,27.01,2022-01-14,-0.1196,0.0957,-0.0465,254420888.0,15.0,2011-09-26,KeyCorp,Financials,Regional Banks,sp500,True,True,False
MCHP,78.69000244140625,2026-09-25,2026-08-31,50.0,50.4,52.6,False,False,False,2025-11-30,2025-11-30,2025-12-31,1,40.3,9.0,4,-0.2354,102.92,2026-05-06,-0.1639,0.2136,0.001,778897847.0,15.0,2011-09-26,Microchip Technology,Information Technology,Semiconductors,sp500,True,True,False
STAG,36.790000915527344,2026-09-25,2026-08-31,50.7,53.1,49.5,False,False,False,2022-09-30,2022-09-30,2022-10-31,1,40.1,47.0,4,-0.2329,47.96,2021-12-31,-0.0588,0.0658,-0.0329,62497146.0,15.0,2011-09-26,STAG Industrial,Real Estate,Industrial REITs,sp400,True,True,False
LMT,519.5599975585938,2026-09-25,2026-08-31,54.9,57.3,50.4,False,False,False,2025-07-31,2025-07-31,2025-08-31,1,41.6,13.0,1,-0.2322,676.7,2026-03-02,0.0288,0.0727,-0.0755,624925059.0,15.0,2011-09-26,Lockheed Martin,Industrials,Aerospace & Defense,sp500,True,True,False
TTWO,201.44000244140625,2026-09-25,2026-08-31,52.1,59.0,47.5,False,False,False,2022-08-31,2023-02-28,2023-03-31,7,37.4,42.0,2,-0.232,262.29,2025-10-20,-0.1562,-0.1782,-0.1071,550030054.0,15.0,2011-09-26,Take-Two Interactive,Communication Services,Interactive Home Entertainment,sp500,True,True,False
TEX,57.33000183105469,2026-09-25,2026-08-31,55.7,55.3,51.3,False,False,False,2025-03-31,2025-04-30,2025-05-31,2,39.1,16.0,9,-0.2313,74.58,2026-06-25,-0.2313,0.1323,-0.0768,75323344.0,15.0,2011-09-26,Terex,Industrials,Construction Machinery & Heavy Transportation Equipment,sp400,True,True,False
MDLZ,60.25,2026-09-25,2026-08-31,49.3,49.6,46.9,False,False,False,2025-10-31,2025-12-31,2026-01-31,3,35.1,8.0,3,-0.2311,78.36,2023-05-11,-0.0155,-0.0369,0.0129,518299680.0,15.0,2011-09-26,Mondelez International,Consumer Staples,Packaged Foods & Meats,sp500,True,True,False
PLD,133.0500030517578,2026-09-25,2026-08-31,57.0,59.8,52.9,False,False,False,2023-10-31,2023-10-31,2023-11-30,1,39.9,34.0,1,-0.231,173.01,2022-04-28,-0.0532,0.1752,-0.0352,566464351.0,15.0,2011-09-26,Prologis,Real Estate,Industrial REITs,sp500,True,True,False
CNX,32.790000915527344,2026-09-25,2026-08-31,56.1,55.3,50.1,False,False,False,2020-01-31,2020-03-31,2020-04-30,3,34.7,77.0,8,-0.2305,42.61,2026-03-05,-0.0244,0.0193,-0.1076,59286175.0,15.0,2011-09-26,CNX Resources,Energy,Oil & Gas Exploration & Production,sp400,True,True,False
GMED,74.5199966430664,2026-09-25,2026-08-31,53.9,52.4,49.3,False,False,False,2025-07-31,2025-07-31,2025-08-31,1,40.1,13.0,2,-0.2303,96.82,2026-04-20,-0.1197,0.3525,-0.1228,122547239.0,14.1,2012-08-03,Globus Medical,Health Care,Health Care Equipment,sp400,True,True,False
HQY,88.25,2026-09-25,2026-08-31,54.5,57.1,49.7,False,False,False,2021-12-31,2021-12-31,2022-01-31,1,38.8,56.0,1,-0.2293,114.51,2025-02-12,0.0578,-0.0823,-0.007,80908395.0,12.2,2014-07-31,HealthEquity,Health Care,Managed Health Care,sp400,True,True,False
DOCN,139.75,2026-09-25,2026-08-31,64.4,67.3,70.3,False,False,False,2023-10-31,2023-10-31,2023-11-30,1,41.9,34.0,1,-0.2291,181.29,2026-06-15,-0.0385,2.9781,0.3541,392151940.0,5.5,2021-03-24,DigitalOcean,Information Technology,Internet Services & Infrastructure,sp400,True,True,False
ULTA,545.2000122070312,2026-09-25,2026-08-31,53.6,51.7,54.3,False,False,False,2024-08-31,2024-08-31,2024-09-30,1,41.6,24.0,3,-0.2287,706.82,2026-02-17,0.1229,0.0106,-0.0212,316496315.0,15.0,2011-09-26,Ulta Beauty,Consumer Discretionary,Other Specialty Retail,sp500,True,True,False
CAT,821.5800170898438,2026-09-25,2026-08-31,62.5,63.7,63.5,False,False,False,2015-07-31,2016-02-29,2016-03-31,8,33.9,126.0,2,-0.2285,1064.9,2026-06-30,-0.2227,0.7717,0.0405,2371673612.0,15.0,2011-09-26,Caterpillar Inc.,Industrials,Construction Machinery & Heavy Transportation Equipment,sp500,True,True,False
KNX,63.66999816894531,2026-09-25,2026-08-31,59.8,60.8,55.2,False,False,False,2025-09-30,2025-09-30,2025-10-31,1,39.9,11.0,4,-0.2278,82.45,2026-06-11,-0.1739,0.6271,-0.0173,256788827.0,15.0,2011-09-26,Knight-Swift,Industrials,Cargo Ground Transportation,sp400,True,True,False
TJX,130.05999755859375,2026-09-25,2026-08-31,49.6,68.5,47.3,False,False,False,,,,0,,,0,-0.2277,168.41,2026-06-12,-0.1619,-0.0806,-0.1507,988564201.0,15.0,2011-09-26,TJX Companies,Consumer Discretionary,Apparel Retail,sp500,True,True,False
NOVT,143.92999267578125,2026-09-25,2026-08-31,52.2,51.1,51.4,False,False,False,2025-11-30,2025-11-30,2025-12-31,1,41.1,9.0,2,-0.227,186.2,2024-07-16,-0.1028,0.4005,0.0298,63584234.0,15.0,2011-09-26,Novanta,Information Technology,Electronic Equipment & Instruments,sp400,True,True,False
BMY,62.86000061035156,2026-09-25,2026-08-31,63.2,61.9,57.5,False,False,False,2025-09-30,2025-10-31,2025-11-30,2,40.3,10.0,10,-0.2252,81.13,2022-12-02,0.1349,0.4481,0.063,682065367.0,15.0,2011-09-26,Bristol Myers Squibb,Health Care,Pharmaceuticals,sp500,True,True,False
LUV,42.68000030517578,2026-09-25,2026-08-31,50.9,57.2,54.4,False,False,False,2024-04-30,2024-04-30,2024-05-31,1,41.0,28.0,6,-0.2248,55.06,2021-10-04,-0.1806,0.3367,-0.0183,237021022.0,15.0,2011-09-26,Southwest Airlines,Industrials,Passenger Airlines,sp500,True,True,False
COF,200.1999969482422,2026-09-25,2026-08-31,58.4,56.9,53.2,False,False,False,2022-12-31,2022-12-31,2023-01-31,1,40.2,44.0,7,-0.2239,257.94,2026-01-06,-0.0229,-0.1001,-0.0315,775720276.0,15.0,2011-09-26,Capital One,Financials,Consumer Finance,sp500,True,True,False
BTSG,56.59000015258789,2026-09-25,2026-08-31,72.9,74.7,70.4,False,False,False,,,,0,,,0,-0.2238,72.91,2026-07-24,-0.1881,1.1076,0.0935,211043346.0,2.7,2024-01-26,BrightSpring Health Services,Health Care,Health Care Services,sp400,True,False,False
KR,58.7400016784668,2026-09-25,2026-08-31,45.5,45.7,47.0,False,False,False,2019-05-31,2019-07-31,2019-08-31,3,38.3,85.0,2,-0.223,75.6,2026-03-13,0.0168,-0.1031,-0.0762,414534422.0,15.0,2011-09-26,Kroger,Consumer Staples,Food Retail,sp500,True,True,False
NEE,76.08000183105469,2026-09-25,2026-08-31,51.5,56.0,46.0,False,False,False,2023-08-31,2024-02-29,2024-03-31,7,35.4,30.0,1,-0.2227,97.88,2026-04-30,-0.1325,0.0192,-0.1309,935153409.0,15.0,2011-09-26,NextEra Energy,Utilities,Multi-Utilities,sp500,True,True,False
STE,208.92999267578125,2026-09-25,2026-08-31,51.1,49.7,43.9,False,False,False,2022-09-30,2022-09-30,2022-10-31,1,41.7,47.0,1,-0.2223,268.65,2026-01-16,-0.0079,-0.1444,-0.0888,156262367.0,15.0,2011-09-26,Steris,Health Care,Health Care Equipment,sp500,True,True,False
HXL,85.80000305175781,2026-09-25,2026-08-31,59.7,67.7,55.1,False,False,False,2025-04-30,2025-04-30,2025-05-31,1,37.9,16.0,2,-0.222,110.28,2026-07-24,-0.1082,0.4049,-0.0424,91798000.0,15.0,2011-09-26,Hexcel,Industrials,Aerospace & Defense,sp400,True,True,False
APG,38.459999084472656,2026-09-25,2026-08-31,58.5,59.3,57.0,False,False,False,,,,0,,,0,-0.2215,49.4,2026-04-27,-0.0773,0.1355,-0.0816,122086890.0,6.4,2020-04-29,APi Group,Industrials,Construction & Engineering,sp400,True,True,False
EXPE,264.1700134277344,2026-09-25,2026-08-31,69.1,66.4,57.6,False,False,False,2023-03-31,2023-05-31,2023-06-30,3,41.2,39.0,5,-0.221,339.13,2026-08-24,0.0527,0.2276,0.0147,513625187.0,15.0,2011-09-26,Expedia Group,Consumer Discretionary,"Hotels, Resorts & Cruise Lines",sp500,True,True,False
RBC,506.1000061035156,2026-09-25,2026-08-31,55.9,62.9,57.0,False,False,False,2020-03-31,2020-03-31,2020-04-30,1,40.0,77.0,1,-0.2201,648.89,2026-06-25,-0.2201,0.3338,-0.0761,142223014.0,15.0,2011-09-26,RBC Bearings,Industrials,Industrial Machinery & Supplies & Components,sp400,True,True,False
BYD,71.2300033569336,2026-09-25,2026-08-31,50.0,57.7,44.6,False,False,False,2020-03-31,2020-04-30,2020-05-31,2,34.3,76.0,2,-0.2195,91.26,2026-07-28,-0.198,-0.1569,-0.1501,76943250.0,15.0,2011-09-26,Boyd Gaming,Consumer Discretionary,Casinos & Gaming,sp400,True,True,False
SRE,77.93000030517578,2026-09-25,2026-08-31,46.6,53.0,43.5,False,False,False,2020-03-31,2020-03-31,2020-04-30,1,41.5,77.0,1,-0.2187,99.75,2026-04-09,-0.1659,-0.099,-0.1371,318620096.0,15.0,2011-09-26,Sempra,Utilities,Multi-Utilities,sp500,True,True,False
OGS,71.80000305175781,2026-09-25,2026-08-31,51.8,50.2,44.7,False,False,False,2024-05-31,2024-05-31,2024-06-30,1,41.7,27.0,6,-0.2185,91.88,2022-04-08,-0.0869,-0.074,-0.1164,41972163.0,12.7,2014-01-16,One Gas,Utilities,Gas Utilities,sp400,True,True,False
BJ,93.79000091552734,2026-09-25,2026-08-31,49.6,55.3,52.0,False,False,False,,,,0,,,0,-0.218,119.94,2025-04-14,0.0867,-0.0005,0.0033,159558592.0,8.2,2018-06-28,BJ's Wholesale Club,Consumer Staples,Consumer Staples Merchandise Retail,sp400,True,True,False
CDNS,326.1300048828125,2026-09-25,2026-08-31,56.0,56.3,53.3,False,False,False,,,,0,,,0,-0.2168,416.39,2026-06-02,-0.1143,-0.071,0.0018,773462938.0,15.0,2011-09-26,Cadence Design Systems,Information Technology,Application Software,sp500,True,True,False
HOOD,119.4000015258789,2026-09-25,2026-08-31,59.5,54.2,63.1,False,False,False,2022-09-30,2024-01-31,2024-02-29,17,25.3,31.0,1,-0.2168,152.46,2025-10-09,0.2774,-0.0265,0.2618,2285690686.0,5.2,2021-07-29,Robinhood Markets,Financials,Investment Banking & Brokerage,sp500,True,True,False
CBRE,134.5500030517578,2026-09-25,2026-08-31,54.7,55.2,49.9,False,False,False,2020-03-31,2020-03-31,2020-04-30,1,38.9,77.0,2,-0.216,171.61,2026-01-29,-0.0002,-0.1392,-0.0775,243514463.0,15.0,2011-09-26,CBRE Group,Real Estate,Real Estate Services,sp500,True,True,False
H,158.47999572753906,2026-09-25,2026-08-31,55.4,58.1,52.2,False,False,False,2025-04-30,2025-04-30,2025-05-31,1,41.5,16.0,5,-0.2158,202.09,2026-06-18,-0.1956,0.132,-0.0643,136922987.0,15.0,2011-09-26,Hyatt,Consumer Discretionary,"Hotels, Resorts & Cruise Lines",sp400,True,True,False
PFGC,91.5500030517578,2026-09-25,2026-08-31,55.4,67.1,50.6,False,False,False,2020-07-31,2020-07-31,2020-08-31,1,41.8,73.0,3,-0.2152,116.65,2026-07-29,-0.1465,-0.1112,-0.0553,172861253.0,11.0,2015-09-30,Performance Food Group,Consumer Staples,Food Distributors,sp400,True,True,False
WST,370.4400024414063,2026-09-25,2026-08-31,58.7,58.7,62.8,False,False,False,2026-01-31,2026-01-31,2026-02-28,1,40.2,7.0,3,-0.2141,471.34,2021-12-30,0.0689,0.4557,0.2357,230710824.0,15.0,2011-09-26,West Pharmaceutical Services,Health Care,Health Care Supplies,sp500,True,True,False
DTE,121.44000244140624,2026-09-25,2026-08-31,50.6,54.7,42.8,False,False,False,2023-08-31,2023-10-31,2023-11-30,3,36.8,34.0,2,-0.2136,154.43,2026-06-26,-0.2053,-0.1178,-0.1395,197138998.0,15.0,2011-09-26,DTE Energy,Utilities,Multi-Utilities,sp500,True,True,False
CMS,62.95000076293945,2026-09-25,2026-08-31,46.3,51.3,40.8,False,False,False,2023-09-30,2023-10-31,2023-11-30,2,39.4,34.0,1,-0.2125,79.94,2026-04-09,-0.1835,-0.1131,-0.1377,246728934.0,15.0,2011-09-26,CMS Energy,Utilities,Multi-Utilities,sp500,True,True,False
BCO,106.81999969482422,2026-09-25,2026-08-31,53.4,58.4,52.4,False,False,False,2022-08-31,2022-09-30,2022-10-31,2,36.9,47.0,3,-0.2121,135.58,2026-02-26,0.1223,-0.077,-0.0489,54973864.0,15.0,2011-09-26,Brink's,Industrials,Security & Alarm Services,sp400,True,True,False
UGI,36.5099983215332,2026-09-25,2026-08-31,59.0,54.8,54.4,False,False,False,2024-10-31,2024-10-31,2024-11-30,1,40.7,22.0,6,-0.212,46.33,2022-01-18,0.0384,0.1186,-0.0051,69328322.0,15.0,2011-09-26,UGI Corp,Utilities,Gas Utilities,sp400,True,True,False
CMC,65.7300033569336,2026-09-25,2026-08-31,55.3,56.3,53.9,False,False,False,2019-05-31,2019-05-31,2019-06-30,1,35.5,87.0,6,-0.2101,83.21,2026-02-11,-0.1128,0.1406,-0.0615,77749292.0,15.0,2011-09-26,Commercial Metals,Materials,Steel,sp400,True,True,False
DCI,87.41000366210938,2026-09-25,2026-08-31,58.2,61.4,55.1,False,False,False,2020-03-31,2020-03-31,2020-04-30,1,39.5,77.0,2,-0.2095,110.57,2026-02-11,-0.0191,0.0921,-0.0427,62379338.0,15.0,2011-09-26,Donaldson Company,Industrials,Industrial Machinery & Supplies & Components,sp400,True,True,False
CL,86.05999755859375,2026-09-25,2026-08-31,52.0,53.5,48.3,False,False,False,2025-12-31,2025-12-31,2026-01-31,1,41.7,8.0,6,-0.2088,108.77,2024-09-04,-0.0549,0.0798,-0.0252,423085090.0,15.0,2011-09-26,Colgate-Palmolive,Consumer Staples,Household Products,sp500,True,True,False
SF,70.3499984741211,2026-09-25,2026-08-31,59.2,61.3,50.0,False,False,False,2020-03-31,2020-03-31,2020-04-30,1,40.3,77.0,4,-0.2079,88.81,2026-01-06,-0.0157,-0.0571,-0.1021,93762741.0,15.0,2011-09-26,Stifel,Financials,Investment Banking & Brokerage,sp400,True,True,False
FRT,110.5199966430664,2026-09-25,2026-08-31,57.6,66.6,52.4,False,False,False,2025-07-31,2025-07-31,2025-08-31,1,40.0,13.0,9,-0.207,139.37,2022-01-04,-0.1126,0.1153,-0.0153,98708898.0,15.0,2011-09-26,Federal Realty Investment Trust,Real Estate,Retail REITs,sp500,True,True,False
AGCO,118.0199966430664,2026-09-25,2026-08-31,53.0,46.6,52.9,False,False,False,2025-03-31,2025-04-30,2025-05-31,2,38.7,16.0,5,-0.2061,148.65,2022-03-28,-0.0071,0.0929,0.0154,114166710.0,15.0,2011-09-26,AGCO,Industrials,Agricultural & Farm Machinery,sp400,True,True,False
HWM,232.47999572753903,2026-09-25,2026-08-31,65.3,79.7,61.3,False,False,False,2020-03-31,2020-05-31,2020-06-30,3,38.1,75.0,1,-0.2056,292.65,2026-08-18,-0.1489,0.2245,-0.0612,723028986.0,9.9,2016-11-01,Howmet Aerospace,Industrials,Aerospace & Defense,sp500,True,True,False
SANM,224.7700042724609,2026-09-25,2026-08-31,61.6,59.9,65.5,False,False,False,2018-12-31,2018-12-31,2019-01-31,1,40.4,92.0,3,-0.205,282.72,2026-06-03,-0.1135,0.9867,0.2015,142972431.0,15.0,2011-09-26,Sanmina Corporation,Information Technology,Electronic Manufacturing Services,sp400,True,True,False
SW,46.40999984741211,2026-09-25,2026-08-31,54.5,53.5,53.8,False,False,False,2025-10-31,2025-11-30,2025-12-31,2,39.1,9.0,5,-0.2042,58.32,2022-01-03,-0.0092,0.0977,0.077,224688166.0,15.0,2011-09-26,Smurfit Westrock,Materials,Paper & Plastic Packaging Products & Materials,sp500,True,True,False
BWA,61.31999969482422,2026-09-25,2026-08-31,68.1,67.8,64.1,False,False,False,2025-02-28,2025-04-30,2025-05-31,3,40.0,16.0,10,-0.2039,77.03,2026-06-04,-0.1173,0.4129,0.0388,144582806.0,15.0,2011-09-26,BorgWarner,Consumer Discretionary,Automotive Parts & Equipment,sp400,True,True,False
AXTA,32.88999938964844,2026-09-25,2026-08-31,58.3,57.4,51.2,False,False,False,2025-07-31,2025-07-31,2025-08-31,1,41.8,13.0,7,-0.2034,41.29,2024-11-25,-0.053,0.1835,0.0243,58776214.0,11.9,2014-11-12,Axalta,Materials,Specialty Chemicals,sp400,True,True,False
PB,67.7699966430664,2026-09-25,2026-08-31,52.5,57.4,47.5,False,False,False,2023-08-31,2023-10-31,2023-11-30,3,39.5,34.0,6,-0.2034,85.07,2024-11-25,-0.0765,0.0259,-0.0418,83460976.0,15.0,2011-09-26,Prosperity Bancshares,Financials,Regional Banks,sp400,True,True,False
UTHR,475.4500122070313,2026-09-25,2026-08-31,63.5,64.9,57.3,False,False,False,2019-12-31,2019-12-31,2020-01-31,1,41.8,80.0,2,-0.2033,596.76,2026-05-06,-0.125,0.1176,-0.0934,283871411.0,15.0,2011-09-26,United Therapeutics,Health Care,Biotechnology,sp400,True,True,False
ORLY,86.12000274658203,2026-09-25,2026-08-31,51.0,51.4,49.0,False,False,False,2020-03-31,2020-03-31,2020-04-30,1,40.4,77.0,3,-0.2013,107.82,2025-09-11,-0.009,-0.1765,-0.0554,600279106.0,15.0,2011-09-26,O'Reilly Automotive,Consumer Discretionary,Automotive Retail,sp500,True,True,False
HCA,435.6099853515625,2026-09-25,2026-08-31,52.7,51.3,55.2,False,False,False,2020-03-31,2020-03-31,2020-04-30,1,38.2,77.0,1,-0.2009,545.13,2026-03-09,0.1258,0.0499,-0.026,614128474.0,15.0,2011-09-26,HCA Healthcare,Health Care,Health Care Facilities,sp500,True,True,False
BHF,53.2400016784668,2026-09-25,2026-08-31,45.8,56.5,46.0,False,False,False,2020-01-31,2020-09-30,2020-10-31,9,31.3,71.0,3,-0.2007,66.61,2026-07-13,-0.1511,-0.0309,-0.1299,50416941.0,9.2,2017-07-17,Brighthouse Financial,Financials,Life & Health Insurance,sp400,True,True,False
VMI,466.8299865722656,2026-09-25,2026-08-31,58.3,59.8,57.9,False,False,False,2024-04-30,2024-04-30,2024-05-31,1,41.6,28.0,9,-0.2,583.55,2026-06-25,-0.2,0.2802,-0.0133,94836790.0,15.0,2011-09-26,Valmont Industries,Industrials,Industrial Machinery & Supplies & Components,sp400,True,True,False
ATI,185.47999572753903,2026-09-25,2026-08-31,79.2,76.8,70.5,False,False,False,2020-01-31,2020-10-31,2020-11-30,10,30.7,70.0,6,-0.1998,231.78,2026-08-17,-0.0703,1.3961,0.1241,330646644.0,15.0,2011-09-26,ATI Inc.,Industrials,Aerospace & Defense,sp400,True,True,False
NOV,19.86000061035156,2026-09-25,2026-08-31,61.9,57.4,56.9,False,False,False,2025-04-30,2025-09-30,2025-10-31,6,36.1,11.0,9,-0.1992,24.8,2023-01-26,0.0486,0.4876,0.0281,65969591.0,15.0,2011-09-26,NOV Inc.,Energy,Oil & Gas Equipment & Services,sp400,True,True,False
FLS,73.81999969482422,2026-09-25,2026-08-31,64.1,62.1,58.4,False,False,False,2022-09-30,2022-09-30,2022-10-31,1,38.4,47.0,9,-0.198,92.04,2026-02-25,-0.0156,0.3757,-0.033,129069764.0,15.0,2011-09-26,Flowserve,Industrials,Industrial Machinery & Supplies & Components,sp400,True,True,False
EXC,40.34000015258789,2026-09-25,2026-08-31,49.4,54.3,42.8,False,False,False,2024-06-30,2024-06-30,2024-07-31,1,41.1,26.0,7,-0.1979,50.29,2026-03-16,-0.1371,-0.0786,-0.1176,350512162.0,15.0,2011-09-26,Exelon,Utilities,Electric Utilities,sp500,True,True,False
AXP,308.8900146484375,2026-09-25,2026-08-31,57.6,59.3,51.8,False,False,False,2020-03-31,2020-04-30,2020-05-31,2,37.1,76.0,3,-0.1975,384.89,2025-12-11,-0.098,-0.092,-0.0754,957037762.0,15.0,2011-09-26,American Express,Financials,Consumer Finance,sp500,True,True,False
FIX,1658.9100341796875,2026-09-25,2026-08-31,67.2,75.7,69.5,False,False,False,2020-03-31,2020-04-30,2020-05-31,2,38.5,76.0,1,-0.1972,2066.51,2026-06-22,-0.1778,1.1217,0.078,721247335.0,15.0,2011-09-26,Comfort Systems USA,Industrials,Construction & Engineering,sp500,True,True,False
NI,39.41999816894531,2026-09-25,2026-08-31,50.5,59.0,47.4,False,False,False,2021-01-31,2021-02-28,2021-03-31,2,39.3,66.0,3,-0.1968,49.08,2026-06-26,-0.1755,-0.0574,-0.1221,237469528.0,15.0,2011-09-26,NiSource,Utilities,Multi-Utilities,sp500,True,True,False
MAS,68.8499984741211,2026-09-25,2026-08-31,52.3,51.8,49.9,False,False,False,2018-10-31,2018-12-31,2019-01-31,3,37.7,92.0,1,-0.1967,85.71,2024-10-18,-0.1364,-0.0231,-0.0166,179354980.0,15.0,2011-09-26,Masco,Industrials,Building Products,sp500,True,True,False
PHM,119.8499984741211,2026-09-25,2026-08-31,54.3,54.4,51.4,False,False,False,2020-03-31,2020-03-31,2020-04-30,1,38.2,77.0,1,-0.1959,149.04,2024-10-18,-0.1175,-0.0691,-0.0405,200125123.0,15.0,2011-09-26,PulteGroup,Consumer Discretionary,Homebuilding,sp500,True,True,False
CVS,89.12999725341797,2026-09-25,2026-08-31,59.5,67.8,56.1,False,False,False,2024-04-30,2024-12-31,2025-01-31,9,32.8,20.0,12,-0.1958,110.83,2022-02-08,-0.1484,0.1946,0.0185,743848353.0,15.0,2011-09-26,CVS Health,Health Care,Health Care Services,sp500,True,True,False
PPL,32.029998779296875,2026-09-25,2026-08-31,48.8,52.0,43.3,False,False,False,2023-09-30,2023-09-30,2023-10-31,1,39.6,35.0,6,-0.1954,39.81,2026-04-09,-0.1343,-0.1142,-0.1136,262702623.0,15.0,2011-09-26,PPL Corporation,Utilities,Electric Utilities,sp500,True,True,False
WMT,107.9800033569336,2026-09-25,2026-08-31,53.8,59.1,55.9,False,False,False,2015-08-31,2015-12-31,2016-01-31,5,30.8,128.0,1,-0.1954,134.2,2026-05-19,-0.0674,0.0478,-0.0893,2638791405.0,15.0,2011-09-26,Walmart,Consumer Staples,Consumer Staples Merchandise Retail,sp500,True,True,False
PCAR,111.30999755859376,2026-09-25,2026-08-31,59.3,65.3,51.6,False,False,False,2018-10-31,2018-10-31,2018-11-30,1,40.6,94.0,3,-0.1946,138.21,2026-07-28,-0.0852,0.1647,-0.0784,414822800.0,15.0,2011-09-26,Paccar,Industrials,Construction Machinery & Heavy Transportation Equipment,sp500,True,True,False
LNTH,99.73999786376952,2026-09-25,2026-08-31,59.8,59.2,59.0,False,False,False,2025-08-31,2025-11-30,2025-12-31,4,37.8,9.0,3,-0.1932,123.62,2024-07-11,-0.085,0.9378,0.1442,135321772.0,11.3,2015-06-25,Lantheus Holdings,Health Care,Health Care Supplies,sp400,True,True,False
EME,762.2100219726562,2026-09-25,2026-08-31,62.1,69.5,63.9,False,False,False,2020-03-31,2020-05-31,2020-06-30,3,37.1,75.0,2,-0.1924,943.75,2026-05-06,-0.1164,0.2195,-0.0091,314493764.0,15.0,2011-09-26,Emcor,Industrials,Construction & Engineering,sp500,True,True,False
TKR,117.4499969482422,2026-09-25,2026-08-31,61.4,72.3,59.7,False,False,False,2025-04-30,2025-04-30,2025-05-31,1,40.3,16.0,5,-0.1918,145.32,2026-06-30,-0.1844,0.5829,0.0319,118956290.0,15.0,2011-09-26,Timken,Industrials,Industrial Machinery & Supplies & Components,sp400,True,True,False
TNL,63.65999984741211,2026-09-25,2026-08-31,57.4,65.9,52.3,False,False,False,2023-10-31,2023-10-31,2023-11-30,1,39.7,34.0,10,-0.1915,78.74,2026-04-14,-0.165,0.0674,-0.1073,52526102.0,15.0,2011-09-26,Travel + Leisure Co.,Consumer Discretionary,"Hotels, Resorts & Cruise Lines",sp400,True,True,False
MPWR,1367.4300537109375,2026-09-25,2026-08-31,60.1,67.6,62.9,False,False,False,,,,0,,,0,-0.1908,1689.89,2026-06-03,-0.0493,0.534,0.0741,1070493315.0,15.0,2011-09-26,Monolithic Power Systems,Information Technology,Semiconductors,sp500,True,True,False
DTM,122.27999877929688,2026-09-25,2026-08-31,61.4,66.7,55.5,False,False,False,,,,0,,,0,-0.1908,151.12,2026-05-22,-0.1834,0.1001,-0.0898,119942400.0,5.2,2021-07-01,DT Midstream,Energy,Oil & Gas Storage & Transportation,sp400,True,True,False
ORI,37.7400016784668,2026-09-25,2026-08-31,55.8,58.4,49.2,False,False,False,2020-02-29,2020-10-31,2020-11-30,9,28.0,70.0,1,-0.1905,46.62,2025-12-24,-0.0567,-0.0842,-0.0839,54993885.0,15.0,2011-09-26,Old Republic International,Financials,Property & Casualty Insurance,sp400,True,True,False
RRC,38.61000061035156,2026-09-25,2026-08-31,55.9,54.5,51.9,False,False,False,2016-10-31,2020-07-31,2020-08-31,46,24.3,73.0,3,-0.1897,47.65,2026-03-27,0.0633,0.0346,-0.0185,107733570.0,15.0,2011-09-26,Range Resources,Energy,Oil & Gas Exploration & Production,sp400,True,True,False
SBUX,94.86000061035156,2026-09-25,2026-08-31,57.0,56.5,49.8,False,False,False,2024-05-31,2024-07-31,2024-08-31,3,38.2,25.0,3,-0.189,116.97,2021-12-31,-0.0805,0.1316,-0.0369,714676047.0,15.0,2011-09-26,Starbucks,Consumer Discretionary,Restaurants,sp500,True,True,False
SR,77.20999908447266,2026-09-25,2026-08-31,54.0,51.9,48.7,False,False,False,2024-01-31,2024-01-31,2024-02-29,1,40.0,31.0,6,-0.1889,95.19,2026-04-09,-0.0262,-0.0201,-0.0898,41380665.0,15.0,2011-09-26,Spire,Utilities,Gas Utilities,sp400,True,True,False
HBAN,15.640000343322754,2026-09-25,2026-08-31,52.8,54.4,48.4,False,False,False,2023-09-30,2023-10-31,2023-11-30,2,38.1,34.0,5,-0.1884,19.27,2026-02-06,-0.1263,-0.097,-0.0789,430699189.0,15.0,2011-09-26,Huntington Bancshares,Financials,Regional Banks,sp500,True,True,False
ENSG,175.17999267578125,2026-09-25,2026-08-31,54.6,56.9,55.6,False,False,False,,,,0,,,0,-0.1883,215.83,2026-03-02,0.057,0.0307,-0.0366,71102936.0,15.0,2011-09-26,Ensign Group,Health Care,Health Care Facilities,sp400,True,True,False
GS,935.4500122070312,2026-09-25,2026-08-31,76.4,76.1,64.6,False,False,False,2020-03-31,2020-03-31,2020-04-30,1,36.8,77.0,5,-0.188,1152.07,2026-07-15,-0.1217,0.177,-0.0249,2044519265.0,15.0,2011-09-26,Goldman Sachs,Financials,Investment Banking & Brokerage,sp500,True,True,False
TKO,182.6699981689453,2026-09-25,2026-08-31,54.5,54.3,54.5,False,False,False,2020-09-30,2020-10-31,2020-11-30,2,38.4,70.0,3,-0.188,224.96,2026-03-02,-0.1037,-0.067,-0.0738,224116957.0,15.0,2011-09-26,TKO Group Holdings,Communication Services,Movies & Entertainment,sp500,True,True,False
CART,43.18999862670898,2026-09-25,2026-08-31,61.0,55.9,52.8,False,False,False,,,,0,,,0,-0.1874,53.15,2025-02-19,-0.0771,0.0184,0.0132,197431258.0,3.0,2023-09-19,Maplebear Inc.,Consumer Staples,Food Retail,sp400,True,False,False
PG,146.22999572753906,2026-09-25,2026-08-31,45.0,44.6,45.8,False,False,False,2025-12-31,2025-12-31,2026-01-31,1,40.9,8.0,4,-0.1863,179.7,2024-12-02,-0.0153,-0.0389,-0.0088,1269201886.0,15.0,2011-09-26,Procter & Gamble,Consumer Staples,Personal Care Products,sp500,True,True,False
LNT,63.59999847412109,2026-09-25,2026-08-31,53.7,58.0,47.7,False,False,False,2024-02-29,2024-02-29,2024-03-31,1,41.3,30.0,2,-0.1849,78.03,2026-07-02,-0.1652,-0.0245,-0.0957,167811831.0,15.0,2011-09-26,Alliant Energy,Utilities,Electric Utilities,sp500,True,True,False
GEV,957.6300048828124,2026-09-25,2026-08-31,63.3,68.9,65.3,False,False,False,,,,0,,,0,-0.1849,1174.86,2026-06-30,-0.1178,0.5763,0.052,2435897700.0,2.5,2024-03-27,GE Vernova,Industrials,Heavy Electrical Equipment,sp500,True,False,False
IESC,324.1300048828125,2026-09-25,2026-08-31,66.3,84.1,68.5,False,False,False,2022-08-31,2022-09-30,2022-10-31,2,38.4,47.0,2,-0.1835,396.98,2026-08-17,-0.1543,0.7059,0.1259,130873501.0,15.0,2011-09-26,IES Holdings,Industrials,Construction & Engineering,sp400,True,True,False
MSCI,551.3599853515625,2026-09-25,2026-08-31,50.6,50.8,48.0,False,False,False,,,,0,,,0,-0.1834,675.15,2021-11-16,0.0125,-0.0236,-0.0376,362062938.0,15.0,2011-09-26,MSCI,Financials,Financial Exchanges & Data,sp500,True,True,False
HON,212.5500030517578,2026-09-25,2026-08-31,48.2,56.6,48.0,False,False,False,2022-09-30,2022-09-30,2022-10-31,1,41.1,47.0,3,-0.1829,260.14,2026-03-02,-0.1236,0.0353,-0.0767,778666577.0,15.0,2011-09-26,Honeywell Technologies,Industrials,Industrial Conglomerates,sp500,True,True,False
ATO,157.2100067138672,2026-09-25,2026-08-31,54.4,59.0,48.9,False,False,False,2021-01-31,2021-02-28,2021-03-31,2,37.5,66.0,1,-0.1824,192.29,2026-04-09,-0.0948,-0.0556,-0.1004,177212800.0,15.0,2011-09-26,Atmos Energy,Utilities,Gas Utilities,sp500,True,True,False
CNP,36.84000015258789,2026-09-25,2026-08-31,54.7,61.8,48.0,False,False,False,2021-02-28,2021-02-28,2021-03-31,1,41.1,66.0,4,-0.1821,45.04,2026-06-26,-0.1669,-0.0384,-0.1101,263175626.0,15.0,2011-09-26,CenterPoint Energy,Utilities,Multi-Utilities,sp500,True,True,False
TOL,137.33999633789062,2026-09-25,2026-08-31,54.7,55.6,52.4,False,False,False,2020-03-31,2020-04-30,2020-05-31,2,30.3,76.0,6,-0.1815,167.8,2024-11-25,-0.1526,0.0173,-0.0491,139330640.0,15.0,2011-09-26,Toll Brothers,Consumer Discretionary,Homebuilding,sp400,True,True,False
COR,306.9200134277344,2026-09-25,2026-08-31,57.4,55.3,53.7,False,False,False,2018-12-31,2018-12-31,2019-01-31,1,42.0,92.0,3,-0.181,374.75,2025-11-25,0.0696,0.0271,-0.0383,429371203.0,15.0,2011-09-26,Cencora,Health Care,Health Care Distributors,sp500,True,True,False
JLL,321.9100036621094,2026-09-25,2026-08-31,64.5,63.2,55.5,False,False,False,2023-10-31,2023-10-31,2023-11-30,1,39.4,34.0,7,-0.1805,392.79,2026-08-25,0.0598,0.0704,-0.0191,120735750.0,15.0,2011-09-26,Jones Lang LaSalle,Real Estate,Real Estate Services,sp400,True,True,False
NFG,78.98999786376953,2026-09-25,2026-08-31,55.8,55.2,51.7,False,False,False,2023-10-31,2024-02-29,2024-03-31,5,36.6,30.0,6,-0.1798,96.3,2026-03-13,0.0324,-0.1466,-0.0555,54618791.0,15.0,2011-09-26,National Fuel Gas,Utilities,Gas Utilities,sp400,True,True,False
CSCO,106.6999969482422,2026-09-25,2026-08-31,75.6,82.5,71.2,False,False,False,2022-09-30,2022-09-30,2022-10-31,1,39.0,47.0,4,-0.1792,130.0,2026-06-04,-0.1031,0.5726,0.1002,2315580010.0,15.0,2011-09-26,Cisco,Information Technology,Communications Equipment,sp500,True,True,False
GGG,77.86000061035156,2026-09-25,2026-08-31,45.3,47.2,45.8,False,False,False,,,,0,,,0,-0.1789,94.82,2026-03-02,0.0253,-0.0735,-0.05,140308134.0,15.0,2011-09-26,Graco Inc.,Industrials,Industrial Machinery & Supplies & Components,sp400,True,True,False
JBL,316.739990234375,2026-09-25,2026-08-31,64.1,66.4,65.6,False,False,False,2016-04-30,2016-04-30,2016-05-31,1,41.9,124.0,1,-0.1786,385.63,2026-06-15,-0.1545,0.5069,0.0569,352824038.0,15.0,2011-09-26,Jabil,Information Technology,Electronic Manufacturing Services,sp500,True,True,False
MUSA,511.5400085449219,2026-09-25,2026-08-31,55.4,65.3,55.1,False,False,False,,,,0,,,0,-0.1786,622.78,2026-07-20,-0.0233,0.3245,0.0185,157759162.0,13.1,2013-08-19,Murphy USA,Consumer Discretionary,Automotive Retail,sp400,True,True,False
FAF,66.2699966430664,2026-09-25,2026-08-31,58.0,59.1,51.0,False,False,False,2022-09-30,2022-09-30,2022-10-31,1,38.2,47.0,3,-0.1782,80.64,2022-01-13,0.0131,0.0314,-0.0148,56877791.0,15.0,2011-09-26,First American Financial Corporation,Financials,Property & Casualty Insurance,sp400,True,True,False
SSD,176.5500030517578,2026-09-25,2026-08-31,52.4,53.9,50.5,False,False,False,2022-09-30,2022-09-30,2022-10-31,1,39.3,47.0,1,-0.1782,214.83,2024-03-07,-0.1578,0.0213,-0.0428,54084200.0,15.0,2011-09-26,Simpson Manufacturing,Industrials,Building Products,sp400,True,True,False
RSG,212.1000061035156,2026-09-25,2026-08-31,54.7,50.7,50.9,False,False,False,,,,0,,,0,-0.1781,258.07,2025-06-02,-0.0066,-0.0651,-0.0144,318471279.0,15.0,2011-09-26,Republic Services,Industrials,Environmental & Facilities Services,sp500,True,True,False
DOV,191.8800048828125,2026-09-25,2026-08-31,50.8,54.3,50.0,False,False,False,2016-01-31,2016-01-31,2016-02-29,1,40.3,127.0,2,-0.1776,233.31,2026-02-20,-0.1684,0.1588,-0.0874,243605907.0,15.0,2011-09-26,Dover Corporation,Industrials,Industrial Machinery & Supplies & Components,sp500,True,True,False
POR,46.84999847412109,2026-09-25,2026-08-31,52.5,53.4,48.5,False,False,False,2025-06-30,2025-06-30,2025-07-31,1,41.7,14.0,5,-0.1776,56.97,2022-04-06,-0.0921,0.0974,-0.0721,55138227.0,15.0,2011-09-26,Portland General Electric,Utilities,Electric Utilities,sp400,True,True,False
SHW,329.1000061035156,2026-09-25,2026-08-31,51.4,51.8,49.2,False,False,False,2022-09-30,2022-09-30,2022-10-31,1,41.7,47.0,1,-0.1767,399.71,2024-11-25,-0.0294,-0.0323,-0.0125,639807365.0,15.0,2011-09-26,Sherwin-Williams,Materials,Specialty Chemicals,sp500,True,True,False
CF,114.66999816894533,2026-09-25,2026-08-31,65.8,64.2,57.2,False,False,False,2020-09-30,2020-10-31,2020-11-30,2,37.5,70.0,4,-0.1766,139.27,2026-09-02,0.087,0.2782,0.0279,310741119.0,15.0,2011-09-26,CF Industries,Materials,Fertilizers & Agricultural Chemicals,sp500,True,True,False
TER,398.3800048828125,2026-09-25,2026-08-31,63.9,66.4,67.4,False,False,False,2025-03-31,2025-05-31,2025-06-30,3,38.5,15.0,2,-0.1766,483.84,2026-06-30,-0.1559,1.9983,0.2083,1175263206.0,15.0,2011-09-26,Teradyne,Information Technology,Semiconductor Materials & Equipment,sp500,True,True,False
ADC,67.4800033569336,2026-09-25,2026-08-31,49.1,56.9,43.6,False,False,False,2024-02-29,2024-04-30,2024-05-31,3,38.1,28.0,2,-0.1763,81.92,2026-03-03,-0.1119,-0.0439,-0.1026,103829751.0,15.0,2011-09-26,Agree Realty,Real Estate,Retail REITs,sp400,True,True,False
ACGL,94.66000366210938,2026-09-25,2026-08-31,55.4,57.9,52.1,False,False,False,2020-03-31,2020-05-31,2020-06-30,3,33.2,75.0,2,-0.1759,114.86,2024-10-04,0.0035,0.0568,-0.0176,251119556.0,15.0,2011-09-26,Arch Capital Group,Financials,Property & Casualty Insurance,sp500,True,True,False
YUM,138.6300048828125,2026-09-25,2026-08-31,53.0,53.0,45.7,False,False,False,2020-03-31,2020-03-31,2020-04-30,1,33.3,77.0,1,-0.1756,168.16,2026-02-27,-0.0828,-0.0783,-0.1013,384202315.0,15.0,2011-09-26,Yum! Brands,Consumer Discretionary,Restaurants,sp500,True,True,False
BDX,183.82000732421875,2026-09-25,2026-08-31,58.8,50.7,56.9,False,False,False,2025-04-30,2025-10-31,2025-11-30,7,31.2,10.0,2,-0.1755,222.95,2023-07-27,0.2143,0.2948,0.1355,313996783.0,15.0,2011-09-26,Becton Dickinson,Health Care,Health Care Equipment,sp500,True,True,False
SYF,72.94000244140625,2026-09-25,2026-08-31,60.5,59.6,56.2,False,False,False,2023-10-31,2023-10-31,2023-11-30,1,42.0,34.0,5,-0.1755,88.47,2026-01-06,-0.0711,-0.018,-0.0271,260043128.0,12.2,2014-07-31,Synchrony Financial,Financials,Consumer Finance,sp500,True,True,False
LSCC,128.0500030517578,2026-09-25,2026-08-31,60.4,64.4,63.8,False,False,False,2025-05-31,2025-05-31,2025-06-30,1,41.3,15.0,5,-0.1753,155.27,2026-06-22,-0.112,0.777,0.1518,217774526.0,15.0,2011-09-26,Lattice Semiconductor,Information Technology,Semiconductors,sp400,True,True,False
ENTG,151.88999938964844,2026-09-25,2026-08-31,55.2,51.7,58.5,False,False,False,2025-11-30,2025-11-30,2025-12-31,1,40.6,9.0,4,-0.1745,184.0,2026-06-22,-0.1384,0.6521,0.1635,361740653.0,15.0,2011-09-26,Entegris,Information Technology,Semiconductor Materials & Equipment,sp400,True,True,False
ADM,81.12000274658203,2026-09-25,2026-08-31,67.0,65.5,66.7,False,False,False,2024-10-31,2025-05-31,2025-06-30,8,34.4,15.0,7,-0.1741,98.22,2022-04-20,0.0598,0.3283,0.0978,301766794.0,15.0,2011-09-26,Archer Daniels Midland,Consumer Staples,Agricultural Products & Services,sp500,True,True,False
STLD,233.66000366210935,2026-09-25,2026-08-31,65.1,71.3,65.3,False,False,False,2020-02-29,2020-04-30,2020-05-31,3,36.9,76.0,4,-0.1736,282.76,2026-06-12,-0.0691,0.717,0.0845,274972875.0,15.0,2011-09-26,Steel Dynamics,Materials,Steel,sp500,True,True,False
PWR,649.1300048828125,2026-09-25,2026-08-31,64.2,71.9,66.9,False,False,False,2015-08-31,2016-02-29,2016-03-31,7,30.2,126.0,2,-0.1733,785.24,2026-05-06,-0.0967,0.6212,0.0809,677051134.0,15.0,2011-09-26,Quanta Services,Industrials,Construction & Engineering,sp500,True,True,False
LIVN,76.62999725341797,2026-09-25,2026-08-31,64.4,64.7,61.3,False,False,False,2025-02-28,2025-04-30,2025-05-31,3,36.2,16.0,8,-0.1732,92.68,2021-11-09,-0.0545,0.4658,0.0789,51791645.0,10.9,2015-10-19,LivaNova,Health Care,Health Care Equipment,sp400,True,True,False
ALL,227.6000061035156,2026-09-25,2026-08-31,67.3,70.0,56.3,False,False,False,,,,0,,,0,-0.1727,275.11,2026-08-06,-0.0173,0.0847,0.0149,454312072.0,15.0,2011-09-26,Allstate,Financials,Property & Casualty Insurance,sp500,True,True,False
MRVL,261.94000244140625,2026-09-25,2026-08-31,63.1,60.6,67.8,False,False,False,2015-07-31,2016-06-30,2016-07-31,12,27.9,122.0,2,-0.1722,316.43,2026-06-04,-0.0687,2.1254,0.6118,5305114637.0,15.0,2011-09-26,Marvell Technology,Information Technology,Semiconductors,sp500,True,True,False
FOXA,63.06999969482422,2026-09-25,2026-08-31,60.2,53.4,56.1,False,False,False,2023-11-30,2023-11-30,2023-12-31,1,41.7,33.0,3,-0.1713,76.11,2026-01-06,0.2908,0.0472,-0.0048,333469363.0,7.5,2019-03-12,Fox Corporation (Class A),Communication Services,Broadcasting,sp500,True,True,False
BG,109.0,2026-09-25,2026-08-31,59.0,53.8,54.2,False,False,False,2024-12-31,2025-05-31,2025-06-30,6,37.0,15.0,10,-0.1705,131.41,2026-06-03,-0.0229,0.373,-0.0585,182282103.0,15.0,2011-09-26,Bunge Global,Consumer Staples,Agricultural Products & Services,sp500,True,True,False
RGLD,252.4900054931641,2026-09-25,2026-08-31,62.3,52.0,60.3,False,False,False,2015-07-31,2016-01-31,2016-02-29,7,31.7,127.0,2,-0.1702,304.29,2026-03-02,0.2339,0.3075,0.0493,159482562.0,15.0,2011-09-26,Royal Gold,Materials,Gold,sp400,True,True,False
SLB,51.540000915527344,2026-09-25,2026-08-31,64.5,55.8,55.0,False,False,False,2025-09-30,2025-09-30,2025-10-31,1,40.5,11.0,8,-0.17,62.1,2023-09-12,0.0869,0.49,0.0259,640698439.0,15.0,2011-09-26,Schlumberger,Energy,Oil & Gas Equipment & Services,sp500,True,True,False
BKR,57.83000183105469,2026-09-25,2026-08-31,61.8,59.8,56.2,False,False,False,2020-01-31,2020-10-31,2020-11-30,10,30.2,70.0,5,-0.1699,69.67,2026-04-30,0.0156,0.1543,-0.0222,499279823.0,15.0,2011-09-26,Baker Hughes,Energy,Oil & Gas Equipment & Services,sp500,True,True,False
KRG,24.780000686645508,2026-09-25,2026-08-31,54.7,66.6,51.2,False,False,False,2020-03-31,2020-10-31,2020-11-30,8,31.4,70.0,6,-0.1693,29.83,2026-07-21,-0.1458,0.1264,-0.0471,67920904.0,15.0,2011-09-26,Kite Realty Group Trust,Real Estate,Retail REITs,sp400,True,True,False
SO,82.87999725341797,2026-09-25,2026-08-31,48.9,57.6,43.4,False,False,False,2018-01-31,2018-02-28,2018-03-31,2,37.8,102.0,1,-0.1689,99.72,2025-10-15,-0.1359,-0.1154,-0.1012,500126994.0,15.0,2011-09-26,Southern Company,Utilities,Electric Utilities,sp500,True,True,False
HAS,88.08999633789062,2026-09-25,2026-08-31,61.2,61.1,56.0,False,False,False,2023-10-31,2024-02-29,2024-03-31,5,31.8,30.0,3,-0.1685,105.94,2026-02-11,0.0378,0.1815,-0.0232,168234847.0,15.0,2011-09-26,Hasbro,Consumer Discretionary,Leisure Products,sp500,True,True,False
APA,42.7400016784668,2026-09-25,2026-08-31,64.7,59.6,64.1,False,False,False,2024-09-30,2025-07-31,2025-08-31,11,30.0,13.0,10,-0.1683,51.39,2022-06-07,0.2789,0.756,0.2239,220713954.0,15.0,2011-09-26,APA Corporation,Energy,Oil & Gas Exploration & Production,sp500,True,True,False
XEL,69.80000305175781,2026-09-25,2026-08-31,52.2,55.4,45.5,False,False,False,2024-02-29,2024-06-30,2024-07-31,5,35.7,26.0,2,-0.1682,83.91,2026-02-24,-0.1462,-0.0964,-0.1073,406975746.0,15.0,2011-09-26,Xcel Energy,Utilities,Multi-Utilities,sp500,True,True,False
FERG,222.7400054931641,2026-09-25,2026-08-31,51.6,53.9,51.2,False,False,False,2020-03-31,2020-03-31,2020-04-30,1,38.7,77.0,3,-0.168,267.71,2026-04-30,-0.0748,-0.0117,-0.0637,554162757.0,15.0,2011-09-26,Ferguson Enterprises,Industrials,Trading Companies & Distributors,sp500,True,True,False
NNN,41.29999923706055,2026-09-25,2026-08-31,53.9,59.2,46.4,False,False,False,2023-08-31,2023-10-31,2023-11-30,3,35.7,34.0,3,-0.1672,49.59,2026-07-17,-0.1093,-0.0171,-0.0652,70104513.0,15.0,2011-09-26,NNN Reit,Real Estate,Retail REITs,sp400,True,True,False
CCK,108.05999755859376,2026-09-25,2026-08-31,62.0,63.3,55.3,False,False,False,2022-09-30,2022-10-31,2022-11-30,2,36.8,46.0,5,-0.1667,129.67,2022-03-25,-0.0177,0.1384,0.0082,113331523.0,15.0,2011-09-26,Crown Holdings,Materials,Paper & Plastic Packaging Products & Materials,sp400,True,True,False
APD,281.760009765625,2026-09-25,2026-08-31,56.6,53.4,49.7,False,False,False,2025-10-31,2025-10-31,2025-11-30,1,41.5,10.0,3,-0.1666,338.07,2025-02-03,0.0065,0.0601,-0.0105,346546943.0,15.0,2011-09-26,Air Products,Materials,Industrial Gases,sp500,True,True,False
FE,43.29999923706055,2026-09-25,2026-08-31,52.8,58.7,47.4,False,False,False,2023-09-30,2023-09-30,2023-10-31,1,40.1,35.0,10,-0.1659,51.91,2026-04-09,-0.0981,-0.0212,-0.0876,196831127.0,15.0,2011-09-26,FirstEnergy,Utilities,Electric Utilities,sp500,True,True,False
FOX,56.540000915527344,2026-09-25,2026-08-31,59.7,52.5,55.7,False,False,False,2023-11-30,2023-12-31,2024-01-31,2,41.5,32.0,4,-0.1656,67.76,2026-01-05,0.2737,0.0382,-0.0063,70357243.0,7.5,2019-03-13,Fox Corporation (Class B),Communication Services,Broadcasting,sp500,True,True,False
ETR,98.56999969482422,2026-09-25,2026-08-31,63.1,64.4,55.6,False,False,False,2023-09-30,2023-09-30,2023-10-31,1,41.4,35.0,2,-0.164,117.91,2026-04-30,-0.1457,0.0912,-0.0709,287640045.0,15.0,2011-09-26,Entergy,Utilities,Electric Utilities,sp500,True,True,False
TTC,97.1500015258789,2026-09-25,2026-08-31,57.0,53.5,56.5,False,False,False,2025-11-30,2025-11-30,2025-12-31,1,40.7,9.0,8,-0.1639,116.19,2023-01-13,0.001,0.2837,0.0461,69061315.0,15.0,2011-09-26,Toro,Industrials,Agricultural & Farm Machinery,sp400,True,True,False
HUBB,466.6199951171875,2026-09-25,2026-08-31,52.9,55.6,54.6,False,False,False,2018-04-30,2018-04-30,2018-05-31,1,41.4,100.0,3,-0.1635,557.85,2026-04-23,-0.1295,0.1098,-0.0426,251080602.0,15.0,2011-09-26,Hubbell Incorporated,Industrials,Industrial Machinery & Supplies & Components,sp500,True,True,False
TXN,278.07000732421875,2026-09-25,2026-08-31,58.9,62.3,61.5,False,False,False,2025-04-30,2025-04-30,2025-05-31,1,41.8,16.0,2,-0.1631,332.28,2026-06-22,-0.1082,0.5275,0.1293,1928391899.0,15.0,2011-09-26,Texas Instruments,Information Technology,Semiconductors,sp500,True,True,False
IRM,111.37999725341795,2026-09-25,2026-08-31,57.6,61.9,55.2,False,False,False,2020-10-31,2020-10-31,2020-11-30,1,40.7,70.0,7,-0.1629,133.06,2026-06-23,-0.1502,0.105,-0.002,216108694.0,15.0,2011-09-26,Iron Mountain,Real Estate,Other Specialized REITs,sp500,True,True,False
ALSN,113.86000061035156,2026-09-25,2026-08-31,62.0,57.9,55.7,False,False,False,2021-10-31,2021-11-30,2021-12-31,2,39.4,57.0,4,-0.1628,136.0,2026-04-23,-0.0856,0.3343,-0.0278,127427162.0,14.5,2012-03-15,Allison Transmission,Industrials,Construction Machinery & Heavy Transportation Equipment,sp400,True,True,False
UAL,113.98999786376952,2026-09-25,2026-08-31,55.9,61.6,57.8,False,False,False,2023-10-31,2023-10-31,2023-11-30,1,41.3,34.0,5,-0.1625,136.11,2026-06-26,-0.1532,0.1497,0.0457,457163911.0,15.0,2011-09-26,United Airlines Holdings,Industrials,Passenger Airlines,sp500,True,True,False
STX,916.8300170898438,2026-09-25,2026-08-31,80.0,83.0,82.2,False,False,False,2022-09-30,2022-12-31,2023-01-31,4,36.6,44.0,2,-0.162,1094.04,2026-06-22,-0.1058,3.1703,0.4432,3859999819.0,15.0,2011-09-26,Seagate Technology,Information Technology,"Technology Hardware, Storage & Peripherals",sp500,True,True,False
PNW,91.73999786376952,2026-09-25,2026-08-31,55.6,59.6,49.2,False,False,False,2024-02-29,2024-02-29,2024-03-31,1,42.0,30.0,6,-0.1612,109.37,2026-07-02,-0.1449,0.0658,-0.0724,112788339.0,15.0,2011-09-26,Pinnacle West Capital,Utilities,Multi-Utilities,sp500,True,True,False
WM,206.8300018310547,2026-09-25,2026-08-31,51.1,54.3,46.5,False,False,False,,,,0,,,0,-0.161,246.51,2026-03-09,-0.0728,-0.0476,-0.0809,450537020.0,15.0,2011-09-26,Waste Management,Industrials,Environmental & Facilities Services,sp500,True,True,False
IDA,129.77999877929688,2026-09-25,2026-08-31,56.4,61.9,51.8,False,False,False,2024-01-31,2024-02-29,2024-03-31,2,38.1,30.0,5,-0.1603,154.55,2026-07-02,-0.1325,0.0169,-0.0709,76353472.0,15.0,2011-09-26,Idacorp,Utilities,Electric Utilities,sp400,True,True,False
RTX,189.3999938964844,2026-09-25,2026-08-31,69.9,74.5,60.3,False,False,False,2023-09-30,2023-09-30,2023-10-31,1,37.0,35.0,5,-0.1601,225.49,2026-08-18,0.0151,0.18,-0.0272,925368876.0,15.0,2011-09-26,RTX Corporation,Industrials,Aerospace & Defense,sp500,True,True,False
AEE,99.38999938964844,2026-09-25,2026-08-31,55.4,59.1,49.2,False,False,False,2024-06-30,2024-06-30,2024-07-31,1,40.4,26.0,3,-0.16,118.32,2026-06-26,-0.1322,-0.0138,-0.078,171476442.0,15.0,2011-09-26,Ameren,Utilities,Multi-Utilities,sp500,True,True,False
R,235.57000732421875,2026-09-25,2026-08-31,67.4,72.5,63.8,False,False,False,2020-01-31,2020-07-31,2020-08-31,7,29.9,73.0,6,-0.1597,280.34,2026-06-11,-0.1207,0.2762,0.0209,77347192.0,15.0,2011-09-26,Ryder,Industrials,Cargo Ground Transportation,sp400,True,True,False
USFD,93.33000183105467,2026-09-25,2026-08-31,68.1,66.3,58.8,False,False,False,2022-09-30,2022-09-30,2022-10-31,1,39.4,47.0,3,-0.1587,110.94,2026-08-12,-0.03,0.2198,0.0174,244684517.0,10.3,2016-05-26,US Foods,Consumer Staples,Food Distributors,sp400,True,True,False
J,138.3699951171875,2026-09-25,2026-08-31,60.3,53.6,53.9,False,False,False,2016-02-29,2016-02-29,2016-03-31,1,41.4,126.0,4,-0.1585,164.44,2025-10-21,0.1124,-0.0541,0.0398,121601483.0,15.0,2011-09-26,Jacobs Solutions,Industrials,Construction & Engineering,sp500,True,True,False
FDX,285.8500061035156,2026-09-25,2026-08-31,67.4,64.4,56.7,False,False,False,2025-04-30,2025-04-30,2025-05-31,1,40.2,16.0,4,-0.1577,339.35,2026-08-13,-0.1323,0.5005,-0.0392,511603773.0,15.0,2011-09-26,FedEx,Industrials,Air Freight & Logistics,sp500,True,True,False
IDCC,334.2099914550781,2026-09-25,2026-08-31,63.4,59.7,63.2,False,False,False,2022-12-31,2022-12-31,2023-01-31,1,41.6,44.0,6,-0.1572,396.54,2025-11-03,0.2233,-0.014,0.0509,72101627.0,15.0,2011-09-26,InterDigital,Information Technology,Communications Equipment,sp400,True,True,False
NJR,50.61000061035156,2026-09-25,2026-08-31,56.0,66.2,50.9,False,False,False,2020-02-29,2020-11-30,2020-12-31,10,25.9,69.0,1,-0.1572,60.05,2026-07-24,-0.1074,0.0704,-0.0588,35950153.0,15.0,2011-09-26,New Jersey Resources,Utilities,Gas Utilities,sp400,True,True,False
COST,922.77001953125,2026-09-25,2026-08-31,54.5,55.4,52.2,False,False,False,,,,0,,,0,-0.1568,1094.32,2026-05-19,-0.0207,-0.0218,-0.0392,2001833053.0,15.0,2011-09-26,Costco,Consumer Staples,Consumer Staples Merchandise Retail,sp500,True,True,False
PRI,275.5899963378906,2026-09-25,2026-08-31,56.6,67.3,53.2,False,False,False,2020-03-31,2020-03-31,2020-04-30,1,39.5,77.0,1,-0.1557,326.41,2026-08-06,-0.0205,0.0057,-0.0027,56082636.0,15.0,2011-09-26,Primerica,Financials,Life & Health Insurance,sp400,True,True,False
KEX,128.8800048828125,2026-09-25,2026-08-31,61.9,58.1,55.3,False,False,False,2021-09-30,2021-09-30,2021-10-31,1,41.5,59.0,5,-0.1554,152.59,2026-04-29,-0.0698,0.5321,-0.0386,71806781.0,15.0,2011-09-26,Kirby Corporation,Industrials,Marine Transportation,sp400,True,True,False
AIG,74.16999816894531,2026-09-25,2026-08-31,50.5,52.9,48.3,False,False,False,2020-02-29,2020-10-31,2020-11-30,9,25.7,70.0,3,-0.1545,87.72,2025-04-02,-0.0091,-0.038,-0.0405,278181230.0,15.0,2011-09-26,American International Group,Financials,Multi-line Insurance,sp500,True,True,False
CINF,162.5399932861328,2026-09-25,2026-08-31,58.7,63.3,54.7,False,False,False,2022-09-30,2022-09-30,2022-10-31,1,41.3,47.0,3,-0.1536,192.03,2026-07-02,-0.0855,0.0526,-0.0298,122749239.0,15.0,2011-09-26,Cincinnati Financial,Financials,Property & Casualty Insurance,sp500,True,True,False
FIVE,222.6000061035156,2026-09-25,2026-08-31,65.7,61.1,59.5,False,False,False,2024-06-30,2025-04-30,2025-05-31,11,32.7,16.0,4,-0.1527,262.72,2026-08-24,0.193,0.4672,0.0417,255658705.0,14.2,2012-07-19,Five Below,Consumer Discretionary,Specialty Stores,sp400,True,True,False
AYI,319.4200134277344,2026-09-25,2026-08-31,55.5,55.0,53.3,False,False,False,2020-10-31,2020-10-31,2020-11-30,1,39.1,70.0,6,-0.152,376.69,2026-01-05,-0.1112,-0.0443,0.0118,96558132.0,15.0,2011-09-26,Acuity Brands,Industrials,Electrical Components & Equipment,sp400,True,True,False
DUK,113.3499984741211,2026-09-25,2026-08-31,51.3,57.7,44.8,False,False,False,,,,0,,,0,-0.1507,133.46,2026-03-16,-0.1083,-0.0733,-0.0862,497269478.0,15.0,2011-09-26,Duke Energy,Utilities,Electric Utilities,sp500,True,True,False
GD,336.7200012207031,2026-09-25,2026-08-31,69.5,76.0,55.0,False,False,False,2020-09-30,2020-10-31,2020-11-30,2,36.4,70.0,4,-0.1496,395.97,2026-08-10,-0.0232,0.0379,-0.0525,405192407.0,15.0,2011-09-26,General Dynamics,Industrials,Aerospace & Defense,sp500,True,True,False
KIM,22.440000534057617,2026-09-25,2026-08-31,55.2,63.3,50.3,False,False,False,2020-03-31,2020-10-31,2020-11-30,8,28.1,70.0,2,-0.1494,26.38,2026-07-27,-0.1207,0.0447,-0.0335,113297839.0,15.0,2011-09-26,Kimco Realty,Real Estate,Retail REITs,sp500,True,True,False
CHD,96.37999725341795,2026-09-25,2026-08-31,53.2,52.3,49.8,False,False,False,2025-09-30,2025-12-31,2026-01-31,4,36.5,8.0,2,-0.1486,113.2,2025-03-10,-0.018,0.1228,0.0068,175642609.0,15.0,2011-09-26,Church & Dwight,Consumer Staples,Household Products,sp500,True,True,False
WRB,66.81999969482422,2026-09-25,2026-08-31,52.2,57.6,51.4,False,False,False,,,,0,,,0,-0.1484,78.46,2025-10-14,-0.0356,-0.1038,-0.0302,170653954.0,15.0,2011-09-26,W. R. Berkley Corporation,Financials,Property & Casualty Insurance,sp500,True,True,False
DD,131.7100067138672,2026-09-25,2026-08-31,61.1,62.8,59.1,False,False,False,2022-08-31,2022-09-30,2022-10-31,2,37.5,47.0,7,-0.148,154.59,2026-02-11,-0.0442,0.4075,-0.0418,189332822.0,15.0,2011-09-26,DuPont,Industrials,Industrial Conglomerates,sp500,True,True,False
RF,27.6200008392334,2026-09-25,2026-08-31,60.8,64.1,54.4,False,False,False,2023-10-31,2023-10-31,2023-11-30,1,38.7,34.0,4,-0.1475,32.4,2026-07-16,-0.0787,0.0383,-0.0378,264084193.0,15.0,2011-09-26,Regions Financial Corporation,Financials,Regional Banks,sp500,True,True,False
HIG,124.2300033569336,2026-09-25,2026-08-31,59.5,63.2,50.4,False,False,False,2020-03-31,2020-10-31,2020-11-30,8,30.7,70.0,2,-0.1472,145.68,2026-07-29,-0.0471,-0.0558,-0.0873,215786543.0,15.0,2011-09-26,Hartford (The),Financials,Property & Casualty Insurance,sp500,True,True,False
AEP,118.3499984741211,2026-09-25,2026-08-31,55.0,58.8,52.2,False,False,False,2023-08-31,2023-10-31,2023-11-30,3,38.2,34.0,1,-0.1467,138.69,2026-06-26,-0.1361,0.0973,-0.0677,520807499.0,15.0,2011-09-26,American Electric Power,Utilities,Electric Utilities,sp500,True,True,False
WEC,101.4499969482422,2026-09-25,2026-08-31,50.1,53.0,46.2,False,False,False,2024-06-30,2024-06-30,2024-07-31,1,40.3,26.0,3,-0.1464,118.85,2026-06-26,-0.1334,-0.088,-0.0888,252066473.0,15.0,2011-09-26,WEC Energy Group,Utilities,Electric Utilities,sp500,True,True,False
GOOGL,343.9200134277344,2026-09-25,2026-08-31,64.6,68.7,65.2,False,False,False,2022-12-31,2022-12-31,2023-01-31,1,40.0,44.0,2,-0.1458,402.62,2026-05-13,0.0006,0.3992,0.0169,9499733624.0,15.0,2011-09-26,Alphabet Inc. (Class A),Communication Services,Interactive Media & Services,sp500,True,True,False
VZ,47.08000183105469,2026-09-25,2026-08-31,58.9,54.5,53.8,False,False,False,2022-07-31,2023-10-31,2023-11-30,16,28.0,34.0,5,-0.1457,55.11,2022-03-04,0.0219,0.086,0.0175,1165947456.0,15.0,2011-09-26,Verizon,Communication Services,Integrated Telecommunication Services,sp500,True,True,False
GOOG,341.0799865722656,2026-09-25,2026-08-31,63.7,68.8,64.4,False,False,False,2022-12-31,2022-12-31,2023-01-31,1,40.1,44.0,2,-0.1452,399.04,2026-05-13,-0.0032,0.3833,0.0127,6304469510.0,15.0,2011-09-26,Alphabet Inc. (Class C),Communication Services,Interactive Media & Services,sp500,True,True,False
FLR,50.380001068115234,2026-09-25,2026-08-31,56.5,53.7,53.2,False,False,False,2019-05-31,2020-10-31,2020-11-30,18,27.8,70.0,6,-0.1451,58.93,2024-11-07,-0.0604,0.1882,0.0351,124496890.0,15.0,2011-09-26,Fluor,Industrials,Construction & Engineering,sp400,True,True,False
VLTO,97.13999938964844,2026-09-25,2026-08-31,57.5,54.0,56.0,False,False,False,,,,0,,,0,-0.1449,113.6,2024-10-18,0.104,-0.0703,0.0437,161422511.0,3.0,2023-10-04,Veralto,Industrials,Environmental & Facilities Services,sp500,True,False,False
ROIV,35.79999923706055,2026-09-25,2026-08-31,82.1,81.5,83.0,False,False,False,2022-02-28,2022-11-30,2022-12-31,10,26.4,45.0,1,-0.1437,41.81,2026-09-09,0.0523,1.393,0.2012,258464572.0,5.8,2020-12-08,Roivant Sciences,Health Care,Biotechnology,sp400,True,True,False
AMP,493.0,2026-09-25,2026-08-31,60.7,60.0,52.3,False,False,False,2020-03-31,2020-03-31,2020-04-30,1,37.8,77.0,5,-0.1428,575.13,2025-01-29,0.0876,0.0021,-0.0001,298315879.0,15.0,2011-09-26,Ameriprise Financial,Financials,Asset Management & Custody Banks,sp500,True,True,False
GE,327.0899963378906,2026-09-25,2026-08-31,64.6,71.1,62.5,False,False,False,2022-04-30,2022-09-30,2022-10-31,6,34.6,47.0,3,-0.142,381.22,2026-08-05,-0.1192,0.1006,0.0118,1380141863.0,15.0,2011-09-26,GE Aerospace,Industrials,Aerospace & Defense,sp500,True,True,False
BRX,28.06999969482422,2026-09-25,2026-08-31,54.6,64.9,51.9,False,False,False,2020-03-31,2020-10-31,2020-11-30,8,28.4,70.0,3,-0.1413,32.69,2026-07-21,-0.1253,0.0305,-0.0431,75843153.0,12.9,2013-10-30,Brixmor Property Group,Real Estate,Retail REITs,sp400,True,True,False
MS,196.30999755859372,2026-09-25,2026-08-31,77.2,76.6,66.1,False,False,False,2020-03-31,2020-03-31,2020-04-30,1,37.6,77.0,4,-0.1411,228.55,2026-07-15,-0.1119,0.235,0.0141,1074139859.0,15.0,2011-09-26,Morgan Stanley,Financials,Investment Banking & Brokerage,sp500,True,True,False
ZION,63.83000183105469,2026-09-25,2026-08-31,61.8,66.1,57.9,False,False,False,2023-08-31,2023-10-31,2023-11-30,3,37.3,34.0,4,-0.141,74.31,2022-02-15,-0.0793,0.114,0.0087,105780268.0,15.0,2011-09-26,Zions Bancorporation,Financials,Regional Banks,sp400,True,True,False
ALLE,154.47000122070312,2026-09-25,2026-08-31,55.0,56.1,54.6,False,False,False,2022-08-31,2022-09-30,2022-10-31,2,37.8,47.0,2,-0.1407,179.77,2026-02-06,0.1275,-0.107,0.0267,202227951.0,12.9,2013-11-18,Allegion,Industrials,Building Products,sp500,True,True,False
MLI,60.52000045776367,2026-09-25,2026-08-31,63.1,68.3,60.8,False,False,False,2020-03-31,2020-03-31,2020-04-30,1,40.9,77.0,4,-0.1405,70.42,2026-05-08,-0.0993,0.2111,-0.0276,97448249.0,15.0,2011-09-26,Mueller Industries,Industrials,Industrial Machinery & Supplies & Components,sp400,True,True,False
LIN,469.8900146484375,2026-09-25,2026-08-31,56.2,54.3,52.0,False,False,False,2015-12-31,2016-02-29,2016-03-31,3,36.3,126.0,2,-0.1404,546.64,2026-07-02,-0.1003,-0.0082,-0.0301,1021925483.0,15.0,2011-09-26,Linde plc,Materials,Industrial Gases,sp500,True,True,False
SAIC,132.61000061035156,2026-09-25,2026-08-31,60.0,55.1,61.7,False,False,False,2025-10-31,2025-11-30,2025-12-31,2,37.7,9.0,2,-0.1395,154.1,2024-11-11,0.2436,0.3643,0.2403,56940945.0,13.0,2013-09-16,Science Applications Intl Corp,Industrials,Diversified Support Services,sp400,True,True,False
SYY,78.45999908447266,2026-09-25,2026-08-31,52.5,56.2,50.3,False,False,False,2023-09-30,2023-09-30,2023-10-31,1,41.7,35.0,3,-0.1393,91.16,2026-02-27,-0.0296,-0.0328,-0.0161,296642045.0,15.0,2011-09-26,Sysco,Consumer Staples,Food Distributors,sp500,True,True,False
WFC,82.97000122070312,2026-09-25,2026-08-31,61.0,61.1,56.8,False,False,False,2020-02-29,2021-01-31,2021-02-28,12,24.1,67.0,4,-0.1392,96.39,2026-01-06,-0.0209,-0.016,-0.0242,1226825213.0,15.0,2011-09-26,Wells Fargo,Financials,Diversified Banks,sp500,True,True,False
VLY,13.079999923706056,2026-09-25,2026-08-31,63.5,68.7,59.4,False,False,False,2024-04-30,2024-06-30,2024-07-31,3,39.3,26.0,7,-0.1389,15.19,2026-07-16,-0.115,0.2282,-0.017,92980588.0,15.0,2011-09-26,Valley Bank,Financials,Regional Banks,sp400,True,True,False
VTR,86.58999633789062,2026-09-25,2026-08-31,67.8,71.0,62.0,False,False,False,2022-09-30,2022-10-31,2022-11-30,2,37.7,46.0,4,-0.1387,100.53,2026-07-24,-0.0096,0.27,0.0099,323948413.0,15.0,2011-09-26,Ventas,Real Estate,Health Care REITs,sp500,True,True,False
RL,357.1000061035156,2026-09-25,2026-08-31,60.6,69.8,62.2,False,False,False,2022-09-30,2022-09-30,2022-10-31,1,41.7,47.0,5,-0.138,414.25,2026-06-24,-0.1293,0.179,-0.0227,234614738.0,15.0,2011-09-26,Ralph Lauren Corporation,Consumer Discretionary,"Apparel, Accessories & Luxury Goods",sp500,True,True,False
CTRE,37.40999984741211,2026-09-25,2026-08-31,61.2,69.8,57.3,False,False,False,2022-04-30,2022-04-30,2022-05-31,1,40.0,52.0,5,-0.138,43.4,2026-07-21,-0.0601,0.0862,-0.042,90203682.0,12.3,2014-05-29,CareTrust REIT,Real Estate,Health Care REITs,sp400,True,True,False
FTV,56.09000015258789,2026-09-25,2026-08-31,54.5,55.0,50.5,False,False,False,2025-07-31,2025-08-31,2025-09-30,2,41.5,12.0,4,-0.1374,65.03,2024-02-28,-0.0914,0.1766,-0.0372,146399719.0,10.2,2016-07-05,Fortive,Industrials,Industrial Machinery & Supplies & Components,sp500,True,True,False
MNST,43.11000061035156,2026-09-25,2026-08-31,67.2,72.5,61.3,False,False,False,,,,0,,,0,-0.1373,49.97,2026-07-16,-0.1003,0.3349,0.0199,495102415.0,15.0,2011-09-26,Monster Beverage,Consumer Staples,Soft Drinks & Non-alcoholic Beverages,sp500,True,True,False
SPG,204.82000732421875,2026-09-25,2026-08-31,61.2,69.6,57.9,False,False,False,2022-09-30,2022-09-30,2022-10-31,1,38.3,47.0,6,-0.1347,236.7,2026-07-28,-0.0917,0.1216,0.0072,308179452.0,15.0,2011-09-26,Simon Property Group,Real Estate,Retail REITs,sp500,True,True,False
CTVA,78.5199966430664,2026-09-25,2026-08-31,62.7,58.5,56.4,False,False,False,2023-11-30,2023-11-30,2023-12-31,1,41.5,33.0,1,-0.1325,90.51,2026-07-29,-0.038,0.1705,0.0002,368819720.0,7.3,2019-05-24,Corteva,Materials,Fertilizers & Agricultural Chemicals,sp500,True,True,False
MCO,468.7000122070313,2026-09-25,2026-08-31,58.2,54.0,51.3,False,False,False,2022-09-30,2022-09-30,2022-10-31,1,39.9,47.0,1,-0.1314,539.61,2026-01-15,0.068,-0.0084,-0.0072,376832698.0,15.0,2011-09-26,Moody's Corporation,Financials,Financial Exchanges & Data,sp500,True,True,False
MCK,866.6400146484375,2026-09-25,2026-08-31,62.0,60.4,60.3,False,False,False,2019-03-31,2019-04-30,2019-05-31,2,40.6,88.0,7,-0.1296,995.69,2026-03-03,0.1346,0.1767,0.0246,839995364.0,15.0,2011-09-26,McKesson Corporation,Health Care,Health Care Distributors,sp500,True,True,False
MTB,221.19000244140625,2026-09-25,2026-08-31,62.0,67.5,56.9,False,False,False,2023-10-31,2023-10-31,2023-11-30,1,39.1,34.0,5,-0.1295,254.09,2026-08-14,-0.0658,0.1127,-0.0105,255836341.0,15.0,2011-09-26,M&T Bank,Financials,Regional Banks,sp500,True,True,False
MOG-A,387.7999877929688,2026-09-25,2026-08-31,68.7,72.7,70.2,False,False,False,2020-03-31,2020-07-31,2020-08-31,5,33.8,73.0,3,-0.1293,445.38,2026-08-17,-0.0684,0.8878,0.1441,107773489.0,15.0,2011-09-26,Moog Inc.,Industrials,Aerospace & Defense,sp400,True,True,False
SCHW,99.02999877929688,2026-09-25,2026-08-31,66.6,64.2,56.8,False,False,False,2023-10-31,2023-10-31,2023-11-30,1,40.8,34.0,5,-0.1286,113.65,2026-08-24,0.1072,0.0448,0.0076,863249784.0,15.0,2011-09-26,Charles Schwab Corporation,Financials,Investment Banking & Brokerage,sp500,True,True,False
PR,21.36000061035156,2026-09-25,2026-08-31,69.3,65.8,62.5,False,False,False,2019-02-28,2021-01-31,2021-02-28,24,27.5,67.0,2,-0.1278,24.49,2026-09-15,0.1326,0.5603,0.1121,206470019.0,10.4,2016-04-15,Permian Resources,Energy,Oil & Gas Exploration & Production,sp400,True,True,False
WMB,69.26000213623047,2026-09-25,2026-08-31,66.3,63.5,58.3,False,False,False,2020-06-30,2020-07-31,2020-08-31,2,41.4,73.0,8,-0.1277,79.4,2026-05-19,-0.1067,0.094,-0.0238,525762603.0,15.0,2011-09-26,Williams Companies,Energy,Oil & Gas Storage & Transportation,sp500,True,True,False
INTC,123.0,2026-09-25,2026-08-31,61.8,62.1,69.0,False,False,False,2024-04-30,2025-07-31,2025-08-31,16,34.0,13.0,2,-0.1273,140.94,2026-06-22,-0.0743,2.6187,0.553,11193714571.0,15.0,2011-09-26,Intel,Information Technology,Semiconductors,sp500,True,True,False
FANG,186.6699981689453,2026-09-25,2026-08-31,61.5,62.6,55.7,False,False,False,2025-04-30,2025-06-30,2025-07-31,3,37.5,14.0,3,-0.1264,213.69,2026-05-04,0.0226,0.2804,0.0148,462461019.0,14.0,2012-10-12,Diamondback Energy,Energy,Oil & Gas Exploration & Production,sp500,True,True,False
MAR,352.0299987792969,2026-09-25,2026-08-31,61.7,72.6,63.6,False,False,False,2020-03-31,2020-07-31,2020-08-31,5,33.5,73.0,1,-0.1255,402.54,2026-06-12,-0.0709,0.3493,0.0122,567074582.0,15.0,2011-09-26,Marriott International,Consumer Discretionary,"Hotels, Resorts & Cruise Lines",sp500,True,True,False
BAC,56.70000076293945,2026-09-25,2026-08-31,70.1,70.2,60.1,False,False,False,2023-09-30,2023-10-31,2023-11-30,2,40.5,34.0,6,-0.1251,64.81,2026-08-12,-0.0256,0.0935,0.0252,2011203744.0,15.0,2011-09-26,Bank of America,Financials,Diversified Banks,sp500,True,True,False
WTFC,146.11000061035156,2026-09-25,2026-08-31,61.8,69.3,58.7,False,False,False,2023-04-30,2023-05-31,2023-06-30,2,39.0,39.0,4,-0.1246,166.9,2026-07-16,-0.0974,0.0936,-0.0249,88175811.0,15.0,2011-09-26,Wintrust Financial,Financials,Regional Banks,sp400,True,True,False
SWX,82.44000244140625,2026-09-25,2026-08-31,59.5,60.9,52.0,False,False,False,2023-10-31,2023-11-30,2023-12-31,2,41.3,33.0,5,-0.1243,94.14,2022-05-24,-0.0742,0.0572,-0.0582,49064023.0,15.0,2011-09-26,Southwest Gas Corp,Utilities,Gas Utilities,sp400,True,True,False
DLR,178.61000061035156,2026-09-25,2026-08-31,57.1,58.5,53.8,False,False,False,2023-02-28,2023-05-31,2023-06-30,4,38.8,39.0,3,-0.1241,203.91,2026-04-20,-0.0719,0.0423,-0.0109,502631821.0,15.0,2011-09-26,Digital Realty,Real Estate,Data Center REITs,sp500,True,True,False
LAMR,143.97999572753906,2026-09-25,2026-08-31,60.6,68.5,57.3,False,False,False,2020-03-31,2020-04-30,2020-05-31,2,33.6,76.0,1,-0.1238,164.33,2026-07-29,-0.0672,0.1939,0.0134,88250457.0,15.0,2011-09-26,Lamar Advertising Company,Real Estate,Other Specialized REITs,sp400,True,True,False
BEN,33.02000045776367,2026-09-25,2026-08-31,66.9,66.5,63.7,False,False,False,2025-03-31,2025-04-30,2025-05-31,2,40.4,16.0,8,-0.1237,37.68,2021-11-02,0.0113,0.4111,0.1269,136338974.0,15.0,2011-09-26,Franklin Resources,Financials,Asset Management & Custody Banks,sp500,True,True,False
CFG,65.52999877929688,2026-09-25,2026-08-31,67.2,71.5,62.4,False,False,False,2023-08-31,2023-10-31,2023-11-30,3,37.0,34.0,6,-0.1231,74.73,2026-08-14,-0.0726,0.239,0.0083,279325763.0,12.0,2014-09-24,Citizens Financial Group,Financials,Regional Banks,sp500,True,True,False
ROK,434.1499938964844,2026-09-25,2026-08-31,58.1,68.1,59.3,False,False,False,2022-05-31,2022-06-30,2022-07-31,2,39.4,50.0,2,-0.1231,495.08,2026-06-30,-0.0944,0.2768,0.0264,341284950.0,15.0,2011-09-26,Rockwell Automation,Industrials,Electrical Components & Equipment,sp500,True,True,False
DRI,199.75,2026-09-25,2026-08-31,61.1,57.0,53.7,False,False,False,2020-03-31,2020-07-31,2020-08-31,5,29.2,73.0,1,-0.1227,227.68,2026-08-12,-0.0611,0.0681,-0.0193,262157576.0,15.0,2011-09-26,Darden Restaurants,Consumer Discretionary,Restaurants,sp500,True,True,False
COKE,190.2899932861328,2026-09-25,2026-08-31,65.1,63.5,63.0,False,False,False,2018-05-31,2018-07-31,2018-08-31,3,34.6,97.0,1,-0.1227,216.91,2026-03-13,0.0617,0.6702,0.0482,99346153.0,15.0,2011-09-26,Coca-Cola Consolidated,Consumer Staples,Soft Drinks & Non-alcoholic Beverages,sp400,True,True,False
FITB,52.09999847412109,2026-09-25,2026-08-31,62.3,67.4,59.3,False,False,False,2023-08-31,2023-10-31,2023-11-30,3,38.2,34.0,5,-0.1225,59.37,2026-07-16,-0.0764,0.1506,0.0098,324429576.0,15.0,2011-09-26,Fifth Third Bancorp,Financials,Regional Banks,sp500,True,True,False
LFUS,429.2200012207031,2026-09-25,2026-08-31,65.7,72.2,67.5,False,False,False,2025-03-31,2025-04-30,2025-05-31,2,35.6,16.0,3,-0.1224,489.1,2026-06-22,-0.1006,0.6653,0.1223,122658644.0,15.0,2011-09-26,Littelfuse,Information Technology,Electronic Components,sp400,True,True,False
AFL,113.72000122070312,2026-09-25,2026-08-31,57.8,70.3,55.9,False,False,False,2020-02-29,2020-10-31,2020-11-30,9,31.0,70.0,1,-0.1222,129.55,2026-07-28,-0.0381,0.0387,-0.0108,249069256.0,15.0,2011-09-26,Aflac,Financials,Life & Health Insurance,sp500,True,True,False
HST,22.420000076293945,2026-09-25,2026-08-31,59.5,74.3,60.8,False,False,False,2025-03-31,2025-04-30,2025-05-31,2,37.2,16.0,8,-0.1222,25.54,2026-07-29,-0.1025,0.2945,0.0546,213329033.0,15.0,2011-09-26,Host Hotels & Resorts,Real Estate,Hotel & Resort REITs,sp500,True,True,False
L,104.81999969482422,2026-09-25,2026-08-31,60.5,69.4,56.9,False,False,False,2020-03-31,2020-10-31,2020-11-30,8,30.0,70.0,4,-0.1221,119.4,2026-07-28,-0.0548,0.0586,-0.038,91651489.0,15.0,2011-09-26,Loews Corporation,Financials,Multi-line Insurance,sp500,True,True,False
TEL,218.58999633789065,2026-09-25,2026-08-31,56.9,57.1,61.6,False,False,False,2020-03-31,2020-03-31,2020-04-30,1,34.8,77.0,2,-0.1221,249.0,2025-11-05,0.0926,0.0192,0.0172,461122201.0,15.0,2011-09-26,TE Connectivity,Information Technology,Electronic Manufacturing Services,sp500,True,True,False
CTAS,199.91000366210935,2026-09-25,2026-08-31,56.3,57.5,55.5,False,False,False,2020-03-31,2020-03-31,2020-04-30,1,39.8,77.0,1,-0.1219,227.66,2025-06-06,0.1823,-0.0106,0.0642,430163042.0,15.0,2011-09-26,Cintas,Industrials,Diversified Support Services,sp500,True,True,False
PNC,225.63999938964844,2026-09-25,2026-08-31,62.7,67.0,57.2,False,False,False,2023-08-31,2023-10-31,2023-11-30,3,38.0,34.0,4,-0.1219,256.97,2026-08-14,-0.0801,0.113,-0.0093,425903676.0,15.0,2011-09-26,PNC Financial Services,Financials,Diversified Banks,sp500,True,True,False
SCI,77.83999633789062,2026-09-25,2026-08-31,53.5,58.9,49.4,False,False,False,2020-04-30,2020-04-30,2020-05-31,1,41.6,76.0,1,-0.1214,88.6,2024-11-27,0.071,-0.037,-0.0259,81534996.0,15.0,2011-09-26,Service Corp Intl,Consumer Discretionary,Specialized Consumer Services,sp400,True,True,False
AIZ,265.0,2026-09-25,2026-08-31,72.0,71.5,64.1,False,False,False,2023-02-28,2023-05-31,2023-06-30,4,37.7,39.0,2,-0.1213,301.57,2026-08-05,0.0162,0.2269,0.0621,103738133.0,15.0,2011-09-26,Assurant,Financials,Multi-line Insurance,sp500,True,True,False
CSX,46.77999877929688,2026-09-25,2026-08-31,73.3,73.1,63.7,False,False,False,2025-04-30,2025-04-30,2025-05-31,1,39.7,16.0,2,-0.1212,53.23,2026-07-24,-0.0139,0.3848,0.0619,566754555.0,15.0,2011-09-26,CSX Corporation,Industrials,Rail Transportation,sp500,True,True,False
AMZN,249.6699981689453,2026-09-25,2026-08-31,59.0,62.2,56.4,False,False,False,2022-09-30,2023-02-28,2023-03-31,6,34.3,42.0,2,-0.1209,284.02,2026-08-03,0.0998,0.1445,0.0366,10404572816.0,15.0,2011-09-26,Amazon,Consumer Discretionary,Broadline Retail,sp500,True,True,False
ARMK,54.91999816894531,2026-09-25,2026-08-31,74.7,76.3,71.3,False,False,False,2020-03-31,2020-07-31,2020-08-31,5,30.4,73.0,3,-0.1197,62.39,2026-08-14,0.0026,0.4583,0.1451,144524712.0,12.8,2013-12-12,Aramark,Consumer Discretionary,Distributors,sp400,True,True,False
SNA,369.2000122070313,2026-09-25,2026-08-31,60.2,67.4,55.6,False,False,False,2020-03-31,2020-03-31,2020-04-30,1,34.0,77.0,1,-0.1195,419.31,2026-07-28,-0.0792,0.0956,-0.0257,127614107.0,15.0,2011-09-26,Snap-on,Industrials,Industrial Machinery & Supplies & Components,sp500,True,True,False
BKH,70.45999908447266,2026-09-25,2026-08-31,57.2,56.7,55.3,False,False,False,2023-08-31,2024-02-29,2024-03-31,7,33.1,30.0,4,-0.1191,79.99,2022-04-20,-0.0518,0.1739,-0.0303,60878465.0,15.0,2011-09-26,Black Hills Corporation,Utilities,Multi-Utilities,sp400,True,True,False
UNP,273.7900085449219,2026-09-25,2026-08-31,66.1,64.3,56.8,False,False,False,2015-11-30,2016-03-31,2016-04-30,5,33.3,125.0,1,-0.1186,310.62,2026-08-26,0.0226,0.1801,0.0378,781851090.0,15.0,2011-09-26,Union Pacific Corporation,Industrials,Rail Transportation,sp500,True,True,False
EGP,201.5200042724609,2026-09-25,2026-08-31,58.5,64.6,59.4,False,False,False,,,,0,,,0,-0.1183,228.56,2021-12-29,-0.0155,0.2171,0.0269,97076442.0,15.0,2011-09-26,EastGroup Properties,Real Estate,Industrial REITs,sp400,True,True,False
RJF,159.8699951171875,2026-09-25,2026-08-31,61.4,60.8,53.5,False,False,False,2020-03-31,2020-06-30,2020-07-31,4,36.6,74.0,2,-0.1176,181.18,2026-08-12,0.0621,-0.0699,-0.0071,210066838.0,15.0,2011-09-26,Raymond James Financial,Financials,Investment Banking & Brokerage,sp500,True,True,False
OZK,46.88999938964844,2026-09-25,2026-08-31,53.6,57.6,49.9,False,False,False,2020-01-31,2020-09-30,2020-10-31,9,30.4,71.0,3,-0.1176,53.14,2025-08-27,-0.095,-0.0955,-0.0341,58286783.0,15.0,2011-09-26,Bank OZK,Financials,Regional Banks,sp400,True,True,False
CDP,33.880001068115234,2026-09-25,2026-08-31,63.7,69.9,57.7,False,False,False,2022-09-30,2022-09-30,2022-10-31,1,41.7,47.0,7,-0.1166,38.35,2026-07-30,-0.037,0.1575,0.0268,31562691.0,15.0,2011-09-26,COPT Defense Properties,Real Estate,Office REITs,sp400,True,True,False
ADI,393.6000061035156,2026-09-25,2026-08-31,63.5,64.6,67.2,False,False,False,,,,0,,,0,-0.1165,445.48,2026-06-22,-0.0582,0.5901,0.1041,1429589910.0,15.0,2011-09-26,Analog Devices,Information Technology,Semiconductors,sp500,True,True,False
EPR,56.83000183105469,2026-09-25,2026-08-31,56.2,60.2,54.0,False,False,False,2022-09-30,2022-09-30,2022-10-31,1,39.5,47.0,3,-0.1164,64.32,2026-07-28,-0.0374,0.0005,0.0011,46130821.0,15.0,2011-09-26,EPR Properties,Real Estate,Other Specialized REITs,sp400,True,True,False
FHI,57.81999969482422,2026-09-25,2026-08-31,75.8,72.4,62.6,False,False,False,2020-09-30,2020-09-30,2020-10-31,1,40.8,71.0,4,-0.1158,65.39,2026-08-25,0.0285,0.1203,0.0156,36470784.0,15.0,2011-09-26,Federated Hermes,Financials,Asset Management & Custody Banks,sp400,True,True,False
EVRG,78.04000091552734,2026-09-25,2026-08-31,61.0,64.5,56.2,False,False,False,2023-08-31,2024-02-29,2024-03-31,7,35.9,30.0,2,-0.1145,88.13,2026-07-02,-0.0995,0.0616,-0.0361,170971893.0,15.0,2011-09-26,Evergy,Utilities,Electric Utilities,sp500,True,True,False
REG,73.2300033569336,2026-09-25,2026-08-31,52.9,62.4,50.6,False,False,False,2020-02-29,2020-10-31,2020-11-30,9,23.7,70.0,3,-0.1143,82.68,2026-07-17,-0.0875,0.0304,-0.039,102203206.0,15.0,2011-09-26,Regency Centers,Real Estate,Retail REITs,sp500,True,True,False
CAH,220.22000122070312,2026-09-25,2026-08-31,69.7,68.9,63.7,False,False,False,2021-11-30,2021-11-30,2021-12-31,1,42.0,57.0,6,-0.1142,248.61,2026-09-03,-0.0619,0.4784,0.0131,460728915.0,15.0,2011-09-26,Cardinal Health,Health Care,Health Care Distributors,sp500,True,True,False
FTI,70.98999786376953,2026-09-25,2026-08-31,79.9,77.2,69.9,False,False,False,2021-11-30,2022-01-31,2022-02-28,3,38.1,55.0,12,-0.1135,80.08,2026-09-03,0.0591,0.7779,0.0693,243594103.0,15.0,2011-09-26,TechnipFMC,Energy,Oil & Gas Equipment & Services,sp400,True,True,False
GWW,1243.0699462890625,2026-09-25,2026-08-31,66.0,72.8,60.5,False,False,False,2017-04-30,2017-09-30,2017-10-31,6,33.8,107.0,2,-0.1134,1402.03,2026-07-16,-0.0958,0.3061,0.0357,353264927.0,15.0,2011-09-26,W. W. Grainger,Industrials,Industrial Machinery & Supplies & Components,sp500,True,True,False
SBRA,19.850000381469727,2026-09-25,2026-08-31,58.3,62.1,55.8,False,False,False,2023-02-28,2023-06-30,2023-07-31,5,39.0,38.0,9,-0.1134,22.39,2026-07-27,0.028,0.0632,-0.0044,54465224.0,15.0,2011-09-26,Sabra Health Care REIT,Real Estate,Health Care REITs,sp400,True,True,False
NSC,313.0,2026-09-25,2026-08-31,65.3,64.0,56.6,False,False,False,2023-10-31,2023-10-31,2023-11-30,1,41.0,34.0,3,-0.1133,352.98,2026-08-24,0.003,0.0626,0.0065,378117346.0,15.0,2011-09-26,Norfolk Southern,Industrials,Rail Transportation,sp500,True,True,False
AM,20.93000030517578,2026-09-25,2026-08-31,64.6,63.5,58.0,False,False,False,2018-08-31,2020-10-31,2020-11-30,27,23.4,70.0,1,-0.1131,23.6,2026-03-25,-0.0776,0.0711,-0.0132,51672367.0,9.4,2017-05-04,Antero Midstream,Energy,Oil & Gas Storage & Transportation,sp400,True,True,False
PEN,318.8900146484375,2026-09-25,2026-08-31,58.3,58.0,57.3,False,False,False,2024-06-30,2024-07-31,2024-08-31,2,39.9,25.0,2,-0.1127,359.4,2026-01-27,0.0047,0.2797,-0.0233,111947370.0,11.0,2015-09-18,"Penumbra, Inc.",Health Care,Health Care Equipment,sp400,True,True,False
MTD,1511.6400146484375,2026-09-25,2026-08-31,54.9,55.4,59.2,False,False,False,2025-04-30,2025-04-30,2025-05-31,1,41.3,16.0,2,-0.1121,1702.53,2021-12-30,0.2157,0.2498,0.1488,257534006.0,15.0,2011-09-26,Mettler Toledo,Health Care,Life Sciences Tools & Services,sp500,True,True,False
FR,61.16999816894531,2026-09-25,2026-08-31,57.5,64.0,56.4,False,False,False,2023-10-31,2023-10-31,2023-11-30,1,38.4,34.0,1,-0.1117,68.86,2026-07-17,-0.0312,0.195,-0.0035,67663301.0,15.0,2011-09-26,First Industrial Realty Trust,Real Estate,Industrial REITs,sp400,True,True,False
TDY,614.1500244140625,2026-09-25,2026-08-31,56.7,61.9,56.8,False,False,False,2016-01-31,2016-01-31,2016-02-29,1,40.5,127.0,1,-0.1116,691.3,2026-08-07,-0.0208,0.0851,-0.0113,215207663.0,15.0,2011-09-26,Teledyne Technologies,Information Technology,Electronic Equipment & Instruments,sp500,True,True,False
TCBI,95.81999969482422,2026-09-25,2026-08-31,61.2,63.1,59.6,False,False,False,2023-05-31,2023-05-31,2023-06-30,1,40.6,39.0,7,-0.1106,107.74,2026-07-16,-0.075,0.1085,-0.0293,47642958.0,15.0,2011-09-26,Texas Capital Bancshares,Financials,Regional Banks,sp400,True,True,False
MU,1082.280029296875,2026-09-25,2026-08-31,71.9,68.8,74.4,False,False,False,2022-12-31,2022-12-31,2023-01-31,1,41.6,44.0,3,-0.1082,1213.56,2026-06-25,-0.1082,5.901,0.6371,33384410150.0,15.0,2011-09-26,Micron Technology,Information Technology,Semiconductors,sp500,True,True,False
NVT,164.41000366210938,2026-09-25,2026-08-31,70.5,72.4,73.8,False,False,False,2020-03-31,2020-03-31,2020-04-30,1,40.0,77.0,1,-0.1081,184.34,2026-06-22,-0.0436,0.702,0.1823,347413219.0,8.4,2018-04-24,nVent Electric plc,Industrials,Electrical Components & Equipment,sp400,True,True,False
ALV,117.5199966430664,2026-09-25,2026-08-31,55.7,57.0,53.3,False,False,False,2022-09-30,2022-09-30,2022-10-31,1,41.4,47.0,5,-0.1076,131.69,2026-06-02,-0.0272,-0.0461,-0.014,79607794.0,15.0,2011-09-26,Autoliv,Consumer Discretionary,Automotive Parts & Equipment,sp400,True,True,False
ED,103.0999984741211,2026-09-25,2026-08-31,53.9,55.8,50.0,False,False,False,2021-01-31,2021-02-28,2021-03-31,2,36.7,66.0,3,-0.1071,115.46,2026-03-16,-0.0692,0.0483,-0.0431,232615030.0,15.0,2011-09-26,Consolidated Edison,Utilities,Multi-Utilities,sp500,True,True,False
UMBF,135.82000732421875,2026-09-25,2026-08-31,64.5,67.3,60.6,False,False,False,2023-08-31,2023-10-31,2023-11-30,3,40.4,34.0,5,-0.1067,152.04,2026-08-14,-0.0529,0.1433,0.0473,87525214.0,15.0,2011-09-26,UMB Financial Corp.,Financials,Regional Banks,sp400,True,True,False
EG,370.4299926757813,2026-09-25,2026-08-31,56.2,56.1,55.1,False,False,False,2025-10-31,2025-11-30,2025-12-31,2,41.0,9.0,2,-0.1065,414.59,2023-11-27,0.0799,0.0731,0.0672,135627873.0,15.0,2011-09-26,Everest Group,Financials,Reinsurance,sp500,True,True,False
LITE,941.6500244140624,2026-09-25,2026-08-31,79.6,73.8,80.2,False,False,False,2024-03-31,2024-05-31,2024-06-30,3,39.6,27.0,4,-0.1058,1053.09,2026-05-11,0.0924,4.9182,0.2913,3883492281.0,11.2,2015-07-23,Lumentum,Information Technology,Communications Equipment,sp500,True,True,False
FHN,23.459999084472656,2026-09-25,2026-08-31,58.6,64.1,55.3,False,False,False,2023-04-30,2023-11-30,2023-12-31,8,28.6,33.0,6,-0.1056,26.23,2026-02-06,-0.0822,0.0353,-0.0393,128068434.0,15.0,2011-09-26,First Horizon,Financials,Regional Banks,sp400,True,True,False
OHI,46.27999877929688,2026-09-25,2026-08-31,56.7,67.7,57.5,False,False,False,2022-04-30,2022-04-30,2022-05-31,1,38.2,52.0,8,-0.1052,51.72,2026-07-24,-0.0281,0.116,-0.0039,90452933.0,15.0,2011-09-26,Omega Healthcare Investors,Real Estate,Health Care REITs,sp400,True,True,False
KMI,30.75,2026-09-25,2026-08-31,64.8,64.7,58.8,False,False,False,2020-03-31,2021-01-31,2021-02-28,11,30.4,67.0,7,-0.1038,34.31,2026-05-19,-0.0685,0.101,-0.0197,350170649.0,15.0,2011-09-26,Kinder Morgan,Energy,Oil & Gas Storage & Transportation,sp500,True,True,False
HLT,313.9599914550781,2026-09-25,2026-08-31,67.2,69.3,66.1,False,False,False,2020-03-31,2020-03-31,2020-04-30,1,38.9,77.0,2,-0.1035,350.22,2026-06-16,-0.0781,0.2016,-0.0034,615391271.0,12.8,2013-12-12,Hilton Worldwide,Consumer Discretionary,"Hotels, Resorts & Cruise Lines",sp500,True,True,False
OGE,44.810001373291016,2026-09-25,2026-08-31,53.2,57.5,51.2,False,False,False,2024-02-29,2024-02-29,2024-03-31,1,41.6,30.0,4,-0.1029,49.95,2026-07-24,-0.0846,-0.0062,-0.0388,68997528.0,15.0,2011-09-26,OGE Energy,Utilities,Multi-Utilities,sp400,True,True,False
OVV,60.130001068115234,2026-09-25,2026-08-31,66.2,64.2,60.0,False,False,False,2025-04-30,2025-04-30,2025-05-31,1,39.6,16.0,3,-0.1021,66.97,2026-09-15,0.1229,0.4079,0.1084,202012496.0,15.0,2011-09-26,Ovintiv,Energy,Oil & Gas Exploration & Production,sp400,True,True,False
GL,167.0399932861328,2026-09-25,2026-08-31,68.1,75.4,64.2,False,False,False,2024-04-30,2024-06-30,2024-07-31,3,32.0,26.0,3,-0.102,186.02,2026-08-06,-0.0531,0.1679,0.0661,98139365.0,15.0,2011-09-26,Globe Life,Financials,Life & Health Insurance,sp500,True,True,False
NEM,121.43000030517578,2026-09-25,2026-08-31,68.9,58.0,66.2,False,False,False,2024-01-31,2024-03-31,2024-04-30,3,35.9,29.0,8,-0.1015,135.14,2026-08-25,0.2735,0.4513,0.0936,849479884.0,15.0,2011-09-26,Newmont,Materials,Gold,sp500,True,True,False
IBOC,69.94000244140625,2026-09-25,2026-08-31,55.7,66.5,55.4,False,False,False,2020-09-30,2020-10-31,2020-11-30,2,37.3,70.0,3,-0.1015,77.84,2026-07-16,-0.0929,0.0095,-0.0233,24214711.0,15.0,2011-09-26,Intl Bancshares Corp,Financials,Regional Banks,sp400,True,True,False
MSA,182.4600067138672,2026-09-25,2026-08-31,56.8,58.4,54.8,False,False,False,2025-03-31,2025-03-31,2025-04-30,1,41.9,17.0,3,-0.1015,203.08,2026-02-12,0.0885,0.08,0.0366,49112251.0,15.0,2011-09-26,MSA Safety,Industrials,Office Services & Supplies,sp400,True,True,False
NWS,31.75,2026-09-25,2026-08-31,60.4,54.7,54.1,False,False,False,2022-09-30,2022-09-30,2022-10-31,1,39.2,47.0,9,-0.1011,35.32,2026-08-27,0.1203,-0.0497,0.0541,40749215.0,13.3,2013-06-19,News Corp (Class B),Communication Services,Publishing,sp500,True,True,False
URI,1047.06005859375,2026-09-25,2026-08-31,62.0,64.8,62.4,False,False,False,2018-12-31,2018-12-31,2019-01-31,1,40.0,92.0,4,-0.1011,1164.82,2026-08-17,-0.0811,0.1244,0.1112,476829121.0,15.0,2011-09-26,United Rentals,Industrials,Trading Companies & Distributors,sp500,True,True,False
NUE,247.25,2026-09-25,2026-08-31,66.7,69.0,65.9,False,False,False,2025-05-31,2025-05-31,2025-06-30,1,39.7,15.0,8,-0.1001,274.74,2026-08-05,-0.0066,0.8347,0.162,346455483.0,15.0,2011-09-26,Nucor,Materials,Steel,sp500,True,True,False
AHR,52.02000045776367,2026-09-25,2026-08-31,75.6,76.4,68.9,False,False,False,,,,0,,,0,-0.0988,57.72,2026-07-28,0.0216,0.2472,0.0215,164237929.0,2.6,2024-02-07,American Healthcare REIT,Real Estate,Health Care REITs,sp400,True,False,False
COP,127.3000030517578,2026-09-25,2026-08-31,61.7,57.1,58.8,False,False,False,2025-10-31,2025-11-30,2025-12-31,2,41.4,9.0,6,-0.0986,141.22,2026-09-15,0.1963,0.3149,0.0996,829541588.0,15.0,2011-09-26,ConocoPhillips,Energy,Oil & Gas Exploration & Production,sp500,True,True,False
TT,454.4400024414063,2026-09-25,2026-08-31,55.9,57.4,57.1,False,False,False,2015-09-30,2015-09-30,2015-10-31,1,41.6,131.0,1,-0.0974,503.46,2026-06-25,-0.0974,0.1182,0.0184,507890717.0,15.0,2011-09-26,Trane Technologies,Industrials,Building Products,sp500,True,True,False
BLK,1086.31005859375,2026-09-25,2026-08-31,59.8,56.4,54.9,False,False,False,2022-09-30,2022-09-30,2022-10-31,1,39.6,47.0,2,-0.0967,1202.59,2025-10-15,0.1177,-0.0532,0.0235,711229383.0,15.0,2011-09-26,BlackRock,Financials,Asset Management & Custody Banks,sp500,True,True,False
EQIX,1008.0800170898438,2026-09-25,2026-08-31,62.8,61.0,58.8,False,False,False,2022-09-30,2022-10-31,2022-11-30,2,37.7,46.0,2,-0.0967,1115.94,2026-06-22,-0.0731,0.2877,0.0278,590365332.0,15.0,2011-09-26,Equinix,Real Estate,Data Center REITs,sp500,True,True,False
RS,387.2799987792969,2026-09-25,2026-08-31,63.8,69.6,64.3,False,False,False,2018-12-31,2018-12-31,2019-01-31,1,40.8,92.0,3,-0.0962,428.49,2026-08-10,-0.0456,0.3803,0.0921,131476014.0,15.0,2011-09-26,"Reliance, Inc.",Materials,Steel,sp400,True,True,False
FCX,72.30999755859375,2026-09-25,2026-08-31,69.0,61.6,65.5,False,False,False,2020-03-31,2020-03-31,2020-04-30,1,36.5,77.0,8,-0.0951,79.91,2026-08-25,0.1514,1.0461,0.1475,929170278.0,15.0,2011-09-26,Freeport-McMoRan,Materials,Copper,sp500,True,True,False
MTG,28.479999542236328,2026-09-25,2026-08-31,66.0,64.7,57.7,False,False,False,2020-09-30,2020-09-30,2020-10-31,1,41.5,71.0,4,-0.095,31.47,2026-09-03,0.0409,0.0032,0.0207,54829117.0,15.0,2011-09-26,MGIC Investment Corporation,Financials,Reinsurance,sp400,True,True,False
FNB,17.639999389648438,2026-09-25,2026-08-31,60.4,64.4,57.0,False,False,False,2020-02-29,2020-10-31,2020-11-30,9,33.0,70.0,4,-0.0949,19.49,2026-07-16,-0.0784,0.0963,-0.0135,87576485.0,15.0,2011-09-26,FNB Corporation,Financials,Regional Banks,sp400,True,True,False
MSI,456.8800048828125,2026-09-25,2026-08-31,60.5,54.3,55.8,False,False,False,,,,0,,,0,-0.0946,504.6,2024-11-08,0.1508,0.0025,0.065,425664463.0,15.0,2011-09-26,Motorola Solutions,Information Technology,Communications Equipment,sp500,True,True,False
ECL,279.489990234375,2026-09-25,2026-08-31,57.7,56.3,56.4,False,False,False,2022-04-30,2023-01-31,2023-02-28,10,35.9,43.0,1,-0.0936,308.35,2026-02-27,-0.0061,0.0458,0.0222,357681948.0,15.0,2011-09-26,Ecolab,Materials,Specialty Chemicals,sp500,True,True,False
SNX,263.0299987792969,2026-09-25,2026-08-31,76.0,77.3,77.4,False,False,False,2020-03-31,2020-03-31,2020-04-30,1,39.4,77.0,3,-0.0934,290.14,2026-06-23,-0.0526,0.6471,0.2359,211233883.0,15.0,2011-09-26,TD Synnex,Information Technology,Technology Distributors,sp400,True,True,False
LYV,170.8699951171875,2026-09-25,2026-08-31,64.7,63.0,60.2,False,False,False,2020-06-30,2020-06-30,2020-07-31,1,40.2,74.0,2,-0.0933,188.46,2026-08-14,-0.0242,0.0548,0.0478,361454345.0,15.0,2011-09-26,Live Nation Entertainment,Communication Services,Movies & Entertainment,sp500,True,True,False
DAL,84.94000244140625,2026-09-25,2026-08-31,59.9,68.1,63.4,False,False,False,2022-06-30,2022-09-30,2022-10-31,4,36.4,47.0,2,-0.0931,93.66,2026-06-30,-0.0778,0.497,0.1259,526749950.0,15.0,2011-09-26,Delta Air Lines,Industrials,Passenger Airlines,sp500,True,True,False
USB,59.33000183105469,2026-09-25,2026-08-31,64.4,66.9,60.6,False,False,False,2023-09-30,2023-10-31,2023-11-30,2,38.7,34.0,5,-0.0931,65.42,2026-08-14,-0.0307,0.2101,0.031,464823423.0,15.0,2011-09-26,U.S. Bancorp,Financials,Diversified Banks,sp500,True,True,False
EBAY,107.9000015258789,2026-09-25,2026-08-31,66.5,79.7,68.8,False,False,False,2023-10-31,2023-10-31,2023-11-30,1,41.5,34.0,6,-0.093,118.96,2026-05-20,-0.0009,0.1588,0.0738,472087475.0,15.0,2011-09-26,eBay Inc.,Consumer Discretionary,Broadline Retail,sp500,True,True,False
ASB,29.3700008392334,2026-09-25,2026-08-31,65.6,66.7,60.7,False,False,False,2023-10-31,2023-10-31,2023-11-30,1,41.7,34.0,6,-0.0916,32.33,2026-08-14,-0.0501,0.1393,0.0366,59480353.0,15.0,2011-09-26,Associated Bank,Financials,Regional Banks,sp400,True,True,False
IBKR,89.23999786376953,2026-09-25,2026-08-31,77.6,74.0,68.7,False,False,False,2020-04-30,2020-04-30,2020-05-31,1,41.0,76.0,1,-0.0911,98.19,2026-08-25,-0.0317,0.3736,0.1052,390530491.0,15.0,2011-09-26,Interactive Brokers,Financials,Investment Banking & Brokerage,sp500,True,True,False
LECO,271.70001220703125,2026-09-25,2026-08-31,63.2,58.9,60.0,False,False,False,2020-03-31,2020-03-31,2020-04-30,1,38.4,77.0,3,-0.0909,298.88,2026-02-06,-0.0074,0.1498,0.0311,113241856.0,15.0,2011-09-26,Lincoln Electric,Industrials,Industrial Machinery & Supplies & Components,sp400,True,True,False
CACI,618.3200073242188,2026-09-25,2026-08-31,61.5,51.9,61.0,False,False,False,,,,0,,,0,-0.0908,680.08,2026-08-12,0.3949,0.2983,0.1011,158208879.0,15.0,2011-09-26,CACI International,Industrials,Diversified Support Services,sp400,True,True,False
JAZZ,237.9499969482422,2026-09-25,2026-08-31,79.1,80.3,72.3,False,False,False,2025-06-30,2025-06-30,2025-07-31,1,41.2,14.0,12,-0.0905,261.62,2026-08-04,0.0519,0.8619,0.132,214942749.0,15.0,2011-09-26,Jazz Pharmaceuticals,Health Care,Pharmaceuticals,sp400,True,True,False
HOMB,29.190000534057617,2026-09-25,2026-08-31,55.9,61.7,55.0,False,False,False,2020-02-29,2020-05-31,2020-06-30,4,31.4,75.0,4,-0.0904,32.09,2024-11-26,0.0167,0.0217,0.0259,49507711.0,15.0,2011-09-26,Home BancShares,Financials,Regional Banks,sp400,True,True,False
BNY,150.14999389648438,2026-09-25,2026-08-31,90.4,89.7,77.3,False,False,False,2022-09-30,2022-09-30,2022-10-31,1,40.7,47.0,4,-0.0891,164.84,2026-09-04,0.0325,0.3765,0.1036,525230234.0,15.0,2011-09-26,BNY Mellon,Financials,Asset Management & Custody Banks,sp500,True,True,False
PH,978.3300170898438,2026-09-25,2026-08-31,68.2,68.1,68.1,False,False,False,2020-03-31,2020-03-31,2020-04-30,1,39.0,77.0,3,-0.089,1073.87,2026-08-07,-0.0117,0.3131,0.0376,601548578.0,15.0,2011-09-26,Parker Hannifin,Industrials,Industrial Machinery & Supplies & Components,sp500,True,True,False
WTS,357.7900085449219,2026-09-25,2026-08-31,67.4,65.0,65.5,False,False,False,,,,0,,,0,-0.0878,392.23,2026-08-07,-0.0461,0.3004,0.112,78918133.0,15.0,2011-09-26,Watts Water Technologies,Industrials,Building Products,sp400,True,True,False
LH,309.6400146484375,2026-09-25,2026-08-31,67.9,64.0,60.9,False,False,False,2022-09-30,2022-09-30,2022-10-31,1,41.7,47.0,3,-0.0875,339.34,2026-08-24,0.1626,0.1213,0.109,227642200.0,15.0,2011-09-26,Labcorp,Health Care,Health Care Services,sp500,True,True,False
EOG,140.35000610351562,2026-09-25,2026-08-31,60.0,62.2,57.2,False,False,False,2020-01-31,2020-12-31,2021-01-31,12,29.4,68.0,7,-0.0871,153.74,2026-09-15,0.0506,0.1965,0.0695,438224502.0,15.0,2011-09-26,EOG Resources,Energy,Oil & Gas Exploration & Production,sp500,True,True,False
NWSA,28.489999771118164,2026-09-25,2026-08-31,61.3,54.1,54.8,False,False,False,2022-09-30,2022-09-30,2022-10-31,1,38.4,47.0,9,-0.0866,31.19,2026-08-27,0.1382,-0.056,0.0754,118653181.0,13.3,2013-06-19,News Corp (Class A),Communication Services,Publishing,sp500,True,True,False
CR,206.8300018310547,2026-09-25,2026-08-31,61.3,64.7,61.8,False,False,False,,,,0,,,0,-0.0866,226.44,2026-07-27,-0.075,0.1572,0.0518,90492578.0,3.5,2023-03-29,Crane,Industrials,Industrial Machinery & Supplies & Components,sp400,True,False,False
TRV,363.0400085449219,2026-09-25,2026-08-31,71.7,74.6,70.6,False,False,False,2020-09-30,2020-09-30,2020-10-31,1,39.7,71.0,2,-0.086,397.22,2026-07-28,0.1406,0.3239,0.1409,634239725.0,15.0,2011-09-26,Travelers Companies (The),Financials,Property & Casualty Insurance,sp500,True,True,False
KRYS,345.82000732421875,2026-09-25,2026-08-31,72.3,70.6,69.1,False,False,False,,,,0,,,0,-0.0855,378.15,2026-06-29,-0.0392,1.146,0.156,129010662.0,9.0,2017-09-20,Krystal Biotech,Health Care,Biotechnology,sp400,True,True,False
GM,82.62999725341797,2026-09-25,2026-08-31,67.4,70.2,63.4,False,False,False,2023-10-31,2023-10-31,2023-11-30,1,39.0,34.0,6,-0.0849,90.3,2026-07-28,0.0522,0.3638,0.0239,554266953.0,15.0,2011-09-26,General Motors,Consumer Discretionary,Automobile Manufacturers,sp500,True,True,False
GATX,183.72999572753903,2026-09-25,2026-08-31,55.4,57.0,58.3,False,False,False,2020-06-30,2020-07-31,2020-08-31,2,41.1,73.0,5,-0.0848,200.76,2026-04-20,0.0115,0.053,0.0235,39922803.0,15.0,2011-09-26,GATX,Industrials,Construction Machinery & Heavy Transportation Equipment,sp400,True,True,False
ESNT,63.72999954223633,2026-09-25,2026-08-31,61.4,59.6,55.2,False,False,False,2022-09-30,2022-09-30,2022-10-31,1,40.5,47.0,3,-0.0847,69.63,2026-09-03,0.0304,-0.0084,0.011,43351147.0,12.9,2013-10-31,Essent Group Ltd.,Financials,Commercial & Residential Mortgage Finance,sp400,True,True,False
SSB,102.45999908447266,2026-09-25,2026-08-31,58.1,58.3,56.0,False,False,False,2023-05-31,2023-05-31,2023-06-30,1,39.9,39.0,5,-0.0846,111.93,2024-11-25,0.0168,0.0236,0.0299,82062054.0,15.0,2011-09-26,South State Bank,Financials,Regional Banks,sp400,True,True,False
PLTR,189.6699981689453,2026-09-25,2026-08-31,65.0,52.4,65.5,False,False,False,,,,0,,,0,-0.0845,207.18,2025-11-03,0.7682,0.0589,0.2476,5714379920.0,6.0,2020-09-30,Palantir Technologies,Information Technology,Application Software,sp500,True,True,False
ITW,274.32000732421875,2026-09-25,2026-08-31,55.3,59.2,55.0,False,False,False,,,,0,,,0,-0.0844,299.6,2026-02-13,0.0137,0.0637,0.0218,353291470.0,15.0,2011-09-26,Illinois Tool Works,Industrials,Industrial Machinery & Supplies & Components,sp500,True,True,False
DINO,106.81999969482422,2026-09-25,2026-08-31,80.8,77.9,82.1,False,False,False,2024-10-31,2025-05-31,2025-06-30,8,32.7,15.0,6,-0.084,116.62,2026-09-17,0.576,0.9778,0.534,261166994.0,15.0,2011-09-26,HF Sinclair,Energy,Oil & Gas Refining & Marketing,sp400,True,True,False
CB,333.3699951171875,2026-09-25,2026-08-31,62.3,66.7,60.4,False,False,False,2020-09-30,2020-09-30,2020-10-31,1,39.0,71.0,2,-0.0829,363.5,2026-07-28,0.0077,0.1979,0.0123,611375871.0,15.0,2011-09-26,Chubb Limited,Financials,Property & Casualty Insurance,sp500,True,True,False
GEF,82.66000366210938,2026-09-25,2026-08-31,62.3,66.0,62.2,False,False,False,2025-04-30,2025-04-30,2025-05-31,1,41.1,16.0,8,-0.0828,90.12,2026-08-05,0.1133,0.4041,0.1324,24011650.0,15.0,2011-09-26,"Greif, Inc.",Materials,"Metal, Glass & Plastic Containers",sp400,True,True,False
NTRS,175.72999572753906,2026-09-25,2026-08-31,77.1,76.3,69.8,False,False,False,2023-08-31,2023-10-31,2023-11-30,3,35.4,34.0,6,-0.0822,191.47,2026-08-17,-0.0014,0.3376,0.0851,187247943.0,15.0,2011-09-26,Northern Trust,Financials,Asset Management & Custody Banks,sp500,True,True,False
WELL,231.3699951171875,2026-09-25,2026-08-31,74.4,74.1,71.6,False,False,False,2022-09-30,2022-10-31,2022-11-30,2,38.2,46.0,3,-0.0821,252.07,2026-07-24,0.0341,0.3475,0.0859,680227700.0,15.0,2011-09-26,Welltower,Real Estate,Health Care REITs,sp500,True,True,False
MO,68.81999969482422,2026-09-25,2026-08-31,59.0,58.9,59.3,False,False,False,2024-01-31,2024-01-31,2024-02-29,1,41.7,31.0,8,-0.0814,74.92,2026-07-29,-0.06,0.0557,0.0251,583039022.0,15.0,2011-09-26,Altria,Consumer Staples,Tobacco,sp500,True,True,False
TRGP,277.8399963378906,2026-09-25,2026-08-31,79.7,76.5,72.5,False,False,False,2020-02-29,2020-10-31,2020-11-30,9,24.1,70.0,7,-0.0808,302.25,2026-08-20,0.0161,0.6178,0.1299,342150548.0,15.0,2011-09-26,Targa Resources,Energy,Oil & Gas Storage & Transportation,sp500,True,True,False
FCFS,217.4499969482422,2026-09-25,2026-08-31,73.6,71.1,74.3,False,False,False,2021-01-31,2021-01-31,2021-02-28,1,41.2,67.0,3,-0.0803,236.43,2026-08-24,0.0011,0.4058,0.0814,93451381.0,15.0,2011-09-26,FirstCash,Financials,Consumer Finance,sp400,True,True,False
AFG,138.22000122070312,2026-09-25,2026-08-31,56.8,56.4,53.5,False,False,False,2023-10-31,2023-10-31,2023-11-30,1,41.9,34.0,3,-0.0799,150.22,2022-03-29,0.0171,-0.0344,0.0223,56113937.0,15.0,2011-09-26,American Financial Group,Financials,Multi-line Insurance,sp400,True,True,False
WSM,231.8999938964844,2026-09-25,2026-08-31,65.3,65.5,66.1,False,False,False,2020-03-31,2020-03-31,2020-04-30,1,35.2,77.0,5,-0.079,251.78,2026-08-07,-0.034,0.1531,0.1164,244846127.0,15.0,2011-09-26,"Williams-Sonoma, Inc.",Consumer Discretionary,Homefurnishing Retail,sp500,True,True,False
AIT,333.3900146484375,2026-09-25,2026-08-31,66.2,73.5,67.7,False,False,False,2020-03-31,2020-03-31,2020-04-30,1,37.5,77.0,3,-0.0789,361.95,2026-08-14,-0.0295,0.2867,0.1059,95356866.0,15.0,2011-09-26,Applied Industrial Technologies,Industrials,Trading Companies & Distributors,sp400,True,True,False
PKG,237.17999267578125,2026-09-25,2026-08-31,59.1,64.2,60.0,False,False,False,2022-09-30,2022-09-30,2022-10-31,1,40.1,47.0,5,-0.0787,257.43,2026-08-11,-0.0162,0.1128,0.0506,147241485.0,15.0,2011-09-26,Packaging Corporation of America,Materials,Paper & Plastic Packaging Products & Materials,sp500,True,True,False
SN,177.74000549316406,2026-09-25,2026-08-31,75.8,70.7,69.5,False,False,False,,,,0,,,0,-0.0784,192.86,2026-08-27,0.2442,0.6757,0.3342,307418343.0,3.2,2023-07-31,SharkNinja,Consumer Discretionary,Household Appliances,sp400,True,False,False
C,134.27999877929688,2026-09-25,2026-08-31,72.6,73.4,73.6,False,False,False,2023-08-31,2023-10-31,2023-11-30,3,38.9,34.0,10,-0.0782,145.67,2026-06-22,-0.0738,0.3151,0.0706,1433943358.0,15.0,2011-09-26,Citigroup,Financials,Diversified Banks,sp500,True,True,False
PRU,119.4499969482422,2026-09-25,2026-08-31,56.8,60.5,58.0,False,False,False,2023-05-31,2023-05-31,2023-06-30,1,40.7,39.0,6,-0.0777,129.52,2024-11-27,0.116,0.164,0.0984,204248661.0,15.0,2011-09-26,Prudential Financial,Financials,Life & Health Insurance,sp500,True,True,False
MMM,169.5500030517578,2026-09-25,2026-08-31,61.4,63.9,60.1,False,False,False,2024-01-31,2024-02-29,2024-03-31,2,37.5,30.0,6,-0.0774,183.78,2026-08-12,0.0094,0.108,0.0553,535211638.0,15.0,2011-09-26,3M,Industrials,Industrial Conglomerates,sp500,True,True,False
LLY,1183.4599609375,2026-09-25,2026-08-31,64.6,64.3,65.7,False,False,False,,,,0,,,0,-0.0757,1280.34,2026-08-19,0.0495,0.6561,0.1059,3038715743.0,15.0,2011-09-26,Lilly (Eli),Health Care,Pharmaceuticals,sp500,True,True,False
THC,259.7099914550781,2026-09-25,2026-08-31,68.2,66.8,66.5,False,False,False,2020-03-31,2020-03-31,2020-04-30,1,40.4,77.0,5,-0.075,280.77,2026-08-21,0.4119,0.3202,0.2249,249325901.0,15.0,2011-09-26,Tenet Health,Health Care,Health Care Facilities,sp400,True,True,False
ROST,236.1199951171875,2026-09-25,2026-08-31,65.7,75.7,67.3,False,False,False,2022-05-31,2022-07-31,2022-08-31,3,34.5,49.0,2,-0.0749,255.23,2026-08-07,0.0976,0.5798,0.0902,556664252.0,15.0,2011-09-26,Ross Stores,Consumer Discretionary,Apparel Retail,sp500,True,True,False
CFR,157.4199981689453,2026-09-25,2026-08-31,65.4,69.4,62.9,False,False,False,2023-08-31,2023-10-31,2023-11-30,3,38.4,34.0,7,-0.0744,170.08,2026-08-14,0.0255,0.2282,0.0791,89723893.0,15.0,2011-09-26,Frost Bank,Financials,Regional Banks,sp400,True,True,False
HWC,73.8499984741211,2026-09-25,2026-08-31,65.4,69.3,64.5,False,False,False,2023-10-31,2023-10-31,2023-11-30,1,40.9,34.0,7,-0.0743,79.78,2026-08-14,-0.0055,0.1719,0.0546,62778034.0,15.0,2011-09-26,Hancock Whitney,Financials,Regional Banks,sp400,True,True,False
MPC,393.5199890136719,2026-09-25,2026-08-31,85.0,80.7,86.2,False,False,False,2020-02-29,2020-10-31,2020-11-30,9,30.5,70.0,5,-0.0738,424.89,2026-09-18,0.552,1.0033,0.5352,883474476.0,15.0,2011-09-26,Marathon Petroleum,Energy,Oil & Gas Refining & Marketing,sp500,True,True,False
NDAQ,93.5500030517578,2026-09-25,2026-08-31,60.5,58.1,56.5,False,False,False,,,,0,,,0,-0.0736,100.98,2026-01-16,0.2048,0.0786,0.0317,317199803.0,15.0,2011-09-26,"Nasdaq, Inc.",Financials,Financial Exchanges & Data,sp500,True,True,False
VRSN,287.25,2026-09-25,2026-08-31,59.8,60.3,59.5,False,False,False,2024-04-30,2024-06-30,2024-07-31,3,37.6,26.0,2,-0.0734,310.0,2026-05-22,0.1451,0.0125,0.0846,215476813.0,15.0,2011-09-26,Verisign,Information Technology,Internet Services & Infrastructure,sp500,True,True,False
VOYA,97.2699966430664,2026-09-25,2026-08-31,68.9,68.0,64.7,False,False,False,2025-04-30,2025-04-30,2025-05-31,1,40.6,16.0,5,-0.0724,104.86,2026-09-03,0.0868,0.295,0.162,103362409.0,13.4,2013-05-02,Voya Financial,Financials,Multi-Sector Holdings,sp400,True,True,False
IVZ,30.920000076293945,2026-09-25,2026-08-31,71.0,66.7,65.7,False,False,False,2023-09-30,2023-10-31,2023-11-30,2,39.0,34.0,8,-0.0718,33.31,2026-08-27,0.1952,0.3828,0.1152,137283882.0,15.0,2011-09-26,Invesco,Financials,Asset Management & Custody Banks,sp500,True,True,False
ITT,206.25999450683597,2026-09-25,2026-08-31,63.1,61.9,64.9,False,False,False,2020-03-31,2020-03-31,2020-04-30,1,41.6,77.0,1,-0.0696,221.69,2026-04-14,0.0309,0.1773,0.051,177175933.0,15.0,2011-09-26,ITT Inc.,Industrials,Industrial Machinery & Supplies & Components,sp400,True,True,False
DDOG,268.1300048828125,2026-09-25,2026-08-31,66.2,75.2,70.1,False,False,False,2023-03-31,2023-04-30,2023-05-31,2,39.1,40.0,2,-0.0695,288.15,2026-08-04,0.2136,0.9629,0.4755,1071870697.0,7.0,2019-09-19,Datadog,Information Technology,Application Software,sp500,True,True,False
EWBC,127.2300033569336,2026-09-25,2026-08-31,64.8,68.4,65.0,False,False,False,2023-03-31,2023-06-30,2023-07-31,4,37.6,38.0,8,-0.0686,136.6,2026-08-14,-0.0231,0.179,0.0476,102284050.0,15.0,2011-09-26,East West Bancorp,Financials,Regional Banks,sp400,True,True,False
PSX,255.75,2026-09-25,2026-08-31,78.7,73.4,79.8,False,False,False,2020-07-31,2020-11-30,2020-12-31,5,34.0,69.0,3,-0.0673,274.21,2026-09-17,0.489,0.8389,0.4121,663506171.0,14.5,2012-04-12,Phillips 66,Energy,Oil & Gas Refining & Marketing,sp500,True,True,False
STT,181.33999633789065,2026-09-25,2026-08-31,87.6,86.6,78.6,False,False,False,2022-09-30,2022-09-30,2022-10-31,1,41.4,47.0,6,-0.0665,194.26,2026-09-04,0.0698,0.5874,0.1797,357080706.0,15.0,2011-09-26,State Street Corporation,Financials,Asset Management & Custody Banks,sp500,True,True,False
AMGN,414.6099853515625,2026-09-25,2026-08-31,68.9,63.2,65.2,False,False,False,,,,0,,,0,-0.0664,444.12,2026-09-03,0.1751,0.5289,0.1449,1052064964.0,15.0,2011-09-26,Amgen,Health Care,Biotechnology,sp500,True,True,False
NEU,898.0399780273438,2026-09-25,2026-08-31,71.7,69.0,71.7,False,False,False,2022-06-30,2022-10-31,2022-11-30,5,34.8,46.0,7,-0.0664,961.92,2026-08-14,0.1211,0.0877,0.2108,104217885.0,15.0,2011-09-26,NewMarket Corporation,Materials,Specialty Chemicals,sp400,True,True,False
THG,217.44000244140625,2026-09-25,2026-08-31,70.6,74.4,65.8,False,False,False,2023-05-31,2023-09-30,2023-10-31,5,36.6,35.0,3,-0.0661,232.83,2026-09-15,0.0476,0.2371,0.1183,70061481.0,15.0,2011-09-26,Hanover Insurance,Financials,Property & Casualty Insurance,sp400,True,True,False
ONB,25.489999771118164,2026-09-25,2026-08-31,61.4,65.6,61.0,False,False,False,2023-03-31,2023-06-30,2023-07-31,4,35.6,38.0,5,-0.066,27.29,2026-07-16,-0.0151,0.1661,0.0457,108009237.0,15.0,2011-09-26,Old National Bank,Financials,Regional Banks,sp400,True,True,False
IEX,230.0800018310547,2026-09-25,2026-08-31,59.4,60.1,59.8,False,False,False,2025-06-30,2025-10-31,2025-11-30,5,37.7,10.0,2,-0.0642,245.87,2024-03-21,0.0088,0.4445,0.0978,144061124.0,15.0,2011-09-26,IDEX Corporation,Industrials,Industrial Machinery & Supplies & Components,sp500,True,True,False
GHC,1154.8900146484375,2026-09-25,2026-08-31,59.0,65.3,60.4,False,False,False,2020-01-31,2020-10-31,2020-11-30,10,25.2,70.0,1,-0.0641,1233.96,2026-07-29,0.0151,-0.0053,0.0234,33788378.0,15.0,2011-09-26,Graham Holdings,Consumer Discretionary,Education Services,sp400,True,True,False
CPAY,398.1099853515625,2026-09-25,2026-08-31,63.3,60.7,62.1,False,False,False,2025-10-31,2025-10-31,2025-11-30,1,41.7,10.0,5,-0.0638,425.24,2026-08-13,0.2219,0.3626,0.1549,192744294.0,15.0,2011-09-26,Corpay,Financials,Transaction & Payment Processing Services,sp500,True,True,False
BRK-B,505.4800109863281,2026-09-25,2026-08-31,57.2,59.0,57.5,False,False,False,2020-06-30,2020-06-30,2020-07-31,1,40.6,74.0,2,-0.0636,539.8,2025-05-02,0.0362,0.0213,0.026,2193482833.0,15.0,2011-09-26,Berkshire Hathaway,Financials,Multi-Sector Holdings,sp500,True,True,False
XOM,160.58999633789062,2026-09-25,2026-08-31,65.3,63.5,65.1,False,False,False,2020-01-31,2021-01-31,2021-02-28,13,24.1,67.0,9,-0.0635,171.47,2026-03-30,0.1675,0.3893,0.0851,2264258798.0,15.0,2011-09-26,ExxonMobil,Energy,Integrated Oil & Gas,sp500,True,True,False
VLO,387.1799926757813,2026-09-25,2026-08-31,85.3,81.9,86.9,False,False,False,2020-06-30,2020-10-31,2020-11-30,5,35.1,70.0,2,-0.0632,413.28,2026-09-18,0.518,1.2198,0.5202,1028232073.0,15.0,2011-09-26,Valero Energy,Energy,Oil & Gas Refining & Marketing,sp500,True,True,False
NWE,68.83999633789062,2026-09-25,2026-08-31,59.6,59.1,59.0,False,False,False,2024-01-31,2024-02-29,2024-03-31,2,38.1,30.0,6,-0.0624,73.42,2026-06-26,-0.0364,0.2041,-0.0079,28174728.0,15.0,2011-09-26,NorthWestern Energy,Utilities,Multi-Utilities,sp400,True,True,False
PAG,209.6199951171875,2026-09-25,2026-08-31,67.9,68.2,64.6,False,False,False,2020-03-31,2020-05-31,2020-06-30,3,31.6,75.0,3,-0.0619,223.44,2026-07-29,0.1402,0.2269,0.1797,82971570.0,15.0,2011-09-26,Penske Automotive Group,Consumer Discretionary,Automotive Retail,sp400,True,True,False
CVX,204.4499969482422,2026-09-25,2026-08-31,62.2,60.0,61.6,False,False,False,2020-02-29,2020-10-31,2020-11-30,9,27.6,70.0,3,-0.0612,217.77,2026-09-15,0.187,0.2721,0.1037,1718489660.0,15.0,2011-09-26,Chevron Corporation,Energy,Integrated Oil & Gas,sp500,True,True,False
HSIC,86.37000274658203,2026-09-25,2026-08-31,62.5,59.9,58.9,False,False,False,2024-06-30,2024-06-30,2024-07-31,1,41.1,26.0,5,-0.0608,91.96,2022-04-13,0.032,0.3158,0.0791,105693783.0,15.0,2011-09-26,Henry Schein,Health Care,Health Care Distributors,sp500,True,True,False
GRMN,294.1400146484375,2026-09-25,2026-08-31,65.3,68.0,66.8,False,False,False,2022-12-31,2022-12-31,2023-01-31,1,41.8,44.0,3,-0.0607,313.16,2026-08-10,0.2495,0.2427,0.2038,249549527.0,15.0,2011-09-26,Garmin,Consumer Discretionary,Consumer Electronics,sp500,True,True,False
JPM,343.0599975585937,2026-09-25,2026-08-31,73.0,72.3,67.6,False,False,False,2022-06-30,2022-09-30,2022-10-31,4,37.8,47.0,3,-0.0606,365.18,2026-08-12,0.0237,0.0945,0.0679,2694103505.0,15.0,2011-09-26,JPMorgan Chase,Financials,Diversified Banks,sp500,True,True,False
PBF,73.69000244140625,2026-09-25,2026-08-31,73.2,72.9,73.4,False,False,False,2025-02-28,2025-07-31,2025-08-31,6,34.0,13.0,8,-0.0589,78.3,2026-09-11,0.7425,1.1958,0.5654,224946853.0,13.8,2012-12-13,PBF Energy,Energy,Oil & Gas Refining & Marketing,sp400,True,True,False
WAB,288.0,2026-09-25,2026-08-31,73.4,75.7,73.7,False,False,False,2020-06-30,2020-06-30,2020-07-31,1,41.5,74.0,5,-0.0582,305.79,2026-07-28,0.0196,0.4806,0.1093,257680840.0,15.0,2011-09-26,Wabtec,Industrials,Construction Machinery & Heavy Transportation Equipment,sp500,True,True,False
VRTX,526.1900024414062,2026-09-25,2026-08-31,62.9,55.5,60.0,False,False,False,2021-09-30,2021-10-31,2021-11-30,2,39.8,58.0,4,-0.0569,557.96,2026-09-03,0.0958,0.3779,0.1152,645960121.0,15.0,2011-09-26,Vertex Pharmaceuticals,Health Care,Biotechnology,sp500,True,True,False
MA,567.6500244140625,2026-09-25,2026-08-31,62.8,60.6,58.1,False,False,False,,,,0,,,0,-0.0537,599.86,2026-08-24,0.161,0.0006,0.0667,1649887605.0,15.0,2011-09-26,Mastercard,Financials,Transaction & Payment Processing Services,sp500,True,True,False
PANW,374.739990234375,2026-09-25,2026-08-31,76.8,72.8,75.1,False,False,False,2020-03-31,2020-03-31,2020-04-30,1,41.6,77.0,2,-0.0537,396.0,2026-08-13,0.2786,0.8532,0.5281,2317982623.0,14.2,2012-07-20,Palo Alto Networks,Information Technology,Systems Software,sp500,True,True,False
SEIC,105.6500015258789,2026-09-25,2026-08-31,72.2,68.4,66.5,False,False,False,2022-09-30,2022-09-30,2022-10-31,1,38.9,47.0,3,-0.0536,111.63,2026-08-28,0.2015,0.2415,0.1679,78864145.0,15.0,2011-09-26,SEI Investments Company,Financials,Asset Management & Custody Banks,sp400,True,True,False
UBSI,46.86000061035156,2026-09-25,2026-08-31,65.3,69.0,64.6,False,False,False,2023-08-31,2023-10-31,2023-11-30,3,38.8,34.0,6,-0.0508,49.37,2026-08-04,0.0147,0.2556,0.0678,46166913.0,15.0,2011-09-26,United Bankshares,Financials,Regional Banks,sp400,True,True,False
MRK,148.77999877929688,2026-09-25,2026-08-31,71.7,65.3,72.1,False,False,False,2025-02-28,2025-10-31,2025-11-30,9,29.9,10.0,1,-0.049,156.45,2026-08-25,0.186,0.9173,0.2228,1378658267.0,15.0,2011-09-26,Merck & Co.,Health Care,Pharmaceuticals,sp500,True,True,False
CNO,53.97999954223633,2026-09-25,2026-08-31,80.0,81.0,77.3,False,False,False,2022-08-31,2022-09-30,2022-10-31,2,40.6,47.0,8,-0.0488,56.75,2026-09-04,0.0401,0.3711,0.1466,47115722.0,15.0,2011-09-26,CNO Financial Group,Financials,Life & Health Insurance,sp400,True,True,False
META,751.6599731445312,2026-09-25,2026-08-31,49.0,47.5,62.2,False,False,False,2022-02-28,2023-01-31,2023-02-28,12,26.0,43.0,2,-0.0485,790.0,2025-08-12,0.3846,0.0037,0.1998,12375567932.0,14.4,2012-05-18,Meta Platforms,Communication Services,Interactive Media & Services,sp500,True,True,False
PM,190.47999572753903,2026-09-25,2026-08-31,63.8,65.8,64.8,False,False,False,2020-05-31,2020-06-30,2020-07-31,2,39.7,74.0,5,-0.0484,200.17,2026-07-28,0.0646,0.1615,0.0765,904463808.0,15.0,2011-09-26,Philip Morris International,Consumer Staples,Tobacco,sp500,True,True,False
MSM,121.22000122070312,2026-09-25,2026-08-31,67.7,72.2,68.8,False,False,False,2024-12-31,2024-12-31,2025-01-31,1,41.1,20.0,8,-0.0476,127.28,2026-07-22,0.0155,0.359,0.1622,88430469.0,15.0,2011-09-26,MSC Industrial Direct,Industrials,Trading Companies & Distributors,sp400,True,True,False
INCY,123.88999938964844,2026-09-25,2026-08-31,75.3,74.0,75.6,False,False,False,2024-01-31,2024-04-30,2024-05-31,4,36.4,28.0,6,-0.0465,129.93,2026-07-28,0.1521,0.5171,0.166,195859518.0,15.0,2011-09-26,Incyte,Health Care,Biotechnology,sp500,True,True,False
UNM,92.08999633789062,2026-09-25,2026-08-31,68.4,63.9,66.9,False,False,False,2020-01-31,2020-10-31,2020-11-30,10,30.4,70.0,8,-0.0464,96.57,2026-09-03,0.0357,0.2007,0.1182,146629986.0,15.0,2011-09-26,Unum,Financials,Life & Health Insurance,sp400,True,True,False
APH,84.08999633789062,2026-09-25,2026-08-31,69.0,70.2,71.4,False,False,False,2020-03-31,2020-03-31,2020-04-30,1,39.2,77.0,1,-0.0462,88.16,2026-06-30,0.0183,0.3748,0.141,1038067354.0,15.0,2011-09-26,Amphenol,Information Technology,Electronic Components,sp500,True,True,False
KO,87.80999755859375,2026-09-25,2026-08-31,70.4,69.6,68.8,False,False,False,2020-03-31,2020-03-31,2020-04-30,1,40.9,77.0,1,-0.0454,91.99,2026-08-24,0.0919,0.3309,0.103,1378212676.0,15.0,2011-09-26,Coca-Cola Company (The),Consumer Staples,Soft Drinks & Non-alcoholic Beverages,sp500,True,True,False
NVDA,225.07000732421875,2026-09-25,2026-08-31,70.5,66.3,71.4,False,False,False,2018-12-31,2018-12-31,2019-01-31,1,41.4,92.0,1,-0.0453,235.74,2026-05-14,0.1498,0.2666,0.1283,26509879309.0,15.0,2011-09-26,Nvidia,Information Technology,Semiconductors,sp500,True,True,False
DGX,236.32000732421875,2026-09-25,2026-08-31,70.1,68.6,68.1,False,False,False,2020-03-31,2020-03-31,2020-04-30,1,36.7,77.0,3,-0.045,247.45,2026-09-17,0.1458,0.2747,0.154,230793384.0,15.0,2011-09-26,Quest Diagnostics,Health Care,Health Care Services,sp500,True,True,False
V,367.3800048828125,2026-09-25,2026-08-31,66.0,63.4,61.7,False,False,False,2022-09-30,2022-09-30,2022-10-31,1,41.9,47.0,1,-0.0436,384.14,2026-08-25,0.1115,0.0969,0.0906,2588347968.0,15.0,2011-09-26,Visa Inc.,Financials,Transaction & Payment Processing Services,sp500,True,True,False
DELL,562.8900146484375,2026-09-25,2026-08-31,83.3,81.0,87.0,False,False,False,2022-08-31,2022-09-30,2022-10-31,2,37.1,47.0,1,-0.0434,588.4,2026-09-17,0.3747,3.2982,0.9896,3696823457.0,10.1,2016-08-17,Dell Technologies,Information Technology,"Technology Hardware, Storage & Peripherals",sp500,True,True,False
ETN,439.9800109863281,2026-09-25,2026-08-31,58.3,60.7,62.7,False,False,False,2015-12-31,2016-01-31,2016-02-29,2,38.8,127.0,2,-0.0434,459.96,2026-08-12,0.0479,0.2063,0.1374,881166878.0,15.0,2011-09-26,Eaton Corporation,Industrials,Electrical Components & Equipment,sp500,True,True,False
CLH,313.0400085449219,2026-09-25,2026-08-31,67.0,66.6,66.2,False,False,False,2020-10-31,2020-10-31,2020-11-30,1,41.5,70.0,6,-0.0408,326.34,2026-07-29,0.0456,0.3506,0.0829,136864797.0,15.0,2011-09-26,Clean Harbors,Industrials,Environmental & Facilities Services,sp400,True,True,False
CRWD,252.1300048828125,2026-09-25,2026-08-31,77.9,72.6,80.1,False,False,False,2022-11-30,2023-02-28,2023-03-31,4,38.0,42.0,1,-0.0395,262.49,2026-09-23,0.4861,1.1318,0.6796,2139804464.0,7.3,2019-06-12,CrowdStrike,Information Technology,Systems Software,sp500,True,True,False
EMR,158.22999572753906,2026-09-25,2026-08-31,61.5,60.5,63.7,False,False,False,2020-03-31,2020-03-31,2020-04-30,1,36.0,77.0,2,-0.0374,164.38,2026-08-11,0.0887,0.2161,0.0981,378985004.0,15.0,2011-09-26,Emerson Electric,Industrials,Electrical Components & Equipment,sp500,True,True,False
FAST,50.43000030517578,2026-09-25,2026-08-31,64.6,62.4,66.1,False,False,False,2016-10-31,2016-10-31,2016-11-30,1,41.7,118.0,2,-0.0372,52.38,2026-08-11,0.0748,0.0539,0.096,367988428.0,15.0,2011-09-26,Fastenal,Industrials,Trading Companies & Distributors,sp500,True,True,False
RNR,325.6000061035156,2026-09-25,2026-08-31,68.9,67.4,68.0,False,False,False,2022-07-31,2022-07-31,2022-08-31,1,40.5,49.0,2,-0.0366,337.97,2026-09-03,0.0601,0.3158,0.0762,100675556.0,15.0,2011-09-26,RenaissanceRe,Financials,Reinsurance,sp400,True,True,False
EXPD,187.4600067138672,2026-09-25,2026-08-31,75.6,69.3,74.0,False,False,False,,,,0,,,0,-0.0332,193.9,2026-09-15,0.1595,0.5463,0.1587,195275710.0,15.0,2011-09-26,Expeditors International,Industrials,Air Freight & Logistics,sp500,True,True,False
HAE,105.3000030517578,2026-09-25,2026-08-31,63.7,57.3,64.5,False,False,False,2025-08-31,2025-10-31,2025-11-30,3,36.3,10.0,9,-0.0322,108.8,2026-08-21,0.3566,1.2089,0.4136,64796555.0,15.0,2011-09-26,Haemonetics,Health Care,Health Care Supplies,sp400,True,True,False
SOLV,89.5,2026-09-25,2026-08-31,61.9,58.8,60.6,False,False,False,,,,0,,,0,-0.0318,92.44,2026-09-03,0.1486,0.2702,0.1507,90328199.0,2.5,2024-03-26,Solventum,Health Care,Health Care Technology,sp500,True,False,False
PFG,114.7699966430664,2026-09-25,2026-08-31,67.3,71.5,69.8,False,False,False,2020-09-30,2020-10-31,2020-11-30,2,40.5,70.0,5,-0.0316,118.51,2026-09-03,0.0885,0.4082,0.1359,157049607.0,15.0,2011-09-26,Principal Financial Group,Financials,Life & Health Insurance,sp500,True,True,False
GILD,150.92999267578125,2026-09-25,2026-08-31,68.1,61.1,69.7,False,False,False,2024-04-30,2024-05-31,2024-06-30,2,39.8,27.0,7,-0.0313,155.8,2026-02-11,0.2187,0.3599,0.1098,884778010.0,15.0,2011-09-26,Gilead Sciences,Health Care,Biotechnology,sp500,True,True,False
AME,250.7400054931641,2026-09-25,2026-08-31,63.2,66.4,67.3,False,False,False,2016-10-31,2016-10-31,2016-11-30,1,41.4,118.0,1,-0.0301,258.52,2026-08-12,0.0406,0.3598,0.0948,304503177.0,15.0,2011-09-26,Ametek,Industrials,Electrical Components & Equipment,sp500,True,True,False
KEYS,362.1499938964844,2026-09-25,2026-08-31,69.1,68.6,73.5,False,False,False,2023-10-31,2023-10-31,2023-11-30,1,39.9,34.0,2,-0.03,373.34,2026-06-22,0.0058,1.1015,0.2129,421620688.0,11.9,2014-10-20,Keysight Technologies,Information Technology,Electronic Equipment & Instruments,sp500,True,True,False
FTNT,173.4600067138672,2026-09-25,2026-08-31,80.0,78.5,80.5,False,False,False,,,,0,,,0,-0.0295,178.74,2026-09-23,0.1569,1.0846,0.4931,786368962.0,15.0,2011-09-26,Fortinet,Information Technology,Systems Software,sp500,True,True,False
JCI,150.1999969482422,2026-09-25,2026-08-31,64.6,70.5,68.6,False,False,False,2023-10-31,2023-10-31,2023-11-30,1,41.6,34.0,8,-0.0295,154.76,2026-08-11,0.0324,0.4201,0.0982,511058759.0,15.0,2011-09-26,Johnson Controls,Industrials,Building Products,sp500,True,True,False
EHC,123.47000122070312,2026-09-25,2026-08-31,59.8,55.7,61.2,False,False,False,2022-09-30,2022-09-30,2022-10-31,1,42.0,47.0,3,-0.0292,127.18,2025-10-27,0.2382,-0.0169,0.1452,107286864.0,15.0,2011-09-26,Encompass Health,Health Care,Health Care Facilities,sp400,True,True,False
NTAP,201.1499938964844,2026-09-25,2026-08-31,71.2,69.9,74.0,False,False,False,2020-09-30,2020-10-31,2020-11-30,2,41.3,70.0,5,-0.0286,207.08,2026-08-14,0.3012,0.6654,0.4751,462065262.0,15.0,2011-09-26,NetApp,Information Technology,"Technology Hardware, Storage & Peripherals",sp500,True,True,False
FFIV,443.05999755859375,2026-09-25,2026-08-31,72.7,72.2,76.1,False,False,False,2023-04-30,2023-04-30,2023-05-31,1,39.7,40.0,8,-0.0284,455.99,2026-09-23,0.1478,0.3675,0.3011,245273417.0,15.0,2011-09-26,"F5, Inc.",Information Technology,Communications Equipment,sp500,True,True,False
RGA,248.6499938964844,2026-09-25,2026-08-31,66.4,64.1,67.0,False,False,False,2021-11-30,2021-11-30,2021-12-31,1,40.3,57.0,2,-0.0284,255.91,2026-09-03,0.1926,0.321,0.1422,82040511.0,15.0,2011-09-26,Reinsurance Group of America,Financials,Reinsurance,sp400,True,True,False
DE,690.4600219726562,2026-09-25,2026-08-31,64.4,59.8,66.8,False,False,False,2015-09-30,2015-09-30,2015-10-31,1,39.1,131.0,1,-0.0268,709.48,2026-09-23,0.0946,0.4795,0.1847,781669610.0,15.0,2011-09-26,Deere & Company,Industrials,Agricultural & Farm Machinery,sp500,True,True,False
NDSN,325.7699890136719,2026-09-25,2026-08-31,68.2,63.6,68.9,False,False,False,2025-03-31,2025-04-30,2025-05-31,2,38.7,16.0,3,-0.0267,334.7,2026-08-20,0.0694,0.4706,0.1439,115961653.0,15.0,2011-09-26,Nordson Corporation,Industrials,Industrial Machinery & Supplies & Components,sp500,True,True,False
JNJ,271.2200012207031,2026-09-25,2026-08-31,75.5,73.6,76.5,False,False,False,2024-12-31,2024-12-31,2025-01-31,1,41.6,20.0,3,-0.0259,278.43,2026-09-03,0.1076,0.526,0.1286,1850784605.0,15.0,2011-09-26,Johnson & Johnson,Health Care,Pharmaceuticals,sp500,True,True,False
AMG,373.6900024414063,2026-09-25,2026-08-31,79.3,79.1,79.8,False,False,False,2018-08-31,2020-10-31,2020-11-30,27,27.9,70.0,5,-0.0254,383.42,2026-08-04,0.0988,0.5724,0.1637,99518350.0,15.0,2011-09-26,Affiliated Managers Group,Financials,Asset Management & Custody Banks,sp400,True,True,False
MET,97.6999969482422,2026-09-25,2026-08-31,65.0,66.2,66.7,False,False,False,2023-05-31,2023-05-31,2023-06-30,1,39.3,39.0,5,-0.0225,99.95,2026-08-06,0.1544,0.217,0.1715,321464195.0,15.0,2011-09-26,MetLife,Financials,Life & Health Insurance,sp500,True,True,False
WCC,367.4400024414063,2026-09-25,2026-08-31,69.0,69.8,72.2,False,False,False,2020-02-29,2020-06-30,2020-07-31,5,30.2,74.0,7,-0.0189,374.52,2026-06-03,0.0277,0.7622,0.1625,211136291.0,15.0,2011-09-26,WESCO International,Industrials,Trading Companies & Distributors,sp400,True,True,False
ANET,206.5500030517578,2026-09-25,2026-08-31,71.3,68.5,73.1,False,False,False,,,,0,,,0,-0.0188,210.5,2026-08-12,0.2484,0.4438,0.3153,1262926408.0,12.3,2014-06-06,Arista Networks,Information Technology,Communications Equipment,sp500,True,True,False
MEDP,618.8800048828125,2026-09-25,2026-08-31,64.8,63.7,66.4,False,False,False,,,,0,,,0,-0.0179,630.19,2026-09-22,0.1902,0.2683,0.1846,164456839.0,10.1,2016-08-11,Medpace,Health Care,Life Sciences Tools & Services,sp400,True,True,False
EXEL,58.15999984741211,2026-09-25,2026-08-31,71.0,69.6,73.7,False,False,False,2022-09-30,2022-09-30,2022-10-31,1,41.8,47.0,5,-0.0164,59.13,2026-09-03,0.0926,0.5032,0.1954,132506092.0,15.0,2011-09-26,Exelixis,Health Care,Biotechnology,sp400,True,True,False
TXNM,58.52000045776367,2026-09-25,2026-08-31,63.2,64.7,65.7,False,False,False,2023-07-31,2024-06-30,2024-07-31,12,23.5,26.0,3,-0.0161,59.48,2026-05-20,0.0179,0.033,0.0013,75867315.0,15.0,2011-09-26,TXNM Energy,Utilities,Electric Utilities,sp400,True,True,False
SMTC,182.3000030517578,2026-09-25,2026-08-31,64.7,61.7,72.3,False,False,False,2022-08-31,2024-02-29,2024-03-31,19,31.5,30.0,3,-0.0146,185.0,2026-09-18,0.1234,1.958,0.5957,429384404.0,15.0,2011-09-26,Semtech,Information Technology,Semiconductors,sp400,True,True,False
HALO,113.9000015258789,2026-09-25,2026-08-31,74.9,65.6,77.0,False,False,False,2016-02-29,2016-02-29,2016-03-31,1,41.5,126.0,1,-0.0115,115.22,2026-09-24,0.568,0.5398,0.4767,207232108.0,15.0,2011-09-26,Halozyme,Health Care,Biotechnology,sp400,True,True,False
WBD,30.86000061035156,2026-09-25,2026-08-31,71.5,68.1,74.6,False,False,False,2025-04-30,2025-04-30,2025-05-31,1,41.5,16.0,13,-0.0103,31.18,2022-01-14,0.1438,0.5602,0.1165,775697716.0,15.0,2011-09-26,Warner Bros. Discovery,Communication Services,Broadcasting,sp500,True,True,False
HPE,62.93999862670898,2026-09-25,2026-08-31,84.7,82.7,88.2,False,False,False,2022-09-30,2022-09-30,2022-10-31,1,41.1,47.0,2,-0.0091,63.52,2026-09-24,0.3472,1.5998,0.7529,1067578806.0,10.9,2015-10-19,Hewlett Packard Enterprise,Information Technology,"Technology Hardware, Storage & Peripherals",sp500,True,True,False
ARW,232.8000030517578,2026-09-25,2026-08-31,69.1,75.0,74.2,False,False,False,2025-03-31,2025-03-31,2025-04-30,1,41.8,17.0,4,-0.0086,234.83,2026-06-22,0.0165,0.9589,0.3134,121362707.0,15.0,2011-09-26,Arrow Electronics,Information Technology,Technology Distributors,sp400,True,True,False
ABBV,264.3399963378906,2026-09-25,2026-08-31,67.8,66.4,69.6,False,False,False,2019-07-31,2019-08-31,2019-09-30,2,38.4,84.0,1,-0.0061,265.97,2026-08-19,0.0872,0.2096,0.1465,1313893760.0,13.7,2013-01-02,AbbVie,Health Care,Biotechnology,sp500,True,True,False
TMO,675.0,2026-09-25,2026-08-31,60.4,56.3,65.3,False,False,False,2025-04-30,2025-06-30,2025-07-31,3,35.9,14.0,2,-0.005,678.39,2026-09-24,0.3347,0.4699,0.2495,1213756942.0,15.0,2011-09-26,Thermo Fisher Scientific,Health Care,Life Sciences Tools & Services,sp500,True,True,False
SLAB,221.2400054931641,2026-09-25,2026-08-31,71.0,70.7,71.5,False,False,False,2023-10-31,2023-11-30,2023-12-31,2,38.0,33.0,1,-0.0033,221.97,2026-09-22,0.0151,0.7011,0.1031,67107267.0,15.0,2011-09-26,Silicon Labs,Information Technology,Semiconductors,sp400,True,True,False
VTRS,17.829999923706055,2026-09-25,2026-08-31,64.3,69.7,67.7,False,False,False,2025-02-28,2025-07-31,2025-08-31,6,37.4,13.0,10,-0.0017,17.86,2026-07-28,0.1095,0.8788,0.1761,155745283.0,15.0,2011-09-26,Viatris,Health Care,Pharmaceuticals,sp500,True,True,False
A,172.7899932861328,2026-09-25,2026-08-31,59.2,53.7,64.9,False,False,False,2025-04-30,2025-04-30,2025-05-31,1,40.8,16.0,2,-0.0003,172.84,2026-09-24,0.2751,0.4176,0.3082,331147086.0,15.0,2011-09-26,Agilent Technologies,Health Care,Life Sciences Tools & Services,sp500,True,True,False
AMD,630.6300048828125,2026-09-25,2026-08-31,69.0,69.6,76.0,False,False,False,2025-04-30,2025-04-30,2025-05-31,1,41.4,16.0,5,0.0,630.63,2026-09-25,0.1841,2.9104,0.7289,12606037303.0,15.0,2011-09-26,Advanced Micro Devices,Information Technology,Semiconductors,sp500,True,True,False
AAPL,341.07000732421875,2026-09-25,2026-08-31,68.0,66.7,71.8,False,False,False,,,,0,,,0,0.0,341.07,2026-09-25,0.2396,0.3278,0.1852,15237357979.0,15.0,2011-09-26,Apple Inc.,Information Technology,"Technology Hardware, Storage & Peripherals",sp500,True,True,False
WAT,433.5400085449219,2026-09-25,2026-08-31,59.6,55.1,61.8,False,False,False,2023-10-31,2023-10-31,2023-11-30,1,40.0,34.0,2,0.0,433.54,2026-09-25,0.1503,0.5064,0.1963,309868400.0,15.0,2011-09-26,Waters Corporation,Health Care,Life Sciences Tools & Services,sp500,True,True,False
AVT,103.08000183105467,2026-09-25,2026-08-31,77.9,77.6,82.8,False,False,False,2020-02-29,2020-10-31,2020-11-30,9,33.7,70.0,2,0.0,103.08,2026-09-25,0.1351,0.9988,0.3715,110077127.0,15.0,2011-09-26,Avnet,Information Technology,Technology Distributors,sp400,True,True,False
P,126.0,2026-09-25,2026-08-31,64.1,57.5,73.4,False,False,False,2020-03-31,2020-03-31,2020-04-30,1,40.1,77.0,2,0.0,126.0,2026-09-25,0.7576,0.5095,0.6344,428719256.0,11.0,2015-10-06,Everpure,Information Technology,"Technology Hardware, Storage & Peripherals",sp400,True,True,False
