ticker,name,sector,signal_month,rsi,close,ath,dd_ath,adv,r3,x3_spy,x3_uni,r6,x6_spy,x6_uni,r12,x12_spy,x12_uni,r24,x24_spy,x24_uni,r36,x36_spy,x36_uni,mae12,mae24,eps_ttm,ni_ttm,rev_ttm,rev_yoy,prior_yoy,prof_past,eps_yoy,ni_op,ni_jump4,op_jump4,eps_jump4,shares_yoy,mcap,val_pct_op,val_pct,ps,ev_ebitda,pe,rev_qoq,rev_jump8,q_end,oneoff,acq
IBM,IBM,Information Technology,1970-06-30,34.921222419253155,11.950286865234377,18.49904441833496,-0.3540051802140608,15203875.193253774,0.17255009917414155,,0.0034819878351984024,0.28219913079882497,,-0.010101510672384295,0.2889877636125142,,-0.26956042562955507,0.6197721246124985,,-0.2405918349698436,0.6593663082222561,,-0.22185212618041283,-0.12083852559617048,-0.12083852559617048,,,,,,,,,,,,,,,,,,,,,,,
IBM,IBM,Information Technology,1974-02-28,34.369083616908654,14.213372230529783,21.821224212646484,-0.3486445997703269,10369810.483399376,-0.10163295132759642,,-0.036656504035624704,-0.18258936022011452,,0.023798076527767942,-0.06847051221486145,,0.014348810507591445,0.14025483171799036,,-0.05485763735130672,0.27216141815207595,,-0.061810420680893874,-0.3592688662150708,-0.3592688662150708,,,,,,,,,,,,,,,,,,,,,,,
DD,DuPont,Industrials,1977-08-31,34.55887206433145,12.257588386535645,22.703832626342773,-0.4601092869089677,5165408.362017389,-0.11678288397261471,,-0.11885875464668862,-0.2558304972166956,,-0.18193671332675676,-0.06810287410079618,,-0.2799744321512797,0.09285542355891252,,-0.2132761879250793,0.3072885099952165,,-0.18250233752814887,-0.2723676008096373,-0.2723676008096373,,,,,,,,,,,,,,,,,,,,,,,
F,Ford Motor Company,Consumer Discretionary,1979-11-30,31.433747514883066,1.241852045059204,2.6722629070281982,-0.5352807383610854,5738758.48086837,0.02520936092656534,,0.008429632440629903,-0.1417961249928671,,-0.17005031549637453,-0.1977359510607215,,-0.42796648155541006,-0.36750753451512386,,-0.6728433446168882,0.2554737194919261,,-0.4104887965083004,-0.2815133004358017,-0.4007962503388962,,,,,,,,,,,,,,,,,,,,,,,
IBM,IBM,Information Technology,1981-09-30,34.96594337314306,12.936184883117676,21.821224212646484,-0.4071741916468411,23306460.48834071,0.0681405470662717,,-0.01296282176674246,0.13772693445070394,,0.0809253331711445,0.4346645947742156,,0.2297091819336013,1.5695794592421164,,0.8635691889178522,1.6014337979471533,,0.8452921999328703,-0.10623516729070415,-0.10623516729070415,,,,,,,,,,,,,,,,,,,,,,,
DD,DuPont,Industrials,1982-02-28,33.527382047719,8.585273742675781,22.703832626342773,-0.6218579530614372,5288135.510199835,0.013117061519770212,,-0.012799940049645093,0.19243925336867673,,0.07306813476927468,0.551986829025845,,0.12297671205344829,0.48179023083719885,,-0.04015316854740125,0.6833429975701344,,-0.2068050851952281,-0.07514387962828084,-0.07514387962828084,,,,,,,,,,,,,,,,,,,,,,,
CAT,Caterpillar Inc.,Industrials,1982-05-31,32.92646235093318,4.59375,9.15625,-0.49829351535836175,6100690.674603174,0.11538193171630451,,0.026717425905704112,0.09816232492123844,,-0.2006427259421113,0.32988485065287065,,-0.20455402512177878,0.1978056286326182,,-0.24303084001224373,0.040743183380960835,,-0.8910155923529023,-0.08206142034568953,-0.08206142034568953,,,,,,,,,,,,,,,,,,,,,,,
HAL,Halliburton,Energy,1982-05-31,34.452058834516905,7.326263904571533,20.593950271606445,-0.6442516463355505,9644919.151026204,-0.18636079358758562,,-0.275025299398186,-0.011771210654876962,,-0.3105762615182267,0.1699463794058389,,-0.36449249636881054,0.32671228000252683,,-0.11412418864233509,0.20197869904097865,,-0.7297800766928845,-0.3170725646713074,-0.3170725646713074,,,,,,,,,,,,,,,,,,,,,,,
CMS,CMS Energy,Utilities,1983-12-31,31.611810240700223,14.125,29.375,-0.5191489361702128,5620954.166666667,-0.3097345579718733,,-0.2599482503261489,-0.5752211843333301,,-0.5067511214402628,-0.6725663995597766,,-0.7410229510576958,-0.4690261224331672,,-0.8575784838716216,0.10619472344304026,,-0.5423547559020537,-0.7079645105316401,-0.7079645105316401,,,,,,,,,,,,,,,,,,,,,,,
JNJ,Johnson & Johnson,Health Care,1984-06-30,34.7912220918971,1.875,3.21875,-0.41747572815533984,14260152.499389648,0.0931229157462472,,-0.0046054735092307675,0.22590489240494738,,0.08484180155253826,0.596815595542153,,0.2550695166869708,1.5648951270610274,,0.7200178342042247,2.3074689748015387,,1.1582406260495905,-0.06666693062983986,-0.06666693062983986,,,,,,,,,,,,,,,,,,,,,,,
ETR,Entergy,Utilities,1985-09-30,33.6999557903343,4.5625,14.375,-0.682608695652174,12147767.857142856,0.16438461944662075,,0.0001655601161506537,0.4383566697269008,,0.05846285661584927,0.4246581144213779,,0.10005832004771964,0.15068525485267892,,-0.6484487074325508,0.6438363481237761,,0.0030218782261015598,-0.06849273606319362,-0.06849273606319362,,,,,,,,,,,,,,,,,,,,,,,
HAL,Halliburton,Energy,1986-02-28,34.807610763907064,5.420244216918945,20.593950271606445,-0.7368040543250212,10313591.530846883,-0.05507271105521516,,-0.1499133728709057,-0.021527610358275995,,-0.11164386102418042,0.3802906333321987,,0.13523718086862488,0.49969636825761365,,0.30748420988347114,0.3884331403861849,,0.03638489184186866,-0.2273832577172239,-0.2273832577172239,,,,,,,,,,,,,,,,,,,,,,,
INTC,Intel,Information Technology,1986-07-31,32.96281230848159,0.3802079856395721,1.03125,-0.631313468470718,15998309.168440953,0.10959027937934662,,0.0900068838689462,0.7123304897431195,,0.5671732504361429,1.6164421759703496,,1.2898458824422052,1.8561686188569655,,1.6173122625279825,1.506852318339178,,0.9684352628500092,-0.10273844607762461,-0.10273844607762461,,,,,,,,,,,,,,,,,,,,,,,
JPM,JPMorgan Chase,Financials,1987-10-31,30.81529223172302,9.0,18.75,-0.52,9699588.723559607,-0.1807304432171356,,-0.2401636506701483,-0.035680305343325,,-0.1850021330531581,0.30303470952067046,,0.08364528511710975,0.48833593057241087,,-0.044802669905755654,-0.5043999238025616,,-0.8325880070229956,-0.23788846470027136,-0.23788846470027136,,,,,,,,,,,,,,,,,,,,,,,
ETR,Entergy,Utilities,1987-11-30,33.8308103878437,4.0,14.375,-0.7217391304347827,5050297.222222222,0.20312502884670391,,0.012929587235784051,0.23437562501192333,,0.02526592100726127,1.0096934156897763,,0.7539894418113187,1.9520153922936374,,1.312723153291603,2.0929608503300674,,1.5720778827796638,-0.03124953631594063,-0.03124953631594063,,,,,,,,,,,,,,,,,,,,,,,
GD,General Dynamics,Industrials,1987-11-30,32.10621847946496,5.40625,11.15625,-0.5154061624649859,6571819.047619048,0.2200973300809268,,0.029901888470006938,0.2636193081805056,,0.05450960417584355,0.19038100195680507,,-0.06532297192165254,0.04685487332072613,,-0.5924373656813083,-0.42196072641306315,,-0.9428436939634667,-0.005780352979096182,-0.005780352979096182,,,,,,,,,,,,,,,,,,,,,,,
HON,Honeywell Technologies,Industrials,1987-11-30,32.170546123897424,6.832241058349609,12.8399019241333,-0.46788993415066227,26974518.749334168,0.13600668176505737,,-0.054188759845862494,0.16993621505418943,,-0.039173488950472624,0.25368892086657024,,-0.002015053011887369,0.40178520045429034,,-0.23750703854774413,0.13469482951051037,,-0.38618813803989316,-0.15517243012982107,-0.15517243012982107,,,,,,,,,,,,,,,,,,,,,,,
NOC,Northrop Grumman,Industrials,1987-11-30,34.5847486874182,12.197250366210938,25.58034324645996,-0.5231787842448555,5231138.954628429,0.05250855452837011,,-0.13768688708254975,0.11550438773080174,,-0.09360531627386032,0.252887867028752,,-0.002816106849705624,-0.300656891706903,,-0.9399491307089375,-0.25852453270289,,-0.7794075002532935,-0.08333306461170253,-0.351333571666246,,,,,,,,,,,,,,,,,,,,,,,
TXNM,TXNM Energy,Utilities,1987-11-30,31.020505709746217,14.0,26.166667938232425,-0.4649681788660437,7117218.993073418,-0.15686111068053876,,-0.3470565522914586,-0.24365990998471987,,-0.4527696139893819,-0.36928498241314045,,-0.624988956291598,-0.24129991656035044,,-0.8805921555623849,-0.5147057505450783,,-1.035588718095482,-0.4157586102154087,-0.4157586102154087,,,,,,,,,,,,,,,,,,,,,,,
FDX,FedEx,Industrials,1987-12-31,34.15847678717215,8.032835960388184,15.209507942199709,-0.4718543169894017,18446571.78445554,0.16300991112021235,,0.04128877489754315,0.1316615772130496,,-0.07445795022742047,0.2695920711038302,,0.056426121842193755,0.1473350690732993,,-0.425106011900384,-0.15047035252623675,,-0.6375447526257003,-0.1128525436558595,-0.1128525436558595,,,,,,,,,,,,,,,,,,,,,,,
PCG,PG&E Corporation,Utilities,1988-04-30,34.7422844324101,14.875,27.875,-0.4663677130044843,20107283.531746034,0.16953930146383822,,0.12091015250694329,0.26469328911526535,,0.20075812151794037,0.37898664104728463,,0.1761765011636152,0.6731290942031913,,0.3526093823132673,1.2200743408571024,,0.6218534244674347,-0.058824193029982874,-0.058824193029982874,,,,,,,,,,,,,,,,,,,,,,,
PNW,Pinnacle West Capital,Utilities,1988-10-31,26.757924618528392,17.5,33.0,-0.4696969696969697,8208167.658730159,-0.09890092274638318,,-0.15352186067182527,-0.20060304200658308,,-0.32582782355929163,-0.4242142719144042,,-0.6675718413386516,-0.2997198324976359,,-0.39408892939576273,-0.17522533326713952,,-0.8609729394701435,-0.4631186946651832,-0.6887642070282118,,,,,,,,,,,,,,,,,,,,,,,
R,Ryder,Industrials,1990-01-31,34.71523993397439,18.625,43.0,-0.5668604651162791,5943149.404761905,0.03518221870796001,,-0.00043668009794550766,0.13793768388186134,,0.03941652060631655,0.0010736083848623679,,-0.0924196925102377,0.24291244865291373,,-0.312190474117495,0.7893961462993653,,-0.08758839076852809,-0.32628372059939503,-0.32628372059939503,,,,,,,,,,,,,,,,,,,,,,,
JPM,JPMorgan Chase,Financials,1990-03-31,34.49198502979398,7.7916669845581055,18.75,-0.5844444274902344,14476923.472290948,0.11769468391553484,,0.06172359488682677,-0.29980191806646794,,-0.16865061085661134,-0.188578752735577,,-0.3575619725598477,0.597910203670714,,0.13860918564314673,1.0368483860858428,,0.22377554437940295,-0.565200096821732,-0.565200096821732,,,,,,,,,,,,,,,,,,,,,,,
EXC,Exelon,Utilities,1990-04-30,33.91370120758167,5.438659191131592,9.272467613220217,-0.4134615058264074,12018519.225538269,0.10140412134470989,,0.04112337225345107,0.13112327232342236,,0.25998114299081926,0.4245677720701069,,0.2115806870908524,0.9542392500316579,,0.4451744745553451,1.3298721303739693,,0.5015018024246277,-0.013456218498818617,-0.013456218498818617,,,,,,,,,,,,,,,,,,,,,,,
HST,Host Hotels & Resorts,Real Estate,1990-04-30,34.0701085713318,19.625551223754883,38.16079330444336,-0.4857142757179074,8333571.9968185425,-0.09157051089501966,,-0.15185125998627846,-0.5568657734546802,,-0.42800790278728335,-0.1785333420121562,,-0.39152042699141065,-0.2737406938718885,,-0.7828054693482013,0.14025277945572157,,-0.6881175484936201,-0.6241773308278211,-0.6241773308278211,,,,,,,,,,,,,,,,,,,,,,,
PNC,PNC Financial Services,Financials,1990-06-30,31.760074893773833,15.0,25.5,-0.4117647058823529,6645734.126984127,-0.24193383263445445,,-0.06483806897216474,-0.24545425118273578,,-0.1523535492402504,0.28502683684089547,,0.15821316458899648,1.0202433667767425,,0.6438818247872834,1.5492954609171874,,0.7940256675836945,-0.4633915342499142,-0.4633915342499142,,,,,,,,,,,,,,,,,,,,,,,
DD,DuPont,Industrials,1990-08-31,33.89430903578139,25.01143455505371,45.10990905761719,-0.4455445582231712,47816934.55560115,0.11961474675856398,,0.13534361099947512,0.3103148458811458,,0.10925366914111462,0.3433629849783797,,-0.029709169650822376,0.48369119085965306,,-0.12166011577214908,0.6241510494064619,,-0.5252659667287984,-0.10430796721576585,-0.10430796721576585,,,,,,,,,,,,,,,,,,,,,,,
F,Ford Motor Company,Consumer Discretionary,1990-08-31,34.97439749428901,6.363860130310059,10.332717895507812,-0.38410588630540565,34672580.612327494,-0.19606326768568405,,-0.18033440344477292,-0.015020654585510385,,-0.21608183132554154,-0.03727811956015137,,-0.41035027418935344,0.31900627795654235,,-0.2863450286752598,0.7073389248033997,,-0.4420780913318607,-0.2658114815551741,-0.2664176003682476,,,,,,,,,,,,,,,,,,,,,,,
HPQ,HP Inc.,Information Technology,1990-08-31,34.76185117089857,1.979733943939209,4.179439067840576,-0.5263158735408735,24780821.799986985,-0.1370808863216142,,-0.12135202208070306,0.34551758648709474,,0.14445640974706359,0.5333636449057049,,0.1602914902765028,0.6783105559504488,,0.07295924931864661,1.1997521693377373,,0.050335153202476945,-0.2844952206264526,-0.2844952206264526,,,,,,,,,,,,,,,,,,,,,,,
MAS,Masco,Industrials,1990-08-31,32.57771712343829,8.457820892333984,17.959138870239258,-0.5290519799727287,8181599.072722541,-0.18120317272029463,,-0.1654743084793835,0.14863775157882042,,-0.052423425161210735,0.2763956642566485,,-0.09667649037255355,0.3909857582337801,,-0.21436554839802202,0.7523278505157118,,-0.39708916561954855,-0.2532573020593202,-0.2532573020593202,,,,,,,,,,,,,,,,,,,,,,,
AXP,American Express,Financials,1990-09-30,33.78107016756499,5.4393510818481445,10.460290908813477,-0.4800000182341835,29579742.008476082,-0.001790879814711932,,-0.10657981760802096,0.39749351698161717,,0.03660308769342524,0.274985836007692,,-0.21425808537390284,0.13862886500960636,,-0.6512151602666573,0.9188076073044384,,-0.4598918299804142,-0.16247893322696172,-0.16247893322696172,,,,,,,,,,,,,,,,,,,,,,,
BAC,Bank of America,Financials,1990-09-30,31.46791950363604,5.34375,13.75,-0.6113636363636363,9817449.404761905,0.0869328778228915,,-0.01785605997041753,0.6655357148814744,,0.3046452855932825,0.7451696940031713,,0.2559257726215765,1.2513010215145752,,0.4614569962383116,1.6977683769437872,,0.31906893965893457,-0.21052643475710342,-0.21052643475710342,,,,,,,,,,,,,,,,,,,,,,,
CI,Cigna,Health Care,1990-09-30,33.240678415915966,4.194444179534912,8.583333015441895,-0.5113268736062235,8470217.054673603,0.10335977165766908,,-0.0014291661356399532,0.4591487165277057,,0.0982582872395138,0.28182975406090915,,-0.20741416732068568,0.49952192388895345,,-0.2903221013873102,1.05037286416723,,-0.3283265731176226,-0.11920468308880794,-0.11920468308880794,,,,,,,,,,,,,,,,,,,,,,,
OXY,Occidental Petroleum,Energy,1990-09-30,30.32961399788792,9.460857391357422,18.981592178344727,-0.5015772490280924,17781447.23196425,-0.05649486764242029,,-0.16128380543572932,-0.032066051840793586,,-0.3929564811289855,0.24209962549826392,,-0.24714429588333092,-0.015039578070127901,,-0.8048836033463915,0.21065185140687182,,-1.1680475858779809,-0.15277058065237192,-0.15277058065237192,,,,,,,,,,,,,,,,,,,,,,,
SPGI,S&P Global,Financials,1990-09-30,34.68137496109081,5.203405857086182,10.185075759887695,-0.4891146634785998,8688302.037926923,0.20959568111833238,,0.10480674332502335,0.3575061399095265,,-0.003384289378665417,0.21529677952459836,,-0.2739471418569965,0.44110817804550595,,-0.3487358472307577,0.7281515330437023,,-0.6505479042411504,-0.09375072498549719,-0.09375072498549719,,,,,,,,,,,,,,,,,,,,,,,
C,Citigroup,Financials,1990-10-31,34.814317993112326,15.043749809265137,44.40499877929688,-0.6612149482530998,9564540.900376745,0.4612617689892038,,0.22991068573570014,0.6329842140847259,,0.20804431689095715,1.0376182734580617,,0.4605307373987111,1.4263048361619162,,0.5096851416262145,4.088068989105696,,2.5319219705468736,-0.006895863446388595,-0.006895863446388595,,,,,,,,,,,,,,,,,,,,,,,
DE,Deere & Company,Industrials,1990-10-31,34.75870912217508,6.6666669845581055,13.0625,-0.48963314950751347,26943159.499558948,0.38054977061275896,,0.14919868735925532,0.2572792336528975,,-0.16766066354087128,0.47250752068371904,,-0.10458001537563155,0.07476551431844958,,-0.8418541802172521,1.1796405525857883,,-0.37650646597303394,-0.037499998211860786,-0.037499998211860786,,,,,,,,,,,,,,,,,,,,,,,
HON,Honeywell Technologies,Industrials,1990-10-31,31.718831329739416,5.919312000274658,12.8399019241333,-0.5389908711725448,7028370.838285182,0.17436046337472244,,-0.05699061987878121,0.21756046026437437,,-0.20737943692939442,0.7527025788762647,,0.1756150428169141,1.390918278164269,,0.47429858362856736,2.139268401928734,,0.5831213833699116,-0.004974864396577128,-0.004974864396577128,,,,,,,,,,,,,,,,,,,,,,,
WY,Weyerhaeuser,Real Estate,1990-10-31,33.75830613968209,18.125,40.0,-0.546875,8053456.349206349,0.2854628991194108,,0.05411181586590716,0.5050207127697997,,0.08008081557603086,0.5959490302161179,,0.0188614941567673,1.1930776244247214,,0.27645792988901974,1.4443559528020167,,-0.11179106575680553,-0.03448296836529474,-0.03448296836529474,,,,,,,,,,,,,,,,,,,,,,,
FDX,FedEx,Industrials,1990-11-30,32.70265065290269,6.018332004547119,15.209507942199709,-0.6043046213317074,6488649.827404151,0.3807531309539185,,0.14435830753600304,0.343096483139554,,-0.026943022302693354,0.1673637913651851,,-0.2403889016882148,0.635984169272249,,-0.22373815667360208,1.3933048796726526,,0.023259182718625482,0.012551875912176769,0.012551875912176769,,,,,,,,,,,,,,,,,,,,,,,
HAL,Halliburton,Energy,1992-03-31,33.047367978400246,5.4798078536987305,20.593950271606445,-0.733911766250406,14568244.122592323,0.16767488865917457,,0.15167364242640605,0.5133726251561213,,0.4073404188525981,0.6265042688184177,,0.2602914274846654,0.3492485772513565,,-0.3274042549606161,0.7302659190275964,,-0.19966545136442204,-0.05434799017501679,-0.05434799017501679,,,,,,,,,,,,,,,,,,,,,,,
IBM,IBM,Information Technology,1992-10-31,31.344856532395823,15.983509063720703,42.035133361816406,-0.6197583358153516,160026978.6672022,-0.21600690860600347,,-0.33095260727359305,-0.25187188944551897,,-0.38642621362973817,-0.2803790029466875,,-0.629542541606676,0.18634182598112647,,-0.3037670214986969,0.5668670945708221,,-0.3820420282536049,-0.3644649546945017,-0.3644649546945017,,,,,,,,,,,,,,,,,,,,,,,
LLY,Lilly (Eli),Health Care,1993-02-28,33.43826006995596,12.875,22.59375,-0.43015214384508993,36519320.23809524,0.002034205898332253,-0.021072590736154195,-0.04321158639898917,-0.044235352727932775,-0.10521163034215852,-0.15794259634280922,0.1266951790113673,0.0460282871151283,-0.11994825354089456,0.42476496126922614,0.263031899738714,0.04314910009244738,1.6556652950762003,1.1069236750834717,0.8381649747634721,-0.13134923231681073,-0.13134923231681073,,,,,,,,,,,,,,,,,,,,,,,
THC,Tenet Health,Health Care,1993-02-28,34.903483701114794,25.333332061767575,68.83333587646484,-0.6319612911506527,8996463.581312452,0.014109302247318212,-0.008997494387168237,-0.031136490050003213,-0.09665778203707587,-0.15763405965130162,-0.2103650256519523,0.6853400833053662,0.6046731914091272,0.4386966507531044,0.6718572230865347,0.5101241615560226,0.29024136190975597,1.3729588533486554,0.8242172333559268,0.5554585330359272,-0.31578949219069075,-0.31578949219069075,,,,,,,,,,,,,,,,,,,,,,,
HUM,Humana,Health Care,1993-03-31,22.57199516266941,7.875,35.08333206176758,-0.775534433669661,10840679.563492063,0.42857083272130425,0.4242696298824751,0.4136961124244478,0.6349205631979351,0.604739086802329,0.5516917896070461,1.349205492947652,1.3365042479324936,1.2021135374193546,2.2539673215731524,2.0860426041722087,1.8787120767954908,2.190475439042978,1.6495824335451679,1.4173326613263404,-0.19047655785464235,-0.19047655785464235,,,,,,,,,,,,,,,,,,,,,,,
MO,Altria,Consumer Staples,1993-04-30,32.509983251370954,15.666666984558104,28.875,-0.4574314464222302,241423810.78522092,0.01600112631069117,-0.00967000603982937,-0.03264443275682009,0.17465870043698528,0.0965681681540369,-0.003074447150649473,0.2200699020891379,0.1691225160932348,0.023753795510748466,0.5884102068451447,0.35431100518687453,0.121783324503843,1.2123160432981814,0.613770809840126,0.2829673299919814,-0.019033172659730035,-0.019033172659730035,,,,,,,,,,,,,,,,,,,,,,,
AAPL,Apple Inc.,Information Technology,1993-07-31,34.30989208881746,0.2477679997682571,0.654017984867096,-0.6211602654648611,103968063.85363472,0.11298566093008788,0.061878246205156584,-0.042427372193536234,0.18963354621277695,0.10026623100463539,-0.030025229922005015,0.23293259550173362,0.18293033421022975,0.07138135336596799,0.6668046165853516,0.34950011598562947,0.07496404734514428,-0.18034635378615393,-0.7160659677679534,-0.981020849979817,-0.20371706723015492,-0.20371706723015492,,,,,,,,,,,,,,,,,,,,,,,
MRK,Merck & Co.,Health Care,1993-07-31,34.67260776664092,14.611164093017578,26.995864868164062,-0.45876288222762707,88324083.20873624,0.05827653749761308,0.00716912277268178,-0.09713649562601104,0.21238364307620872,0.12301632786806715,-0.0072751330585732465,0.001946183862753692,-0.04805607742875018,-0.15960505827301194,0.7998561524874612,0.4825516518877391,0.2080155832472539,1.2904643814235568,0.7547447674417573,0.48978988522989375,-0.06530521531845535,-0.06530521531845535,,,,,,,,,,,,,,,,,,,,,,,
BAX,Baxter International,Health Care,1993-09-30,34.881426043450475,6.042911052703857,10.082536697387695,-0.40065568476735347,29552259.820771042,0.1073483697643034,0.08611955494556556,-0.002735927283201073,0.03926742115033832,0.056235529955407704,-0.046849808478430496,0.3168572863031729,0.2860763167763425,0.18406217973837966,0.9925258130255725,0.6544615071075215,0.4097580068261234,1.3137989916762298,0.7103876855680014,0.4555856108622113,-0.039325753736377256,-0.039325753736377256,,,,,,,,,,,,,,,,,,,,,,,
HST,Host Hotels & Resorts,Real Estate,1993-10-31,32.23161673825494,6.43281888961792,38.16079330444336,-0.8314285859233199,11387276.959375177,0.6779658157009847,0.6415662052071107,0.6262071240102827,0.3050849144785561,0.3302619710190374,0.28607068959315524,0.44067785911115975,0.4011041973810132,0.322608803921467,0.6779658157009847,0.36964439571300867,0.23330783352310452,1.3397812496206467,0.7165507010028747,0.5612741363462361,-0.1525422992392591,-0.1525422992392591,,,,,,,,,,,,,,,,,,,,,,,
CVS,CVS Health,Health Care,1994-02-28,34.93628020512391,9.6875,14.4375,-0.32900432900432897,9152092.658730159,0.058473784829262465,0.07419067333852136,0.08587293850018977,-0.0034036393930608755,-0.034069501141449465,-0.03631353406238405,-0.12503533381533838,-0.2000502808283139,-0.24136606530385069,-0.11004179975233064,-0.5431768681129077,-0.5914858724295007,0.5017555008853112,-0.3096656505810209,-0.4102489556625769,-0.2151595627982712,-0.23917318056465853,,,,,,,,,,,,,,,,,,,,,,,
DTE,DTE Energy,Utilities,1994-02-28,34.81615344442601,23.93617057800293,32.87234115600586,-0.2718446652641371,11275140.027442055,-0.06789147811791163,-0.05217458960865273,-0.04049232444698432,0.005769859272138689,-0.0248960024762499,-0.027140035397184487,0.09897085593045363,0.02395590891747812,-0.017359875558058693,0.4642767839870492,0.031141715626472166,-0.017167288690120852,0.3300741048362352,-0.48134704663009686,-0.5819303517116529,-0.12218882055685343,-0.12218882055685343,,,,,,,,,,,,,,,,,,,,,,,
EIX,Edison International,Utilities,1994-02-28,31.704862620081002,18.0,25.75,-0.30097087378640774,25877114.087301586,-0.20091252723991948,-0.18519563873066058,-0.17351337356899216,-0.20764393267102954,-0.23830979441941813,-0.24055382734035272,-0.012401563174959551,-0.08741651018793506,-0.12873229466347186,0.11884109582934399,-0.31429397253123303,-0.36260297684782605,0.4531316595474706,-0.3582894919188615,-0.4588727970004175,-0.2803368015996993,-0.2803368015996993,,,,,,,,,,,,,,,,,,,,,,,
BMY,Bristol Myers Squibb,Health Care,1994-03-31,34.94631834442568,12.25412940979004,21.444726943969727,-0.42857144127750657,60493245.976099454,0.05546440387538931,0.05167469149978965,0.06482994564046249,0.12927353422442311,0.08070025927821756,0.07624554277815285,0.2693964955457815,0.11611982767374607,0.08023737116123594,0.8011089192082987,0.2795417116210841,0.2507692638102579,1.5626357131299242,0.7554141707167601,0.6497462736598582,-0.02669904965829739,-0.02669904965829739,,,,,,,,,,,,,,,,,,,,,,,
CNP,CenterPoint Energy,Utilities,1994-03-31,34.128415318511486,14.963250160217283,20.96962547302246,-0.28643216925988557,14066229.018448316,-0.05985872121226954,-0.0636484335878692,-0.050493179447196355,0.06051468409019867,0.01194140914399311,0.0074866926439284,0.19457545840364432,0.0412987905316089,0.005416334019098773,0.44987019784859217,-0.07169700973862247,-0.10046945754944869,0.4936823384312492,-0.3135392039819149,-0.41920710103881687,-0.13550277985778447,-0.13550277985778447,,,,,,,,,,,,,,,,,,,,,,,
NEU,NewMarket Corporation,Materials,1994-03-31,30.615900340261447,60.625,110.0,-0.44886363636363635,6998672.023809524,0.00980458458262956,0.006014872207029898,0.019170126347702744,-0.04224728426229818,-0.09082055920850374,-0.09527527570856845,-0.11539406720374268,-0.2686707350757781,-0.3045531915882882,-0.13194359472898376,-0.6535108023161984,-0.6822832501270246,-0.1791290132141088,-0.9863505556272729,-1.092018452684175,-0.1902438922902182,-0.1902438922902182,,,,,,,,,,,,,,,,,,,,,,,
PPL,PPL Corporation,Utilities,1994-03-31,32.58403323666987,10.711099624633787,14.436699867248535,-0.258064535307459,6084128.305732076,-0.130116740482207,-0.13390645285780667,-0.12075119871713383,-0.09549085638210775,-0.1440641313283133,-0.14851884782837801,-0.07451179814272779,-0.2277884660147632,-0.2636709225272733,0.23825410058016971,-0.28331310700704493,-0.31208555481787115,0.10738059140596778,-0.6998409510071963,-0.8055088480640983,-0.15767601702485567,-0.15767601702485567,,,,,,,,,,,,,,,,,,,,,,,
PCG,PG&E Corporation,Utilities,1994-05-31,33.67578370596006,25.75,36.75,-0.29931972789115646,22372268.055555556,-0.024858727371092626,-0.07198211058895432,-0.08478960537147945,-0.03453453912853155,-0.042432496638266426,-0.07913528986003024,0.22057454648597496,0.018867789857603512,-0.027945434422683463,0.050986559707775436,-0.48018763173150325,-0.5726619652271623,0.12075025763649694,-0.8666748521356265,-0.9577500968700334,-0.13563012647338235,-0.13563012647338235,,,,,,,,,,,,,,,,,,,,,,,
ETR,Entergy,Utilities,1994-06-30,31.055944157112023,12.375,19.9375,-0.3793103448275862,21601797.222222224,-0.04364548278380098,-0.08825996928279045,-0.10743066852499673,-0.08234791065334657,-0.12139422067860839,-0.16610306478639858,0.052117333838070934,-0.20265065176298513,-0.27371740870751876,0.3229100412672459,-0.25799641066540024,-0.31221312362751696,0.37244870569753363,-0.7451878642501968,-0.8319418923387618,-0.14522287466597528,-0.14522287466597528,,,,,,,,,,,,,,,,,,,,,,,
PEG,Public Service Enterprise Group,Utilities,1994-06-30,33.55994317031828,13.0,18.0625,-0.2802768166089965,9981368.849206349,0.02965275974604542,-0.014961726752944049,-0.03413242599515033,0.0609762655730528,0.02192995554779098,-0.022778888559999225,0.15293833974838722,-0.10182964585266885,-0.17289640279720248,0.23464531688330226,-0.34626113504934386,-0.4004778480114606,0.21590554723974487,-0.9017310227079856,-0.9884850507965506,-0.06350686796652039,-0.06350686796652039,,,,,,,,,,,,,,,,,,,,,,,
PEP,PepsiCo,Consumer Staples,1994-06-30,34.66763735511873,15.3125,21.8125,-0.29799426934097417,68792019.44444445,0.08745385233971015,0.04283936584072068,0.023668666598514396,0.19604419277482088,0.15699788274955906,0.11228903864176885,0.5147410005941566,0.25997301499310055,0.18890625804856692,1.3976516191379296,0.8167451672052835,0.7625284542431667,1.5746626196164804,0.45702604966874993,0.3702720215801849,-0.044898329442326745,-0.044898329442326745,,,,,,,,,,,,,,,,,,,,,,,
SLM,SLM Corp,Financials,1994-06-30,33.17718803399252,1.2253650426864624,2.5868821144104004,-0.5263158549589546,14915328.798609825,-0.0815901999750096,-0.12620468647399907,-0.14537538571620534,-0.07872068430584389,-0.11776699433110571,-0.1624758384388959,0.3525240716345073,0.0977560860334512,0.02668932908891758,1.1846341876001802,0.6037277356675341,0.5495110227054174,2.8167660703469206,1.6991295003991902,1.6123754723106252,-0.1236548108608988,-0.1236548108608988,,,,,,,,,,,,,,,,,,,,,,,
TJX,TJX Companies,Consumer Discretionary,1994-10-31,33.69035884533709,0.4921880066394806,1.0703129768371582,-0.5401457169155073,6360426.411017161,-0.14311650802371434,-0.14279797489792045,-0.14832189851549785,-0.25552005969030533,-0.35665253524923,-0.36712489406304827,-0.10646268286938187,-0.3649799656279279,-0.39771902441398144,1.696215799210322,1.1347770975831046,1.1315636787477013,3.0232056302632584,1.9608058833470672,1.8442535768374213,-0.2797970733900723,-0.2797970733900723,,,,,,,,,,,,,,,,,,,,,,,
MRSH,Marsh McLennan,Financials,1994-11-30,34.3083251187511,12.020833015441896,16.270832061767578,-0.26120354694780035,10246085.690125965,0.14751218754451534,0.06388996166310945,0.05011552428778193,0.12405126438692982,-0.06823883569174272,-0.07499628022880944,0.24724606688388628,-0.12175815947321356,-0.14351905587561836,0.6889863145527508,-0.05591735743802828,-0.055748378160696,1.2836343670096304,0.05259570773451516,-0.04349069898412927,-0.008665921210353478,-0.008665921210353478,,,,,,,,,,,,,,,,,,,,,,,
PNC,PNC Financial Services,Financials,1994-11-30,33.83128093983943,20.75,36.375,-0.429553264604811,13300948.80952381,0.24866837384708096,0.16504614796567507,0.15127171059034755,0.34051891842407067,0.14822881834539814,0.1414713738083314,0.49094842602882194,0.1219441996717221,0.10018330326931729,1.1092468740543335,0.3643432020635544,0.3645121813408867,1.9750659264929138,0.7440272672177985,0.6479408604991541,-0.036144326603087085,-0.036144326603087085,,,,,,,,,,,,,,,,,,,,,,,
UNP,Union Pacific Corporation,Industrials,1994-11-30,34.58150190602987,7.816649913787842,11.283713340759276,-0.30726262908927615,29727366.732668377,0.13449674410694334,0.05087451822553746,0.03710008085020994,0.21259846290636752,0.020308362827694992,0.013550918290628267,0.5051948980340362,0.13619067167693633,0.11442977527453152,0.9736498568173313,0.22874618482655218,0.22891516410388446,1.0854947009096505,-0.14554395836546474,-0.24163036508410918,-0.05006318596246573,-0.05006318596246573,,,,,,,,,,,,,,,,,,,,,,,
LUV,Southwest Airlines,Industrials,1994-12-31,34.72813169345757,3.3086419105529785,7.703703880310059,-0.5705128387645382,20390864.604780994,0.06776583245984846,-0.03798140003593509,-0.03894783104859072,0.42683887009608124,0.2192237970291746,0.2048583496494239,0.3756319206649654,-0.0048576332394740795,-0.0036327003983543937,0.3178316034411377,-0.3732330805785937,-0.3970410206090441,1.2164986852727004,-0.04065294231729988,-0.12577515729415678,-0.021836690741984244,-0.021836690741984244,,,,,,,,,,,,,,,,,,,,,,,
PCG,PG&E Corporation,Utilities,1996-03-31,34.286765956262826,22.375,36.75,-0.391156462585034,22909498.611111112,0.06111469219781296,0.01817841914643581,0.006320608077063618,0.01540027429789581,-0.056578520272814625,-0.06770617229198722,0.12605024820712107,-0.06168666765275632,-0.0735542060223015,0.6553127979141615,-0.10215588165602063,-0.13105330841826068,0.6180168253243774,-0.4598889433081894,-0.20343796658479563,-0.11003296047671196,-0.11003296047671196,,,,,,,,,,,,,,,,,,,,,,,
ES,Eversource Energy,Utilities,1996-04-30,29.361166425412705,16.0,28.875,-0.4458874458874459,12596873.80952381,-0.20358413135100584,-0.18894459690266607,-0.15989117796600585,-0.29473044157621786,-0.38946923879599316,-0.3575934433707288,-0.4365382412615856,-0.6850613207920137,-0.6281749406300785,-0.03528537956060673,-0.7960952076982621,-0.7608997840990873,0.07996840089016577,-1.0536520594195056,-0.8086562757142096,-0.47922488413164266,-0.47922488413164266,,,,,,,,,,,,,,,,,,,,,,,
AAPL,Apple Inc.,Information Technology,1996-06-30,34.562435005195354,0.1875,0.654017984867096,-0.7133106361928225,39096343.45903396,0.056549331701621686,0.02870245143696093,0.0278520535859087,-0.005952186640713175,-0.11739968424356151,-0.12615051071568403,-0.3214292289250288,-0.6609370583471529,-0.6349095200912603,0.3660690154916475,-0.3763061320621117,-0.29765560032934013,1.2053548517870136,0.07271634226143942,0.25954797421868847,-0.3333332319709179,-0.3928586902939657,,,,,,,,,,,,,,,,,,,,,,,
AMD,Advanced Micro Devices,Information Technology,1996-07-31,34.69358574712918,6.0625,20.5625,-0.7051671732522796,14916201.388888888,0.4639175257731958,0.35291415645608093,0.3522369243427094,1.8969072164948453,1.6612632133373229,1.6494528851138746,1.8969072164948453,1.3832054535582134,1.3858672216173358,0.4226804123711341,-0.37701991500081267,-0.2678022704544135,0.4329896907216495,-0.7307174820818993,-0.6122284491399439,-0.020618556701030966,-0.020618556701030966,,,,,,,,,,,,,,,,,,,,,,,
HRB,H&R Block,Consumer Discretionary,1996-07-31,34.35305098353403,6.53125,12.21875,-0.46547314578005117,17139086.30952381,-0.03562512868207246,-0.1466284979991873,-0.14730573011255882,0.15563914849678184,-0.08000485466074059,-0.0918151828841888,0.5139747671578214,0.0002730042211895878,0.0029347722803118037,0.7106439032022738,-0.08905642416967297,0.020161220376726185,1.2476423467317082,0.0839351739281593,0.20242420687011475,-0.09569379059957495,-0.09569379059957495,,,,,,,,,,,,,,,,,,,,,,,
LRCX,Lam Research,Information Technology,1996-07-31,34.74088383051179,0.7416669726371765,2.4458329677581787,-0.6967630323026598,36238587.38678126,0.09550527862277014,-0.015498090694344713,-0.01617532280771622,0.8146058886578573,0.5789618855003349,0.5671515572768867,1.3764042892774984,0.8627025263408665,0.8653642943999887,-0.1938197284727009,-0.9935200558446476,-0.8843024112982485,1.4887631728500392,0.3250560000464904,0.44354503298844583,-0.022472372237163363,-0.2921353365914007,,,,,,,,,,,,,,,,,,,,,,,
EXC,Exelon,Utilities,1997-03-31,33.133323703823365,7.26640510559082,11.94721794128418,-0.3917910310749909,19686715.62642189,0.05366370451995306,-0.12254062548460731,-0.10124895563939115,0.19917356712578083,-0.06238560417461758,-0.11386520370695202,0.16890881504293898,-0.3107696020397195,-0.33411051185908913,1.5178777382038748,0.7684113867869533,0.984919485262356,1.056511481502691,-0.015051351162858051,0.011444266954185212,-0.07975529542061766,-0.07975529542061766,,,,,,,,,,,,,,,,,,,,,,,
IDXX,Idexx Laboratories,Health Care,1997-03-31,33.421246648061725,3.5,13.4375,-0.7395348837209302,19491442.26190476,-0.1116071428571429,-0.2878114728617033,-0.26651980301648714,0.1964285714285714,-0.06513059987182701,-0.11661019940416145,0.2857142857142858,-0.19396413136837265,-0.2173050411877423,0.7098214285714286,-0.039644922845492925,0.17686317562990972,0.6651785714285714,-0.4063842612369777,-0.3798886431199344,-0.3392857142857143,-0.3392857142857143,,,,,,,,,,,,,,,,,,,,,,,
NEM,Newmont,Materials,1998-06-30,34.29530664022849,23.625,60.75,-0.6111111111111112,33130780.456349205,0.027914541616528288,0.12678396668533998,0.1748569929035482,-0.22519122562709748,-0.3209144642691667,-0.24596999290859506,-0.15335416866652096,-0.3773377134959639,-0.30354712678909024,-0.07383879532710791,-0.38505511245770074,-0.44056689561659396,-0.1976621549536982,-0.31652320247005317,-0.6419365331020973,-0.43835605515898046,-0.43835605515898046,,,,,,,,,,,,,,,,,,,,,,,
AGCO,AGCO,Industrials,1998-07-31,31.67742170941797,12.75,36.3125,-0.648881239242685,10409996.726190476,-0.26397430905265484,-0.2515149856575465,-0.23701100572536807,-0.42033067867725804,-0.5701898309147477,-0.5030720399813253,-0.2615603286651643,-0.4638200270690379,-0.45342432777200115,0.017779260486860293,-0.2905279293221825,-0.4119398968259751,-0.18281764113272536,-0.3054418179186982,-0.7002925730061038,-0.5878255568756783,-0.5878255568756783,,,,,,,,,,,,,,,,,,,,,,,
TMO,Thermo Fisher Scientific,Health Care,1998-07-31,33.73534229556246,23.0,44.5,-0.4831460674157303,29640330.555555556,-0.13315232285720147,-0.12069299946209311,-0.1061890195299147,-0.27717400124504654,-0.42703315348253623,-0.3599153625491138,-0.25271742819368304,-0.4549771265975566,-0.44458142730051986,-0.09782659841467323,-0.40613378822371604,-0.5275457557275086,-0.008695831461629444,-0.13132000824760226,-0.5261707633350079,-0.4565218048858608,-0.4565218048858608,,,,,,,,,,,,,,,,,,,,,,,
APA,APA Corporation,Energy,1998-08-31,34.76239377219264,9.902597427368164,19.50757598876953,-0.49237171071028674,10600274.347226461,0.008006592993166972,-0.20590060454067172,-0.20565295112811746,-0.12374530459170263,-0.41969203844704916,-0.3580493442138195,1.0086887139869347,0.6160416250981435,0.5928824789836156,1.7957337772599984,1.1728177775156825,0.859414587178439,1.087860132459673,0.8582475120157609,0.29849815297837956,-0.22538004105119447,-0.22538004105119447,,,,,,,,,,,,,,,,,,,,,,,
ARW,Arrow Electronics,Information Technology,1998-08-31,26.987354725120312,13.125,36.25,-0.6379310344827587,6992629.166666667,0.6571428571428573,0.44323565960901856,0.44348331302157284,0.09047619047619038,-0.20547054337915616,-0.1438278491459265,0.5142857142857142,0.12163862539692305,0.09847947928239503,1.7714285714285714,1.1485125716842555,0.835109381347012,1.0411429268973214,0.8115303064534092,0.25178094741602786,-0.10476190476190472,-0.10476190476190472,,,,,,,,,,,,,,,,,,,,,,,
BA,Boeing,Industrials,1998-08-31,32.52677770345588,30.9375,60.5,-0.48863636363636365,205694372.12301588,0.3174648458175957,0.10355764828375702,0.10380530169631128,0.15967353823921893,-0.1362731956161276,-0.07463050138289795,0.48430424126266347,0.09165715237387229,0.06849800625934427,0.7803526929716103,0.15743669322729437,-0.15596649710994914,0.7178535850988386,0.4882409646549264,-0.07150839438245493,-0.04646484251651162,-0.04646484251651162,,,,,,,,,,,,,,,,,,,,,,,
BC,Brunswick,Consumer Discretionary,1998-08-31,31.438952606499825,14.9375,37.0,-0.5962837837837838,10540427.876984127,0.48159644371549737,0.2676892461816587,0.26793689959421296,0.44356934054216435,0.14762260668681781,0.20926530092004747,0.7485828459530981,0.3559357570643069,0.3327766109497789,0.3160519827770458,-0.30686401696727006,-0.6202672073045136,0.5658762722231856,0.3362636517792734,-0.2234857072581079,-0.19665247621821103,-0.19665247621821103,,,,,,,,,,,,,,,,,,,,,,,
BKR,Baker Hughes,Energy,1998-08-31,30.21285237158662,18.25,49.625,-0.6322418136020151,60902538.690476194,0.008564802689076334,-0.20534239484476235,-0.2050947414322081,-0.002293622464377143,-0.2982403563197237,-0.23659766208649402,0.9050761003294583,0.5124290114406671,0.4892698653261391,1.0732940525865606,0.45037805284224475,0.13697486250500124,0.8921286915422173,0.6625160710983051,0.1027667120609238,-0.1738711531870918,-0.1738711531870918,,,,,,,,,,,,,,,,,,,,,,,
CAR,Avis Budget Group,Industrials,1998-08-31,34.18832844477784,18.600000381469727,66.69999694824219,-0.721139411806826,144615279.5782204,0.6344090458751357,0.420501848341297,0.4207495017538513,0.4247313469738001,0.12878461311845357,0.19042730735168323,0.5483873744190135,0.15574028553022234,0.13258113941569433,0.1357527384080066,-0.4871632613363093,-0.8005664516735528,0.6404304013486326,0.41081778090472043,-0.1489315781326609,-0.44086007569526076,-0.44086007569526076,,,,,,,,,,,,,,,,,,,,,,,
CCK,Crown Holdings,Materials,1998-08-31,30.984565181664593,32.75,59.75,-0.4518828451882845,21804667.361111112,0.03868108636283907,-0.17522611117099962,-0.17497845775844537,-0.13901589951401128,-0.4349626333693578,-0.37331993913612815,-0.16252067215722565,-0.5551677610460168,-0.5783269071605448,-0.5690947667814347,-1.1920107665257507,-1.505413956862994,-0.8819000186697236,-1.1115126391136356,-1.671261998151017,-0.2671755717602454,-0.5810301693198333,,,,,,,,,,,,,,,,,,,,,,,
EOG,EOG Resources,Energy,1998-08-31,34.53757631795868,3.25,7.65625,-0.5755102040816327,7516660.218253968,0.15604034817750945,-0.05786684935632924,-0.05761919594377499,0.2765869943983026,-0.019359739457043945,0.04228295477618571,0.8532661924550775,0.4606191035662863,0.4374599574517583,1.9858061499885018,1.362890150244186,1.0494869599069423,1.4774192926630176,1.2478066722191055,0.6880573131817241,-0.09615317841810511,-0.09615317841810511,,,,,,,,,,,,,,,,,,,,,,,
ETN,Eaton Corporation,Industrials,1998-08-31,33.36408407443149,12.703669548034668,22.42462158203125,-0.43349458533498453,31248239.810118843,0.1739817803751209,-0.03992541715871778,-0.039677763746163525,0.20051870103989722,-0.09542803281544932,-0.03378533858221966,0.7115795252057144,0.31893243631692325,0.29577329020239523,0.18745536266494445,-0.43546063707937144,-0.748863827416615,0.8109651094654196,0.5813524890215074,0.021603129984126057,-0.018142964291273267,-0.018142964291273267,,,,,,,,,,,,,,,,,,,,,,,
MOS,Mosaic Company (The),Materials,1998-08-31,30.0630726487897,18.375,44.5,-0.5870786516853932,12348619.047619049,0.24960204603389657,0.035694848500057885,0.03594250191261214,0.09356334730448768,-0.20238338655085886,-0.1407406923176292,-0.11896164339592363,-0.5116087322847148,-0.5347678783992429,-0.16992447738800376,-0.7928404771323196,-1.1062436674695633,-0.32277044696497503,-0.5523830674088872,-1.1121324264462684,-0.11896164339592363,-0.291627473235502,,,,,,,,,,,,,,,,,,,,,,,
PTC,PTC Inc.,Information Technology,1998-08-31,32.89452823012502,25.625,90.78125,-0.7177280550774527,88093135.01984127,0.6585365853658536,0.4446293878320149,0.44487704124456917,0.5,0.20405326614465347,0.2656959603778831,0.36585365853658547,-0.026793430352205716,-0.049952576466733734,0.30487804878048785,-0.31803795096382803,-0.6314411413010715,-0.2887804729182546,-0.5183930933621668,-1.0781424523995482,-0.1707317073170732,-0.2804878048780488,,,,,,,,,,,,,,,,,,,,,,,
R,Ryder,Industrials,1998-08-31,34.64526027957564,23.5625,43.0,-0.45203488372093026,8739945.436507937,0.22706363206028324,0.01315643452644455,0.013404087938998804,0.15993782588965466,-0.13600890796569187,-0.07436621373246222,-0.03488167246986651,-0.4275287613586577,-0.4506879074731857,-0.1346921944381282,-0.7576081941824441,-1.0710113845196876,0.04843638213099499,-0.18117623831291718,-0.7409255973502985,-0.16978122447201105,-0.2258043912527834,,,,,,,,,,,,,,,,,,,,,,,
ROK,Rockwell Automation,Industrials,1998-08-31,33.22281449674807,36.25,70.625,-0.48672566371681414,26148482.34126984,0.35904891374039716,0.14514171620655847,0.14538936961911272,0.5374481744277217,0.24150144057237521,0.30314413480560487,1.0633237651331693,0.6706766762443781,0.6475175301298501,0.4473035408562722,-0.17561245888804367,-0.4890156492252872,0.5408896834023504,0.31127706295843827,-0.24847229607894306,-0.11379341736744952,-0.11379341736744952,,,,,,,,,,,,,,,,,,,,,,,
SNA,Snap-on,Industrials,1998-08-31,34.180583958148105,26.25,46.4375,-0.43472409152086133,7681825.396825396,0.3035655214517967,0.08965832391795803,0.08990597733051228,0.09078905096519185,-0.20515768289015468,-0.14351498865692502,0.3225477963906451,-0.07009929249814606,-0.09325843861267408,0.24657245035152386,-0.376343549392792,-0.6897467397300355,0.06668378995518798,-0.1629288304887242,-0.7226781895261055,-0.028571731096420527,-0.16948615680394874,,,,,,,,,,,,,,,,,,,,,,,
UNP,Union Pacific Corporation,Industrials,1998-08-31,33.682493866090255,9.953125,18.24609375,-0.4545065296510383,47815700.496031746,0.22753596384038133,0.013628766306542639,0.013876419719096894,0.18823235877306277,-0.10771437508228376,-0.04607168084905411,0.24348266501115967,-0.1491644238776315,-0.17232356999215953,0.034972419694592416,-0.5879435800497235,-0.901346770386967,0.4095585118259806,0.1799458913820684,-0.3798034676553129,-0.047003117960135676,-0.11283306538958171,,,,,,,,,,,,,,,,,,,,,,,
VLO,Valero Energy,Energy,1998-08-31,33.853964648065784,4.084781169891357,9.82632541656494,-0.5843022700016275,7434702.255071035,0.1787038240953609,-0.03520337343847779,-0.03495572002592354,-0.009898553678770572,-0.3058452875341171,-0.24420259330088745,0.2068244468203133,-0.18582264206847787,-0.2089817881830059,0.7335957261613637,0.11067972641704782,-0.2027234639201957,1.408278773832107,1.1786661533881948,0.6189167943508135,-0.059227223829322995,-0.059227223829322995,,,,,,,,,,,,,,,,,,,,,,,
AVT,Avnet,Information Technology,1998-09-30,32.700955419099884,18.40625,37.25,-0.5058724832214765,6636967.46031746,0.6479836803458101,0.4320408756909573,0.43626043071120946,0.0048278407238442345,-0.26410513395246626,-0.17961264605783586,0.15616850481651712,-0.12390799538095587,-0.14100522498135348,0.5771398358890243,0.13503520212471742,-0.12689993661975663,0.027623809295235002,-0.03405109904996406,-0.4454772578311532,-0.07036354188823979,-0.07036354188823979,,,,,,,,,,,,,,,,,,,,,,,
CMI,Cummins,Industrials,1998-09-30,32.81451680735819,7.4375,20.75,-0.641566265060241,11851889.484126983,0.20193298927638414,-0.014009815378468682,-0.009790260358216507,0.2120318135897339,-0.05690116108657661,0.02759132680805379,0.7144237537490372,0.4343472535515642,0.4172500239511666,0.06544513528019058,-0.3766594984841163,-0.6385946372285903,0.21210582520555366,0.1504309168603546,-0.26099524192083456,-0.04831965967042329,-0.04831965967042329,,,,,,,,,,,,,,,,,,,,,,,
DE,Deere & Company,Industrials,1998-09-30,34.092630666669834,15.125,32.0625,-0.5282651072124757,57610447.81746032,0.09442041396301248,-0.12152239069184034,-0.11730283567158817,0.29339074715407176,0.024457772477761264,0.10895026037239167,0.31006056545769867,0.02998406526022568,0.012886835659828066,0.15306982046474937,-0.2890348132995575,-0.5509699520440315,0.3337795330894866,0.27210462474428754,-0.13932153403690162,-0.0619836729079436,-0.0619836729079436,,,,,,,,,,,,,,,,,,,,,,,
EHC,Encompass Health,Health Care,1998-09-30,32.69096170780634,41.766109466552734,122.56364440917967,-0.6592292137861351,48176771.970138304,0.47023838742930657,0.25429558277445374,0.2585151377947059,-0.011904263106950252,-0.28083723778326075,-0.19634474988863035,-0.41666633903807726,-0.6967428392355502,-0.7138400688359479,-0.23214234162930114,-0.674246975393608,-0.936182114138082,0.5485721365701244,0.4868972282249253,0.07547106944373616,-0.5654759063342555,-0.5654759063342555,,,,,,,,,,,,,,,,,,,,,,,
IFF,International Flavors & Fragrances,Materials,1998-09-30,33.03804268442238,33.0,55.875,-0.4093959731543624,15546294.146825397,0.3509885707140068,0.13504576605915397,0.13926532107940615,0.16019241359786207,-0.10874056107844843,-0.024248073183818025,0.08612644662108804,-0.19395005357638495,-0.21104728317678256,-0.3957750885164064,-0.8378797222807133,-1.0998148610251874,-0.058452258838114224,-0.12012716718331329,-0.5315533259645024,-0.013257550773231763,-0.42474475369393017,,,,,,,,,,,,,,,,,,,,,,,
LRCX,Lam Research,Information Technology,1998-09-30,34.78425340459812,0.3333329856395721,2.4458329677581787,-0.8637139207649568,14550661.862672795,0.7812519879359257,0.5653091832810728,0.569528738301325,1.9000034075133878,1.6310704328370773,1.7155629207317078,5.100004715660943,4.81992821546347,4.802830985863072,5.281255311052697,4.839150677288391,4.577215538543916,4.085004166555456,4.023329258210257,3.611903099429068,-0.16249796960407215,-0.16249796960407215,,,,,,,,,,,,,,,,,,,,,,,
MGM,MGM Resorts,Consumer Discretionary,1998-09-30,33.68646157294266,5.765625,12.4375,-0.5364321608040201,5165791.964285715,0.17615166176592845,-0.03979114288892438,-0.035571587868672205,0.45799469043630436,0.18906171575999386,0.27355420365462424,1.2168020181555095,0.9367255179580365,0.9196282883576389,2.3194519391848196,1.8773473054205128,1.6154121666760388,0.9605290965781246,0.8988541882329255,0.48742802945173636,-0.02168039743755401,-0.02168039743755401,,,,,,,,,,,,,,,,,,,,,,,
TKR,Timken,Industrials,1998-09-30,32.97133370798791,10.82677173614502,30.019685745239254,-0.6393442680237913,7053857.649743913,0.2595990959833261,0.04365629132847326,0.04787584634872544,0.09472603172787641,-0.17420694294843408,-0.08971445505380368,0.10617598376420423,-0.17390051643326876,-0.19099774603366637,-0.02194934266781179,-0.46405397643211865,-0.7259891151765927,0.025580884020381278,-0.036094024324817786,-0.44752018310600694,-0.09917362550981623,-0.09917362550981623,,,,,,,,,,,,,,,,,,,,,,,
HST,Host Hotels & Resorts,Real Estate,1999-01-31,34.7282704193977,10.890847206115724,38.16079330444336,-0.7146063731110218,9387589.30745028,0.2196510850761071,0.17330057154905298,0.14729681304151204,-0.03800669008262647,-0.0835779638029065,-0.142968568586759,-0.13172992356811986,-0.23676000688289756,-0.28972733922564203,0.43377243090873563,0.3374639768091785,0.06539066147561845,0.16872746760264223,0.2515833800448105,-0.24843833497871964,-0.296047279532098,-0.296047279532098,,,,,,,,,,,,,,,,,,,,,,,
OXY,Occidental Petroleum,Energy,1999-01-31,33.74592251469811,7.27527904510498,18.981592178344727,-0.6167192416342697,17652877.34595055,0.35174742245074353,0.3053969089236894,0.2793931504161485,0.32521715574011534,0.2796458820198353,0.22025527723598282,0.37867462729127865,0.27364454397650095,0.22067721163375648,0.6520238462292485,0.5557153921296913,0.2836420767961313,0.9578759390121103,1.0407318514542787,0.5407101364307485,-0.037036698816885205,-0.037036698816885205,,,,,,,,,,,,,,,,,,,,,,,
SCI,Service Corp Intl,Consumer Discretionary,1999-01-31,31.286892483627938,15.875,47.125,-0.6631299734748011,53657098.41269841,0.3144807014597377,0.2681301879326836,0.24212642942514268,0.010745834709191326,-0.0348254390110887,-0.0942160437949412,-0.7061246294079637,-0.8111547127227414,-0.8641220450654858,-0.7520175293769357,-0.8483259834764928,-1.1203992988100528,-0.6715035851176785,-0.5886476726755102,-1.0886693876990403,-0.7061246294079637,-0.8993577364690318,,,,,,,,,,,,,,,,,,,,,,,
EVRG,Evergy,Utilities,1999-02-28,33.89584231736154,28.1875,44.1875,-0.36209335219236205,5410020.238095238,0.0508108791245554,-0.005487956064727628,-0.07231669257681586,-0.12016412109227381,-0.19478165938087943,-0.24967845160701926,-0.40111282922411096,-0.5253708878010271,-0.6846729496319677,0.04035066851529012,0.015759754100786116,-0.317076754193115,-0.24087012924257234,-0.17140423321217046,-0.7395117230814856,-0.4059622444668295,-0.41065509696464253,,,,,,,,,,,,,,,,,,,,,,,
SWK,Stanley Black & Decker,Industrials,1999-02-28,34.66161850921108,24.3125,57.25,-0.5753275109170306,9167790.773809524,0.35118853562068963,0.2948897004314066,0.22806096391931838,0.1015463759020816,0.026928837613475975,-0.027967954612663853,-0.02473908822726134,-0.14899714680417753,-0.3082992086351181,0.5294012618726265,0.5048103474581225,0.17197383916422138,1.2814000093903108,1.3508659054207128,0.7827584155513976,-0.0736439983238516,-0.19727076505118124,,,,,,,,,,,,,,,,,,,,,,,
HUM,Humana,Health Care,1999-07-31,34.94773915434044,10.875,35.08333206176758,-0.6900237417342937,11384867.757936507,-0.3678162128834981,-0.4027383789421799,-0.33843435108680164,-0.26436792660645037,-0.3212352211553292,-0.2825710170235608,-0.32758649157263664,-0.41579330042263696,-0.4587635547538488,0.02528702327396415,0.09152522598809087,-0.23418674826229297,0.13195439200277392,0.42094040912370845,-0.08171765145875576,-0.5632184642880587,-0.5632184642880587,,,,,,,,,,,,,,,,,,,,,,,
ADM,Archer Daniels Midland,Consumer Staples,1999-09-30,34.581189387939474,10.997732162475586,20.259048461914062,-0.45714468361380645,15418390.977285521,0.004098427562265083,-0.13947808073163714,-0.11559329859346255,-0.1424256453819126,-0.31622880700834854,-0.3033423148222755,-0.23934871649002887,-0.36592563087119145,-0.48904589412182464,0.18415412461622727,0.35477017124983234,0.000476693504214476,0.19536205296616282,0.53651873545848,-0.03834873492628946,-0.27793235603286426,-0.27793235603286426,,,,,,,,,,,,,,,,,,,,,,,
AEP,American Electric Power,Utilities,1999-09-30,34.95560553288489,34.125,53.3125,-0.3599062133645955,15928409.623015873,-0.04227731210650265,-0.18585382040040488,-0.1619690382622303,-0.09510140147625168,-0.2689045631026876,-0.2560180709166146,0.23003335723236962,0.10345644285120703,-0.019663820399426157,0.43402702583708974,0.6046430724706948,0.25034959472507695,0.004365093995519098,0.3455217764878362,-0.22934569389693318,-0.212719475355845,-0.212719475355845,,,,,,,,,,,,,,,,,,,,,,,
ALL,Allstate,Financials,1999-09-30,28.425434871168505,24.9375,52.375,-0.5238663484486874,98715812.00396825,-0.02986666210125244,-0.17344317039515467,-0.1495583882569801,-0.032087692243083055,-0.205890853869519,-0.19300436168344598,0.4299047218528673,0.30332780747170474,0.18020754422107155,0.5666738513410392,0.7372898979746443,0.3829964202290264,0.525474938436413,0.8666316209287301,0.29176415054396077,-0.30137541853469274,-0.30137541853469274,,,,,,,,,,,,,,,,,,,,,,,
ASH,Ashland Global,Materials,1999-09-30,32.36255027709733,12.786478996276855,22.031721115112305,-0.419633222049721,8566550.526071897,-0.01283948443409988,-0.1564159927280021,-0.13253121058982753,0.062354184485591935,-0.11144897714084401,-0.09856248495477099,0.09326780205577823,-0.03330911232538436,-0.15642937557601755,0.2871452322368504,0.4577612788704555,0.10346780112483761,-0.07926399455380273,0.2618926879385144,-0.312974782446255,-0.13434673385880858,-0.13434673385880858,,,,,,,,,,,,,,,,,,,,,,,
CB,Chubb Limited,Financials,1999-09-30,34.13347756651952,16.9375,43.0,-0.6061046511627908,22374995.634920634,-0.008295765075031158,-0.15187227336893339,-0.1279874912307588,0.367330523762295,0.19352736213585908,0.2064138543219321,1.3655903495136563,1.2390134351324937,1.1158931718818605,0.7697632802327943,0.9403793268663994,0.5860858491207814,0.8488611988734103,1.1900178813657274,0.615150410980958,-0.16429416857186185,-0.16429416857186185,,,,,,,,,,,,,,,,,,,,,,,
ORI,Old Republic International,Financials,1999-09-30,34.12391185047521,7.699999809265137,17.200000762939453,-0.5523256123420532,6448536.836178038,-0.04635932798250442,-0.18993583627640664,-0.16605105413823207,-0.026785000086587463,-0.2005881617130234,-0.1877016695269504,0.7270733637516387,0.6004964493704761,0.4773761861198429,0.9109424809253366,1.0815585275589417,0.7272650498133237,1.1116582154575898,1.452814897949907,0.8779474275651376,-0.24797023623429437,-0.24797023623429437,,,,,,,,,,,,,,,,,,,,,,,
WM,Waste Management,Industrials,1999-09-30,34.60822921644251,19.25,60.0,-0.6791666666666667,202382275.09920636,-0.10714198266139896,-0.2507184909553012,-0.2268337088171266,-0.2889608109879316,-0.4627639726143675,-0.4498774804282945,-0.09365039270390285,-0.22022730708506544,-0.3433475703356986,0.3904043381070419,0.561020384740647,0.2067269069950291,0.21309344883758774,0.5542501313299049,-0.020617339054864542,-0.32467512509132124,-0.32467512509132124,,,,,,,,,,,,,,,,,,,,,,,
IT,Gartner,Information Technology,1999-10-31,32.393127034497,9.75,43.125,-0.7739130434782608,6728715.674603174,0.5961538461538463,0.5749492288310083,0.5524331317544103,0.3846153846153846,0.32023978476907367,0.2458074307819424,-0.02564102564102566,-0.07942431984647225,-0.26022792897533964,-0.06769229204226768,0.14271901251416175,-0.27517194558796354,-0.17948717948717952,0.15039649610128836,-0.44705332637715495,-0.21794871794871795,-0.4198717948717948,,,,,,,,,,,,,,,,,,,,,,,
LMT,Lockheed Martin,Industrials,1999-10-31,29.59060808881189,20.0,58.9375,-0.6606574761399788,54131905.15873016,-0.06474411129698088,-0.08594872861981884,-0.10846482569641683,0.26541022263346514,0.20103462278715423,0.12660226880002295,0.8394328491097245,0.7856495549042779,0.6048459457754105,1.5321521741442523,1.7425634787006818,1.3246725205985566,2.029980422901786,2.359864098490254,1.7624142760118107,-0.1606325695317108,-0.1606325695317108,,,,,,,,,,,,,,,,,,,,,,,
MAT,Mattel,Consumer Discretionary,1999-10-31,31.073166188274726,13.4375,46.5625,-0.7114093959731543,65775356.770833336,-0.2184045687638818,-0.23960918608671977,-0.26212528316331773,-0.06918000221244158,-0.1335556020587525,-0.20798795604588377,-0.006772848659533315,-0.0605561428649799,-0.2413597519938473,0.4602205388514611,0.6706318434078905,0.2527408853057652,0.4200087259119105,0.7498924015003784,0.1524425790219351,-0.3243284528694558,-0.3243284528694558,,,,,,,,,,,,,,,,,,,,,,,
MOS,Mosaic Company (The),Materials,1999-10-31,33.69885969535025,12.75,44.5,-0.7134831460674158,9022690.575396825,0.29125850829232625,0.2700538909694883,0.2475377938928903,0.2249049694683889,0.16052936962207798,0.0860970156349467,0.03779147178501541,-0.01599182242043118,-0.19679543154929857,-0.1297729036478772,0.08063840090855223,-0.33725255719357305,-0.10446514522684935,0.22541853036161852,-0.3720312921168248,-0.11762656582578801,-0.3523892920376325,,,,,,,,,,,,,,,,,,,,,,,
PCG,PG&E Corporation,Utilities,1999-10-31,32.58779340079782,22.9375,36.75,-0.37585034013605445,23482956.944444444,-0.0299017892622937,-0.05110640658513166,-0.07362250366172965,0.1634072778616813,0.09903167801537038,0.02459932402823911,0.23416366187367776,0.18038036766823118,-0.0004232414606362145,-0.16092558944299384,0.04948571511343558,-0.3684052429886897,-0.49590506804157175,-0.16602139245310388,-0.7634712149315472,-0.12939872759296667,-0.6980076302338876,,,,,,,,,,,,,,,,,,,,,,,
WDC,Western Digital,Information Technology,1999-10-31,34.83693271656455,2.456537961959839,41.38322067260742,-0.9406392754833148,11392749.817209464,0.46153909234193247,0.4403344750190945,0.41781837794249654,1.1153851223637012,1.0510095225173903,0.9765771685302591,0.8461539396062121,0.7923706454007655,0.6115670362718981,0.03076885976333754,0.24118016431976697,-0.1767107937823583,0.9046161884926374,1.2344998640811053,0.6370500416026619,-0.1538460623620287,-0.39999986324438697,,,,,,,,,,,,,,,,,,,,,,,
LHX,L3Harris,Industrials,1999-11-30,34.294330057395555,9.92039966583252,26.12962532043457,-0.6203390004955673,15415258.449925136,0.5178565730548748,0.528672204209304,0.4849877110643374,0.45997270559473935,0.42949101270753554,0.3679361168742919,0.4737345042273191,0.5145909978491583,0.31725840528323773,0.5395906943750695,0.7023732567471271,0.2627128668007152,0.3103715365007442,0.6105749000596882,-0.015499531585728754,-0.007126568769871056,-0.007126568769871056,,,,,,,,,,,,,,,,,,,,,,,
NEE,NextEra Energy,Utilities,1999-11-30,34.909092548201414,5.46875,9.070313453674316,-0.39707155348808254,23167755.029944766,-0.10532349890819981,-0.09450786775377051,-0.13819236089873713,0.1639796970426024,0.1334980041553986,0.07194310832215495,0.580246986422817,0.6211034800446562,0.42377088747873565,0.3735547825326204,0.5363373449046781,0.09667695495826617,0.5181987559631926,0.8184021195221366,0.19232768787671967,-0.15744007498629076,-0.15744007498629076,,,,,,,,,,,,,,,,,,,,,,,
NI,NiSource,Utilities,1999-11-30,33.43656028588444,7.391944885253906,13.261297225952148,-0.44259262428806834,5899691.625762682,-0.3025732880557347,-0.2917576569013054,-0.33544215004627204,-0.011625513600875936,-0.04210720648807975,-0.10366210232132339,0.44086192304494976,0.48171841666678894,0.2843858241008684,0.2251266322563512,0.3879091946284089,-0.05175119531800304,0.21252532692684856,0.5127286904857925,-0.11334574115962442,-0.3126809670712726,-0.3126809670712726,,,,,,,,,,,,,,,,,,,,,,,
RF,Regions Financial Corporation,Financials,1999-11-30,34.911746544873026,22.223796844482425,36.95528793334961,-0.39863012609822,18608306.900272492,-0.2545040413050308,-0.2436884101506015,-0.28737290329556814,-0.1552979638533899,-0.1857796567405937,-0.24733455257383735,-0.07370523726081524,-0.03284874363897605,-0.2301813362048966,0.15402275063838244,0.3168053130104401,-0.12285507693597181,0.4423579016030823,0.7425612651620263,0.11648683351660932,-0.3258324150002908,-0.3258324150002908,,,,,,,,,,,,,,,,,,,,,,,
WEC,WEC Energy Group,Utilities,1999-11-30,30.00920314091914,9.9375,17.0,-0.4154411764705882,6503367.956349206,-0.09242032644988152,-0.08160469529545222,-0.12528918844041884,0.10422990099994034,0.07374820811273652,0.012193312279492885,0.14712358160175554,0.18798007522359472,-0.009352517342325839,0.21939674845011758,0.38217931082217527,-0.05748107912423667,0.327534468553472,0.627737832112416,0.001663400466999032,-0.13731852686743884,-0.13731852686743884,,,,,,,,,,,,,,,,,,,,,,,
CSX,CSX Corporation,Industrials,1999-12-31,34.929385840357,1.743056058883667,3.46875,-0.4974973523938978,19744544.532169614,-0.24084531406946508,-0.2672769984502754,-0.28307498277379783,-0.30622144674612684,-0.30021935286102597,-0.35717370831507667,-0.13087920834115874,-0.033464104345807266,-0.33972857188602135,0.20126967136090457,0.40481539768623265,-0.09393156314461898,-0.017819985513242043,0.35763739740961076,-0.2996920205534242,-0.36198764105285075,-0.36198764105285075,,,,,,,,,,,,,,,,,,,,,,,
MO,Altria,Consumer Staples,1999-12-31,32.458777061243595,23.0,59.5,-0.6134453781512605,307746325.0992063,-0.07578248160771972,-0.10221416598853006,-0.11801215031205248,0.20407848342949153,0.2100805773145924,0.15312622186054167,1.0588437853710748,1.1562588893664263,0.8499944218262122,1.2469529904538348,1.4504987167791628,0.9517517559483113,1.0936155573381852,1.469072940261038,0.811743522298003,-0.18750030621887392,-0.18750030621887392,,,,,,,,,,,,,,,,,,,,,,,
NSC,Norfolk Southern,Industrials,1999-12-31,34.393346457497955,20.5,41.75,-0.5089820359281437,21344168.551587302,-0.2964779054796064,-0.32290958986041673,-0.33870757418393915,-0.25707012650682337,-0.2510680326217225,-0.3080223880757732,-0.31831167599370835,-0.22089657199835688,-0.527161039538571,-0.04860791152723687,0.1549378147980912,-0.3438091460327604,0.05038811183915315,0.42584549476200595,-0.231483923201029,-0.3973762026447464,-0.3973762026447464,,,,,,,,,,,,,,,,,,,,,,,
XEL,Xcel Energy,Utilities,1999-12-31,34.25121389552001,19.5,30.8125,-0.3671399594320487,7737120.138888889,0.01923066638007831,-0.007201018000732029,-0.02299900232425444,0.053632832617994675,0.05963492650309554,0.0026805710490448165,0.5853415838786244,0.6827566878739759,0.37649222033376184,0.596295638340145,0.7998413646654731,0.30109440383462144,-0.31727318312114083,0.05818419980171197,-0.599145218161323,-0.17307732947613963,-0.17307732947613963,,,,,,,,,,,,,,,,,,,,,,,
AN,AutoNation,Consumer Discretionary,2000-01-31,33.239544802055775,7.5625,44.375,-0.8295774647887324,13405561.30952381,0.20661159449241007,0.1643370279744396,0.11707942955239507,0.007051072957476423,-0.02260214316792042,-0.09871642618857682,0.09860117049906503,0.10649383274139801,-0.15105635143101345,0.860297954106211,1.0303259004887577,0.48707867401958016,0.7431138013141045,1.1020132120034865,0.44543123680403524,-0.3225292781922432,-0.3225292781922432,,,,,,,,,,,,,,,,,,,,,,,
EFX,Equifax,Industrials,2000-01-31,33.173336949233644,21.5,45.0,-0.5222222222222221,12304093.253968254,0.1385891010866176,0.09631453456864714,0.0490569361466026,0.10773955142009117,0.07808633529469433,0.001972052274037933,0.39921858312328484,0.4071112453656178,0.14956106119320636,1.0217960292174149,1.1918239755999616,0.648576749130784,0.7245793786489976,1.0834787893383795,0.42689681413892827,-0.04825636501305808,-0.04825636501305808,,,,,,,,,,,,,,,,,,,,,,,
GPC,Genuine Parts Company,Consumer Discretionary,2000-01-31,34.81641538900713,24.125,38.25,-0.369281045751634,10731522.172619049,0.10150827054130795,0.0592337040233375,0.01197610560129296,-0.14829641276501004,-0.17794962889040689,-0.25406391191106326,0.10603455127826011,0.1139272135205931,-0.14362297065181837,0.6088633472497262,0.7788912936322728,0.23564406716309538,0.3828716677032076,0.7417710783925895,0.08518910319313827,-0.21489903540780386,-0.21489903540780386,,,,,,,,,,,,,,,,,,,,,,,
L,Loews Corporation,Financials,2000-01-31,33.206952208041216,9.333333015441896,19.270832061767575,-0.5156756602140293,18764892.168771654,-0.011120452965454164,-0.05339501948342462,-0.10065261790546916,0.13014836803956475,0.10049515191416791,0.024380868893511515,0.7601380915923797,0.7680307538347126,0.5104805696623012,1.2123836566356418,1.3824116030181886,0.839164376549011,0.6260005113779143,0.9848999220672963,0.32831794686784505,-0.3169645146823853,-0.3169645146823853,,,,,,,,,,,,,,,,,,,,,,,
VFC,VF Corporation,Consumer Discretionary,2000-01-31,33.11414436230763,6.105814933776856,12.947269439697266,-0.5284090624501885,8761427.729855923,0.10012665372441143,0.05785208720644097,0.010594488784396436,-0.13646380487839394,-0.16611702100379078,-0.24223130402444717,0.3917327556608172,0.3996254179031502,0.14207523373073874,0.6629018660979484,0.832929812480495,0.2896825860113176,0.4772482000084508,0.8361476106978327,0.1795656354983815,-0.18464070647894715,-0.18464070647894715,,,,,,,,,,,,,,,,,,,,,,,
CASY,Casey's,Consumer Staples,2000-02-29,33.92725298934893,8.375,18.25,-0.5410958904109588,5447219.419642857,0.41231051394510265,0.37056164958543913,0.2948165267945832,0.3623092640959771,0.24841778663165148,0.15487336817143982,0.47941527058519395,0.568066753580629,0.19716035127866832,0.4596936512663825,0.6320063628626271,-0.005567069530502677,0.3475131930502675,0.7052754453947946,0.012913864428405919,-0.059701530185414686,-0.059701530185414686,,,,,,,,,,,,,,,,,,,,,,,
CMS,CMS Energy,Utilities,2000-02-29,26.228986336043562,16.75,50.125,-0.6658354114713216,23850281.944444444,0.38526516622055107,0.34351630186088755,0.2677711790700316,0.6138867462863449,0.4999952688220193,0.4064508503618076,0.8721258760548414,0.9607773590502764,0.5898709567483158,0.4660810976481886,0.6383938092444332,0.0008203768513034282,-0.6786636268670441,-0.320901374522517,-1.0132629554889057,-0.003731912289750783,-0.003731912289750783,,,,,,,,,,,,,,,,,,,,,,,
CNP,CenterPoint Energy,Utilities,2000-02-29,34.11593381216059,17.33418846130371,28.13512420654297,-0.38389507954357793,17047965.44962853,0.40839465532626806,0.36664579096660455,0.2909006681757486,0.8439227317153515,0.7300312542510259,0.6364868357908142,1.1311450908758856,1.2197965738713206,0.84889017156936,0.1098651631030616,0.2821778746993062,-0.3553955576938236,-0.6312599713173014,-0.2734977189727743,-0.965859299939163,-0.03951375574192195,-0.03951375574192195,,,,,,,,,,,,,,,,,,,,,,,
ED,Consolidated Edison,Utilities,2000-02-29,29.66449813304027,27.5625,56.125,-0.5089086859688197,22904058.63095238,0.20263711165349996,0.16088824729383644,0.0851431245029805,0.1732270560776814,0.05933557861335581,-0.034208839846855854,0.4243066791579724,0.5129581621534074,0.14205175985144675,0.6652592404844182,0.8375719520806628,0.19999851968753302,0.6786720700742004,1.0364343224187276,0.3440727414523388,-0.027211448693280404,-0.027211448693280404,,,,,,,,,,,,,,,,,,,,,,,
ETR,Entergy,Utilities,2000-02-29,32.81026422300984,10.125,19.9375,-0.49216300940438873,20125287.73175194,0.46037565132575287,0.41862678696608935,0.3428816641752334,0.535556739136015,0.4216652616716894,0.3281208432114777,0.991624656690367,1.080276139685802,0.7093697373838415,1.187687055622578,1.3599997672188227,0.7224263348256929,1.4892628147539724,1.8470250670984996,1.1546634861321108,-0.21296282450204762,-0.21296282450204762,,,,,,,,,,,,,,,,,,,,,,,
FHN,First Horizon,Financials,2000-02-29,34.53282116390355,16.47585678100586,43.33866500854492,-0.6198346954674914,11987917.131682502,0.2041041559419441,0.16235529158228057,0.08661016879142464,0.3057678542615885,0.19187637679726288,0.09833195833705122,0.8743523445843671,0.9630038275798021,0.5920974252778415,1.1282282886800714,1.300541000276316,0.6629675678831862,1.4246377208012233,1.7823999731457505,1.0900383921793617,-0.06388276858746833,-0.06388276858746833,,,,,,,,,,,,,,,,,,,,,,,
GL,Globe Life,Financials,2000-02-29,32.895550732891365,8.805556297302246,22.13888931274414,-0.602258443370356,10734478.219260488,0.37755731257793546,0.33580844821827194,0.260063325427416,0.4277102395588235,0.3138187620944979,0.22027434363428622,0.7785972341330822,0.8672487171285173,0.4963423148265566,1.0717046724059989,1.2440173840022435,0.6064439516091137,0.8896680401842765,1.2474302925288034,0.5550687115624149,-0.05362790078073454,-0.05362790078073454,,,,,,,,,,,,,,,,,,,,,,,
KEY,KeyCorp,Financials,2000-02-29,30.77606749266222,16.9375,44.875,-0.6225626740947074,29633370.634920634,0.25660647691919136,0.21485761255952784,0.1391124897686719,0.22630878176029645,0.11241730429597085,0.01887288583575919,0.6164503662384728,0.7051018492339078,0.3341954469319472,0.6158781902104231,0.7881909018066677,0.15061746941353793,0.620918546146382,0.978680798490909,0.2863192175245204,-0.08118149768599048,-0.08118149768599048,,,,,,,,,,,,,,,,,,,,,,,
KR,Kroger,Consumer Staples,2000-02-29,33.91532045980287,7.46875,17.453125,-0.5720680393912265,102169141.86507936,0.3305442256061304,0.2887953612464669,0.21305023845561094,0.5198744910747013,0.4059830136103757,0.31243859515016403,0.6227614804636699,0.7114129634591049,0.3405065611571442,0.48284472753483,0.6551574391310746,0.017584006737944802,-0.11497879066674976,0.2427834616777773,-0.44957811928861136,-0.05857742702024371,-0.05857742702024371,,,,,,,,,,,,,,,,,,,,,,,
NOC,Northrop Grumman,Industrials,2000-02-29,33.60116423019575,20.469921112060547,62.793251037597656,-0.6740108089035856,17567657.772524152,0.6998725810184141,0.6581237166587506,0.5823785938678947,0.7359385992443372,0.6220471217800116,0.5285027033198,1.1053823915450862,1.1940338745405212,0.8231274722385606,1.4512392536415781,1.6235519652378227,0.985978532844693,1.0158197323762037,1.373581984720731,0.6812204037543421,-0.05931034829046267,-0.05931034829046267,,,,,,,,,,,,,,,,,,,,,,,
PNW,Pinnacle West Capital,Utilities,2000-02-29,31.302904616078976,27.5,49.25,-0.4416243654822335,10779556.646825397,0.3131311504666461,0.27138228610698256,0.19563716331612663,0.5270253784889827,0.4131339010246571,0.3195894825644454,0.7517483103692382,0.8403997933646732,0.46949339106271254,0.5853950428085384,0.757707754404783,0.1201343220116532,0.25554858704579275,0.6133108393903198,-0.07905074157606884,-0.06590962804995948,-0.06590962804995948,,,,,,,,,,,,,,,,,,,,,,,
SNA,Snap-on,Industrials,2000-02-29,32.47504697129041,21.8125,46.4375,-0.5302826379542396,7581431.646825396,0.18776808381515186,0.14601921945548835,0.07027409666463241,0.43645443879519497,0.32256296133086937,0.2290185428706577,0.3422505241536309,0.4309020071490659,0.059995604847105255,0.6891784415302677,0.8614911531265124,0.22391772073338256,0.26961345471820675,0.6273757070627338,-0.06498587390365484,-0.04297957475042169,-0.04297957475042169,,,,,,,,,,,,,,,,,,,,,,,
UNM,Unum,Financials,2000-02-29,28.814927461168622,13.375,62.5,-0.786,35328979.985119045,0.7123525680583471,0.6706037036986836,0.5948585809078277,0.6500051800550273,0.5361137025907017,0.44256928413049,1.0103917773212414,1.0990432603166764,0.7281368580147158,1.2224154562468255,1.39472816784307,0.7571547354499403,0.04975726084696008,0.40751951319148716,-0.2848420677749015,-0.10747657996613091,-0.10747657996613091,,,,,,,,,,,,,,,,,,,,,,,
PG,Procter & Gamble,Consumer Staples,2000-03-31,34.33628871627167,28.375,59.1875,-0.5205913410770855,511101755.77876985,0.004659535300845397,0.036258110013079436,-0.007686213526323591,0.19328747502206545,0.23352100717564728,0.08462432657477949,0.12574738444747258,0.34147493782492033,-0.012967184881758076,0.6556777910818266,0.8760127547573913,0.2331634025006885,0.6801643381108087,1.09341634054944,0.4447442493780728,-0.05730184573092478,-0.05730184573092478,,,,,,,,,,,,,,,,,,,,,,,
HRB,H&R Block,Consumer Discretionary,2000-05-31,32.00154571166422,7.71875,14.875,-0.48109243697478987,25467781.646825396,0.17244653539275778,0.10319509142885552,0.08419926773875643,0.15912006237728504,0.22834806225486426,0.08608589688837798,0.9919304444090531,1.1005954042894013,0.7669509707255755,2.047703388065273,2.2790827946263947,1.6459210002506586,1.8250024536646619,2.1181634215286165,1.4187754492825093,-0.12002698075563922,-0.12002698075563922,,,,,,,,,,,,,,,,,,,,,,,
CCL,Carnival Corporation,Consumer Discretionary,2000-06-30,34.395610303197316,19.5,53.5,-0.6355140186915889,55356674.8015873,0.2691855010345814,0.27810221389338563,0.17897133425098133,0.5953175895340255,0.6872825821641849,0.4236593025904737,0.6009118870427161,0.7476117618850149,0.3498942521450608,0.4654843861676783,0.7673345798402332,0.07053127239673423,0.7483391954375445,1.0477601007031137,0.2994955558085667,-0.04487134634042167,-0.1131878534602282,,,,,,,,,,,,,,,,,,,,,,,
HBAN,Huntington Bancshares,Financials,2000-06-30,33.560271393844545,14.375,30.888429641723636,-0.534615382952895,10180330.687337754,0.03279273464336274,0.041709447502166985,-0.0574214321402373,0.15302846202813436,0.2449934546582938,-0.018629824915417398,0.19593958998852257,0.3426394648308213,-0.05507804490913276,0.4709007138315062,0.7727509075040612,0.07594760006056217,0.5279245445484368,0.8273454498140062,0.07908090491945907,-0.11992833531615454,-0.11992833531615454,,,,,,,,,,,,,,,,,,,,,,,
ROK,Rockwell Automation,Industrials,2000-06-30,33.34261396143489,31.5,70.625,-0.5539823008849558,27792455.70436508,-0.03111008195777465,-0.022193369098970406,-0.1213242487413747,0.5317399013861912,0.6237048940163507,0.3600816144426394,0.23999272121496884,0.3866925960572676,-0.011024913682686488,0.7623027016395758,1.0641528953121306,0.36734958786863176,1.1734372255221435,1.4728581307877127,0.7245935858931657,-0.11501341852899127,-0.11501341852899127,,,,,,,,,,,,,,,,,,,,,,,
HAS,Hasbro,Consumer Discretionary,2000-07-31,32.06346551795302,11.375,37.0,-0.6925675675675675,11811129.712301588,-0.04938094962125972,-0.05156516729589977,-0.1308313431751897,0.05320898677493391,0.08967357288967992,-0.09376562215485984,0.43367610912476473,0.5756022671933234,0.20551014307886536,0.09959270650856888,0.4462114033439123,-0.1427582264834415,0.7072116435801601,0.98262522644971,0.2200723130027744,-0.25940133993335024,-0.25940133993335024,,,,,,,,,,,,,,,,,,,,,,,
LPX,Louisiana-Pacific,Industrials,2000-07-31,34.724614779698726,9.6875,48.0,-0.7981770833333334,7053368.353174604,-0.1114617072462214,-0.11364592492086145,-0.1929121008001514,0.1879140583781076,0.2243786444928536,0.04093944944831385,0.15044325081452792,0.2923694088830866,-0.07772271523137145,-0.13826278688494953,0.20835590995039388,-0.3806137198769599,0.32198355652105115,0.597397139390601,-0.16515577405633453,-0.26172919763640534,-0.4059236835641933,,,,,,,,,,,,,,,,,,,,,,,
PPG,PPG Industries,Materials,2000-07-31,34.80372526281653,20.34375,38.3125,-0.46900489396411094,27450236.507936507,0.10727247667676165,0.1050882590021216,0.025822083122831657,0.15607607315028105,0.19254065926502706,0.009101464220487299,0.3979237545207599,0.5398499125893186,0.16975778847486053,0.5075723007561417,0.8541909975914851,0.2652213677641313,0.5345431982166957,0.8099567810862456,0.04740386763931004,-0.10673824058242021,-0.10673824058242021,,,,,,,,,,,,,,,,,,,,,,,
IFF,International Flavors & Fragrances,Materials,2000-08-31,34.27907446481592,25.75,55.875,-0.5391498881431767,9601100.942460317,-0.26221341657220343,-0.13270277188407098,-0.2567740662784068,-0.19579756056604292,-0.013963903915009457,-0.26443512157392374,0.21531926991931205,0.4576629151618059,0.0631104557554055,0.3257457441954801,0.7082672459321151,0.11704439458690674,0.31986424045323125,0.6256906802800613,-0.15663204397824348,-0.42013425301281226,-0.42013425301281226,,,,,,,,,,,,,,,,,,,,,,,
TXT,Textron,Industrials,2000-09-30,33.086133247248725,23.09375,49.0,-0.5286989795918368,22345790.749007937,0.013929657515884486,0.09772511734137501,-0.055687965900377306,0.24665128332247055,0.42950203619118654,0.20387554607441932,-0.24379750601812467,0.020004243530434174,-0.29609837594749444,-0.20893438811222453,0.20624684887451894,-0.35090769186074167,-0.052877082018023325,0.22066513378325248,-0.5211624048188883,-0.27777141742057054,-0.2959958061838911,,,,,,,,,,,,,,,,,,,,,,,
CGNX,Cognex,Information Technology,2000-11-30,34.88263362706088,4.390625,18.28125,-0.7598290598290598,10989247.439499507,0.17081933527135007,0.23092691917644614,0.0905934338454754,0.704199320223287,0.7465694817640102,0.5344204997913361,0.27544490017097,0.4025646355801433,0.10678238458203118,0.2782920589004909,0.5486862889739751,0.019694767163243032,0.570721258663387,0.7306714875974674,-0.12766195248771584,-0.08185024293947385,-0.2592168216874067,,,,,,,,,,,,,,,,,,,,,,,
CSCO,Cisco,Information Technology,2001-03-31,33.36563553351185,15.8125,82.0,-0.8071646341463414,2445378194.047619,0.1509882405219345,0.09735303892898717,0.03281839059018775,-0.22972333329006334,-0.13065820294327235,-0.2231846671092712,0.07067228650330515,0.07654704382514999,-0.1950690495200505,-0.1791303174872828,0.0727266104359372,-0.2629427976953685,0.4905928126217558,0.4763173598307222,-0.213616915816626,-0.30181798696866846,-0.4864822518442301,,,,,,,,,,,,,,,,,,,,,,,
EIX,Edison International,Utilities,2001-04-30,33.33126905220239,9.850000381469728,31.0,-0.6822580522106539,28187105.811085775,0.4253799017426201,0.4645787706391189,0.3730494296219018,0.44263897722558565,0.6018132054743744,0.47780115541356954,0.8426386535491392,0.9800289057515137,0.6450003172343876,0.4812180807820885,0.7336462421853689,0.3783892598137081,1.417936422393447,1.5011804966258233,0.8637445794022626,-0.1005077913264969,-0.2081220064406889,,,,,,,,,,,,,,,,,,,,,,,
ROK,Rockwell Automation,Industrials,2001-07-31,33.57978292579669,16.049999237060547,70.625,-0.7727433736345409,25558675.052350666,-0.1326798301064377,-0.007809703013128,-0.0486397884605515,0.22605424031535293,0.2866601449395412,0.18722053446549036,0.19787836662448277,0.43642722892990116,0.21359825789134826,0.7293759511059306,0.8849423118057554,0.5489118257592026,1.5586654581361192,1.6020597380264876,1.0537892830944728,-0.25856156194571644,-0.25856156194571644,,,,,,,,,,,,,,,,,,,,,,,
AES,AES Corporation,Utilities,2001-09-30,28.923623653548304,12.81999969482422,72.8125,-0.8239313346633583,113002326.64754201,0.2753510391422518,0.17717884325184907,0.08945511903945438,-0.29797186671739906,-0.4014092806348083,-0.597992126739071,-0.8042121711878489,-0.5985889068764249,-0.8508038758046774,-0.42121682026572627,-0.4079860549837604,-0.7878119242329225,-0.22074853921135895,-0.34192143040846446,-1.0151763340749191,-0.9095163669278661,-0.9282371283112001,,,,,,,,,,,,,,,,,,,,,,,
AXP,American Express,Financials,2001-09-30,31.62558233295458,25.43621826171875,55.14390182495117,-0.5387301692494758,205646250.33333114,0.23154623204064606,0.13337403615024335,0.04565031193784866,0.41657270470874574,0.3131352907913365,0.11655244468707382,0.08284082844328178,0.28846409275470586,0.03624912382645334,0.5797663846959513,0.5929971499779172,0.21317128072875513,0.8189384886420568,0.6977655974449513,0.024510693778496573,-0.07901408850415093,-0.07901408850415093,,,,,,,,,,,,,,,,,,,,,,,
CMS,CMS Energy,Utilities,2001-09-30,33.806377017537145,20.0,50.125,-0.600997506234414,24384201.718869284,0.22177080715728326,0.12359861126688054,0.035874887054485854,0.16935028316496759,0.06591286924755835,-0.13066997685670434,-0.5673674758809111,-0.361744211569487,-0.6139591804977396,-0.5956350834315451,-0.5824043181495793,-0.9622301873987413,-0.4776725671592613,-0.5988454583563668,-1.2721003620228215,-0.6375411834451707,-0.8129058006067434,,,,,,,,,,,,,,,,,,,,,,,
DIS,Walt Disney Company (The),Communication Services,2001-09-30,31.19344676700294,18.368629455566406,43.28268814086914,-0.5756125544748212,200510895.70021448,0.12459048251391858,0.026418286623515863,-0.061305437588878825,0.25268100205019794,0.1492435881327887,-0.04733925797147398,-0.1782674809958662,0.02735578331555788,-0.22485918561269463,0.10839835300671741,0.12162911828868328,-0.2581967509604788,0.2509665819627602,0.12979369076565472,-0.5434612129008,-0.2683647656028785,-0.2683647656028785,,,,,,,,,,,,,,,,,,,,,,,
EVRG,Evergy,Utilities,2001-09-30,34.96437239365403,16.549999237060547,44.1875,-0.625459706091982,14698859.778640384,0.05744485403869226,-0.04072734185171045,-0.12845106606410514,0.07279258363370555,-0.030644830283703683,-0.22722767638796637,-0.34266261469728787,-0.1370393503858638,-0.3892543193141163,0.28559697176983945,0.2988277370518053,-0.08099813219735674,0.462011848854605,0.3408389576574995,-0.3324159460089552,-0.3831747485907405,-0.44459582452007407,,,,,,,,,,,,,,,,,,,,,,,
HPQ,HP Inc.,Information Technology,2001-09-30,32.36975634926809,7.288827896118164,35.42234420776367,-0.7942307868342423,174812975.0229358,0.2846446407389571,0.1864724448485544,0.09874872063615972,0.1264906872019318,0.023053273284522557,-0.17352957281974013,-0.2594325519454136,-0.05380928763398951,-0.306024256562242,0.24994043193290816,0.26317119721487403,-0.11665467203428803,0.22915438289776957,0.10798149170066407,-0.5652734119657906,-0.32185803158217585,-0.32185803158217585,,,,,,,,,,,,,,,,,,,,,,,
HST,Host Hotels & Resorts,Real Estate,2001-09-30,33.31786334023157,6.901615142822266,38.16079330444336,-0.8191438241924951,12562448.20267762,0.2765961054756094,0.1784239095852067,0.09070018537281202,0.6950359086456632,0.591598494728254,0.3950156486239913,0.31631109729078744,0.5219343616022115,0.269719392673959,0.5219861148260678,0.5352168801080337,0.15539101085887164,0.9900705273729733,0.8688976361758678,0.1956427325094131,-0.0851063702011261,-0.13900696147287395,,,,,,,,,,,,,,,,,,,,,,,
RCL,Royal Caribbean Group,Consumer Discretionary,2001-09-30,33.92215719461119,10.729999542236328,58.875,-0.8177494769896165,27088752.768466588,0.5218492987495951,0.42367710285919236,0.33595337864679764,1.1314146486900682,1.027977234772659,0.8313943886683963,0.5262182567217117,0.7318415210331358,0.4796265521048833,1.769029268535685,1.7822600338176509,1.4024341645684888,3.352350334581332,3.2311774433842264,2.557922539717772,-0.22460396531740856,-0.22460396531740856,,,,,,,,,,,,,,,,,,,,,,,
SIRI,SiriusXM,Communication Services,2001-09-30,34.50368796665495,35.900001525878906,694.375,-0.9482988276855029,5243008.035426064,2.239552688476943,2.1413804925865403,2.053656768374146,0.4818939168795615,0.3784565029621523,0.1818736568578896,-0.7214485991182461,-0.515825334806822,-0.7680403037350746,-0.4930361140118167,-0.4798053487298508,-0.8596312179790129,-0.1086354762807108,-0.2298083674778163,-0.903063271144271,-0.8105849890907707,-0.8941504527904509,,,,,,,,,,,,,,,,,,,,,,,
CVS,CVS Health,Health Care,2001-10-31,30.385052685926127,11.949999809265137,31.875,-0.6250980451995252,121614276.52942719,0.14043833599339028,0.06700440983146883,-0.0070734076136536594,0.4061127032029028,0.38020486738449755,0.15694447851174673,0.16962326877177603,0.3209328958237717,0.1260224086740715,0.4964991791733695,0.47027440095104533,0.07379719669605939,0.8610918039621438,0.7400694622373776,0.09566304843765983,-0.04225880656633707,-0.07669938694280642,,,,,,,,,,,,,,,,,,,,,,,
GATX,GATX,Industrials,2001-10-31,32.632491014033064,26.450000762939453,50.5,-0.47623760865466425,10831925.08332086,0.10783686991617447,0.03440294375425301,-0.03967487369086947,0.23563125279057417,0.2097234169721689,-0.013536971900581923,-0.2078739017881941,-0.056564274736198406,-0.2514747618858986,-0.04970818357495843,-0.0759329617972826,-0.47241016605226854,0.19575966022085534,0.07473731849608911,-0.5696690953036286,-0.356027421774573,-0.45223934677520283,,,,,,,,,,,,,,,,,,,,,,,
GLW,Corning Inc.,Information Technology,2001-10-31,34.747660339014544,8.0600004196167,113.33333587646484,-0.9288823508345132,86012683.03302659,-0.011166353416147135,-0.0846002795780686,-0.15867809702319108,-0.16997528776362614,-0.19588312358203142,-0.4191435124547822,-0.7679901105885,-0.6166804835365043,-0.8115909706862046,0.3622830113425144,0.33605823312019023,-0.06041897113479572,0.42059494562269095,0.2995726038979247,-0.344833809901793,-0.8635235918067938,-0.8635235918067938,,,,,,,,,,,,,,,,,,,,,,,
HAL,Halliburton,Energy,2001-12-31,31.8596063359291,6.550000190734863,31.625,-0.7928853694629292,149746815.95845297,0.31301279750965505,0.30821826888590187,0.2114464320017911,0.2345124264663614,0.36320133105065067,0.18704901049578682,0.4708108254058394,0.6866570607513548,0.5078649842287855,1.0893338988985413,1.084193058185512,0.7131128768809818,2.2027035207305197,2.090033350179902,1.4629831580629233,-0.34351135931692456,-0.34351135931692456,,,,,,,,,,,,,,,,,,,,,,,
WMB,Williams Companies,Energy,2002-01-31,31.12507150604138,14.41273593902588,40.22400665283203,-0.6416882071589671,123347461.95053029,0.10077537156255989,0.14505018828411276,0.008983116130465083,-0.8268965593937583,-0.6374734423471872,-0.7597068246243905,-0.8083698765721165,-0.5808062333342092,-0.7250432563539462,-0.39657642001808824,-0.4317314664399171,-0.7730882836884296,0.006350751814977684,-0.09213604450769353,-0.6540938127792156,-0.9542302698550046,-0.9542302698550046,,,,,,,,,,,,,,,,,,,,,,,
BMY,Bristol Myers Squibb,Health Care,2002-04-30,28.38474473972144,28.799999237060547,75.42832946777344,-0.6181806034910893,417454713.7056381,-0.17752827137239258,-0.025655847306812807,-0.030596280423147826,-0.12609846523908586,0.04664362394578514,0.039003315906181946,-0.07010234926601655,0.06325796748743473,0.02940166662001309,-0.04594507793323599,-0.10871526817075816,-0.3102272836839055,0.034435310155292775,-0.09591930645172697,-0.4404927919938198,-0.3158357472015607,-0.3158357472015607,,,,,,,,,,,,,,,,,,,,,,,
JCI,Johnson Controls,Industrials,2002-04-30,33.9403673676088,38.41463851928711,131.6091766357422,-0.7081158054380341,866812161.997695,-0.30547898639881954,-0.15360656233323977,-0.1585469954495748,-0.21473821296930273,-0.04199612378443174,-0.04963643182403493,-0.15125910455532543,-0.01789878780187415,-0.05175508866929579,0.4968203283446475,0.43405013810712534,0.232538122593978,0.7185405541944982,0.5881859375874785,0.24361245204538567,-0.6212688677275338,-0.6212688677275338,,,,,,,,,,,,,,,,,,,,,,,
CMCSA,Comcast,Communication Services,2002-06-30,32.814340276205826,7.560136795043945,17.064979553222656,-0.5569794401765784,8747821.684027664,-0.11859445877776065,0.05120535098229351,0.029798659195421157,-0.026032434818835548,0.07399765916228451,0.05852582321967281,0.24710802351496253,0.24362841443254402,0.19514253071001042,0.16115768843179867,-0.03464060261807389,-0.2906340332966177,0.2673559811484565,-0.001842883064219425,-0.4312551249364618,-0.29545444081716643,-0.29545444081716643,,,,,,,,,,,,,,,,,,,,,,,
GE,GE Aerospace,Industrials,2002-06-30,33.213191092101255,139.22030639648438,289.9424743652344,-0.5198347303158091,854296654.2632723,-0.1455249170585452,0.024274892701508954,0.002868200914636604,-0.14953707117737258,-0.04950697719625252,-0.06497881313886422,0.016294589895314182,0.012814980812895671,-0.03567090290963792,0.17694985526200235,-0.01884843578787021,-0.274841866466414,0.2896217212427732,0.020422857030097274,-0.4089893848421451,-0.258183796524189,-0.258183796524189,,,,,,,,,,,,,,,,,,,,,,,
OMC,Omnicom Group,Communication Services,2002-06-30,33.567382298275234,22.899999618530277,53.75,-0.5739534954692042,231832756.93891618,0.2196909660350117,0.38949077579506586,0.3680840840081935,0.4193768136762621,0.5194069076573822,0.5039350717147705,0.5860139314600545,0.582534322377636,0.5340484386551024,0.6964760250550976,0.5006777340052251,0.24468430332668129,0.8052430442326428,0.5360441800199669,0.10663193814772454,-0.15327489332980582,-0.15327489332980582,,,,,,,,,,,,,,,,,,,,,,,
XEL,Xcel Energy,Utilities,2002-06-30,31.61191188267192,16.770000457763672,31.850000381469727,-0.4734693796889111,51441845.01968868,-0.43149314717080944,-0.2616933374107553,-0.28310002919762767,-0.302847065067929,-0.20281697108680896,-0.21828880702942066,-0.035308719748393114,-0.038788328830811625,-0.08727421255334522,0.13510500055202845,-0.06069329049784411,-0.3166867211763879,0.38951473443884677,0.12031587022617085,-0.3090963716460715,-0.6873516607731847,-0.6873516607731847,,,,,,,,,,,,,,,,,,,,,,,
CNP,CenterPoint Energy,Utilities,2002-07-31,30.818127485448017,8.48058032989502,42.52935028076172,-0.8005946417260168,44961557.799216695,-0.05879099122911957,-0.034184239000484395,-0.03543272293898048,0.007712632870698677,0.05476619064348731,0.01885184534839287,0.1997586858789966,0.09077926816240267,-0.025069614396055262,0.7991225904756343,0.5428296088853608,0.22480951218668466,1.2163544623952887,0.7858412082331336,0.17234011630552226,-0.37108343326675697,-0.37108343326675697,,,,,,,,,,,,,,,,,,,,,,,
IDA,Idacorp,Utilities,2002-07-31,34.92449318281743,25.520000457763672,53.0,-0.5184905574006855,8367037.138551379,0.03811585002262019,0.06272260225125537,0.061474118312759285,-0.08766086994012756,-0.04060731216733893,-0.07652165746243338,0.14752922480798292,0.038549807091389,-0.07729907546706893,0.21987587282433418,-0.03641710876593929,-0.35443720546461543,0.45464988103883774,0.02413662687668272,-0.5893644650509287,-0.16703247514502984,-0.16703247514502984,,,,,,,,,,,,,,,,,,,,,,,
LNT,Alliant Energy,Utilities,2002-07-31,28.25954071720122,9.5649995803833,18.875,-0.49324505534393104,9067236.776212662,-0.13672518546761925,-0.11211843323898407,-0.11336691717748015,-0.11403369395079821,-0.06698013617800957,-0.10289448147310402,0.1421280475482385,0.03314862983164457,-0.08270025272681336,0.5165003966701858,0.2602074150799123,-0.05781268161876385,0.7700448903144781,0.33953163615232307,-0.2739694557752883,-0.23048906973965078,-0.23048906973965078,,,,,,,,,,,,,,,,,,,,,,,
NTRS,Northern Trust,Financials,2002-07-31,34.8805178758347,39.83000183105469,92.125,-0.5676526259858379,61512641.52401515,-0.1220828598588749,-0.09747610763023973,-0.09872459156873581,-0.1373170908961655,-0.09026353312337687,-0.1261778784184713,0.11956971486734713,0.010590297150753214,-0.10525858540770472,0.0439318103329811,-0.21236117125729237,-0.5303812679559685,0.3449964843504578,-0.0855167698116972,-0.6990178617393086,-0.2959972663165933,-0.2959972663165933,,,,,,,,,,,,,,,,,,,,,,,
SCHW,Charles Schwab Corporation,Financials,2002-07-31,34.71512112531218,8.949999809265137,51.66666793823242,-0.8267742015032811,55378562.619985856,0.027154438641150636,0.05176119086978581,0.05051270693128973,0.0328002779989891,0.07985383577177774,0.043939490476683295,0.16895872856362093,0.05997931084702701,-0.05586957171143092,-0.008816737641702321,-0.2651097192319758,-0.5831298159306519,0.5597633228704741,0.12925006870831912,-0.48425102321929225,-0.2990189163426986,-0.2990189163426986,,,,,,,,,,,,,,,,,,,,,,,
THG,Hanover Insurance,Financials,2002-07-31,32.313454094248414,27.299999237060547,75.25,-0.6372093124643117,13742507.92284466,-0.6882784818640695,-0.6636717296354343,-0.6649202135739304,-0.5172160017632284,-0.4701624439904397,-0.5060767892855341,-0.18168484898982107,-0.290664266706415,-0.4065131492648729,0.09194156210492599,-0.16435141948534748,-0.48237151618402363,0.4285713288262709,-0.0019419253358841093,-0.6154430172634955,-0.7421245768043538,-0.7421245768043538,,,,,,,,,,,,,,,,,,,,,,,
TTEK,Tetra Tech,Industrials,2002-07-31,34.83690564088258,1.7419999837875366,6.010000228881836,-0.7101497641520662,5745498.633048837,0.01951793725364448,0.044124689482279655,0.042876205543783574,0.47531513844310846,0.5223686962158971,0.48645435092080264,0.8450055812856012,0.7360261635690073,0.6201772810105494,0.8530418762799896,0.5967488946897161,0.27872879799104,0.7256025217125621,0.2950892675504071,-0.3184118243772043,-0.2571758548392141,-0.2571758548392141,,,,,,,,,,,,,,,,,,,,,,,
VZ,Verizon,Communication Services,2002-07-31,33.06757261117255,29.67765045166016,62.50293350219727,-0.5251798789473321,282970448.5845862,0.15800316354849997,0.18260991577713515,0.18136143183863906,0.18440414825987683,0.23145770603266547,0.19554336073757103,0.1054590967695388,-0.0035203209470551222,-0.11936920350551306,0.2708399723758568,0.014546990785583302,-0.30347310591309284,0.17726780387201835,-0.2532454502901367,-0.866746542217748,-0.1893938709768498,-0.1893938709768498,,,,,,,,,,,,,,,,,,,,,,,
AON,Aon plc,Financials,2002-08-31,31.92613170318849,19.76000022888184,50.375,-0.6077419309403109,42079314.19497747,-0.0692436062338917,-0.0978042088806006,-0.11104103607539548,0.0009018215124880768,0.06715076255388241,0.042667733299954644,0.157286324917989,0.03307947054895921,-0.1094210995656772,0.38607852877006743,0.1352333309899778,-0.15493161821470525,0.641283746997821,0.23375373623036988,-0.3591421813098161,-0.21103215889997484,-0.21103215889997484,,,,,,,,,,,,,,,,,,,,,,,
F,Ford Motor Company,Consumer Discretionary,2002-08-31,34.120691869942746,11.770000457763672,37.30033493041992,-0.6844532232828622,124487794.06911607,-0.021415424025774232,-0.04997602667248313,-0.06321285386727801,-0.27699495954044273,-0.2107460184990484,-0.23522904775297615,0.0238434895104922,-0.10036336485853758,-0.242863934973174,0.2843950710459908,0.0335498732659012,-0.25661507593878186,-0.06004437512040972,-0.4675743858878608,-1.0604703034280467,-0.428200252791781,-0.428200252791781,,,,,,,,,,,,,,,,,,,,,,,
PAYX,Paychex,Industrials,2002-08-31,34.64952957622391,23.399999618530277,61.25,-0.6179591899015465,100065054.90499829,0.25285449958466,0.2242938969379511,0.21105706974315622,0.13067567100420518,0.19692461204559952,0.17244158279167177,0.5640083882584916,0.43980153388946186,0.29730096377482546,0.3052995119627149,0.05445431418262525,-0.2357106350220578,0.5260423458510328,0.11851233508358172,-0.4743835824566043,-0.0675214529802699,-0.0675214529802699,,,,,,,,,,,,,,,,,,,,,,,
RVTY,Revvity,Health Care,2002-08-31,33.86755994860492,5.699999809265137,60.5,-0.9057851271195845,8771386.295189934,0.5239793307777059,0.49541872813099697,0.4821819009362021,0.5214139373857498,0.5876628784271442,0.5631798491732164,2.0052537540077826,1.8810468996387528,1.7385463295241164,2.2252043607973886,1.974359163017299,1.6841942138126158,2.8737427839284315,2.46621277316098,1.8733168556207944,-0.22910809206587035,-0.22910809206587035,,,,,,,,,,,,,,,,,,,,,,,
T,AT&T,Communication Services,2002-08-31,33.576905100150526,18.685800552368164,45.270015716552734,-0.5872367116158124,260620850.7979501,0.17190134175313587,0.14334073910642697,0.1301039119116321,-0.1345002567880309,-0.06825131574663656,-0.09273434500056434,-0.027519808148966707,-0.1517266625179965,-0.2942272326326329,0.1995420352969044,-0.05130316248318523,-0.3414681116878683,0.1988644247533604,-0.2086655860140907,-0.8015615035542767,-0.21564088898249734,-0.21564088898249734,,,,,,,,,,,,,,,,,,,,,,,
AA,Alcoa,Materials,2002-09-30,32.84402421710304,46.37789916992188,109.84113311767578,-0.5777729357522561,113683789.06035838,0.1879394289431635,0.10389980018956235,0.10603564120121704,0.018542950292719018,-0.026814324060273842,-0.03557650464304511,0.3918006413699171,0.14960762338999123,0.02739210489690752,0.8208660585206666,0.4094791927846524,0.039968234312078854,0.3506986144291768,-0.23432069833152558,-0.891134845491238,-0.08704648203330456,-0.08704648203330456,,,,,,,,,,,,,,,,,,,,,,,
ADP,Automatic Data Processing,Industrials,2002-09-30,34.97928679340606,27.574838638305664,54.96925354003906,-0.49835886677594365,115068862.40702732,0.13210880488255916,0.048069176128958,0.05020501714061269,-0.10838119554758896,-0.15373846990058182,-0.1625006504833531,0.044930505937451404,-0.19726251204247447,-0.3194780305355582,0.22064299798584175,-0.1907438677501725,-0.560254826222746,0.28963087360947415,-0.29538843915122825,-0.9522025863109407,-0.21118227759385944,-0.21118227759385944,,,,,,,,,,,,,,,,,,,,,,,
AEP,American Electric Power,Utilities,2002-09-30,32.569907946558345,28.51000022888184,53.3125,-0.4652286006305868,85470100.76151046,-0.020428086721449468,-0.10446771547505063,-0.10233187446339594,-0.15872609839634766,-0.20408337274934052,-0.2128455533321118,0.1341130676192337,-0.10807995036069218,-0.2302954688537759,0.2646150729086394,-0.14677179282737485,-0.5162827512999484,0.6338597167905711,0.04884040402986867,-0.6079737431298438,-0.4703610443835249,-0.4703610443835249,,,,,,,,,,,,,,,,,,,,,,,
AIG,American International Group,Financials,2002-09-30,29.181624385098843,1094.0,2075.0,-0.4727710843373494,445688866.2708585,0.05839564626299465,-0.02564398249060651,-0.02350814147895182,-0.09439174516539595,-0.1397490195183888,-0.1485112001011601,0.05872048182758527,-0.1834725361523406,-0.3056880546454243,0.2526241867475343,-0.15876267898847995,-0.5282736374610535,0.15052678540326192,-0.4344925273574405,-1.091306674517153,-0.21397939567524504,-0.21397939567524504,,,,,,,,,,,,,,,,,,,,,,,
ARW,Arrow Electronics,Information Technology,2002-09-30,34.94642692162111,12.630000114440918,46.0,-0.7254347801208496,10643062.065100292,0.012668238001769083,-0.07137139075183208,-0.06923554974017739,0.16389546128803412,0.11853818693504126,0.10977600635226999,0.4560569456069634,0.21386392762703754,0.09164840913395383,0.7878067869444023,0.3764199212083881,0.006908962735814539,1.4829770646237042,0.8979577518630018,0.24114360470328933,-0.3190815278270157,-0.3190815278270157,,,,,,,,,,,,,,,,,,,,,,,
ASH,Ashland Global,Materials,2002-09-30,34.20983272600158,10.76318359375,22.031721115112305,-0.5114687800597127,18723288.55971005,0.07625475404102322,-0.007784874712577938,-0.005649033700923248,0.13056491060998865,0.08520763625699579,0.07644545567422452,0.2729813974313313,0.030788379451405445,-0.09142713904167826,1.2270034176503697,0.8156165519143554,0.4461055934417819,1.7191503233512195,1.1341310105905171,0.4773168634308047,-0.1190740186053314,-0.1190740186053314,,,,,,,,,,,,,,,,,,,,,,,
AVT,Avnet,Information Technology,2002-09-30,32.86352223769927,10.789999961853027,40.5625,-0.7339907559481533,10938617.801885756,0.0037075507973949318,-0.08033207795620623,-0.07819623694455154,-0.02873008231093599,-0.07408735666392885,-0.08284953724670012,0.5310478257511699,0.28885480777124406,0.16663928927816035,0.5866546809226663,0.17526781518665202,-0.19424314328592152,1.2659877644300415,0.6809684516693391,0.024154304509626634,-0.48563480354162614,-0.48563480354162614,,,,,,,,,,,,,,,,,,,,,,,
BAX,Baxter International,Health Care,2002-09-30,32.71676486436637,16.594242095947266,32.53666687011719,-0.48998334211092787,150110665.94373605,-0.06610490832902594,-0.1501445370826271,-0.1480086960709724,-0.3782927784594038,-0.42365005281239665,-0.43241223339516793,-0.030750266293481987,-0.27294328427340786,-0.39515880276649157,0.09430855603862298,-0.31707830969739126,-0.6865892681699648,0.38162821296021354,-0.20339109980048886,-0.8602052469602013,-0.39363508964064853,-0.39363508964064853,,,,,,,,,,,,,,,,,,,,,,,
DOV,Dover Corporation,Industrials,2002-09-30,33.94558751022632,17.013118743896484,36.449501037597656,-0.5332413816488886,24107807.456798796,0.15398272294079618,0.06994309418719502,0.07207893519884971,-0.03643874233858169,-0.08179601669157455,-0.09055819727434582,0.4191681318202165,0.17697511384029063,0.054759595347206924,0.5842230203562628,0.1728361546202486,-0.19667480385232494,0.690666698822713,0.10564738606201063,-0.5511667610977018,-0.09094204544273765,-0.09094204544273765,,,,,,,,,,,,,,,,,,,,,,,
DUK,Duke Energy,Utilities,2002-09-30,31.278950351040294,34.08151626586914,83.22514343261719,-0.5904901468453092,158231408.48469654,0.014357648508496634,-0.06968198024510452,-0.06754613923344983,-0.23152357309570382,-0.2768808474486967,-0.28564302803146796,-0.02786615519687896,-0.27005917317680483,-0.39227469166988854,0.3196089054325826,-0.09177796030343166,-0.4612889187760052,0.7929099994362434,0.207890686675541,-0.4489234604841714,-0.3546700871445343,-0.3546700871445343,,,,,,,,,,,,,,,,,,,,,,,
EHC,Encompass Health,Health Care,2002-09-30,33.5481693938933,16.507558822631836,122.56364440917967,-0.8653143931693054,39610115.16926879,0.012048206467843992,-0.07199142228575717,-0.06985558127410248,-0.9783132714331197,-1.0236705457861126,-1.032432726368884,-0.2891566710204927,-0.5313496890004186,-0.6535652074935023,0.22891578078515384,-0.1824710849508604,-0.5519820434234339,-0.002409726555897218,-0.5874290393165996,-1.2442431864763122,-0.9975903759501491,-0.9975903759501491,,,,,,,,,,,,,,,,,,,,,,,
FLS,Flowserve,Industrials,2002-09-30,34.867393700329615,3.3333330154418945,12.208333015441896,-0.7269624762671794,12111097.555589676,0.4790007915467145,0.39496116279311333,0.39709700380476803,0.16500007366174918,0.11964279930875632,0.11088061872598505,1.0300009180888186,0.7878079001088927,0.6655923816158089,1.4179996922792637,1.0066128265432495,0.6371018680706759,2.635000667834003,2.0499813550733004,1.3931672079135882,-0.24199999717805898,-0.24199999717805898,,,,,,,,,,,,,,,,,,,,,,,
HD,Home Depot (The),Consumer Discretionary,2002-09-30,34.22962978367249,26.100000381469727,70.0,-0.6271428516932895,445240823.6617043,-0.07760275785417892,-0.16164238660778008,-0.15950654559612537,-0.06197848111812665,-0.10733575547111951,-0.11609793605389078,0.23138092702321433,-0.01081209095671154,-0.13302760944979525,0.5284703955899492,0.117083529853935,-0.25242742861863854,0.5012813145944057,-0.08373799816629668,-0.7405521453260091,-0.22813554523164836,-0.22813554523164836,,,,,,,,,,,,,,,,,,,,,,,
HIG,Hartford (The),Financials,2002-09-30,33.719716360142726,41.0,80.0,-0.48750000000000004,77274044.43497431,0.1145499240402803,0.030510295286679145,0.032646136298333836,-0.12772493114810146,-0.17308220550109432,-0.1818443860838656,0.3152954537550272,0.07310243577510134,-0.04911308271798237,0.5761477278912457,0.16476086215523145,-0.2047500963173421,0.9964428923427517,0.41142357958204934,-0.2453905675776631,-0.21794318266140422,-0.21794318266140422,,,,,,,,,,,,,,,,,,,,,,,
HON,Honeywell Technologies,Industrials,2002-09-30,34.344196002049955,20.411909103393555,64.67070007324219,-0.6843716075397941,123444011.74519956,0.1170147115840694,0.03297508283046824,0.03511092384212293,0.0022661748987988783,-0.04309109945419398,-0.05185328003696525,0.25397795994999695,0.011784941970071072,-0.11043057652301264,0.7456806851309548,0.3342938193949405,-0.03521713907763302,0.8655697484042804,0.28055043564357796,-0.37626371151613447,-0.1334257232868723,-0.1334257232868723,,,,,,,,,,,,,,,,,,,,,,,
JPM,JPMorgan Chase,Financials,2002-09-30,32.63893018901558,18.989999771118164,67.16666412353516,-0.7172704641667014,340961252.1197153,0.28597163395739633,0.20193200520379517,0.20406784621544988,0.288689850143911,0.24333257579091816,0.23457039520814688,0.911480677551026,0.6692876595711001,0.5470721410780164,1.2928766853625109,0.8814898196264966,0.5119788611539231,1.0316256556493304,0.446606342888628,-0.21020780427108443,-0.1823353416780512,-0.1823353416780512,,,,,,,,,,,,,,,,,,,,,,,
KR,Kroger,Consumer Staples,2002-09-30,30.342993263384315,7.050000190734863,17.453125,-0.5960608664216371,70342979.36342178,0.09574483263133438,0.011705203877733217,0.013841044889387907,-0.06737568207194689,-0.11273295642493975,-0.12149513700771102,0.2673761120467406,0.025183094066814737,-0.09703242442626897,0.10070918478928981,-0.31067768094672443,-0.680188639419298,0.4602840100778274,-0.12473530268287503,-0.7815494498425875,-0.21985797274328867,-0.21985797274328867,,,,,,,,,,,,,,,,,,,,,,,
MCD,McDonald's,Consumer Discretionary,2002-09-30,30.45600016718933,17.65999984741211,49.5625,-0.6436822224986207,160730793.55971017,-0.07677268187205155,-0.1608123106256527,-0.158676469613998,-0.16978443045999214,-0.215141704812985,-0.22390388539575629,0.35154074700891824,0.10934772902899237,-0.01286778946409134,0.6343799267835404,0.22299306104752614,-0.1465178974250474,0.9889907679597192,0.4039714551990168,-0.25284269196069564,-0.3041341717091266,-0.3041341717091266,,,,,,,,,,,,,,,,,,,,,,,
MRK,Merck & Co.,Health Care,2002-09-30,34.062424241700924,43.61641311645508,92.25906372070312,-0.52723980325125,352033966.30666685,0.24608621370864237,0.1620465849550412,0.1641824259666959,0.2142748930802425,0.16891761872724964,0.16015543814447836,0.20186975004743024,-0.04032326793249563,-0.16253878642557934,-0.19044593532152376,-0.601832801057538,-0.9713437595301115,-0.2976591302999476,-0.88267844306065,-1.5394925902203624,-0.05163010960240977,-0.20369321298562626,,,,,,,,,,,,,,,,,,,,,,,
OGE,OGE Energy,Utilities,2002-09-30,32.32311531781002,8.4350004196167,15.0,-0.43766663869222,6588426.34323665,0.06401642099080895,-0.020023207762792206,-0.017887366751137515,0.10634220094513647,0.06098492659214361,0.05222274600937234,0.4388078923566414,0.19661487437671554,0.07439935588363183,0.696844315001943,0.28545744926592875,-0.08405350920664478,0.9855573792960715,0.40053806653536905,-0.25627608062434337,-0.171759737289085,-0.171759737289085,,,,,,,,,,,,,,,,,,,,,,,
PEP,PepsiCo,Consumer Staples,2002-09-30,34.36447585506849,36.95000076293945,53.5,-0.3093457801319729,296243619.532461,0.14663425561023802,0.06259462685663686,0.06473046786829155,0.09068173823969872,0.04532446388670586,0.03656228330393459,0.2586903515161416,0.01649733353621574,-0.10571818495686797,0.356508633703579,-0.05487823203243525,-0.4243891905050088,0.6103372271108953,0.025317914350192927,-0.6314962328095195,-0.03680640046694217,-0.03680640046694217,,,,,,,,,,,,,,,,,,,,,,,
PFE,Pfizer,Health Care,2002-09-30,33.82263299822003,27.533206939697266,47.47786331176758,-0.42008327630714903,676465493.548096,0.05750678036037593,-0.026532848393225228,-0.024397007381570537,0.08315449383343299,0.037797219480440125,0.029035038897668855,0.06568359395075851,-0.17650942402916736,-0.29872494252225107,0.09439219777654095,-0.3169946679594733,-0.6865056264320468,-0.08206126626442178,-0.6670805790251242,-1.3238947261848366,-0.03016687842618193,-0.03016687842618193,,,,,,,,,,,,,,,,,,,,,,,
PNW,Pinnacle West Capital,Utilities,2002-09-30,33.25767512038391,27.76000022888184,52.6875,-0.47311980585752145,19787136.00533803,0.2470568174141896,0.16301718866058845,0.16515302967224316,0.23257735893093412,0.18722008457794126,0.17845790399516998,0.34918394738200886,0.10699092940208299,-0.015224589091000718,0.652193144208908,0.2408062784728937,-0.12870467999967983,0.833862982669757,0.2488436699090546,-0.4079704772506578,-0.2182992045764306,-0.2182992045764306,,,,,,,,,,,,,,,,,,,,,,,
SLB,Schlumberger,Energy,2002-09-30,34.86353842586169,19.229999542236328,47.21875,-0.5927465351743464,131795159.70241001,0.09896163397581548,0.014922005222214318,0.01705784623386901,-0.002743799944356029,-0.04810107429734889,-0.05686325488012016,0.27964572674673227,0.0374527087668064,-0.08476280972627731,0.8029202474612425,0.3915333817252282,0.022022423252654688,1.285217372263526,0.7001980595028237,0.04338391234311123,-0.13156534084987126,-0.13156534084987126,,,,,,,,,,,,,,,,,,,,,,,
TXN,Texas Instruments,Information Technology,2002-09-30,34.67027877359571,14.770000457763672,99.78125,-0.8519761933453062,241515860.5339429,0.017610236184005812,-0.06642939256959535,-0.06429355155794066,0.1112705490284549,0.06591327467546204,0.05715109409269077,0.5514065735385034,0.30921355555857755,0.18699803706549384,0.45276144213406155,0.041374576398047314,-0.3281363820745262,1.3234865218474017,0.7384672090866993,0.08165306192698685,-0.11306732647145856,-0.11306732647145856,,,,,,,,,,,,,,,,,,,,,,,
XOM,ExxonMobil,Energy,2002-09-30,34.126868924514994,31.899999618530277,47.71875,-0.3314996805547028,497256263.5406585,0.10252012600857863,0.018480497254977468,0.02061633826663216,0.11031856175203392,0.06496128739904106,0.05619910681626979,0.17909265726061063,-0.06310036071931524,-0.18531587921239895,0.5973487349314894,0.1859618691954752,-0.18354908927709834,1.1430136311850467,0.5579943184243443,-0.0988198287353681,-0.00350303525430673,-0.00350303525430673,,,,,,,,,,,,,,,,,,,,,,,
BNY,BNY Mellon,Financials,2002-10-31,34.50075613762809,27.559890747070312,62.93724822998047,-0.5621052473352017,91648917.4856697,-0.019844245431770546,0.0031688373381185686,-0.036464006664892884,0.03320606153475092,-0.014399131376146013,-0.07079807576987872,0.23340934581811945,0.024223038381123718,-0.19549038751748,0.31704459832313137,-0.003840352723021745,-0.4370686370428246,0.3069463926106797,-0.12292936502424578,-0.8285655083282002,-0.2542294726434863,-0.2542294726434863,,,,,,,,,,,,,,,,,,,,,,,
CI,Cigna,Health Care,2002-10-31,27.500345389421483,12.046667098999023,45.58333206176758,-0.7357221038015558,106525132.45865504,0.21764725385652195,0.24066033662641106,0.2010274926233996,0.46982500618301026,0.42221981327211333,0.3658208688783806,0.624554988112739,0.4153686806757433,0.19565525477713958,0.8300549370791059,0.5091699860329528,0.07594170171314996,2.3450424331424577,1.9151666755075323,1.2095305322035779,-0.055063705887740455,-0.055063705887740455,,,,,,,,,,,,,,,,,,,,,,,
JKHY,Jack Henry & Associates,Financials,2002-10-31,33.09899940029413,10.270000457763672,33.2400016784668,-0.6910348995434413,7635379.940190391,0.2052005056325752,0.2282135884024643,0.18858074439945285,0.2767959719902373,0.22919077907934038,0.17279183468560766,0.9511660234467831,0.7419797160097874,0.5222662901111836,0.849208280062524,0.5283233290163709,0.09509504469656804,0.8000487077251266,0.3701729500902011,-0.3354631932137533,-0.030276364723354154,-0.030276364723354154,,,,,,,,,,,,,,,,,,,,,,,
MLM,Martin Marietta Materials,Materials,2002-10-31,32.59426726652623,27.84000015258789,68.125,-0.5913394473014622,8987771.379991561,0.053989079352214864,0.07700216212210398,0.037369318119092526,0.07305042737441902,0.025445234463522093,-0.030953709930210613,0.5018678515487529,0.2926815441117572,0.07296811821315347,0.6970945232454873,0.37620957219933415,-0.05701871212046872,1.983493947140583,1.5536181895056576,0.8479820462017031,-0.05287083364938938,-0.05287083364938938,,,,,,,,,,,,,,,,,,,,,,,
MSI,Motorola Solutions,Information Technology,2002-10-31,34.17153408687601,33.17740249633789,222.6600646972656,-0.8509952714625915,133873968.70688662,-0.12612595846502528,-0.10311287569513616,-0.14274571969814762,-0.12942719751999654,-0.17703239043089347,-0.2334313348246262,0.5016858174242214,0.2924995099872256,0.07278608408862192,0.9348664134629774,0.6139814624168243,0.1807531780970214,1.8007369387685257,1.3708611811336002,0.6652250378296458,-0.165747244126624,-0.165747244126624,,,,,,,,,,,,,,,,,,,,,,,
PCG,PG&E Corporation,Utilities,2002-10-31,34.94892688838746,10.850000381469728,36.75,-0.7047618943817762,21618969.064592935,0.2718894783695871,0.2949025611394762,0.25526971713646474,0.3806451538125919,0.33303996090169496,0.27664101650796225,1.2534560466064915,1.0442697391694957,0.824556313270892,1.9529957378171896,1.6321107867710365,1.1988825024512337,2.462887744216005,2.0330119865810796,1.3273758432771252,0.004608346698177668,0.004608346698177668,,,,,,,,,,,,,,,,,,,,,,,
PEG,Public Service Enterprise Group,Utilities,2002-10-31,33.69395915487482,14.324999809265137,25.774999618530277,-0.44422890315131003,53018763.587821476,0.25453462386112746,0.2775477066310166,0.23791486262800512,0.389915345850667,0.3423101529397701,0.28591120854603735,0.5137309611294922,0.3045446536924965,0.0848312277938928,0.6606357281924502,0.3397507771462971,-0.09347750717350578,1.555128312998166,1.1252525553632404,0.419616412059286,-0.08830672224495639,-0.08830672224495639,,,,,,,,,,,,,,,,,,,,,,,
ES,Eversource Energy,Utilities,2002-11-30,34.91240352685635,14.369999885559082,28.875,-0.5023376663009842,7197851.647475409,-0.01614622676863886,0.07603068866457707,0.05877248479409955,0.14507120461121703,0.10421927062845548,0.04718639420909085,0.43712502607088166,0.2857501251424974,0.08285272919221914,0.35779504660033434,0.05826393065928692,-0.3733657731131871,0.4334077669888272,0.027408127403315108,-0.6485907110633724,-0.08629083837905516,-0.08629083837905516,,,,,,,,,,,,,,,,,,,,,,,
THC,Tenet Health,Health Care,2002-11-30,32.63372143843256,73.80000305175781,210.0,-0.6485714140392485,295593514.69627106,-0.015176188350514597,0.07700072708270134,0.059742523212223814,-0.09539296239039463,-0.13624489637315618,-0.1932777727925208,-0.20813013265428293,-0.35950503358266717,-0.5624024295329455,-0.4119241228832825,-0.7114552388243299,-1.143084942596804,-0.5761517697403339,-0.982151409325846,-1.6581502477925336,-0.38644990641069665,-0.5040650818340403,,,,,,,,,,,,,,,,,,,,,,,
CVX,Chevron Corporation,Energy,2002-12-31,34.68679082232377,33.2400016784668,52.46875,-0.3664800156575715,217258392.1465919,-0.0168626740838409,0.018820850184625426,0.011339265033481732,0.1094009700774623,-0.005613656935373745,-0.05169228360922262,0.353667567065562,0.07185156869958265,-0.12982722084779924,0.6994081860135561,0.28046432486805184,-0.17856315700306458,0.8955628518333199,0.4081092161706865,-0.28021547377721334,-0.07776808471946695,-0.07776808471946695,,,,,,,,,,,,,,,,,,,,,,,
KMB,Kimberly-Clark,Consumer Staples,2002-12-31,34.41291320256718,45.512943267822266,70.2301025390625,-0.3519453678355712,124337222.90118147,-0.035071197916857644,0.000612326351608683,-0.006869258799535011,0.11395337738711908,-0.0010612496257169646,-0.04713987629956584,0.2785735994542129,-0.0032423989117664753,-0.20492118845914836,0.48423374641566297,0.06528988527015867,-0.39373759660095775,0.3841492738196979,-0.10330436184293545,-0.7916290517908353,-0.08898507787372156,-0.08898507787372156,,,,,,,,,,,,,,,,,,,,,,,
MU,Micron Technology,Information Technology,2003-01-31,34.91855931047979,8.210000038146973,97.5,-0.9157948714036208,126592024.85035488,0.03532270687582861,-0.036958993559831566,-0.0480561577337814,0.7831912011883588,0.6194537983552,0.53820258580764,0.9622411334676235,0.6221241939167677,0.3981790030740099,0.2679656500416332,-0.15414089207831605,-0.5773382502366649,0.7880634013796686,0.22648269776292707,-0.5666949128878296,-0.19610241732801503,-0.19610241732801503,,,,,,,,,,,,,,,,,,,,,,,
UNM,Unum,Financials,2003-02-28,30.698917365161222,13.0,62.5,-0.792,18868119.114768315,-0.0011784351439708685,-0.14771452976141408,-0.19899228716944495,0.09812042650172303,-0.10584806551030823,-0.24119829406293763,0.16546975684616783,-0.21139247888350798,-0.46840817724134975,0.3571268963226075,-0.1145436125286603,-0.5979466339135785,0.6857439968949541,0.0937642270996828,-0.7503349183808505,-0.5453845173279877,-0.5453845173279877,,,,,,,,,,,,,,,,,,,,,,,
BA,Boeing,Industrials,2003-03-31,34.28471234973152,25.059999465942383,70.9375,-0.6467312850616052,104632952.07075392,0.3774369195735858,0.2211623405594898,0.1598060098905489,0.38505902668136005,0.19676383951794607,0.018396049880220033,0.6708604850529765,0.3151365725458495,-0.052027165581789436,1.4196798335598793,0.9780151309145497,0.407648922168673,2.2770828616358734,1.6622843426275506,0.6486587193664795,0.005586152502511599,0.005586152502511599,,,,,,,,,,,,,,,,,,,,,,,
GD,General Dynamics,Industrials,2003-03-31,34.93510109935917,27.53499984741211,55.59000015258789,-0.5046771043023595,143565944.5322612,0.3241723232135916,0.16789774419949555,0.10654141353055466,0.43193405260280326,0.24363886543938928,0.06527107580166325,0.6510052522414176,0.2952813397342906,-0.07188239839334831,1.007590377239648,0.5659256745943184,-0.004440534151558317,1.433779234120066,0.8189807151117432,-0.194644908149328,-0.04659533873070165,-0.04659533873070165,,,,,,,,,,,,,,,,,,,,,,,
TSN,Tyson Foods,Consumer Staples,2003-03-31,34.59367953115482,7.75,26.0,-0.7019230769230769,11864199.52665662,0.3762344286300956,0.21995984961599957,0.15860351894705868,0.8379249815549121,0.6496297943914981,0.4712620047537721,1.3607897909089552,1.0050658784018283,0.6379021402741893,1.2013311074447341,0.7596664047994046,0.18930019605352788,0.8308654134640938,0.2160668944557711,-0.7975587288053001,-1.9297315256849856e-07,-1.9297315256849856e-07,,,,,,,,,,,,,,,,,,,,,,,
TXT,Textron,Industrials,2003-03-31,33.40144570682712,13.729999542236328,49.0,-0.7197959277094628,32812821.54839228,0.4338204379973778,0.27754585898328177,0.21618952831434088,0.4604347572281897,0.27213957006477574,0.0937717804270497,0.9913954025295466,0.6356714900224196,0.2685077518947807,1.8524649732622076,1.410800270616878,0.8404340618710013,2.636081688498322,2.0212831694899993,1.007657546228928,-0.0007283837313885044,-0.0007283837313885044,,,,,,,,,,,,,,,,,,,,,,,
VMC,Vulcan Materials Company,Materials,2003-03-31,34.3327472742516,30.229999542236328,55.29999923706055,-0.45334538952439973,10616785.266313098,0.2348458262324613,0.07857124721836528,0.01721491654942439,0.33741987589455547,0.14912468873114149,-0.02924310090658455,0.60783510478844,0.25211119228131307,-0.11505254584632585,0.968068481536817,0.5264037788914875,-0.04396242985438925,2.0560356239146955,1.4412371049063728,0.4276114816453016,-0.010916516463920334,-0.010916516463920334,,,,,,,,,,,,,,,,,,,,,,,
MRK,Merck & Co.,Health Care,2003-11-30,34.913779857964784,38.74045944213867,92.25906372070312,-0.5800904769701751,426385748.45007616,0.19463643575509337,0.10902364286220756,0.09163432712917681,0.18443424241290463,0.1154741692309107,0.06960675203364261,-0.28691886300718317,-0.41559651169763223,-0.5511996829757657,-0.20267019954077403,-0.42381861822856814,-0.7010316003107335,0.24603072543030868,-0.14727429967148575,-0.5605852087210308,-0.34850605411097324,-0.34850605411097324,,,,,,,,,,,,,,,,,,,,,,,
MRSH,Marsh McLennan,Financials,2004-10-31,27.56826408294056,27.65999984741211,67.84375,-0.5922984822122581,209448885.22288308,0.1749816841848908,0.12312664907517856,0.09915749509406949,0.02482048034416473,-0.009627822128085217,-0.02507630717230938,0.078639039069478,-0.0038744353269488663,-0.11255701297382031,0.11541340594327187,-0.14885791112903268,-0.34598828101683093,0.006686421808456577,-0.4388466048917148,-0.7462211845548354,-0.0415758969391663,-0.0962884067561467,,,,,,,,,,,,,,,,,,,,,,,
PFE,Pfizer,Health Care,2004-12-31,33.70289655446004,25.5123348236084,47.47786331176758,-0.4626477890110724,1116229588.301767,-0.015737895070644492,0.004504509643536991,0.008182069210400201,0.04049143583380288,0.04660566272075928,0.024470858722518276,-0.10629247352994553,-0.1545747039924117,-0.23570689258838132,0.030078428139916902,-0.18430662223774896,-0.32697142186844536,-0.05372439991739708,-0.33060425742215105,-0.5473989182467209,-0.2231795583239068,-0.2231795583239068,,,,,,,,,,,,,,,,,,,,,,,
FITB,Fifth Third Bancorp,Financials,2005-02-28,33.11485928048229,44.77000045776367,69.69999694824219,-0.3576757185368462,140762124.07786658,-0.038993964621923505,-0.033351011918615114,-0.037700748009553565,-0.0594602778693073,-0.0837338540044893,-0.13703298847793988,-0.10418297164164803,-0.18593310539809083,-0.32843349497190016,-0.027831476561294477,-0.2387039820059852,-0.423117671559516,-0.4190959028667004,-0.5900970550419739,-0.8058254042601467,-0.195887046258291,-0.195887046258291,,,,,,,,,,,,,,,,,,,,,,,
NYT,New York Times Company,Communication Services,2005-04-30,31.391628550332115,33.36000061035156,53.0,-0.37056602621978185,30315897.60848757,-0.05020259601645549,-0.12354517432735579,-0.19775605438884666,-0.17492995651466936,-0.22139450366439628,-0.308141716190235,-0.24030506737218393,-0.39620291534468255,-0.5995253227039155,-0.2614859999392477,-0.5893634504362361,-0.8051995258642961,-0.3556270351176355,-0.6177730657712032,-0.9152625517239829,-0.2593054373944893,-0.3351456340138458,,,,,,,,,,,,,,,,,,,,,,,
VIAV,Viavi Solutions,Information Technology,2005-04-30,34.60702563154237,6.734926223754883,698.16552734375,-0.9903533962076606,90142902.24662991,0.020270297059705733,-0.053072281251194564,-0.12728316131268544,0.4189189533624784,0.3724544062127515,0.2857071936869128,1.3581081329840123,1.2022102850115137,0.9988878776522808,0.39189179621533676,0.06401434571834841,-0.15182172970971164,0.20861482491990313,-0.053531205733664544,-0.35102069168644423,-0.10810813298401234,-0.10810813298401234,,,,,,,,,,,,,,,,,,,,,,,
IP,International Paper,Materials,2005-06-30,34.41977406314149,28.21297264099121,56.96760559082031,-0.5047541080866946,91050638.57724516,-0.0056146579218370185,-0.0423972867844995,-0.07545840006603739,0.13076760918146935,0.07603651349524942,0.018722975055601554,0.10287397899579709,0.015605684959704602,-0.11604150977047872,0.3712221114105101,0.06259219236760072,-0.0936664638290845,-0.15584943396748796,-0.29161914151162593,-0.5434725597661496,-0.10004713109650376,-0.10004713109650376,,,,,,,,,,,,,,,,,,,,,,,
NLY,Annaly Capital Management,Financials,2005-09-30,30.94494115591,51.79999923706055,86.0,-0.3976744274760402,27153769.327200025,-0.1475396983832643,-0.1648513954776173,-0.18915605106770728,-0.04539865698716594,-0.11039601371946273,-0.21111072801192193,0.05596306091204184,-0.049478885348400725,-0.10414930230799746,0.359170974163046,0.07285507414108627,-0.02641571948239252,0.29486328549210206,0.29627260357271745,0.10776936842094617,-0.158301328422501,-0.158301328422501,,,,,,,,,,,,,,,,,,,,,,,
WMT,Walmart,Consumer Staples,2005-09-30,34.83071042540044,14.606666564941406,23.416667938232425,-0.37622779622317304,658554469.0733364,0.07125400317546204,0.05394230608110906,0.02963765049101908,0.085329032709474,0.02033167597717722,-0.08038303831528198,0.14139493432153616,0.035952988061093594,-0.01871742889850314,0.02865377283289905,-0.2576621271890607,-0.35693292081253947,0.4362512034479835,0.4376605215285989,0.24915728637682763,-0.02452747452145776,-0.02452747452145776,,,,,,,,,,,,,,,,,,,,,,,
BMY,Bristol Myers Squibb,Health Care,2005-10-31,34.57449827055299,21.170000076293945,75.42832946777344,-0.7193362198835549,146371354.04411194,0.08965165274159914,0.022675092375244787,-0.03597653904184131,0.2273719304557591,0.12279762727383381,0.03111492139575936,0.22387464903361898,0.0559711106714571,-0.0042262202247191905,0.5424116571160489,0.20706289620926022,0.0851370143249221,0.11756472323284517,0.26373409968285033,0.1457428542645977,-0.018255954625631232,-0.018255954625631232,,,,,,,,,,,,,,,,,,,,,,,
F,Ford Motor Company,Consumer Discretionary,2005-11-30,34.64156518324019,8.130000114440918,37.30033493041992,-0.7820394875915557,141478571.45664427,-0.008174475465873576,-0.03608084506460052,-0.09148818042439058,-0.09642537561354436,-0.12262486289706132,-0.18749477412862908,0.03348652371160643,-0.10749274119952879,-0.16998426563444638,-0.045328045045152976,-0.2749119754048548,-0.36909833266836645,-0.658046890656407,-0.4189997947402816,-0.5038525235366886,-0.2352425078903465,-0.2352425078903465,,,,,,,,,,,,,,,,,,,,,,,
VZ,Verizon,Communication Services,2005-12-31,34.51207741506383,27.08760070800781,62.50293350219727,-0.566618729870406,370695383.4029706,0.14547741858956353,0.09860323069401145,0.028967002244578183,0.1397098790683471,0.10886106984773392,0.046554685057553974,0.3461732404956721,0.1877208551662739,0.14388748313955146,0.6451164996109362,0.4270477196589586,0.3276444806957993,0.34789242864340597,0.5780117315671653,0.4656081065730082,-0.0026565892797141277,-0.0026565892797141277,,,,,,,,,,,,,,,,,,,,,,,
NBIX,Neurocrine Biosciences,Health Care,2006-05-31,31.74877028794215,19.709999084472656,73.12999725341797,-0.730479969578401,68956495.65882002,-0.41197358239765836,-0.4410490897438405,-0.4207482005784289,-0.5337392183024965,-0.6455885994900228,-0.6389644195703423,-0.41045152585962297,-0.63509013319767,-0.6467131813915229,-0.749873157923055,-0.8927208046346199,-0.9886527947327489,-0.8442414979277542,-0.617528566967902,-0.6926329785869634,-0.6189751102120477,-0.7914763914549229,,,,,,,,,,,,,,,,,,,,,,,
BSX,Boston Scientific,Health Care,2006-06-30,31.744281160734133,16.84000015258789,46.09999847412109,-0.6347071429505302,307208579.2611349,-0.12173397696910526,-0.17584639189519913,-0.14838812270801932,0.020190032631065113,-0.10359492493731115,-0.08614742603773402,-0.08907363339717589,-0.29266793134648117,-0.3016963094169708,-0.2701900326310651,-0.3147985379779852,-0.39915137879970874,-0.3978622178477542,-0.16863226128038755,-0.2489786346989231,-0.17577197216902007,-0.36104512283936707,,,,,,,,,,,,,,,,,,,,,,,
MMS,Maximus Inc.,Industrials,2006-06-30,32.10700671383033,5.787499904632568,12.3125,-0.5299492463242583,6578185.611095126,0.13158228411592288,0.07746986918982901,0.10492813837700882,0.3391726681770566,0.21538771060868034,0.23283520950825748,0.8985817583524467,0.6949874604031414,0.6859590823326518,0.539159531704025,0.4945510263571049,0.41019818553538134,0.8458986134320741,1.0751285699994408,0.9947821965809052,-1.3624007499934976e-07,-1.3624007499934976e-07,,,,,,,,,,,,,,,,,,,,,,,
TTWO,Take-Two Interactive,Communication Services,2006-06-30,31.227422070356397,10.81999969482422,29.600000381469727,-0.6344594744803522,30331689.6556718,0.31792989461071053,0.26381747968461666,0.29127574887179647,0.6414049284387131,0.5176199708703368,0.5350674697699139,0.845656163642295,0.6420618656929897,0.6330334876225001,1.363216358799745,1.318607853452825,1.2342550126311014,-0.12471481656368488,0.10451514000368178,0.024168766585146245,-0.16266168190035268,-0.16266168190035268,,,,,,,,,,,,,,,,,,,,,,,
BC,Brunswick,Consumer Discretionary,2006-07-31,34.302433854252826,29.56999969482422,49.84999847412109,-0.40682044934915973,35835759.0014382,0.06526922840639826,-0.017217953840938716,-0.02762093185270753,0.17484317356006596,0.039240827738109774,0.01272816834239232,-0.03697985641808299,-0.1976917447162907,-0.23095093933686134,-0.542298402820314,-0.5729053283549291,-0.7018556811120661,-0.7398048017261558,-0.56438591050215,-0.6876541348986281,-0.05695638201370967,-0.6703839030916703,,,,,,,,,,,,,,,,,,,,,,,
CAR,Avis Budget Group,Industrials,2006-07-31,34.671099904486624,24.016000747680664,66.69999694824219,-0.6399400023014007,94111307.04690641,-0.17596603619116036,-0.25845321843849733,-0.26885619645026615,0.06012645398298977,-0.07547589183896641,-0.10198855123468387,0.06887068530054163,-0.09184120299766607,-0.12510039761823671,-0.7460026830867317,-0.7766096086213468,-0.9055599613784837,-0.6439873337040849,-0.4685684424800791,-0.5918366668765572,-0.27964696737556116,-0.8251166081469276,,,,,,,,,,,,,,,,,,,,,,,
ONB,Old National Bank,Financials,2007-05-31,34.96953851923729,17.850000381469727,33.94940185546875,-0.47421752944391404,5573927.035119798,-0.09793702801470228,-0.06471330320938273,-0.06258215217708454,-0.07981428404862145,-0.05821877766908701,-0.05754264891260223,0.03443758716394507,0.10122542166172244,0.04711265665514551,-0.2531086773089609,0.11545028824495529,0.06323723548666965,-0.2671479740577325,-0.028481330789122516,-0.1756203631475634,-0.2519889059241086,-0.44827426990183084,,,,,,,,,,,,,,,,,,,,,,,
HR,Healthcare Realty Trust,Real Estate,2007-06-30,34.75279179806785,27.780000686645508,44.18999862670898,-0.3713509493106222,20621490.66290477,-0.02512752552927855,-0.04423152198076108,-0.0325265470331564,-0.056817700420339845,-0.038558221712670426,-0.04331135866780288,-0.09087025656889247,0.041222254066349495,-0.005963750161276635,-0.30153886242727246,0.058070895822763924,-0.0021004008998431467,-0.028079858656408052,0.23926693091439988,0.09899106233247579,-0.35205167080654054,-0.5108601084312405,,,,,,,,,,,,,,,,,,,,,,,
PHM,PulteGroup,Consumer Discretionary,2007-06-30,34.92734781654741,22.450000762939453,48.22499847412109,-0.5344737900824037,79590355.47404213,-0.3922548122113193,-0.41135880866280183,-0.39965383371519714,-0.5275213430114735,-0.509261864303804,-0.5140150012589365,-0.5653171314763821,-0.4332246208411401,-0.48041062506876625,-0.5991553379893961,-0.23954557973935975,-0.2997168764619668,-0.6241230053541864,-0.3567762157833785,-0.49705208436530257,-0.6324168634507987,-0.7063700433869068,,,,,,,,,,,,,,,,,,,,,,,
ALK,Alaska Air Group,Industrials,2007-07-31,33.9290755076033,5.832499980926514,15.640625,-0.6270929083123907,21652809.2184309,0.08872688870768775,0.022410550635656667,0.012186626062008779,0.0844405791968117,0.132242859118891,0.11208998130434789,-0.2336046411094238,-0.12151398013209236,-0.19357816564992622,-0.01157322659819282,0.27801696620584215,0.1948402812849036,1.21131623167327,1.4033237766320483,1.2398885135779367,-0.5670810302726923,-0.5670810302726923,,,,,,,,,,,,,,,,,,,,,,,
EHC,Encompass Health,Health Care,2007-07-31,34.518846844833874,12.569609642028809,122.56364440917967,-0.8974442241610809,14799968.79470097,0.26898750152448314,0.20267116345245206,0.19244723887880416,0.0772153154310724,0.1250175953531517,0.1048647175386086,0.039240359038055006,0.15133102001538645,0.07926683449755259,-0.08860757840042321,0.20098261440361176,0.11780592948267321,0.17151911862806868,0.36352666358684715,0.20009140053273536,-0.06075945209552813,-0.5753163472280618,,,,,,,,,,,,,,,,,,,,,,,
FHN,First Horizon,Financials,2007-07-31,32.52479319716322,30.29647445678711,46.46669006347656,-0.3479958564855786,57402100.914771184,-0.16513458826414884,-0.23145092633617992,-0.24167485090982782,-0.2918180145931696,-0.24401573467109028,-0.2641686124856334,-0.682015093915425,-0.5699244329380936,-0.6419886184559275,-0.5530523024097125,-0.2634621096056775,-0.34663879452661606,-0.5937594784066058,-0.40175193344782734,-0.5651871965019392,-0.847096533416228,-0.847096533416228,,,,,,,,,,,,,,,,,,,,,,,
HBAN,Huntington Bancshares,Financials,2007-07-31,30.115436606854544,19.200000762939453,30.888429641723636,-0.3784079998354991,64867316.89726209,-0.052530442371813924,-0.118846780443845,-0.1290707050174929,-0.2761680849727637,-0.22836580505068438,-0.2485186828652275,-0.6068041276140939,-0.4947134666367624,-0.5667776521545963,-0.7609319813694113,-0.47134178856537634,-0.5545184734863149,-0.64271006904399,-0.4507025240852115,-0.6141377871393233,-0.7552327546831161,-0.9421248141145367,,,,,,,,,,,,,,,,,,,,,,,
JCI,Johnson Controls,Industrials,2007-07-31,25.028362571197007,24.615558624267575,131.6091766357422,-0.8129647243945866,391935756.9096956,-0.12649236760892735,-0.19280870568095843,-0.20303263025460633,-0.1641023269770514,-0.1163000470549721,-0.1364529248695152,-0.04426870537187588,0.06782195560545556,-0.004242229912378298,-0.33166267341601674,-0.042072480611981766,-0.12524916553292031,-0.13446949456918345,0.05753805038959503,-0.10589721266451677,-0.33958770752720957,-0.6728318661619679,,,,,,,,,,,,,,,,,,,,,,,
KBH,KB Home,Consumer Discretionary,2007-07-31,34.33787838985613,31.809999465942383,85.44999694824219,-0.6277355108015981,122218868.7482289,-0.12424272754526688,-0.19055906561729796,-0.20078299019094586,-0.11991600065054508,-0.07211372072846578,-0.0922665985430089,-0.41666758607595766,-0.3045769250986262,-0.3766411106164601,-0.43899053939745536,-0.14940034659342039,-0.23257703151435893,-0.6114961032788464,-0.41948855832006793,-0.5829238213741798,-0.563578530739252,-0.7701200399152226,,,,,,,,,,,,,,,,,,,,,,,
LAD,Lithia Motors,Consumer Discretionary,2007-07-31,34.326846589363015,20.59000015258789,36.79999923706055,-0.44048911468856466,5097887.2500616405,-0.16937665030042903,-0.2356929883724601,-0.245916912946108,-0.24640276379860382,-0.19860048387652451,-0.21875336169106763,-0.7595517675430036,-0.6474611065656721,-0.719525292083506,-0.36517308127772896,-0.07558288847369399,-0.15875957339463254,-0.5312853519549938,-0.33927780699621535,-0.5027130700503272,-0.8239067436606385,-0.918992061262761,,,,,,,,,,,,,,,,,,,,,,,
LEN,Lennar,Consumer Discretionary,2007-07-31,32.23636092867871,29.184406280517575,65.54592895507812,-0.5547487579202807,115227205.23338614,-0.2508196058123553,-0.3171359438843864,-0.3273598684580343,-0.32180792124176816,-0.27400564131968885,-0.29415851913423197,-0.5881970154921252,-0.4761063545147938,-0.5481705400326277,-0.5899831364522594,-0.30039294364822444,-0.383569628569163,-0.48320031712430966,-0.2911927721655312,-0.45462803521964296,-0.6866167545495666,-0.883124095018419,,,,,,,,,,,,,,,,,,,,,,,
MTG,MGIC Investment Corporation,Financials,2007-07-31,30.360377117648568,38.65999984741211,78.94999694824219,-0.5103229722382798,147411665.56024703,-0.49614408363226514,-0.5624604217042962,-0.5726843462779441,-0.5202941924442057,-0.4724919125221264,-0.4926447903366695,-0.8326201521581912,-0.7205294911808597,-0.7925936766986936,-0.8268491202175978,-0.5372589274135628,-0.6204356123345014,-0.7746415271102938,-0.5826339821515153,-0.7460692452056271,-0.9082026246749703,-0.9816355192555374,,,,,,,,,,,,,,,,,,,,,,,
SUI,Sun Communities,Real Estate,2007-07-31,33.66393542238056,27.21999931335449,42.900001525878906,-0.3655012040749147,5596261.977407668,0.1432561563146546,0.07693981824262353,0.06671589366897564,-0.24997914748143824,-0.20217686755935893,-0.22232974537390204,-0.29620841065831627,-0.18411774968098482,-0.2561819351988187,-0.2429044024115552,0.046685790392479776,-0.03649089452845877,0.6054639861843492,0.7974715311431276,0.6340362680890158,-0.31555262211800206,-0.6950563142160018,,,,,,,,,,,,,,,,,,,,,,,
UBSI,United Bankshares,Financials,2007-07-31,30.60461654684454,27.850000381469727,39.709999084472656,-0.2986652978201757,6204368.331697252,0.09827769161072575,0.03196135353869467,0.02173742896504678,0.1766082004631231,0.2244104803852024,0.20425760257065928,-0.05833612521768805,0.053754535759643396,-0.018309649758190466,-0.20265900323607067,0.0869311895679643,0.003754504647025758,0.06185455400292317,0.25386209896170164,0.09042683590758985,-0.3076772951197615,-0.49869993641576216,,,,,,,,,,,,,,,,,,,,,,,
WTFC,Wintrust Financial,Financials,2007-07-31,34.95405186945672,39.40999984741211,63.38999938964844,-0.3782931025891799,8832110.359125288,-0.06400728367080222,-0.1303236217428333,-0.1405475463164812,-0.030888396886811775,0.01691388303526753,-0.0032389947792755905,-0.47134349690910327,-0.3592528359317718,-0.4313170214496057,-0.31646190905324245,-0.026871716249207478,-0.11004840117014603,-0.18157165609022263,0.010435888868555843,-0.15299937418555595,-0.5637623126857412,-0.7464506182282922,,,,,,,,,,,,,,,,,,,,,,,
DHI,D. R. Horton,Consumer Discretionary,2007-08-31,33.81129896825654,15.109999656677246,42.81999969482422,-0.6471275160120182,127363094.39449008,-0.19833369078686314,-0.2103615184488974,-0.20833941346161375,-0.05090362173195928,0.03325935147472625,0.017668051063461296,-0.14718600906092705,-0.03739318796984792,-0.10813746547641706,-0.06631850532925632,0.2063628639426901,0.12961947705950327,-0.2763092595178199,-0.03818075922485886,-0.18344775784460537,-0.39294226482466077,-0.7405967262039328,,,,,,,,,,,,,,,,,,,,,,,
NI,NiSource,Utilities,2007-08-31,34.804016984422844,7.402750015258789,13.261297225952148,-0.4417778374824656,51332082.60599793,-0.006073974678076688,-0.01810180234011094,-0.016079697352827296,-0.06512649532271975,0.019036477883965786,0.0034451774727008305,-0.07987977249312994,0.029913048597949188,-0.04083122890861995,-0.20334674566225375,0.06933462360969267,-0.007408763273494157,0.11250749155730055,0.3506359918502616,0.2053689932305151,-0.09896960632170704,-0.5480339629397739,,,,,,,,,,,,,,,,,,,,,,,
ORI,Old Republic International,Financials,2007-08-31,34.66328394873241,18.190000534057617,23.739999771118164,-0.23378261544099166,23066325.93932076,-0.1748216926649221,-0.18684952032695634,-0.1848274153396727,-0.23761305998014493,-0.1534500867734594,-0.16904138718472433,-0.3783928107647583,-0.26859998967367915,-0.3393442671802483,-0.2738991431844512,-0.0012177739125047715,-0.0779611607956916,-0.1738102423570146,0.06431825793594648,-0.08094874068380004,-0.4773493294147968,-0.6088040031150028,,,,,,,,,,,,,,,,,,,,,,,
SANM,Sanmina Corporation,Information Technology,2007-08-31,33.02193842381959,13.739999771118164,363.0,-0.962148760961107,24376757.28453568,-0.22707423126144466,-0.2391020589234789,-0.23707995393619527,-0.27947599829365877,-0.19531302508697324,-0.21090432549823818,0.02620091822041326,0.1359937393114924,0.06524946180492325,-0.5400290919257378,-0.26734772265379136,-0.3440911095369782,-0.3420669496039337,-0.10393844931097262,-0.24920544793071914,-0.5414846946375045,-0.9213973754799085,,,,,,,,,,,,,,,,,,,,,,,
CGNX,Cognex,Information Technology,2007-09-30,34.94913593554388,4.440000057220459,18.28125,-0.7571282019981971,8834783.905507648,0.13917413123826083,0.17583719535070808,0.16511086334800693,0.23958089294493412,0.3657628307059283,0.32837261334746704,0.15720151384256065,0.380883128986759,0.30057724613599623,-0.027613244766865108,0.2473485223128643,0.1551483060934373,0.6112763880168786,0.8121147530402372,0.6346205509707974,-0.1706356966971283,-0.44222481656093593,,,,,,,,,,,,,,,,,,,,,,,
FITB,Fifth Third Bancorp,Financials,2007-09-30,34.85641558522103,33.880001068115234,69.69999694824219,-0.5139167496194607,150875629.48069498,-0.2457791607600791,-0.20911609664763187,-0.21984242865033302,-0.35954153991951665,-0.23335960215852247,-0.27074981951698374,-0.6269428572641131,-0.40326124211991476,-0.48356712497067755,-0.6798984094924925,-0.40493664241276306,-0.49713685863219004,-0.6185840346804481,-0.4177456696570895,-0.5952398717265293,-0.750459314264012,-0.9682963679746408,,,,,,,,,,,,,,,,,,,,,,,
UFPI,UFP Industries,Industrials,2007-09-30,32.18152245041776,9.966667175292969,26.76000022888184,-0.627553546709763,8890080.88555109,-0.012661512750069215,0.024001551362378026,0.01327521935967687,0.0791677880486521,0.20534972580964628,0.167959508451185,0.17206363901942168,0.39574525416362005,0.31543937131285726,0.33168172790752304,0.6066434949872525,0.5144432787678255,-0.0020027011759281566,0.19883566384743045,0.021341461777990654,-0.2160504111480227,-0.5094859809226303,,,,,,,,,,,,,,,,,,,,,,,
HSY,Hershey Company (The),Consumer Staples,2007-10-31,32.89189932641948,43.11000061035156,67.37000274658203,-0.3601009521624412,69667783.82746984,-0.15467363697452197,-0.04765228325462656,-0.05710807908987228,-0.11932124918850584,-0.022534662348716372,-0.051920580268959876,-0.10852666826118151,0.2520668721333231,0.21291362727974472,-0.06432194678876091,0.2340969117351055,0.17033030345231584,0.2623638967665516,0.4437778532820722,0.2789417037520218,-0.23262714770590776,-0.2623914241198805,,,,,,,,,,,,,,,,,,,,,,,
KEY,KeyCorp,Financials,2007-10-31,29.2685810556154,28.450000762939453,44.875,-0.3660166960904857,99454252.46361324,-0.06734525741159136,0.03967609630830404,0.03022030047305832,-0.1251054247240868,-0.028318837884297343,-0.05770475580454085,-0.534668506610038,-0.1740749662155333,-0.21322821106911172,-0.7941440094532661,-0.4957251509293997,-0.5594917592121894,-0.6850038501854111,-0.5035898936698905,-0.6684260431999409,-0.7843953044676096,-0.8322097111269707,,,,,,,,,,,,,,,,,,,,,,,
MTB,M&T Bank,Financials,2007-10-31,34.58760100164727,99.4800033569336,125.12999725341795,-0.20498676943576555,67285368.85552785,-0.07487954553443454,0.03214180818546086,0.02268601235021514,-0.04749886784359869,0.04928771899619078,0.019901801075947273,-0.15607529965044376,0.2045182407440609,0.16536499589048248,-0.30899116145227334,-0.01057230292840694,-0.0743389112111966,-0.14763073277703231,0.0337832237384883,-0.13105292579156208,-0.4478239192880198,-0.6881476798844606,,,,,,,,,,,,,,,,,,,,,,,
PGR,Progressive Corporation,Financials,2007-10-31,34.595824282883925,18.5,31.225000381469727,-0.4075260280547921,109423111.68983096,0.010598238819689243,0.11761959253958465,0.10816379670433893,-0.009014396824084558,0.08777219001570491,0.058386272095461406,-0.2225747487135571,0.13801879168094755,0.09886554682736914,-0.12832522879422603,0.17009362972964037,0.10632702144685072,0.16388423259479667,0.3452981891103173,0.1804620395802669,-0.4394039574230544,-0.46827818819522715,,,,,,,,,,,,,,,,,,,,,,,
RF,Regions Financial Corporation,Financials,2007-10-31,32.27469330010099,27.1200008392334,39.150001525878906,-0.30727969904914165,119393208.94682445,-0.0569709472622314,0.05005040645766401,0.04059461062241829,-0.16396729222490025,-0.06718070538511078,-0.09656662330535429,-0.5610100511812439,-0.20041651078673928,-0.23956975564031768,-0.8003034197727814,-0.501884561248915,-0.5656511695317047,-0.7385060055946624,-0.5570920490791418,-0.7219281986091922,-0.7484350541075137,-0.9059149959563769,,,,,,,,,,,,,,,,,,,,,,,
ZION,Zions Bancorporation,Financials,2007-10-31,27.71205725484495,59.11000061035156,88.55999755859375,-0.33254288347012717,82545480.32764858,-0.06662197876168274,0.040399374958212664,0.03094357912296694,-0.20349315665673218,-0.10670656981694271,-0.1360924877371862,-0.3298931615317764,0.03070037886272825,-0.008452865990850156,-0.7475634857315894,-0.44914462720772297,-0.5129112354905127,-0.6293068202805587,-0.4478928637650381,-0.6127290132950886,-0.6960942413033424,-0.8950863225000409,,,,,,,,,,,,,,,,,,,,,,,
AMD,Advanced Micro Devices,Information Technology,2007-11-30,34.43139618272296,9.760000228881836,48.5,-0.798762881878725,278621119.7325086,-0.2612705052187285,-0.16622292032085284,-0.18186801087345095,-0.29508197201864905,-0.24889215133312226,-0.30287496972000355,-0.7581967377303842,-0.3770669793585958,-0.40426259466595854,-0.2817622884743576,-0.05657612024498215,-0.12739348497011904,-0.25307379191647694,-0.10464322834000195,-0.307059425747775,-0.834016396846543,-0.834016396846543,,,,,,,,,,,,,,,,,,,,,,,
C,Citigroup,Financials,2007-11-30,27.27525598176649,333.0,591.25,-0.43678646934460885,2724960853.348539,-0.2797205134552919,-0.18467292855741624,-0.20031801911001434,-0.3264810377548497,-0.2802912170693229,-0.3342740354562042,-0.7372597451663867,-0.3561299867945983,-0.38332560210196104,-0.8694289922426229,-0.6442428240132475,-0.7150601887383844,-0.8665697223882559,-0.7181391588117809,-0.920555356219554,-0.9033344069978073,-0.9691839741394037,,,,,,,,,,,,,,,,,,,,,,,
COF,Capital One,Financials,2007-11-30,31.60091332423805,53.310001373291016,90.04000091552734,-0.407929799741953,315899687.20354956,-0.1299769165360074,-0.03492933163813172,-0.05057442219072984,-0.08413658746766006,-0.03794676678213327,-0.09192958516901455,-0.33303341765630967,0.04809634071547875,0.020900725408115994,-0.23241830497820637,-0.007232136748830942,-0.07804950147396783,-0.2512599215374902,-0.10282935796101522,-0.3052455553687883,-0.5487654393507528,-0.8447151803124823,,,,,,,,,,,,,,,,,,,,,,,
EWBC,East West Bancorp,Financials,2007-11-30,31.205383430659523,26.950000762939453,43.68000030517578,-0.3830128073569161,21828938.148816425,-0.2993082658219156,-0.20426068092403993,-0.21990577147663803,-0.5033950002862115,-0.45720517960068474,-0.511187997987566,-0.4370271194939086,-0.05589736112212018,-0.08309297642948293,-0.4419785293335269,-0.21679236110415145,-0.28760972582928834,-0.3352608826480359,-0.1868303190715609,-0.38924651647933395,-0.7460713194256053,-0.8764967438710156,,,,,,,,,,,,,,,,,,,,,,,
HD,Home Depot (The),Consumer Discretionary,2007-11-30,32.63473585395347,28.559999465942383,70.0,-0.5920000076293945,677269284.840935,-0.07037810499636943,0.024669479901506253,0.009024389348908132,-0.03331655948887191,0.012873261196654884,-0.041109557190226395,-0.16976889461585443,0.211360863755934,0.18416524844857124,0.02360621574854016,0.2487923839779156,0.1779750192527787,0.17500597386489303,0.323436537441368,0.12102034003359496,-0.38747546847228465,-0.38747546847228465,,,,,,,,,,,,,,,,,,,,,,,
LPX,Louisiana-Pacific,Industrials,2007-11-30,32.586802797568126,15.380000114440918,48.0,-0.6795833309491475,21057836.634529963,-0.2839959122105232,-0.18894832731264755,-0.20459341786524565,-0.18999028367486248,-0.1438004629893357,-0.19778328137621698,-0.8458712821673182,-0.4647415237955298,-0.49193713910289255,-0.5836522500466947,-0.3584660818173193,-0.4292834465424562,-0.45287648127153834,-0.30444591769506335,-0.5068621151028364,-0.8939113921729173,-0.9312759492086263,,,,,,,,,,,,,,,,,,,,,,,
LSCC,Lattice Semiconductor,Information Technology,2007-11-30,34.99331490966232,3.359999895095825,41.6875,-0.9194003023665169,8597182.630802337,-0.23214285587575156,-0.13709527097787588,-0.152740361530474,0.05952382557381353,0.10571364625934032,0.05173082787245904,-0.5476190391716771,-0.16648928079988867,-0.19368489610725143,-0.34821424833467096,-0.12302808010529553,-0.19384544483043242,0.32440474648831064,0.47283531006478563,0.2704191126570126,-0.627976178861056,-0.6904761921656646,,,,,,,,,,,,,,,,,,,,,,,
MU,Micron Technology,Information Technology,2007-11-30,32.21253706317523,8.319999694824219,97.5,-0.9146666697966747,188794186.7253856,-0.09615376025420219,-0.0011061753563265109,-0.01675126590892463,-0.030047980285977438,0.016141840399549356,-0.03784097798733192,-0.6706729876326576,-0.2895432292608692,-0.3167388445682319,-0.09615376025420219,0.12903240797517324,0.05821504325003635,-0.12620168176673907,0.022228881809735923,-0.18018731559803713,-0.8088942124919928,-0.8088942124919928,,,,,,,,,,,,,,,,,,,,,,,
VLY,Valley Bank,Financials,2007-11-30,33.97703065425807,15.357112884521484,20.18512535095215,-0.23918664771645437,9173891.59378913,-0.03635490879885961,0.05869267609901607,0.04304758554641795,-0.03506953924957079,0.011120281435956003,-0.042862536950925276,0.0821790099022619,0.4633087682740503,0.43611315296668757,-0.16028522343417317,0.06490094479520225,-0.005916419929934635,-0.11856878447439345,0.029861779102081543,-0.17255441830569151,-0.24447261312708968,-0.5125608127168607,,,,,,,,,,,,,,,,,,,,,,,
VTRS,Viatris,Health Care,2007-11-30,34.867466180259726,14.380000114440918,28.75,-0.4998260829759681,107167388.57977428,-0.17663423751776453,-0.08158665261988884,-0.09723174317248696,-0.07162734180108143,-0.02543752111555464,-0.07942033950243592,-0.34561895067679504,0.035510807694993374,0.008315192387630621,0.24269825112799182,0.46788441935736724,0.39706705463223035,0.36091783330245386,0.5093483968789289,0.3069321994711558,-0.6001391174569062,-0.6001391174569062,,,,,,,,,,,,,,,,,,,,,,,
AN,AutoNation,Consumer Discretionary,2007-12-31,33.92129228191229,15.65999984741211,44.375,-0.6470985949878961,39333262.62943177,-0.044061276315869646,0.04886454258888395,0.020434678370705367,-0.3601532212390458,-0.2442029986917208,-0.2795586191381337,-0.3690932177069187,-0.0011434842826643088,-0.051373509987859445,0.22286077938212157,0.4242541925982123,0.32526285318009984,0.8007663497902038,0.8819202395854882,0.6619033950351734,-0.7464878628803888,-0.7464878628803888,,,,,,,,,,,,,,,,,,,,,,,
ASB,Associated Bank,Financials,2007-12-31,34.741257982724576,27.09000015258789,35.459999084472656,-0.2360405851095989,26098974.86921038,-0.006112938837557924,0.08681288006719567,0.05838301584901709,-0.27201552858222844,-0.15606530603490343,-0.1914209264813163,-0.18337312416285356,0.18457660926140085,0.1343465835562057,-0.5562189988601012,-0.35482558564401045,-0.4538169250621229,-0.3874992001906806,-0.30634531039539625,-0.526362154945711,-0.46033314267546965,-0.6434736981179592,,,,,,,,,,,,,,,,,,,,,,,
BAC,Bank of America,Financials,2007-12-31,33.27618182407819,41.2599983215332,55.08000183105469,-0.2509078258913495,1350023992.4923851,-0.06577452616896229,0.02715129273579131,-0.0012785714823872751,-0.400242313069038,-0.284292090521713,-0.3196477109681259,-0.6309295145913365,-0.2629797811670821,-0.31320980687227723,-0.6033191651683618,-0.4019257519522711,-0.5009170913703835,-0.6475782546890816,-0.5664243648937972,-0.786441209444112,-0.7434569045084078,-0.9336826461746789,,,,,,,,,,,,,,,,,,,,,,,
CMCSA,Comcast,Communication Services,2007-12-31,34.69764959039898,8.556700706481934,17.064979553222656,-0.4985812505784085,635269875.8219353,0.0626732120141158,0.1555990309188694,0.1271691667006908,0.042342511068305555,0.15829273361563057,0.12293711316921768,-0.06610355726844985,0.30184617615580456,0.2516161504506094,-0.05065879302710641,0.15073462018898431,0.05174328077087184,0.26384917158867394,0.3450030613839583,0.1249862168336435,-0.3084297817798446,-0.3837274433871857,,,,,,,,,,,,,,,,,,,,,,,
CUZ,Cousins Properties,Real Estate,2007-12-31,34.713495859175566,62.38532257080078,115.03175354003906,-0.45766868146466755,14413685.195661575,0.13373437207871253,0.22666019098346613,0.19823032676528754,0.07418240409873555,0.19013262664606057,0.15477700619964768,-0.3322945103340694,0.035655223090184984,-0.014574802615010152,-0.6008260784547188,-0.3994326652386281,-0.4984240046567405,-0.5583660343914,-0.4772121445961156,-0.6972289891464304,-0.6196730709660345,-0.7095792387152287,,,,,,,,,,,,,,,,,,,,,,,
DRI,Darden Restaurants,Consumer Discretionary,2007-12-31,34.58447974224336,24.769969940185547,42.54964065551758,-0.4178571297294017,64114902.96889487,0.1833779311858279,0.2763037500905815,0.24787388587240292,0.1672210583346263,0.2831712808819513,0.24781566043553843,0.04466241700956641,0.4126121504338208,0.3623821247286257,0.3367855668823121,0.5381789800984028,0.43918764068029037,0.821506529751225,0.9026604195465093,0.6826435749961945,-0.510291378697145,-0.510291378697145,,,,,,,,,,,,,,,,,,,,,,,
JBL,Jabil,Information Technology,2007-12-31,33.07845024944531,15.270000457763672,68.0,-0.7754411697387695,46549495.78708618,-0.37740022971155207,-0.2844744108067985,-0.3129042750249771,0.08667857892368058,0.2026288014710056,0.1672731810245927,-0.5460780576794708,-0.1781283242552164,-0.22835834996041154,0.2064710357374031,0.40786444895349383,0.3088731095353814,0.4229704598782289,0.5041243496735133,0.2841075051231985,-0.6792285090170564,-0.7890836806398237,,,,,,,,,,,,,,,,,,,,,,,
LUV,Southwest Airlines,Industrials,2007-12-31,33.77286938160654,12.199999809265137,23.32666778564453,-0.47699345995859976,73371541.77512366,0.016785657356993555,0.10971147626174715,0.08128161204356857,0.0696418398055314,0.1855920623528564,0.15023644190644353,-0.2922847891412893,0.07566494428296511,0.02543491857776997,-0.05912897633936942,0.1422644368767213,0.04327309745860883,0.0702213267428149,0.15137521653809927,-0.06864162801221554,-0.42118423620188084,-0.5932822865799576,,,,,,,,,,,,,,,,,,,,,,,
M,Macy's,Consumer Discretionary,2007-12-31,33.93124176326708,25.8700008392334,46.70000076293945,-0.44603853497656654,178874519.10542685,-0.10378794867523,-0.010862129770476403,-0.03929199398865499,-0.24065322184235494,-0.12470299929502993,-0.1600586197414428,-0.5866070727835248,-0.21865733935927034,-0.2688873650644655,-0.3191161912052839,-0.11772277798919317,-0.21671411740730565,0.03722519093954513,0.1183790807348295,-0.10163776381548531,-0.800544131555531,-0.800544131555531,,,,,,,,,,,,,,,,,,,,,,,
MAS,Masco,Industrials,2007-12-31,34.33804917345849,18.98945426940918,33.769771575927734,-0.437678924575684,91896300.48848794,-0.07249745327082224,0.020428365633931356,-0.00800149858424723,-0.2554655597079555,-0.13951533716063047,-0.17487095760704335,-0.457391863090188,-0.08944212966593357,-0.1396721553711287,-0.2960237264152328,-0.09463031319914206,-0.19362165261725453,-0.3394133128616429,-0.2582594230663585,-0.4782762676166733,-0.6675123849440201,-0.8189712671157395,,,,,,,,,,,,,,,,,,,,,,,
MCO,Moody's Corporation,Financials,2007-12-31,34.242502084044006,35.70000076293945,76.08999633789062,-0.5308187346414435,186377334.39124575,-0.021833200664225894,0.0710926182405277,0.04266275402234912,-0.030611828022055643,0.08533839452526937,0.049982774078856484,-0.4300892866993341,-0.062139553275079695,-0.11236957898027483,-0.2271847191933808,-0.02579130597729007,-0.12478264539540254,-0.22128705638732382,-0.14013316659203945,-0.36015001114235423,-0.5628509224765792,-0.5628509224765792,,,,,,,,,,,,,,,,,,,,,,,
SBUX,Starbucks,Consumer Discretionary,2007-12-31,32.95296958015709,10.234999656677246,20.0049991607666,-0.4883779012223145,312266115.63983494,-0.14509070292768178,-0.05216488402292818,-0.08059474824110677,-0.23107015760492744,-0.11511993505760243,-0.1504755555040153,-0.5378601929226792,-0.16991045949842476,-0.2201404852036199,0.1265263983743823,0.327919811590473,0.22892847217236054,0.5911227721881787,0.672276661983463,0.45225981743314825,-0.6551051160868824,-0.6551051160868824,0.435,672600000.0,9411500000.0,,,,,0.6382009678337603,,,,,15825427055.358887,,,1.6814989167889165,10.219004046649719,23.5287348429362,,,2007-09-30,,
SLM,SLM Corp,Financials,2007-12-31,26.845395096340738,7.197999000549316,20.85418128967285,-0.6548414487931099,350424486.3135321,-0.23783522693936532,-0.14490940803461172,-0.1733392722527903,-0.03922558715429625,0.07672463539302876,0.04136901494661588,-0.5580934761507919,-0.19014374272653745,-0.24037376843173258,-0.44041725871933823,-0.2390238455032475,-0.33801518492135996,-0.3748759085220348,-0.2937220187267504,-0.5137388632770652,-0.79195632987143,-0.8455809915323456,,,,,,,,,,,,,,,,,,,,,,,
TER,Teradyne,Information Technology,2007-12-31,34.8041855467322,10.34000015258789,115.4375,-0.9104277193062229,53156403.84192088,0.20116101309713552,0.2940868320018891,0.2656569677837105,0.07059955581473099,0.186549778362056,0.1511941579156431,-0.5918763441901143,-0.22392661076585985,-0.274156636471055,0.03771762725735428,0.239111040473445,0.14011970105533253,0.3578337787257546,0.438987668521039,0.21897082397072418,-0.7292068307434206,-0.7292068307434206,,,,,,,,,,,,,,,,,,,,,,,
TFC,Truist Financial,Financials,2007-12-31,28.830660726731224,30.670000076293945,44.7400016784668,-0.31448370751726396,135111254.919367,0.0635213410441311,0.1564471599488847,0.1280172957307061,-0.2341187119102761,-0.1181684893629511,-0.15352410980936398,-0.04481362956650303,0.3231361038577514,0.27290607815255624,-0.06429281467437487,0.13710059854171586,0.038109259123603384,-0.008577999096591404,0.07257589069869297,-0.14744095385162184,-0.3580712122832751,-0.5429124551408782,,,,,,,,,,,,,,,,,,,,,,,
UDR,"UDR, Inc.",Real Estate,2007-12-31,33.795848006742105,19.850000381469727,34.099998474121094,-0.41788852581520974,29460943.160947163,0.25665132964960247,0.34957714855435607,0.32114728433617745,0.16233791961724298,0.278288142164568,0.2429325217181551,-0.1883238290492334,0.17962590437502102,0.12939587866982588,0.03211440623776296,0.23350781945385368,0.1345164800357412,0.5359209991373615,0.6170748889326458,0.39705804438233105,-0.463984845116416,-0.6038737483416962,,,,,,,,,,,,,,,,,,,,,,,
ASH,Ashland Global,Materials,2008-01-31,33.36737060436174,22.274951934814453,36.77592849731445,-0.394306198511315,41213787.46904307,0.171536576988649,0.16007519779135126,0.13632094457948962,-0.07240397986340474,-0.004888190128063519,-0.054747843414520554,-0.8191915869311592,-0.43667461256017104,-0.46931834921505744,-0.07329884613384674,0.1075945872326064,0.015594825520073047,0.3451544689182271,0.34439311285083307,0.11830001181571606,-0.8209951662061867,-0.8782027105604959,,,,,,,,,,,,,,,,,,,,,,,
BYD,Boyd Gaming,Consumer Discretionary,2008-01-31,32.52605694344558,26.690000534057617,59.25,-0.5495358559652723,37431445.79536498,-0.2933751540829349,-0.30483653328023264,-0.3285907864920943,-0.620770184961817,-0.5532543952264758,-0.6031140485129328,-0.8172249147531052,-0.434707940382117,-0.4673516770370034,-0.7036079156774082,-0.5227144823109551,-0.6147142440234884,-0.5880910146385601,-0.5888523707059541,-0.8149454717410711,-0.8932228502862675,-0.8932228502862675,,,,,,,,,,,,,,,,,,,,,,,
CDNS,Cadence Design Systems,Information Technology,2008-01-31,28.012256096380128,10.149999618530272,39.0,-0.7397435995248649,67348815.08586822,0.09655177662484982,0.08509039742755209,0.06133614421569044,-0.27192116805658817,-0.20440537832124694,-0.254265031607704,-0.6275861957187819,-0.24506922134779374,-0.27771295800268014,-0.4275861910208787,-0.24669275765442555,-0.3386925193669589,-0.14482752400017795,-0.14558888006757198,-0.371681981102689,-0.7615763382024281,-0.7615763382024281,,,,,,,,,,,,,,,,,,,,,,,
FCFS,FirstCash,Financials,2008-01-31,32.25678037071559,10.010000228881836,26.46999931335449,-0.6218360223442979,6832613.464800517,0.48251739736819754,0.4710560181708998,0.4473017649590382,0.9050946935915334,0.9726104833268746,0.9227508300404176,0.6803193142983013,1.0628362886692895,1.030192552014403,1.2807185668680048,1.461612000234458,1.3696122385219245,2.2957033727605665,2.2949420166931724,2.0688489156580556,-0.2467533578747073,-0.2467533578747073,,,,,,,,,,,,,,,,,,,,,,,
FICO,Fair Isaac,Information Technology,2008-01-31,31.546298803673665,25.5,48.470001220703125,-0.47390139554797217,32355700.714253623,-0.02785147804701915,-0.03931285724431688,-0.06306711045617852,-0.12560638213542674,-0.05809059240008552,-0.10795024568654255,-0.5000112369075693,-0.11749426253658113,-0.15013799919146753,-0.13244881798816377,0.04844461537828937,-0.04355514633424398,0.007574210792613778,0.0068128547252197524,-0.21928024630989726,-0.5931051731179143,-0.6151348644828415,,,,,,,,,,,,,,,,,,,,,,,
HOG,Harley-Davidson,Consumer Discretionary,2008-01-31,34.506023012669104,40.63999938964844,75.87000274658203,-0.4643469366227315,113750309.19629052,-0.05114902802396504,-0.06261040722126276,-0.08636466043312441,-0.05360977266744715,0.013906017067894072,-0.035953636218562963,-0.6869634903393149,-0.3044465159683267,-0.3370902526232131,-0.4011651216848724,-0.22027168831841926,-0.3122714500309526,0.05865390100784107,0.057892544940447044,-0.16820055609466997,-0.7411924167490148,-0.7923659253118139,,,,,,,,,,,,,,,,,,,,,,,
HST,Host Hotels & Resorts,Real Estate,2008-01-31,34.776902803359164,16.37787628173828,38.16079330444336,-0.5708192921704467,106787276.53276062,0.040600664909630435,0.029139285712332708,0.005385032500471058,-0.19588158599607097,-0.12836579626072975,-0.17822544954718678,-0.6628828624095517,-0.28036588803856355,-0.31300962469344995,-0.3198164151660581,-0.13892298179960494,-0.2309227435121383,0.19089607864170932,0.1901347225743153,-0.035958378460801715,-0.7031202533844261,-0.8070035862260188,,,,,,,,,,,,,,,,,,,,,,,
MSI,Motorola Solutions,Information Technology,2008-01-31,29.631637906296532,46.48875045776367,222.6600646972656,-0.7912119960938169,375742841.47431713,-0.12956464693006842,-0.14102602612736614,-0.1647802793392278,-0.2406579100835382,-0.17314212034819698,-0.223001773634654,-0.6036079658472131,-0.2210909914762249,-0.2537347281311113,-0.44970411655822307,-0.26881068319176993,-0.36081044490430325,-0.14184300116057702,-0.14260435722797105,-0.3686974582630881,-0.7347435925986155,-0.7347435925986155,,,,,,,,,,,,,,,,,,,,,,,
SPGI,S&P Global,Financials,2008-01-31,34.5496452064543,40.45411682128906,68.59034729003906,-0.41020685242741206,133752675.41987331,-0.03623654617784555,-0.04769792537514328,-0.07145217858700492,-0.03859360590416461,0.028922183831176618,-0.020937469455280418,-0.4711691433188462,-0.08865216894785799,-0.12129590560274439,-0.11892330095689085,0.061970132409562284,-0.030029629302971067,-0.001535202763627952,-0.0022965588310219776,-0.228389659866139,-0.5924456396717108,-0.5924456396717108,,,,,,,,,,,,,,,,,,,,,,,
TXNM,TXNM Energy,Utilities,2008-01-31,32.019068882032144,19.309999465942383,34.279998779296875,-0.43669777848403835,24185278.645463973,-0.23642702846300878,-0.2478884076603065,-0.27164266087216815,-0.3829231828515427,-0.3154073931162015,-0.3652670464026585,-0.4510731941045589,-0.06855621973357073,-0.10119995638845714,-0.33340091968480146,-0.15250748631834832,-0.24450724803088167,-0.22241524270904245,-0.22317659877643647,-0.4492696998115535,-0.5931711332407891,-0.6752365152505453,,,,,,,,,,,,,,,,,,,,,,,
AEE,Ameren,Utilities,2008-02-29,33.86318409391869,42.70000076293945,56.77000045776367,-0.24784216278617366,65254994.88800291,0.08047142063458534,0.02648210208369206,-0.014708543246678696,0.009817550077535042,0.03780271243129263,-0.022670427518152833,-0.4058784623317888,0.028365621891785597,-0.0019117955161586098,-0.342218714333521,-0.20928484004299774,-0.31924365688801687,-0.2113742852779914,-0.27437089089519673,-0.5169555345020047,-0.41212448336325436,-0.5034437107866752,,,,,,,,,,,,,,,,,,,,,,,
AIG,American International Group,Financials,2008-02-29,29.242946442936443,937.2000122070312,2075.0,-0.5483373435146837,1157862772.8441074,-0.22838721355704295,-0.28237653210793623,-0.323567177438307,-0.5368174285751227,-0.5088322662213651,-0.5693054061708106,-0.9908559638264082,-0.5566118796028338,-0.586889297010778,-0.9730359808610636,-0.8401021065705403,-0.9500609234155594,-0.9513638903015598,-1.014360495918765,-1.256945139525573,-0.9917268259975476,-0.9928154026341313,,,,,,,,,,,,,,,,,,,,,,,
AXP,American Express,Financials,2008-02-29,31.631546915713827,42.29999923706055,65.88999938964844,-0.35802094962978503,574237154.226509,0.10000544336051487,0.046016124809621584,0.004825479479250827,-0.05419338988992917,-0.02620822753617158,-0.08668136748561704,-0.7085821712438054,-0.274338087020231,-0.3046155044281752,-0.048616463216071715,0.08431741107445156,-0.02564140577056754,0.1047547154609183,0.041758109843712976,-0.20082653376309506,-0.7235638815300508,-0.7653676252314818,,,,,,,,,,,,,,,,,,,,,,,
BBWI,"Bath & Body Works, Inc.",Consumer Discretionary,2008-02-29,28.98413421164726,12.32821273803711,26.354082107543945,-0.5322086086045805,108590009.27925313,0.28114603035799623,0.22715671180710295,0.1859660664767322,0.38515789279790136,0.41314305515165894,0.35266991520221347,-0.46850636602743023,-0.03426228180385582,-0.06453969921180003,0.5857584797152859,0.7186923540058092,0.6087335371607902,1.673661331024701,1.6106647254074957,1.3680800818006877,-0.540500468516886,-0.5866929849519293,,,,,,,,,,,,,,,,,,,,,,,
BRO,Brown & Brown,Financials,2008-02-29,26.495844294719205,8.914999961853027,17.625,-0.4941843993274878,14189027.932082282,0.09596338027649787,0.04197406172560458,0.0007834163952338269,0.148432906191879,0.17641806854563657,0.11594492859619111,-0.03928820553980428,0.39495587868377013,0.3646784612758259,-0.028541665185456755,0.10439220910506652,-0.00556660773995258,0.5356379117072465,0.4726413060900412,0.23005666248323314,-0.08883280526431625,-0.14862833557392052,,,,,,,,,,,,,,,,,,,,,,,
CBT,Cabot Corp,Materials,2008-02-29,32.78742348561612,27.399999618530277,49.869998931884766,-0.4505714817448717,13935199.013934059,0.17604645393454477,0.12205713538365148,0.08086649005328073,0.02255992802911555,0.05054509038287314,-0.009928049566572325,-0.6026223300573859,-0.16837824583381145,-0.19865566324175565,0.1388913757616237,0.27182525005214697,0.16186643320712787,0.7341621253220287,0.6711655197048234,0.4285808760980154,-0.6049982295266285,-0.697795781309358,,,,,,,,,,,,,,,,,,,,,,,
CTAS,Cintas,Industrials,2008-02-29,32.93066961403946,7.195000171661377,14.154999732971191,-0.491699024557232,47804214.28848145,0.025712781379437555,-0.02827653717145573,-0.06946718250182649,0.07018782347698127,0.09817298583073886,0.037699845881293395,-0.28012408646798037,0.15411999775559404,0.12384258034764983,-0.10312953446551265,0.02980433982501063,-0.08015447702000847,0.03540066375552997,-0.027595941861675355,-0.2701805854684834,-0.322098577352965,-0.3581788622170258,,,,,,,,,,,,,,,,,,,,,,,
DY,Dycom Industries,Industrials,2008-02-29,30.12413307115655,11.4399995803833,59.25,-0.8069198383057671,13364498.852785807,0.4991258957682285,0.44513657721733524,0.4039459318869645,0.4012238876418226,0.4292090499955802,0.3687359100461347,-0.596153841344434,-0.16190975712085964,-0.19218717452880385,-0.21066433005335494,-0.07773045576283166,-0.18768927260785076,0.5087413340887146,0.44574472847150926,0.20316008486470122,-0.6276223439564932,-0.6818181609773961,,,,,,,,,,,,,,,,,,,,,,,
ENTG,Entegris,Information Technology,2008-02-29,33.01633835264195,7.050000190734863,19.049999237060547,-0.6299212350087898,7502375.017140403,0.09078007450573478,0.03679075595484149,-0.0043998893755292645,-0.12624119034846937,-0.09825602799471178,-0.15872916794415726,-0.913475193951358,-0.4792311097277836,-0.5095085271357278,-0.36595773914276375,-0.23302386485224047,-0.3429826816972596,0.2368796736769374,0.17388306805973208,-0.06870157554707595,-0.926241153377319,-0.929078012045738,,,,,,,,,,,,,,,,,,,,,,,
FR,First Industrial Realty Trust,Real Estate,2008-02-29,33.33967926266942,30.3799991607666,50.61000061035156,-0.3997233986487485,22862807.321693785,0.05506916990351374,0.0010798513526204534,-0.0401107939777503,-0.1861411031445238,-0.15815594079076623,-0.2186290807402117,-0.9191865097270394,-0.484942425503465,-0.5152198429114092,-0.7977834438476185,-0.6648495695570952,-0.7748083864021142,-0.590081905267734,-0.6530785108849393,-0.8956631544917473,-0.9191865097270394,-0.9356417448637028,,,,,,,,,,,,,,,,,,,,,,,
KRC,Kilroy Realty Corp,Real Estate,2008-02-29,34.97884761262155,47.43000030517578,90.1500015258789,-0.4738768774001597,25646347.301761687,0.16307376842702692,0.10908444987613364,0.06789380454576288,0.08053972643021634,0.10852488878397393,0.048051748834528465,-0.5860353613158986,-0.1517912770923242,-0.1820686945002684,-0.32223160621743896,-0.18929773192691568,-0.2992565487719348,-0.03281941179514791,-0.09581601741235324,-0.3384006610191613,-0.5978246286429034,-0.67501205541978,,,,,,,,,,,,,,,,,,,,,,,
LAMR,Lamar Advertising Company,Real Estate,2008-02-29,33.926042586804314,38.11000061035156,71.54000091552734,-0.46729102428512814,71174916.32836357,0.09813710422836008,0.0441477856774668,0.0029571403470960433,-0.025190143182227565,0.002795019171530022,-0.05767812077791544,-0.8184203464861796,-0.38417626226260515,-0.41445367967054936,-0.2107057994241992,-0.07777192513367592,-0.18773074197869502,0.017318457716855473,-0.04567814790034985,-0.2882627915071579,-0.8485961036956666,-0.859616889767518,,,,,,,,,,,,,,,,,,,,,,,
MS,Morgan Stanley,Financials,2008-02-29,31.87149872859122,42.119998931884766,110.0,-0.6170909188010476,815026807.8421032,0.056083756189402534,0.00209443763850925,-0.039096207691861506,-0.017831446077498092,0.010153716276259495,-0.05031942367318597,-0.5175249774644413,-0.08328089324086685,-0.11355831064881106,-0.29840438094123534,-0.16547050665071206,-0.2754293234957312,-0.2556303815503579,-0.3186269871675632,-0.5612116307743713,-0.8385904914890762,-0.8385904914890762,2.9,3209000000.0,26478000000.0,,,,,,,,,,46607957438.76491,,,1.7602521881850937,0.3470769722596377,14.524137562718884,,,2007-11-30,,
WSM,"Williams-Sonoma, Inc.",Consumer Discretionary,2008-02-29,33.08214396115028,11.68000030517578,22.56999969482422,-0.4824988718163673,53326435.11294713,0.09309726364524407,0.03910794509435078,-0.0020827002360199742,-0.23450748450857428,-0.2065223221548167,-0.26699546210426217,-0.6115004564560627,-0.17725637223248825,-0.20753378964043245,-0.016335574140612708,0.11659830014991057,0.006639483304891468,0.6864322786421837,0.6234356730249784,0.38085102941817034,-0.8096802690899296,-0.8096802690899296,,,,,,,,,,,,,,,,,,,,,,,
AMGN,Amgen,Health Care,2008-03-31,33.332800883312544,41.77999877929688,86.91999816894531,-0.5193281217276418,539380720.6111786,0.12876953381771372,0.1541526878335966,0.1449923165642142,0.41862162736361785,0.530200549334375,0.4791497262526465,0.1852557852632002,0.5668358682821978,0.5370123868017453,0.43226409175707836,0.5041111980588985,0.3917659099424864,0.27931989598106566,0.20660248929323322,-0.04460363580951826,-0.013882213069166816,-0.013882213069166816,2.74,3078000000.0,14771000000.0,,,,,0.7733668341708543,,,,,46933881840.392624,,,3.177434286127725,8.666515214278776,15.248174736969665,,,2007-12-31,,
AVY,Avery Dennison,Materials,2008-03-31,34.620627884467766,49.25,78.5,-0.3726114649681529,57956586.06084793,-0.10087341496847724,-0.07549026095259437,-0.08465063222197675,-0.082000123417595,0.029578798553162144,-0.02147202452856633,-0.5230726899444488,-0.14149260692545118,-0.17131608840590357,-0.1965939642033424,-0.12474685790152229,-0.23709214601793438,-0.05211748727090004,-0.12483489395873248,-0.37604101906148396,-0.6366471111492327,-0.6366471111492327,,,,,,,,,,,,,,,,,,,,,,,
ELV,Elevance Health,Health Care,2008-03-31,27.155931295995742,44.130001068115234,90.0,-0.5096666547987196,418270760.8362894,0.07999093330933116,0.10537408732521403,0.09621371605583165,0.059822925116379544,0.17140184708713668,0.1203510240054082,-0.1395875204576813,0.2419925625613163,0.2121690810808639,0.458871690959763,0.5307187972615831,0.418373509145171,0.5873069623622571,0.5145895556744247,0.2633834305716732,-0.3768411818886386,-0.3768411818886386,5.56,3345400000.0,61167900000.0,,,,,,,,,,26552608916.056244,,,0.4340938452367376,4.082510970830114,7.937050551819287,,,2007-12-31,,
F,Ford Motor Company,Consumer Discretionary,2008-03-31,34.50904921063652,5.71999979019165,37.30033493041992,-0.8466501761750466,314133653.6655252,-0.15909072996131757,-0.1337075759454347,-0.14286794721481708,-0.09090880887526587,0.02067011309549127,-0.030380709986237202,-0.5402098025231172,-0.15862971950411964,-0.18845320098457202,1.1975523458209119,1.269399452122732,1.1570541640063199,1.606644040033009,1.5339266333451766,1.2827205082424251,-0.8234265821172204,-0.8234265821172204,-1.41,-2483000000.0,170572000000.0,,,,,,,,,,10072879063.1531,,,0.05905353201670321,,,,,2007-12-31,,
GHC,Graham Holdings,Consumer Discretionary,2008-03-31,34.776737769693085,399.6978759765625,603.927490234375,-0.33816909738378376,25126445.63633946,-0.10993450964757301,-0.08455135563169014,-0.09371172690107252,-0.15267345199876314,-0.041094530028006004,-0.09214535310973448,-0.45031253821596207,-0.06873245519696447,-0.09855593667741686,-0.30223176247294437,-0.23038465617112425,-0.34272994428753634,-0.29806377430038067,-0.3707811809882131,-0.6219873060909646,-0.5379605740921237,-0.5379605740921237,,,,,,,,,,,,,,,,,,,,,,,
IP,International Paper,Materials,2008-03-31,31.641587007226534,25.401948928833008,56.96760559082031,-0.5540983570331725,153479648.1808068,-0.13561179170269155,-0.11022863768680868,-0.11938900895619106,-0.020366979417545505,0.09121194255321163,0.04016111947148316,-0.7218688299841478,-0.3402887469651502,-0.3701122284456026,-0.022428591425416644,0.049418514876403474,-0.06292677324000862,0.22540573758462523,0.1526883308967928,-0.09851779420595869,-0.84473647076302,-0.84473647076302,2.521516944593868,1168000000.0,21890000000.0,,,,,,,,,,11766518726.946611,,,0.5375294073525176,,10.074074252522784,,,2007-12-31,,
KLAC,KLA Corporation,Information Technology,2008-03-31,32.482690953521626,3.7100000381469727,9.774999618530272,-0.6204603393422135,208254162.58833522,0.10090940597622544,0.1262925599921083,0.11713218872272593,-0.14083565154576927,-0.02925672957501213,-0.08030755265674061,-0.447066723898464,-0.06548664087946643,-0.09531012235991881,-0.12722918365587188,-0.05538207735405176,-0.16772736547046385,0.36877678435053984,0.2960593776627074,0.044853252559955925,-0.59397445501073,-0.59397445501073,,,,,,,,,,,,,,,,,,,,,,,
MO,Altria,Consumer Staples,2008-03-31,22.02075810187958,22.200000762939453,90.5,-0.7546961241664149,1028352535.6689878,-0.0609862346544211,-0.03560308063853823,-0.04476345190792061,-0.07968363974498116,0.03189528222577598,-0.019155540855952495,-0.22587185521299746,0.15570822780600013,0.12588474632554775,0.0647849301097847,0.13663203641160482,0.024286748295192735,0.439296543938394,0.36657913725056157,0.1153730121478101,-0.3348118158328297,-0.3348118158328297,4.62,9786000000.0,18664000000.0,,,,,2.237823004802195,,,,,47023637979.68084,,,2.5194833893956727,9.159964816434492,4.805194970333215,,,2007-12-31,net income 2.24x operating income,
STZ,Constellation Brands,Consumer Staples,2008-03-31,34.489320601024005,17.670000076293945,31.600000381469727,-0.44082278914605166,40294238.1071454,0.12393918551723893,0.1493223395331218,0.14016196826373942,0.21448786002988474,0.3260667820006419,0.2750159589189134,-0.3265421248010676,0.055037958217930005,0.02521447673747762,-0.06960919534901722,0.0022379109528029018,-0.11010737716360919,0.14770851195319779,0.07499110526536534,-0.17621501983738613,-0.39671766521913954,-0.39671766521913954,,,,,,,,,,,,,,,,,,,,,,,
UNH,UnitedHealth Group,Health Care,2008-03-31,33.4710639128581,34.36000061035156,64.61000061035156,-0.4681937736300449,462756757.9964108,-0.2360305011564523,-0.21064734714056943,-0.2198077184099518,-0.26105918355660584,-0.1494802615858487,-0.2005310846675772,-0.3899704760944148,-0.008390393075417224,-0.03821387455586961,-0.04779474708764997,0.02405235921417015,-0.08829292890224194,0.33725357625274577,0.2645361695649133,0.01333004446216185,-0.5777065997586726,-0.5777065997586726,3.42,4654000000.0,75431000000.0,,,,,0.5929417760224233,,,,,46757731824.72987,,,0.6198742138474881,4.383196278164243,10.046783804196364,,,2007-12-31,,
PFE,Pfizer,Health Care,2008-04-30,34.05297774901858,19.07969665527344,47.47786331176758,-0.5981348922552616,888226826.3757216,-0.056825969567415924,0.021256269217930224,-0.0024361584627756727,-0.09055824353798625,0.2015177483714934,0.18355252096300323,-0.286788123797698,0.06428433693289093,0.015755403284897163,-0.07081233552664656,0.029555079571886744,-0.1052956678716645,0.21573619373494668,0.162167641165885,-0.07349091096917265,-0.3796761803940246,-0.3796761803940246,1.1100569259962048,8144000000.0,48418000000.0,,,,,,,,,,139979352339.15936,,,2.8910601912338256,9.433164272631535,17.188034422784796,,,2007-12-31,,
PNW,Pinnacle West Capital,Utilities,2008-04-30,33.98143589267441,33.939998626708984,52.6875,-0.35582446260101575,31967370.167365905,0.00553897051503438,0.08362120930038053,0.05992878161967463,-0.03542842936782886,0.2566475625416508,0.23868233513316062,-0.13590939451683348,0.21516306621375547,0.1666341325657617,0.2523469068801947,0.352714321978728,0.21786357453517674,0.5309262111507249,0.47735765858166324,0.24169910644660558,-0.30927542893697657,-0.30927542893697657,,,,,,,,,,,,,,,,,,,,,,,
WRB,W. R. Berkley Corporation,Financials,2008-04-30,34.471332626042326,7.611852169036865,12.133333206176758,-0.37264953993335703,39224238.4292652,-0.07849773326478804,-0.00041549447944189133,-0.024107922160147788,0.027527872873275294,0.31960386478275493,0.3016386373742648,-0.06001579965420978,0.2910566610763792,0.2425277274283854,0.07179329126793577,0.17216070636646907,0.03730995892291783,0.30776064223925004,0.25419208967018836,0.018533537535130706,-0.3499233337353852,-0.3499233337353852,,,,,,,,,,,,,,,,,,,,,,,
CINF,Cincinnati Financial,Financials,2008-05-31,34.453447906970524,35.02000045776367,49.18999862670898,-0.2880666510377038,40355219.73743741,-0.14239145495120886,-0.06461601694453545,-0.08485197305261175,-0.14258331660303925,0.2085766363416769,0.21611016325394083,-0.31651433458933587,0.006853857780655281,-0.010080722102423112,-0.126051639060896,0.05812813819086471,-0.06158989327807196,0.030832753925806644,0.004592398629787997,-0.20896510494314727,-0.4997426763282591,-0.4997426763282591,,,,,,,,,,,,,,,,,,,,,,,
SMG,Scotts Miracle-Gro Company,Materials,2008-05-31,33.82056878921088,28.200000762939453,57.45000076293945,-0.5091383744396561,20034015.974111404,-0.04704059772333802,0.030734840283335396,0.010498884175259099,0.1584038666846177,0.5095638196293338,0.5170973465415978,0.23702180805573514,0.5603900004257263,0.5434554205426478,0.6219686935267026,0.8061484707784633,0.6864304393095266,1.1470865704246318,1.1208462151286132,0.9072887115556779,-0.4283690042615772,-0.4283690042615772,,,,,,,,,,,,,,,,,,,,,,,
WTRG,Essential Utilities,Utilities,2008-05-31,33.17168503177351,13.663999557495115,23.832000732421875,-0.42665327553023524,21357893.306688655,0.07854253869946337,0.15631797670613679,0.1360820205980605,0.2884911380383226,0.6396510909830387,0.6471846178953027,-0.006293303704844488,0.31707488866514666,0.30014030878206827,0.08752825798786623,0.27170803523962694,0.15199000377069027,0.45955429383907087,0.4333139385430522,0.21975643497011696,-0.28057833839227275,-0.28057833839227275,0.568,95014000.0,566470000.0,,,,,,,,,,2285688827.387044,,,4.034968890474419,7.677027644909338,24.05633724911112,,,2007-12-31,,
CCL,Carnival Corporation,Consumer Discretionary,2008-06-30,30.63348413114292,32.959999084472656,58.97999954223633,-0.4411665083030464,174799932.898476,0.08429138445905848,0.17273205559053095,0.11293433491866764,-0.23781542012850299,0.047235848820455506,0.010063393738115128,-0.19237231404615174,0.06977226979805451,0.024463985892844348,-0.04689719550306426,0.10894231572705737,-0.034509105220286336,0.2063676598516313,0.10542794719101845,-0.16047949500924485,-0.5346034500948998,-0.5346034500948998,2.95,2408000000.0,13033000000.0,,,,,0.8836697247706422,,,,,26904297557.76615,,,2.0643211507531767,6.785493350174112,11.172881045583951,,,2007-11-30,,
COLM,Columbia Sportswear,Consumer Discretionary,2008-06-30,34.00374768134779,18.375,35.46500015258789,-0.4818835493883631,12844310.410302782,0.14621256545424233,0.2346532365857148,0.17485551591385148,-0.02931922362013173,0.25573204532882676,0.21855959024648638,-0.14241657695559595,0.1197280068886103,0.07441972298340013,0.3160828616740554,0.47192237290417705,0.32847095195683335,0.864775344592279,0.7638356319316661,0.49792818973140285,-0.3204035072095748,-0.3204035072095748,,,,,,,,,,,,,,,,,,,,,,,
FDX,FedEx,Industrials,2008-06-30,34.97254830974164,63.48912048339844,97.8404541015625,-0.3510954025469458,267248992.97277293,0.004515612085693288,0.09295628321716576,0.033158562545302445,-0.18330876559556286,0.10174250335339563,0.06457004827105525,-0.28821394650446264,-0.02606936266025639,-0.07137764656546655,-0.09780115652780264,0.058038354702318995,-0.0854130662450247,0.22756670976231552,0.12662699710170267,-0.13928044509856063,-0.5655563770156619,-0.5655563770156619,,,,,,,,,,,,,,,,,,,,,,,
GE,GE Aerospace,Industrials,2008-06-30,32.08259600207971,127.91015625,289.9424743652344,-0.5588429859059756,1915984169.7866278,-0.031753561004356,0.05668711012711647,-0.003110610544746841,-0.37304928570089957,-0.08799801675194108,-0.12517047183428145,-0.5292577442367965,-0.26711316039259025,-0.3124214442978004,-0.406188081502038,-0.25034857027191637,-0.39379999121926007,-0.19944986940316412,-0.30038958206377697,-0.5662970242640403,-0.766151896100976,-0.766151896100976,10.39958911558875,22208000000.0,172488000000.0,,,,,0.8670258452408839,,,,,273148171377.45966,,,1.5835778220946364,7.17259247617542,12.299539417212701,,,2007-12-31,,
HIG,Hartford (The),Financials,2008-06-30,34.029108191293986,64.56999969482422,106.2300033569336,-0.3921679595747677,189954173.57630655,-0.3595445395537368,-0.2711038684222643,-0.3309015890941276,-0.7312258166761056,-0.44617454772714715,-0.4833470028094875,-0.8036466331744606,-0.5415020493302544,-0.5868103332354645,-0.6309035644807095,-0.47506405325058787,-0.6185154741979316,-0.5548995110626003,-0.6558392237232131,-0.9217466659234764,-0.9451023228863388,-0.9451023228863388,9.24,2949000000.0,25916000000.0,,,,,0.7363295880149813,,,,,20607892759.744225,,,0.795180304049399,4.294205617783752,6.988095205067556,,,2007-12-31,,
JLL,Jones Lang LaSalle,Real Estate,2008-06-30,34.98648616853225,60.18999862670898,124.98999786376952,-0.5184414780748142,47581294.85716441,-0.2776208696564203,-0.18918019852494783,-0.24897791919681114,-0.535182988478995,-0.25013171953003654,-0.2873041746123769,-0.4491856580007566,-0.18704107415655036,-0.23234935806176052,0.10820348456996531,0.26404299580008694,0.12059157485274324,0.596450513255464,0.4955108005948512,0.2296033583945879,-0.731849267946644,-0.731849267946644,,,,,,,,,,,,,,,,,,,,,,,
MAR,Marriott International,Consumer Discretionary,2008-06-30,29.835529440468918,24.46133041381836,48.47520065307617,-0.49538464855707465,108389064.27920705,-0.0027609339129641697,0.0856797372185083,0.02588201654664499,-0.25214184786705274,0.032909421081905754,-0.0042630340004346234,-0.14358736068214328,0.11855722316206296,0.0732489392568528,0.1730455931919519,0.3288851044220735,0.18543368347472983,0.40241053515839154,0.3014708224977787,0.03556338029751538,-0.5459102335262767,-0.5459102335262767,1.6305372290292177,696000000.0,12990000000.0,,,,,0.588334742180896,,,,,10441396654.373787,,,0.8038026677731938,7.325649749546223,15.002006687318659,,,2007-12-28,,
MGM,MGM Resorts,Consumer Discretionary,2008-06-30,33.10503343932177,33.88999938964844,100.5,-0.6627860757248911,127559322.36444382,-0.1590438759602899,-0.07060320482881743,-0.13040092550068075,-0.5939804640328482,-0.3089291950838897,-0.34610165016623007,-0.8114487878626452,-0.5493042040184389,-0.5946124879236491,-0.7155502916368284,-0.5597107804067067,-0.7031622013540505,-0.6102093805010007,-0.7111490931616136,-0.9770565353618769,-0.9465919010953778,-0.9465919010953778,,,,,,,,,,,,,,,,,,,,,,,
ORLY,O'Reilly Automotive,Consumer Discretionary,2008-06-30,33.378064608386666,1.4900000095367432,2.5893330574035645,-0.42456224189605407,44745159.09185864,0.19776308969994938,0.28620376083142185,0.22640604015955854,0.37539133049247186,0.6604425994414304,0.62327014435909,0.703803320354722,0.9659479041989283,0.9206396202937182,1.1279643709837872,1.2838038822139088,1.1403524612665652,1.9310959109933847,1.8301561983327719,1.5642487561325087,-0.10514563294771939,-0.10514563294771939,,,,,,,,,,,,,,,,,,,,,,,
OSK,Oshkosh,Industrials,2008-06-30,28.73093976920896,20.690000534057617,65.83000183105469,-0.6857056059764941,37619914.15661706,-0.36017337903701874,-0.27173270790554627,-0.33153042857740955,-0.5594967285811638,-0.27444545963220535,-0.3116179147145457,-0.2720786768034421,-0.009934092959235863,-0.055242376864446024,0.559975043239552,0.7158145544696737,0.5723631335223299,0.4488342235445899,0.34789451088397705,0.08198706868371375,-0.8092308869020052,-0.8092308869020052,,,,,,,,,,,,,,,,,,,,,,,
PFG,Principal Financial Group,Financials,2008-06-30,34.14903882085497,41.970001220703125,70.8499984741211,-0.40762170607479653,91404362.50024825,0.036216252490342216,0.12465692362181469,0.06485920294995137,-0.4502432757250745,-0.165192006776116,-0.20236446185845638,-0.541097884245636,-0.27895330040142974,-0.32426158430663987,-0.4181850273927362,-0.2623455161626146,-0.4057969371099583,-0.2297246183755821,-0.33066433103619497,-0.5965717732364583,-0.8682239864837871,-0.8682239864837871,3.09,860300000.0,10906500000.0,,,,,,,,,,11685045970.929094,,,1.071383667622894,,13.582524666894216,,,2007-12-31,,
PRU,Prudential Financial,Financials,2008-06-30,33.24034878866493,59.7400016784668,103.2699966430664,-0.4215163782279665,247122504.30398366,0.20522250049789736,0.29366317162936983,0.23386545095750652,-0.4755907291907766,-0.19053946024181811,-0.2277119153241585,-0.3549730263979124,-0.09282844255370615,-0.1381367264589163,-0.056496220466103475,0.09934329076401816,-0.04410813018332555,0.1422183073952552,0.04127859473464235,-0.22462884746562095,-0.8157808834238738,-0.8157808834238738,7.51,3662000000.0,34377000000.0,,,,,,,,,,29130211204.599922,,,0.8473750241324118,,7.954727254123409,,,2007-12-31,,
RCL,Royal Caribbean Group,Consumer Discretionary,2008-06-30,28.337177614308132,22.46999931335449,58.875,-0.6183439607073548,76735151.6390755,-0.07141017621830914,0.01703049491316333,-0.042767225758699984,-0.3846696344072419,-0.0996183654582834,-0.13679082054062378,-0.3940672227178732,-0.13192263887366695,-0.17723092277887711,0.018987354407464352,0.17482686563758598,0.031375444690242275,0.6844391366436593,0.5834994239830464,0.31759198178278314,-0.7583429408820551,-0.7583429408820551,,,,,,,,,,,,,,,,,,,,,,,
ROK,Rockwell Automation,Industrials,2008-06-30,34.33654443991588,43.72999954223633,79.47000122070312,-0.4497294718696442,94587812.50032698,-0.14068874081475735,-0.05224806968328488,-0.1120457903551482,-0.24964472979059948,0.03540653915835901,-0.0017659159239813704,-0.23632249922792536,0.025822084616280883,-0.01948619928892928,0.19570133023413527,0.3515408414642569,0.2080894205169132,1.1567211819829248,1.055781469322312,0.7898740271220487,-0.5877990141723716,-0.5877990141723716,9.23,1487800000.0,5003900000.0,,,,,,,,,,7048915852.539459,,,1.4086843966784826,6.795045851443109,4.73781143469516,,,2007-09-30,,
SIRI,SiriusXM,Communication Services,2008-06-30,32.44583271512657,19.200000762939453,694.375,-0.9723492338247497,69361217.08998181,-0.7031250169269891,-0.6146843457955167,-0.67448206646738,-0.9375,-0.6524487310510415,-0.6896211861333819,-0.7760416271703586,-0.5138970433261524,-0.5592053272313625,-0.5052082234738546,-0.349368712243733,-0.4928201331910767,0.14062474211234166,0.039685029451728804,-0.2262224127485345,-0.9739583343681362,-0.9739583343681362,,,,,,,,,,,,,,,,,,,,,,,
THO,Thor Industries,Consumer Discretionary,2008-06-30,31.040330223895424,21.26000022888184,56.93000030517578,-0.6265589300032203,19302408.73522683,0.16745090899801984,0.2558915801294923,0.196093859457629,-0.37442506353342775,-0.08937379458446926,-0.12654624966680963,-0.12052706490904497,0.14161751893516128,0.09630923502995112,0.166074075455668,0.3219135866857896,0.17846216573844592,0.4335593005463947,0.33261958788578183,0.06671214568551853,-0.5471939506964913,-0.5471939506964913,,,,,,,,,,,,,,,,,,,,,,,
TSCO,Tractor Supply,Consumer Discretionary,2008-06-30,32.02056821742707,1.4520000219345093,3.379499912261963,-0.5703506259413813,22872759.165945508,0.4480027592615905,0.536443430393063,0.4766457097211997,0.2444899204051283,0.5295411893540868,0.49236873427174643,0.42286492411518894,0.6850095079593952,0.6397012240541851,1.1088477524197273,1.264687263649849,1.1212358427025053,3.6591806344050033,3.5582409217443907,3.2923334795441273,-0.08057873646509073,-0.08057873646509073,,,,,,,,,,,,,,,,,,,,,,,
TTC,Toro,Industrials,2008-06-30,31.169226281138506,8.317500114440918,15.922499656677246,-0.477625982491204,21755780.73577881,0.2413588371674955,0.329799508298968,0.2700017876271047,0.0004944595694049703,0.28554572851836346,0.24837327343602308,-0.08368998793503823,0.178454595909168,0.13314631200395785,0.5281201084549247,0.6839596196850464,0.5405081987377026,0.9066217180431411,0.8056820053825282,0.5397745631822649,-0.3863634761652046,-0.3863634761652046,,,,,,,,,,,,,,,,,,,,,,,
UPS,United Parcel Service,Industrials,2008-06-30,33.590391866715905,61.470001220703125,89.11000061035156,-0.31017842217854963,378412455.266014,0.030453169556886373,0.11889384068835884,0.05909612001649553,-0.08818919583168905,0.19686207311726944,0.15968961803492907,-0.1576229146695941,0.10452166917461214,0.05921338526940198,-0.01064990709987168,0.14518960413024995,0.0017381831829062448,0.30438249748220914,0.20344278482159628,-0.06246465737866702,-0.36533041291845814,-0.36533041291845814,0.36,382000000.0,49692000000.0,,,,,0.6608996539792388,,,,,65226501295.30165,,,1.3126157388573945,27.20598419944109,170.750003390842,,,2007-12-31,,
WFC,Wells Fargo,Financials,2008-06-30,31.38899645193041,23.75,37.9900016784668,-0.3748355106427438,908418743.0550833,0.5974306615059908,0.6858713326374632,0.6260736119656,0.2670596699910839,0.5521109389400424,0.514938483857702,0.06447952617024288,0.32662411001444913,0.281315826109239,0.13110562433437245,0.2869451355644941,0.14349371461715038,0.2541459456731463,0.15320623301253344,-0.11270120918772986,-0.6584872384656595,-0.6584872384656595,2.38,8057000000.0,,,,,,,,,,,80400735294.11765,,,,2.916239945379675,9.978991596638656,,,2007-12-31,,
WHR,Whirlpool Corporation,Consumer Discretionary,2008-06-30,34.561620343172436,61.72999954223633,118.0,-0.4768644106590142,113526441.2032415,0.2914716956125427,0.3799123667440152,0.3201146460721519,-0.3194171334701963,-0.0343658645212378,-0.07153831960357818,-0.2801877176801104,-0.018043133835904168,-0.06335141774111433,0.5181026679253007,0.6739421791554223,0.5304907582080786,0.43812261132283714,0.3371828986622243,0.07127545646196098,-0.6786827548208607,-0.6786827548208607,,,,,,,,,,,,,,,,,,,,,,,
CHH,Choice Hotels,Consumer Discretionary,2008-07-31,33.55959295109203,24.850000381469727,61.75,-0.5975708440247818,13970075.004423233,0.1081689286508909,0.3402869787925764,0.34061601762484595,0.07323254498688914,0.4110411439617103,0.41191851267257246,0.15187886314468413,0.351786132981579,0.31049451327241345,0.3970080175374817,0.4870136977000672,0.3614127486904912,0.316713172981717,0.22801403080697913,0.026499592233236058,-0.26054530861751013,-0.26054530861751013,,,,,,,,,,,,,,,,,,,,,,,
EXP,Eagle Materials,Materials,2008-07-31,34.60603276093626,24.809999465942383,74.55000305175781,-0.6672032401029206,26461209.058204528,-0.27952242702400376,-0.047404376882318244,-0.04707533805004874,-0.2606189903537989,0.07718960862102231,0.07806697733188445,0.1259973013341087,0.3259045711710036,0.284612951461838,0.023839571014326877,0.11384525117691235,-0.0117556978326636,0.05572872378141436,-0.032970418393323486,-0.23448485696706656,-0.4707275340502304,-0.4707275340502304,,,,,,,,,,,,,,,,,,,,,,,
FIS,Fidelity National Information Services,Financials,2008-07-31,26.665606141134305,18.950000762939453,57.79999923706055,-0.6721453111925133,61152240.49299937,-0.2018445673463578,0.03027348279532771,0.030602521627597218,-0.15592722319170182,0.18188137578311936,0.1827587444939815,0.24934788335076852,0.4492551531876634,0.40796353347849784,0.5418841933073741,0.6318898734699596,0.5062889244603836,0.6255326094013787,0.5368334672266408,0.33531902865289775,-0.410243216915267,-0.410243216915267,2.86,561200000.0,,,,,,2.1452599388379205,,,,,3718440709.14742,,,,4.514888856420217,6.625874392636173,,,2007-12-31,net income 2.15x operating income,
KMB,Kimberly-Clark,Consumer Staples,2008-07-31,32.11434962198177,55.44582748413086,70.2301025390625,-0.2105119389040977,156483828.15327084,0.06969737494825567,0.3018154250899412,0.3021444639222107,-0.09247787842846755,0.24533072054635363,0.24620808925721577,0.055940821088267034,0.2558480909251619,0.21455647121599636,0.20694967423443522,0.2969553543970207,0.17135440538744473,0.2832405540409564,0.19454141186621854,-0.006973026707524532,-0.23093025535242706,-0.23093025535242706,3.911792905081496,1823000000.0,18266000000.0,,,,,0.6968654434250765,,,,,25839236880.937275,,,1.4146083915984493,7.410527864720209,14.174019133810901,,,2007-12-31,,
MRK,Merck & Co.,Health Care,2008-07-31,34.63019436969637,31.393129348754883,92.25906372070312,-0.6597285070679706,688553253.5381404,-0.048893996941677176,0.18322405320000834,0.18355309203227785,-0.10997040114154721,0.22783819783327397,0.2287155665441361,-0.03548979971351052,0.16441747012338437,0.12312585041421881,0.15693907670720653,0.246944756869792,0.12134380786021605,0.19672311726093916,0.10802397508620132,-0.09349046348754175,-0.3644754860274513,-0.3644754860274513,1.4217557251908397,3275400000.0,24197700000.0,,,,,,,,,,72322589631.28825,,,2.9888208231066695,,22.080536615768533,,,2007-12-31,,
PAG,Penske Automotive Group,Consumer Discretionary,2008-07-31,34.51366361941898,13.300000190734863,24.6200008392334,-0.45978880026922897,19661528.889848314,-0.3802290630615571,-0.1481110129198716,-0.1477819740876021,-0.43210936520539933,-0.09430076623057815,-0.09342339751971601,0.5827467716996113,0.7826540415365062,0.7413624218273407,0.07149149567470436,0.16149717583728984,0.03589622682771389,0.6993900706256009,0.610690928450863,0.40917648987711996,-0.6311008349799916,-0.6311008349799916,,,,,,,,,,,,,,,,,,,,,,,
PPC,Pilgrim's Pride,Consumer Staples,2008-07-31,34.743554728708176,12.1899995803833,41.0,-0.7026829370638219,45438958.47880045,-0.9104205947820205,-0.678302544640335,-0.6779735058080655,-0.9416501178120958,-0.6038415188372747,-0.6029641501264125,-0.6515443724214738,-0.4516371025845789,-0.49292872229374446,-0.4370469209828175,-0.347041240820232,-0.472642189829808,-0.6055219206508101,-0.694221062825548,-0.895735501399291,-0.9884943897605223,-0.9884943897605223,,,,,,,,,,,,,,,,,,,,,,,
VLO,Valero Energy,Energy,2008-07-31,32.88385589540596,30.539304733276367,71.91956329345703,-0.5753686016047498,521946580.8580408,-0.381199795183531,-0.14908174504184546,-0.14875270620957595,-0.26888204491814105,0.06892655405668013,0.06980392276754227,-0.44692385000852664,-0.24701658017163175,-0.2883081998807973,-0.4663977138437172,-0.3763920336811317,-0.5019929826907077,-0.20381273308240588,-0.2925118752571437,-0.4940263138308868,-0.57745475257349,-0.57745475257349,8.117001828153565,5234000000.0,,,,,,0.7894419306184012,,,,,19692335219.090263,,,,2.188002948830361,3.762387317365354,,,2007-12-31,,
ALV,Autoliv,Consumer Discretionary,2008-08-31,34.73643783079201,27.65850067138672,46.894813537597656,-0.4102012869885564,51827194.35461056,-0.4931588724497453,-0.1967185842544923,-0.16703616360615048,-0.6005287336291174,-0.18257325997237495,-0.17186549605017704,-0.1390428759359219,0.04393537007250847,0.01321573564602821,0.46081971817129586,0.6049835513131225,0.5124778299010335,0.5421324116463186,0.5289433437950213,0.35968346462780365,-0.6778458303788508,-0.6778458303788508,,,,,,,,,,,,,,,,,,,,,,,
CDE,Coeur Mining,Materials,2008-08-31,32.573910695274634,17.899999618530273,360.0,-0.9502777788374159,28498678.815013945,-0.6201117041317963,-0.32367141593654325,-0.29398899528820144,-0.5754189838352555,-0.157463510178513,-0.1467557462563151,-0.15418987035519083,0.02878837565323955,-0.0019312587732407127,-0.04357532161581734,0.10058851152600934,0.00808279011392038,0.5927374499532121,0.5795483821019147,0.4102885029346971,-0.7988826786589787,-0.7988826786589787,,,,,,,,,,,,,,,,,,,,,,,
CME,CME Group,Financials,2008-08-31,33.783808762316994,67.07599639892578,142.89599609375,-0.5305956903444717,477464242.7328503,-0.35770323816284544,-0.061262949967592406,-0.031580529319250594,-0.44396557028740236,-0.026010096630659896,-0.015302332708461985,-0.10407883542487417,0.0788994105835562,0.04817977615707594,-0.22423789750424028,-0.0800740643624136,-0.17257978577450256,-0.1498661160022805,-0.16305518385357787,-0.3323150630207955,-0.5288004108251505,-0.5288004108251505,2.9859999999999998,658500000.0,1756100000.0,,,,,0.6260100770035174,,,,,14792211530.037718,,,8.423330977756232,12.04812675366078,22.46349511015599,,,2007-12-31,,
AA,Alcoa,Materials,2008-09-30,34.774676883744775,54.25973892211914,117.1943130493164,-0.5370104784923637,451890421.7309713,-0.49443650344767787,-0.27875048983238326,-0.2592726363482597,-0.6633219964442028,-0.3594107456585104,-0.34706029267982996,-0.3949984906681394,-0.32894292257148006,-0.37337045688246384,-0.43621097029299394,-0.4656360754643507,-0.5985110543316332,-0.5509357565433104,-0.5918116235844422,-0.733372798708694,-0.7720314077231559,-0.7720314077231559,,,,,,,,,,,,,,,,,,,,,,,
ADM,Archer Daniels Midland,Consumer Staples,2008-09-30,34.521210699492926,21.90999984741211,48.95000076293945,-0.5524004186737338,207407540.02414885,0.3225456180254411,0.5382316316407357,0.5577094851248593,0.2806557970328385,0.5845670478185309,0.5969175007972113,0.36169411428054477,0.4277496823772041,0.38332214806622034,0.517549289630364,0.4881241844590072,0.35524920559172474,0.20339821588756424,0.16252234884643246,0.020961173722180593,-0.382473604781165,-0.382473604781165,2.75,1780000000.0,69816000000.0,,,,,,,,,,14181745355.779474,,,0.20313030474073956,4.972757662989763,7.967272671786222,,,2008-06-30,,
AES,AES Corporation,Utilities,2008-09-30,32.35966866369027,11.6899995803833,72.8125,-0.8394506495398002,104067264.89077976,-0.2951239560332498,-0.07943794241795521,-0.059960088933831646,-0.5029939116071267,-0.19908266082143433,-0.1867322078427539,0.2677502174426025,0.3338057855392619,0.2893782512282781,-0.029084535869714156,-0.058509641041070926,-0.19138461990835337,-0.16509832124620472,-0.2059741882873365,-0.34753536341158836,-0.5893926398464799,-0.5893926398464799,-0.14,-95000000.0,,,,1.0,-1.3783783783783785,,,,,0.016483516483516425,7932499715.260097,0.0,0.0,,1.0782168231616318,,,,2007-12-31,,
ANF,Abercrombie & Fitch,Consumer Discretionary,2008-09-30,28.5162550705914,39.45000076293945,85.7699966430664,-0.5400489412735849,190801847.0071157,-0.40928512552479446,-0.19359911190949985,-0.1741212584253763,-0.385856582257355,-0.08194533147166261,-0.06959487849298218,-0.1416354466928409,-0.07557987859618154,-0.12000741290716535,0.04656622621644013,0.017141121045083363,-0.11573385782219908,0.6584108535211146,0.6175349864799828,0.47597381135573097,-0.6537389800115273,-0.6537389800115273,,,,,,,,,,,,,,,,,,,,,,,
ATI,ATI Inc.,Industrials,2008-09-30,30.482601644555572,29.549999237060547,119.6999969482422,-0.7531328321600723,118719314.97659835,-0.1297213266787871,0.0859646869365075,0.10544254042063106,-0.24476818555026714,0.05914306523542523,0.07149351821410566,0.217487367636074,0.28354293573273337,0.23911540142174956,0.6420425179634777,0.6126174127921209,0.47974243392483845,0.3243868206735674,0.2835109536324356,0.14194977850818374,-0.4923857141741852,-0.4923857141741852,7.26,747100000.0,5452500000.0,,,,,0.6481304762730979,,,,,3040882152.893655,,,0.5577042004390014,1.925439752224956,4.0702478287962185,,,2007-12-31,,
CIEN,Ciena,Information Technology,2008-09-30,33.41227202204317,10.079999923706056,1057.0,-0.9904635762311201,90360344.49164224,-0.33531747420869173,-0.11963146059339713,-0.10015360710927357,-0.22817457651845685,0.07573667426723552,0.08808712724591594,0.6150794454232429,0.6811350135199022,0.6367074792089185,0.5446428385586424,0.5152177333872856,0.38234275452000316,0.1111111005988279,0.07023523355769612,-0.07132594156655575,-0.5059523753208008,-0.5059523753208008,,,,,,,,,,,,,,,,,,,,,,,
CRS,Carpenter Technology,Industrials,2008-09-30,30.357307011360405,25.649999618530277,79.66000366210938,-0.6780065473342325,31405645.06500789,-0.19192943216711456,0.023756581448180047,0.04323443493230361,-0.4387508836475865,-0.13483963286189415,-0.12248917988321373,-0.05417758301530862,0.01187798508135074,-0.03254954922963307,0.3974269655232452,0.3680018603518884,0.23512688148460598,0.8923631060983681,0.8514872390572363,0.7099260639329845,-0.538919886893738,-0.538919886893738,,,,,,,,,,,,,,,,,,,,,,,
DD,DuPont,Industrials,2008-09-30,33.96510477635613,56.77595520019531,101.38563537597656,-0.44000000602009903,292811379.86110795,-0.5146324848182302,-0.2989464712029356,-0.27946861771881204,-0.7244391205990852,-0.42052786981339285,-0.4081774168347124,-0.13456320700887403,-0.06850763891221467,-0.11293517322319849,-0.06851156800991431,-0.09793667318127108,-0.23081165204855353,-0.21852505625552132,-0.2594009232966531,-0.40096209842090497,-0.8105491696486544,-0.8105491696486544,,,,,,,,,,,,,,,,,,,,,,,
FLEX,Flex Ltd.,Information Technology,2008-09-30,30.943967034390354,5.335342884063721,33.840431213378906,-0.8423382122283838,83960550.47573473,-0.6384179810126441,-0.42273196739734953,-0.40325411391322596,-0.5918078652965741,-0.2878966145108818,-0.27554616153220135,0.05508478173924902,0.12114034983590838,0.07671281552492457,-0.1468926917224691,-0.17631779689382587,-0.3091927757611083,-0.2048022057328498,-0.24567807277398157,-0.38723924789823344,-0.8262711451623355,-0.8262711451623355,-0.7159005275056518,-681383000.0,27558135000.0,,,,,,,,,,5078096468.288033,,,0.18426850976265385,,,,,2008-03-31,,
HUBB,Hubbell Incorporated,Industrials,2008-09-30,34.09681543221646,35.04999923706055,59.08000183105469,-0.4067366596011691,13810923.718871525,-0.05668190498896519,0.1590041086263294,0.17848196211045297,-0.21086128499962853,0.09304996578606384,0.10540041876474426,0.2518447242446089,0.31790029234126826,0.2734727580302845,0.5596352927056092,0.5302101875342524,0.39733520866697,0.5609792261849844,0.5201033591438526,0.37854218401960077,-0.3545809934098789,-0.3545809934098789,,,,,,,,,,,,,,,,,,,,,,,
LLY,Lilly (Eli),Health Care,2008-09-30,33.27457199221192,44.02999877929688,109.0,-0.5960550570706709,279089676.93230766,-0.07256402604563184,0.14312198756966277,0.16259984105378633,-0.22020948472485558,0.08370176606083679,0.09605221903951722,-0.2068686034183237,-0.14081303532166434,-0.18524056963264815,-0.07319802163200329,-0.10262312680336005,-0.2354981056706425,-0.009309016694054595,-0.05018488373518637,-0.19174605885943824,-0.36491781496861286,-0.36491781496861286,,2953000000.0,18633500000.0,,,,,,,,,,,,,,,,,,2007-12-31,,
OMC,Omnicom Group,Communication Services,2008-09-30,34.35184658360039,38.560001373291016,55.45000076293945,-0.30459872240321106,139183166.2871164,-0.2980601660676222,-0.0823741524523276,-0.06289629896820403,-0.3858199095126398,-0.08190865872694741,-0.06955820574826699,-0.02191717174548513,0.044138396351174225,-0.00028913795980958085,0.06629462626715621,0.03686952109579944,-0.096005457771483,0.016286026018195177,-0.024589841022936598,-0.16615101614718847,-0.472697505978662,-0.472697505978662,2.93,975700000.0,12694000000.0,,,,,0.5880899282743656,,,,,12840612061.406158,,,1.011549713361128,6.059020491090966,13.160410025013999,,,2007-12-31,,
STX,Seagate Technology,Information Technology,2008-09-30,33.029001110592745,12.119999885559082,31.350000381469727,-0.6133971375412506,91519196.5177869,-0.6285693300404014,-0.4128833164251068,-0.3934054629409832,-0.49211668755775495,-0.18820543677206258,-0.17585498379338216,0.2853418243333057,0.35139739242996504,0.30696985811898125,-0.004515097665154566,-0.033940202836511335,-0.16681518170379378,-0.11034826571965606,-0.15122413276078783,-0.2927853078850397,-0.7501436995522485,-0.7501436995522485,,,,,,,,,,,,,,,,,,,,,,,
TT,Trane Technologies,Industrials,2008-09-30,34.97748327280996,19.3143253326416,35.10906982421875,-0.4498764726794813,139610941.77857652,-0.437049823399249,-0.22136380978395442,-0.20188595629983086,-0.5470053028596429,-0.24309405207395052,-0.2307435990952701,0.01733180941189305,0.08338737750855241,0.0389598431975686,0.19406576198803172,0.16464065681667495,0.0317656779493925,-0.051811420447332446,-0.09268728748846422,-0.2342484626127161,-0.6238174365744023,-0.6238174365744023,8.321828596355994,3966700000.0,8763100000.0,,,,,3.74995273208546,,,,,9206406189.444666,,,1.0505878273036557,3.7365085989007736,2.3209232332782075,,,2007-12-31,net income 3.75x operating income,
TXT,Textron,Industrials,2008-09-30,31.56815980166401,29.280000686645508,74.4000015258789,-0.6064516117454526,151792506.36581844,-0.5190391490825819,-0.30335313546728726,-0.2838752819831637,-0.8000771361622059,-0.4961658853765135,-0.4838154323978331,-0.3370862000746421,-0.2710306319779827,-0.3154581662889665,-0.2789521552550597,-0.30837726042641644,-0.4412522392936989,-0.3789720455819877,-0.4198479126231195,-0.5614090877473714,-0.8762055083184044,-0.8762055083184044,,,,,,,,,,,,,,,,,,,,,,,
URI,United Rentals,Industrials,2008-09-30,34.75409278036801,15.239999771118164,48.0625,-0.6829128786243295,32194217.998170096,-0.4015748630346154,-0.18588884941932082,-0.16641099593519726,-0.7237532578071992,-0.41984200702150687,-0.40749155404282644,-0.32414698981669965,-0.2580914217200403,-0.3025189560310241,-0.02624687219957289,-0.05567197737092966,-0.1885469562382121,0.10498696877120328,0.0641111017300715,-0.07745007339418036,-0.8346456724830797,-0.8346456724830797,,,,,,,,,,,,,,,,,,,,,,,
A,Agilent Technologies,Health Care,2008-10-31,33.852586571386524,15.872674942016602,115.87982940673828,-0.8630246952961632,84285168.2099774,-0.1852188234154375,-0.0475797646348044,-0.04919153241212407,-0.17710671095846464,-0.09376942030739577,-0.1644840718154871,0.11491695560016657,0.01767883587738628,-0.084419748452329,0.5682738907253095,0.28804590555679055,0.011874703091339756,0.6705726774903458,0.28764656579791814,-0.05748621489877792,-0.4583142756477818,-0.4583142756477818,1.123032904148784,638000000.0,5420000000.0,,,,,1.0924657534246576,,,,,9017337404.447906,,,1.6637153882745215,9.2791450379973,14.133757687222424,,,2007-10-31,net income 1.09x operating income,
ADI,Analog Devices,Information Technology,2008-10-31,33.19556390319619,21.36000061035156,103.0,-0.7926213532975577,149849631.67230213,-0.05302294679295383,0.08461611198767927,0.0830043442103596,0.019773937913827755,0.10311122856489663,0.0323965770568053,0.24753949124814145,0.15030137152536116,0.048202787195645885,0.6864637193132317,0.4062357341447127,0.1300645316792619,0.8794017798071465,0.4964756681147189,0.15134288741802282,-0.2753114194429115,-0.2753114194429115,1.5,496907000.0,2464721000.0,,,,,0.8737241152547022,,,,,7075955882.191975,,,2.870895278691574,9.355776206634971,14.24000040690104,,,2007-11-03,,
AEP,American Electric Power,Utilities,2008-10-31,32.74884921714158,32.630001068115234,53.3125,-0.38794839731554076,107586115.96550715,-0.026662272042703994,0.1109767867379291,0.10936501896060943,-0.17085956759554044,-0.08752227694447157,-0.1582369284525629,-0.022348902023264672,-0.11958702174604496,-0.22168560607576024,0.2729505761190889,-0.007277409049430084,-0.2834486115148809,0.40471868403917455,0.02179257234674692,-0.32334020834994914,-0.24566464708307667,-0.24566464708307667,2.72,1089000000.0,13380000000.0,,,,,0.46959896507115134,,,,,13063996751.168196,,,0.976382417875052,3.3627340164843935,11.996323922101189,,,2007-12-31,,
ALL,Allstate,Financials,2008-10-31,22.006056756597076,26.38999938964844,66.13999938964844,-0.6009978888240096,225529656.49253902,-0.16485649235708277,-0.02721743357644968,-0.028829201353769346,-0.08920512510062872,-0.00586783444955985,-0.07658248595765119,0.17126878911020138,0.07403066938742109,-0.028067914942294186,0.2410371498079944,-0.03919083536052459,-0.3153620378259754,0.1033204341098175,-0.2796056775826101,-0.6247384582793062,-0.4693159400259356,-0.4693159400259356,7.76,4636000000.0,36769000000.0,,,,,,,,,,15765984171.44461,,,0.4287846874118037,,3.4007731172227373,,,2007-12-31,,
AMAT,Applied Materials,Information Technology,2008-10-31,32.344887710865066,12.90999984741211,57.5,-0.7754782635232677,370670368.6572484,-0.2703316917571703,-0.13269263297653722,-0.13430440075385688,-0.043546613299824566,0.03979067735124431,-0.03092397415684702,-0.03515928680699465,-0.13239740652977494,-0.23449599085949022,-0.002057575826319713,-0.2822855609948387,-0.5584567634602895,0.018778868545355598,-0.36414724314707203,-0.7092800238437681,-0.3925922445140011,-0.3925922445140011,1.2,1710196000.0,9734856000.0,,,,,0.7211434421839962,,,,,18398858415.87067,,,1.8899980046824185,6.514082829213388,10.758333206176758,,,2007-10-28,,
AMG,Affiliated Managers Group,Financials,2008-10-31,29.51813017947947,46.380001068115234,136.50999450683594,-0.6602446492238875,71500719.7784,-0.13346287649543542,0.0041761822851976715,0.0025644145078780045,0.22574394210831072,0.3090812327593796,0.23836658125128826,0.36890896137622753,0.27167084165344724,0.16957225732373196,0.8458389923501846,0.5656110071816656,0.2894398047162148,0.9967655559062718,0.6138394442138442,0.2687066635171481,-0.6134109452861518,-0.6134109452861518,,,,,,,,,,,,,,,,,,,,,,,
APD,Air Products,Materials,2008-10-31,30.66984807373423,53.77428436279297,98.11286163330078,-0.4519140154756094,188456909.7582492,-0.12668115757235487,0.01095790120827822,0.009346133430958553,0.1529975502091412,0.23633484086021006,0.16562018935211872,0.36668834071786516,0.26945022099508487,0.1673516366653696,0.5440014392994164,0.26377345413089737,-0.012397748334553427,0.6054208938298604,0.2224947821374328,-0.12263799855926327,-0.28677111468045724,-0.28677111468045724,4.292321924144311,1035600000.0,9148200000.0,,,,,0.7528351264902587,,,,,12974014966.785168,,,1.4182041239571903,5.972806394562283,12.52801754228,,,2007-09-30,,
ARW,Arrow Electronics,Information Technology,2008-10-31,30.911834436497244,17.450000762939453,46.0,-0.6206521573274032,30798961.161059424,0.09283661094877083,0.23047566972940392,0.22886390195208425,0.3031517923720486,0.38648908302311746,0.31577443151502615,0.45214894238889225,0.35491082266611196,0.25281223833639666,0.6968480983243095,0.4166201131557905,0.1404489106903397,1.0659024447508347,0.6829763330584071,0.33784355236171104,-0.32722067290382395,-0.32722067290382395,,,,,,,,,,,,,,,,,,,,,,,
AVT,Avnet,Information Technology,2008-10-31,32.70042310766348,16.739999771118164,44.68000030517578,-0.6253357283621374,38070379.80348194,0.18399053409260624,0.32162959287323933,0.3200178250959197,0.30764672055097964,0.3909840112020485,0.3202693596939572,0.4802864549721808,0.3830483352494005,0.2809497509196852,0.7789728042870785,0.4987448191185595,0.2225736166531087,0.8106324472822948,0.42770633558986715,0.08257355489317109,-0.29032262035114764,-0.29032262035114764,3.21,489578000.0,17952707000.0,,,,,0.6887985019084909,,,,,2553126357.6151056,,,0.1422140046966235,2.4852359587315047,5.214953199725285,,,2008-06-28,,
BA,Boeing,Industrials,2008-10-31,33.24002527845958,52.41999816894531,107.83000183105467,-0.5138644414466798,475700497.82465374,-0.18679932432703217,-0.04916026554639907,-0.05077203332371874,-0.22247781683460255,-0.13914052618353367,-0.209855177691625,-0.05390135061282597,-0.15113947033560626,-0.25323805466532157,0.437033455117511,0.15680546994899203,-0.11936573251645877,0.37068380462021366,-0.012242307072213965,-0.35737508776891,-0.43602939712528643,-0.43602939712528643,5.28,4074000000.0,66387000000.0,,,,,0.6987993138936535,,,,,40446794041.7203,,,0.6092577468739406,4.662869073383626,9.928029956239643,,,2007-12-31,,
BBY,Best Buy,Consumer Discretionary,2008-10-31,33.2611089030823,26.8799991607666,59.5,-0.5482353082224101,320736551.7018969,0.047628263501205303,0.1852673222818384,0.18365555450451873,0.43988472194326733,0.5232220125943362,0.4525073610862449,0.4437655683824604,0.3465274486596801,0.24442886432996483,0.64885043121152,0.368622446043001,0.09245124357755019,0.027255091687064192,-0.35567102000536344,-0.7008038007020595,-0.3891368561411389,-0.3891368561411389,3.12,1407000000.0,40023000000.0,,,,,0.6510874595094863,,,,,12121845775.384169,,,0.30287199298863576,3.8977912350909043,8.615384346399551,,,2008-03-01,,
BDC,Belden Inc.,Information Technology,2008-10-31,34.712020479101156,20.84000015258789,60.0,-0.6526666641235351,22053409.563963752,-0.37152177548667564,-0.23388271670604255,-0.23549448448336222,-0.220087619656136,-0.13675032900506712,-0.20746498051315845,0.11569571795853473,0.018457598235754435,-0.08364098609396084,0.3674154432605663,0.08718745809204731,-0.18898374437340348,0.5913195410432812,0.2083934293508536,-0.13673935134584247,-0.6063589326127601,-0.6063589326127601,,,,,,,,,,,,,,,,,,,,,,,
BEN,Franklin Resources,Financials,2008-10-31,32.81522071827517,22.666667938232425,48.52999877929688,-0.5329349163737847,164689510.35854703,-0.28542509014538586,-0.14778603136475277,-0.14939779914207243,-0.10407226745893783,-0.020734976807868954,-0.09144962831596029,0.5577971463775311,0.4605590266547508,0.3584604423250355,0.7720392726276732,0.49181128745915426,0.21564008499370346,0.6619400104809492,0.27901389878852156,-0.0661188819081745,-0.4523364004895317,-0.4523364004895317,2.3433333333333333,1772938000.0,6205769000.0,,,,,0.8575079550791348,,,,,17149330122.791145,,,2.7634496422266355,6.10936494625334,9.672831268093496,,,2007-09-30,,
BG,Bunge Global,Consumer Staples,2008-10-31,32.26476044064361,38.40999984741211,135.0,-0.7154814826117621,190892281.4703018,0.12318466824011387,0.26082372702074696,0.2592119592434273,0.26059952065401104,0.3439368113050799,0.2732221597969886,0.5080276895882845,0.4107895698655042,0.3086909855357889,0.6126193452390927,0.3323913600705737,0.05622015760512289,0.6820590125058303,0.2991329008134027,-0.04599987988329335,-0.1917469046598117,-0.1917469046598117,,,,,,,,,,,,,,,,,,,,,,,
BKH,Black Hills Corporation,Utilities,2008-10-31,33.36538537680045,25.25,58.5,-0.5683760683760684,9955065.597458491,0.0642334511369913,0.2018725099176244,0.20026074214030473,-0.18891724459860493,-0.10557995394753605,-0.1762946054556274,0.02594002249906069,-0.0712980972237196,-0.17339668155343488,0.4113308328165368,0.13110284764801783,-0.14506835481743297,0.5676057039221207,0.1846795922296931,-0.16045318846700296,-0.40678375614577056,-0.40678375614577056,,,,,,,,,,,,,,,,,,,,,,,
BKR,Baker Hughes,Energy,2008-10-31,30.784941809288284,34.95000076293945,100.29000091552734,-0.6515106147782641,398820940.8163464,-0.04259386145849875,0.09504519732213434,0.09343342954481468,0.02651143764470043,0.1098487282957693,0.039134076787677975,0.22280276239489205,0.12556464267211176,0.023466058342396484,0.3663978840017714,0.08616989883325243,-0.19000130363219836,0.7178589235050519,0.33493281181262424,-0.01019996888407182,-0.3018597825207775,-0.3018597825207775,,,,,,,,,,,,,,,,,,,,,,,
BWA,BorgWarner,Consumer Discretionary,2008-10-31,32.912394054825896,9.889965057373049,24.64348602294922,-0.5986783262658932,51523520.19873223,-0.24395787497248078,-0.10631881619184769,-0.10793058396916735,0.29664798868102826,0.37998527933209714,0.30927062782400583,0.3580093315141464,0.2607712117913661,0.1586726274616508,1.513123435029263,1.232895449860744,0.9567242473952933,2.4259281851083734,2.0430020734159458,1.6978692927192496,-0.34518162642110894,-0.34518162642110894,1.0783450704225355,288500000.0,5328600000.0,,,,,0.690026309495336,,,,,2645957214.729153,,,0.49655767269623413,3.7166624542183198,9.171428820551657,,,2007-12-31,,
CAH,Cardinal Health,Health Care,2008-10-31,29.641465868208883,38.20000076293945,77.31999969482422,-0.505949289786449,140813083.07285613,-0.010224421798756267,0.12741463698187683,0.12580286920455716,-0.10784791504185964,-0.02451062439079077,-0.0952252758988821,0.054661240673894884,-0.04257687904888541,-0.14467546337860068,0.3194066880508528,0.03917870288233383,-0.23699249958311697,0.7167985060977713,0.33387239440534366,-0.011260386291352398,-0.27251336435705165,-0.27251336435705165,,,,,,,,,,,,,,,,,,,,,,,
CAT,Caterpillar Inc.,Industrials,2008-10-31,26.834302740542043,38.20000076293945,87.0,-0.560919531460466,529292054.25902474,-0.18369568666982572,-0.046056627889192625,-0.04766839566651229,-0.04640862237673793,0.036928668274330945,-0.033785983233760385,0.5050512993645091,0.4078131796417288,0.3057145953120135,1.2032274661364162,0.9229994809678972,0.6468282785024464,1.6974612415310748,1.3145351298386472,0.9694023491419511,-0.42554388008982613,-0.42554388008982613,5.37,3541000000.0,44958000000.0,,,,,0.7195691932534037,,,,,25189237002.1543,,,0.5602837537736176,3.582500298028327,7.1135941830427285,,,2007-12-31,,
CCI,Crown Castle,Real Estate,2008-10-31,31.842328779878656,21.170000076293945,43.40446090698242,-0.5122621123745289,84166560.46688746,-0.07794048235010209,0.059698576430531,0.058086808653211336,0.15824263926346194,0.2415799299145308,0.17086527840643947,0.42749170212735343,0.33025358240457314,0.22815499807485787,1.0368444540605597,0.7566164688920407,0.4804452664265899,0.9537077881983471,0.5707816765059195,0.22564889580922343,-0.5866794204716119,-0.5866794204716119,,-222813000.0,1385486000.0,,,,,-2.2386966481794066,,,,,,,,,,,,,2007-12-31,,
CI,Cigna,Health Care,2008-10-31,26.993977939160416,16.299999237060547,57.61333465576172,-0.7170793995096335,122216754.9494819,0.06503102541998151,0.2026700842006146,0.20105831642329494,0.21281154993262197,0.29614884058369084,0.2254341890755995,0.7130737144034316,0.6158355946806513,0.513737010350936,1.1659837006653837,0.8857557154968647,0.6095845130314139,1.734020366951531,1.3510942552591034,1.0059614745624073,-0.509202563869508,-0.509202563869508,,,,,,,,,,,,,,,,,,,,,,,
CMC,Commercial Metals,Materials,2008-10-31,30.85998280520586,11.100000381469728,39.79999923706055,-0.7211055127073032,47952795.06311871,0.045468829180335346,0.18310788796096844,0.18149612018364877,0.36694804711917994,0.4502853377702488,0.3795706862621575,0.38224447308614073,0.28500635336336044,0.18290776903364517,0.3357127803209832,0.055484795152464184,-0.2206864073129866,0.23752082259352636,-0.14540528909890127,-0.49053806979559733,-0.4369367745452185,-0.4369367745452185,,,,,,,,,,,,,,,,,,,,,,,
CMS,CMS Energy,Utilities,2008-10-31,30.17654859908717,10.25,50.125,-0.7955112219451371,44445828.567859106,0.1562907977432475,0.2939298565238806,0.29231808874656096,0.19551444591929656,0.27885173657036544,0.2081370850622741,0.3495337963077001,0.2522956765849198,0.15019709225520453,0.937333142705792,0.657105157537273,0.38093395507182226,1.2928821182816805,0.9099560065892529,0.5648232258925568,-0.1438527990647216,-0.1438527990647216,,,,,,,,,,,,,,,,,,,,,,,
CNP,CenterPoint Energy,Utilities,2008-10-31,34.11663718691442,11.520000457763672,42.52935028076172,-0.7291282283478763,54629427.85154373,0.17939945172525307,0.31703851050588616,0.3154267427285665,-0.04875385924044795,0.034583431410620924,-0.036131220097470405,0.16455220452996056,0.06731408480718026,-0.03478449952253501,0.6191906871559123,0.3389627019873933,0.06279149952194252,1.1313572374532206,0.748431125760793,0.4032983450640969,-0.22577118729821588,-0.46046066546433306,1.15,395000000.0,9623000000.0,,,,,0.3333333333333333,,,,,3956869722.4492617,,,0.4111887896133494,1.9112718735954084,10.017391702403193,,,2007-12-31,,
COO,Cooper Companies (The),Health Care,2008-10-31,28.451601053812382,4.119999885559082,21.174999237060547,-0.8054309310978276,21975624.882150076,0.15291184032728422,0.2905508991079173,0.2889391313305977,0.7472962162620524,0.8306335069131213,0.75991885540503,0.7043044342228504,0.6070663145000701,0.5049677301703548,2.0067827172286345,1.7265547320601156,1.4503835295946648,3.2269245292913844,2.8439984175989568,2.4988656369022606,-0.3828882072328458,-0.3828882072328458,,,,,,,,,,,,,,,,,,,,,,,
COR,Cencora,Health Care,2008-10-31,29.78758154923713,15.635000228881836,28.280000686645508,-0.44713579033733697,74330544.71754347,0.1654330180653918,0.3030720768460249,0.30146030906870525,0.08233319662645089,0.16567048727751976,0.09495583576942843,0.4334424534756609,0.3362043337528806,0.23410574942316534,1.1492184852544223,0.8689905000859033,0.5928192976204525,1.7024656947664583,1.3195395830740306,0.9744068023773346,-0.1445365216496488,-0.1445365216496488,1.25,469167000.0,65672072000.0,,,,,0.5948332587415069,,,,,5868340921.907043,,,0.0893582422967718,6.041176591061931,12.50800018310547,,,2007-09-30,,
CPT,Camden Property Trust,Real Estate,2008-10-31,31.083799656595204,33.709999084472656,81.3499984741211,-0.5856177047723434,44810539.78066217,-0.1928460018276431,-0.055206943047010015,-0.05681871082432968,-0.14438604473148975,-0.061048754080420875,-0.1317634055885122,0.17497653677505332,0.07773841705227302,-0.024360167277442252,0.6758054707169423,0.3955774855484233,0.11940628308297252,1.1202961925512778,0.7373700808588501,0.3922373001621541,-0.4998515696202904,-0.4998515696202904,,,,,,,,,,,,,,,,,,,,,,,
CRL,Charles River Laboratories,Health Care,2008-10-31,32.56617613964397,35.83000183105469,69.19000244140625,-0.4821505916061005,47354323.85031685,-0.3187273625463396,-0.1810883037657065,-0.18270007154302617,-0.22830035708886331,-0.14496306643779444,-0.21567771794588578,0.01925756604653439,-0.0779805536762459,-0.18007913800596118,-0.08540332729313016,-0.36563131246164915,-0.6418025149270999,-0.09907906420146884,-0.48200517589389646,-0.8271379565905925,-0.4440413324503706,-0.4440413324503706,,,,,,,,,,,,,,,,,,,,,,,
CSL,Carlisle Companies,Industrials,2008-10-31,34.154547108544946,23.25,51.56999969482422,-0.5491564836613045,15996981.449908301,-0.19088967025077752,-0.05325061147014443,-0.054862379247464094,-0.006691853829530303,0.07664543682153857,0.005930785313447241,0.3717262690326024,0.2744881493098221,0.17238956498010685,0.5795985035336864,0.29937051836516737,0.023199315899716577,0.911493911180715,0.5285677994882874,0.1834350187915913,-0.28059798484498233,-0.28059798484498233,,,,,,,,,,,,,,,,,,,,,,,
CXT,Crane NXT,Information Technology,2008-10-31,24.76772934587993,5.686001777648926,17.77005958557129,-0.6800234827425242,11130107.52168242,0.08026578139294527,0.21790484017357836,0.2162930723962587,0.4493296350530289,0.5326669257040978,0.4619522741960065,0.778166609982222,0.6809284902594417,0.5788299059297264,1.5087726013275464,1.2285446161590274,0.9523734136935766,1.957494443041003,1.5745683313485754,1.2294355506518793,-0.33598053195019506,-0.33598053195019506,,,,,,,,,,,,,,,,,,,,,,,
DE,Deere & Company,Industrials,2008-10-31,32.163335297839495,38.560001373291016,94.88999938964844,-0.5936347178699894,360960636.43275064,-0.09246107792543523,0.04517798085519786,0.043566213077878196,0.08633437166501201,0.16967166231608088,0.09895701080798955,0.21505588848309398,0.11781776876031369,0.015719184430598415,1.0876546446359532,0.8074266594674342,0.5312554570019834,1.102700421221967,0.7197743095295395,0.3746415288328434,-0.35970687846100013,-0.35970687846100013,4.0,1821700000.0,24082200000.0,,,,,,,,,,17561188625.43106,,,0.7292186189563686,3.3433065619721862,9.640000343322754,,,2007-10-31,,
DHR,Danaher Corporation,Health Care,2008-10-31,34.52382419940322,19.90816116333008,29.98322486877441,-0.3360233513752837,181316785.72284773,-0.05535436637218527,0.08228469240844782,0.08067292463112816,-0.012422904225476206,0.07091438642559267,0.00019973491750133882,0.15410605781697972,0.05686793809419943,-0.04523064623551584,0.4698520077703814,0.1896240226018624,-0.0865471798635884,0.6418867175312704,0.25896060583884273,-0.08617217485785333,-0.2032412323111369,-0.2032412323111369,1.4080890853268382,1369904000.0,11025917000.0,,,,,0.7869804774950896,,,,,19368284219.0061,,,1.7566143676762758,9.990946767325273,14.138424458214663,,,2007-12-31,,
DINO,HF Sinclair,Energy,2008-10-31,31.701361941461954,9.8149995803833,40.275001525878906,-0.7563004541644369,38309302.72206958,0.19958529613680343,0.3372243549174365,0.3356125871401169,0.08287826249765962,0.1662155531487285,0.09550090164063715,0.5199521687574111,0.42271404903463083,0.32061546470491553,0.7536037945453411,0.4733758093768221,0.19720460691137132,2.3779194408038444,1.9949933291114168,1.6498605484147206,-0.44778402688895425,-0.44778402688895425,,,,,,,,,,,,,,,,,,,,,,,
DOV,Dover Corporation,Industrials,2008-10-31,33.12349261813323,21.29656219482422,36.59362030029297,-0.4180252727097975,73196211.85199074,-0.10171882984498593,0.03592022893564717,0.0343084611583275,-0.012904530018111648,0.07043276063295723,-0.000281890875134104,0.22692556554112597,0.12968744581834568,0.027588861488630406,0.7714493736802859,0.4912213885117669,0.2150501860463161,0.888695979118715,0.5057698674262874,0.16063708672959132,-0.301208217488241,-0.301208217488241,2.1852941767943204,661080000.0,7317270000.0,,,,,0.6574659098933164,,,,,6442487920.050631,,,0.8804496649775982,4.6718234685698246,9.745398317980623,,,2007-12-31,,
DTE,DTE Energy,Utilities,2008-10-31,34.97382895783204,30.042552947998047,46.58723449707031,-0.35513336920895566,53137807.39221343,-0.007709178067808464,0.12992988071282463,0.12831811293550496,-0.13135959150311205,-0.048022300852043176,-0.11873695236013451,0.12133493459236977,0.024096814869589478,-0.0780017694601258,0.485442601093083,0.20521461592456403,-0.07095658654088677,0.7369398251810964,0.3540137134886687,0.008880932791972662,-0.32926882586256345,-0.32926882586256345,4.842553191489362,971000000.0,,,,,,0.6049844236760125,,,,,6023954256.976216,,,,2.331471456727071,6.2038663820558355,,,2007-12-31,,
EBAY,eBay Inc.,Consumer Discretionary,2008-10-31,28.5086446349941,6.426767826080322,24.920034408569336,-0.7421043759124856,366765913.4484615,-0.2128356264561636,-0.07519656767553051,-0.07680833545285018,0.07858521226039672,0.1619225029114656,0.09120785140337426,0.45841535076988427,0.361177231047104,0.25907864671738867,0.9554679394134995,0.6752399542449805,0.3990687517795297,1.0844792777596983,0.7015531660672707,0.35642038537057463,-0.35101503222520103,-0.35101503222520103,0.10521885521885523,348251000.0,,,,,,0.5679425291105386,,,,,21271171574.191635,,,,14.035204592514852,61.08000141906738,,,2007-12-31,,
EEFT,Euronet Worldwide,Financials,2008-10-31,32.88894615880551,11.920000076293944,39.77999877929688,-0.7003519245330496,8129255.691246759,-0.1568791840260192,-0.019240125245386097,-0.020851893022705764,0.35738256724964024,0.4407198579007091,0.3700052063926178,0.9840603579830947,0.8868222382603144,0.7847236539305991,0.5176174527519186,0.23738946758339963,-0.038781734882051166,0.6250000600046759,0.24207394831224827,-0.1030588323844478,-0.4236577314104314,-0.4236577314104314,,,,,,,,,,,,,,,,,,,,,,,
EFX,Equifax,Industrials,2008-10-31,32.78534454338313,26.07999992370605,46.29999923706055,-0.4367170550009323,35778382.82301464,-0.05041202046755533,0.08722703831307776,0.0856152705357581,0.12214549093538984,0.20548278158645872,0.13476813007836738,0.056663056322173055,-0.040575063400607236,-0.1426736477303225,0.2853370567729556,0.0051090716044366324,-0.27106213086101416,0.3896931455741144,0.006767033881686757,-0.3383657468150093,-0.2555412401846615,-0.2555412401846615,,,,,,,,,,,,,,,,,,,,,,,
EG,Everest Group,Financials,2008-10-31,34.760406307682956,74.69999694824219,115.86000061035156,-0.3552563735998454,49509770.681350954,-0.15008688157630934,-0.012447822795676244,-0.014059590572995911,0.014420562676149107,0.09775785332721798,0.02704320181912665,0.20441254370444661,0.10717442398166632,0.005075839651951047,0.18842219019037243,-0.09180579497814656,-0.36797699744359735,0.29716351488726644,-0.08576259680516118,-0.43089537750185725,-0.21050775442314273,-0.21050775442314273,,,,,,,,,,,,,,,,,,,,,,,
EIX,Edison International,Utilities,2008-10-31,32.12464428057075,35.59000015258789,60.2599983215332,-0.4093926129455231,105698594.71936907,-0.07564178952258782,0.06199726925804527,0.060385501480725606,-0.18227089947399577,-0.0989336088229269,-0.16964826033101824,-0.06988529221154471,-0.167123411934325,-0.2692219962640403,0.11924128218090879,-0.1609867029876102,-0.437157905453061,0.2738822693947529,-0.10904384229767472,-0.4541766229943708,-0.3446902621480866,-0.3446902621480866,3.31,1098000000.0,12868000000.0,,,,,0.4376245516141889,,,,,11805987966.024624,,,0.9174687570737196,,10.752265907126251,,,2007-12-31,,
EMR,Emerson Electric,Industrials,2008-10-31,32.462533192531154,32.72999954223633,59.04999923706055,-0.44572396333420183,246957714.0490759,0.009563310307786344,0.14720236908841944,0.14559060131109977,0.061618203609490774,0.14495549426055965,0.07424084275246831,0.19939228470118997,0.10215416497840968,5.558064869440327e-05,0.795129249483465,0.514901264314946,0.2387300618494952,0.6144292024683509,0.23150309077592324,-0.11362968992077283,-0.239340394315257,-0.239340394315257,2.66,2136000000.0,22131000000.0,,,,,,,,,,26282435722.63789,,,1.1875846424760692,,12.304511106103883,,,2007-09-30,,
ETN,Eaton Corporation,Industrials,2008-10-31,31.72911502673294,22.479999542236328,52.060001373291016,-0.5681905695498211,134016419.79450044,-0.020907264649799973,0.11673179413083312,0.11512002635351345,-0.0031785803356665365,0.08015871031540234,0.009444058807311008,0.3894118006256413,0.292173680902861,0.19007509657314572,1.1031261150869627,0.8228981299184437,0.5467269274529929,1.1796036518699253,0.7966775401774977,0.45154475948080164,-0.32448597939076596,-0.32448597939076596,,,,,,,,,,,,,,,,,,,,,,,
EXEL,Exelixis,Health Care,2008-10-31,34.874710016979876,3.440000057220459,50.5,-0.9318811869857335,6983693.422692163,0.43313946114352486,0.570778519924158,0.5691667521468383,0.43313946114352486,0.5164767517945937,0.4457621002865024,0.7674418088872741,0.6702036891644938,0.5681051048347785,0.29941852204602504,0.019190536877506048,-0.25698066558794475,1.2470929914226145,0.8641668797301869,0.5190340990334908,-0.3866279476748852,-0.3866279476748852,,,,,,,,,,,,,,,,,,,,,,,
FCX,Freeport-McMoRan,Materials,2008-10-31,32.62915728771982,14.529999732971191,63.619998931884766,-0.7716127007715319,1131169600.5241637,-0.13489339553501656,0.0027456632456165364,0.0011338954682968694,0.467653276644588,0.5509905672956569,0.48027591578756557,1.5244323103412736,1.4271941906184933,1.325095606288778,2.2994508300805987,2.01922284491208,1.743051642446629,1.914762859530501,1.5318367478380734,1.1867039671413773,-0.45973877588039,-0.45973877588039,3.75,2769000000.0,,,,,,0.42242562929061783,,,,,10728951802.825928,,,,,3.8746665954589843,,,2007-12-31,,
FHI,Federated Hermes,Financials,2008-10-31,31.297404049703715,24.200000762939453,45.0099983215332,-0.4623416648437877,56833098.70396266,-0.18574623051977524,-0.04810717173914214,-0.04971893951646181,-0.03398984616413314,0.04934744448693573,-0.021367207021155597,0.13027409625607134,0.033035976533291045,-0.06906260779642423,0.17166143691583158,-0.10856654825268741,-0.3847377507181382,-0.0437943633315665,-0.42672047502399413,-0.7718532557206902,-0.3409216877639434,-0.3409216877639434,,,,,,,,,,,,,,,,,,,,,,,
GGG,Graco Inc.,Industrials,2008-10-31,29.768083037074817,8.243332862854004,16.666667938232422,-0.5054000659637401,22753525.67006974,-0.13258257275700414,0.005056486023628959,0.003444718246309292,-0.02841558333050076,0.054921707320568114,-0.015792944187523215,0.1510502932663318,0.0538121735435515,-0.048286410786163775,0.47499002431239057,0.19476203914387158,-0.08140916332157921,0.8771672022360335,0.4942410905436059,0.14910830984690981,-0.4221296921471568,-0.4221296921471568,,,,,,,,,,,,,,,,,,,,,,,
GL,Globe Life,Financials,2008-10-31,26.304178498194858,18.56444358825684,31.351110458374023,-0.40785371500937717,55654377.93636322,-0.2793535043604073,-0.1417144455797742,-0.14332621335709386,-0.2916670980323999,-0.208329807381331,-0.2790444588894223,-0.012626917440983543,-0.10986503716376383,-0.2119636214934791,0.41004660333283915,0.12981861816432017,-0.14635258430113063,0.5281486541937215,0.14522254250129385,-0.1999102381954022,-0.6118118213271999,-0.6118118213271999,2.4444444444444446,527535000.0,3486697000.0,,,,,,,,,,4006388351.589984,,,1.1490497601569576,,7.594545104286889,,,2007-12-31,,
GLW,Corning Inc.,Information Technology,2008-10-31,29.31391484663915,10.829999923706056,113.33333587646484,-0.9044411792880522,323565307.5089424,-0.06135857957308166,0.07628047920755143,0.07466871143023177,0.3639139564940046,0.44725124714507347,0.37653659563698216,0.37193162868445007,0.2746935089616698,0.1725949246319545,0.7373387548981327,0.45711076972961373,0.18093956726416294,0.37315567132439664,-0.009770440368030986,-0.35490322106472705,-0.3166765155402229,-0.3166765155402229,1.34,2150000000.0,5860000000.0,,,,,1.9888991674375578,,,,,17376492414.90151,,,2.965271743157254,9.034858411741066,8.082089495303027,,,2007-12-31,net income 1.99x operating income,
GNTX,Gentex,Consumer Discretionary,2008-10-31,31.395133558091004,4.795000076293945,11.770000457763672,-0.5926083356155615,20811413.707802787,-0.1147376388586755,0.0229014199219576,0.021289652144637933,0.42436968636397876,0.5077069770150476,0.4369923255069563,0.7357850402158368,0.6385469204930565,0.5364483361633412,1.2172144571978256,0.9369864720293066,0.6608152695638558,2.3974590635034083,2.0145329518109807,1.6694001711142845,-0.32221066485268945,-0.32221066485268945,,,,,,,,,,,,,,,,,,,,,,,
GRMN,Garmin,Consumer Discretionary,2008-10-31,33.759321278657325,22.450000762939453,125.68000030517578,-0.8213717321099107,69560334.20217605,-0.18295802036933417,-0.04531896158870108,-0.046930729366020746,0.17406064393008913,0.257397934581158,0.18668328307306667,0.4103639093585625,0.3131257896357822,0.21102720530606692,0.6327093599468849,0.35248137477836594,0.07631017231291515,0.7727997188505502,0.3898736071581226,0.04474082646142652,-0.35857441714137295,-0.35857441714137295,3.89,855011000.0,3180319000.0,,,,,0.9423155978226728,,,,,4934446684.401445,,,1.5515571502108578,4.482839914518303,5.771208422349473,,,2007-12-29,,
GS,Goldman Sachs,Financials,2008-10-31,32.38349784818577,92.5,250.6999969482422,-0.6310331028081467,2737515013.530743,-0.12724357913062412,0.010395479650008976,0.00878371187268931,0.39677293893221877,0.48011022958328764,0.40939557807519633,0.8584828772139743,0.761244757491194,0.6591461731614787,0.7763377290581974,0.49610974388967843,0.21993854142422764,0.21973827692898285,-0.16318783476344478,-0.5083206154601408,-0.4874596816204255,-0.4874596816204255,24.73,11599000000.0,,,,,,,,,,,43384856449.65629,,,,,3.7403962798220785,,,2007-11-30,,
HL,Hecla Mining,Materials,2008-10-31,31.706805067196242,2.490000009536743,35.83333206176758,-0.9305116251750014,19452582.335256018,0.06425730448860634,0.20189636326923943,0.20028459549191976,-0.008031827239146971,0.0753054634119219,0.004590811903830573,0.6506025988690758,0.5533644791462955,0.4512658948165802,1.7670701902963377,1.4868422051278187,1.210671002662368,1.5180727995810597,1.135146687888632,0.790013907191936,-0.6024096841363359,-0.6024096841363359,,,,,,,,,,,,,,,,,,,,,,,
HON,Honeywell Technologies,Industrials,2008-10-31,28.009821892749613,28.69541358947754,64.67070007324219,-0.5562841664466471,274314390.60749924,0.08888525529575375,0.22652431407638685,0.22491254629906718,0.04592998399385584,0.1292672746449247,0.05855262313683338,0.22491358132106454,0.12767546159828425,0.02557687726856897,0.6557518862598677,0.3755239010913487,0.0993526986258979,0.8883346159250387,0.5054085042326111,0.16027572353591502,-0.22871987194125554,-0.22871987194125554,2.97791478790923,2444000000.0,34589000000.0,,,,,,,,,,23550570049.024784,,,0.6808687747267855,,9.636076124805559,,,2007-12-31,,
HRL,Hormel Foods,Consumer Staples,2008-10-31,33.14731654501341,7.065000057220459,10.692500114440918,-0.33925648991308255,21397451.78522988,0.06211205472113046,0.19975111350176356,0.1981393457244439,0.12088934110709526,0.20422663175816413,0.1335119802500728,0.3201739676348274,0.22293584791204712,0.12083726358233185,0.6964244929753949,0.4161965078068759,0.1400253053414251,1.2175168208705522,0.8345907091781246,0.48945792848142855,-0.12208079792919446,-0.12208079792919446,,,,,,,,,,,,,,,,,,,,,,,
HUM,Humana,Health Care,2008-10-31,34.01554590054084,29.59000015258789,88.0999984741211,-0.6641316610092814,106673599.3525944,0.28185261611153023,0.4194916748921633,0.4178799071148437,-0.027373581324471097,0.05596370932659778,-0.014750942181493552,0.2700241161149344,0.17278599639215408,0.07068741206243881,0.9699227911346711,0.6896948059661521,0.4135236035007013,1.8868546600758562,1.5039285483834286,1.1587957676867324,-0.3724229536875656,-0.3724229536875656,4.91,833684000.0,25289989000.0,,,,,0.6138252865235632,,,,,5024177125.704701,,,0.19866268529040093,1.9337287511291075,6.026476609488369,,,2007-12-31,,
IDA,Idacorp,Utilities,2008-10-31,34.97664993608514,26.65999984741211,53.0,-0.4969811349544885,13875561.561417958,0.10432479490494417,0.24196385368557727,0.2403520859082576,-0.081061450073181,0.0022758405778878776,-0.06843881093020346,0.10246685016492996,0.005228730442149665,-0.09686985388756561,0.4988728708541601,0.2186448856856411,-0.05752631677980968,0.6976244273126442,0.31469831562021655,-0.03043446507647951,-0.19837294140308182,-0.19837294140308182,,,,,,,,,,,,,,,,,,,,,,,
IEX,IDEX Corporation,Industrials,2008-10-31,34.439890514961306,23.18000030517578,44.9900016784668,-0.4847744067484612,24528025.41912018,-0.019558170160186017,0.11808088862044708,0.11646912084312741,0.10044115587980529,0.18377844653087416,0.11306379502278283,0.2507118435994753,0.153473723876695,0.051375139546979726,0.6152170359174829,0.3349890507489639,0.05881784828351311,0.6137886032722677,0.23086249157984007,-0.114270289116856,-0.277135638715969,-0.277135638715969,,,,,,,,,,,,,,,,,,,,,,,
IFF,International Flavors & Fragrances,Materials,2008-10-31,29.938424103520973,31.8799991607666,55.875,-0.429440730903506,34619110.2919957,-0.09483204723257266,0.042807011548060436,0.04119524377074077,-0.004653331589713261,0.07868395906135561,0.007969307553264283,0.2325175397519177,0.1352794200291374,0.03318083569942212,0.6601271866019067,0.37989920143338773,0.10372799896793694,1.0426913826636763,0.6597652709712487,0.31463249027455265,-0.22459251324164664,-0.22459251324164664,,,,,,,,,,,,,,,,,,,,,,,
ITW,Illinois Tool Works,Industrials,2008-10-31,30.20034542456615,33.38999938964844,60.0,-0.44350001017252605,176480848.22396475,-0.01288951990083198,0.12474953887980111,0.12313777110248145,0.0009186947229138376,0.08425598537398271,0.013541333865891382,0.4236236189248641,0.3263854992020838,0.22428691487236854,0.4554494382171179,0.17522145304859893,-0.10094974941685186,0.5916896068291875,0.20876349513675985,-0.13636928555993622,-0.2262694416626021,-0.2262694416626021,3.36,1869862000.0,16110267000.0,,,,,0.7115785804367665,,,,,18581753285.33536,,,1.1534106346800683,5.934957425682905,9.93749981834775,,,2007-12-31,,
KIM,Kimco Realty,Real Estate,2008-10-31,31.330172267763047,22.57999992370605,53.59999847412109,-0.5787313327143465,159874037.29172963,-0.34698381378396803,-0.20934475500333494,-0.2109565227806546,-0.4187311524104419,-0.335393861759373,-0.40610851326746433,-0.3822354677259022,-0.4794735874486825,-0.5815721717783978,-0.12197604776478854,-0.40220403293330753,-0.6783752353987583,-0.07084785697852125,-0.4537739686709489,-0.7989067493676449,-0.7125457184791327,-0.7125457184791327,1.65,442830000.0,,,,,,,,,,,6060061434.069546,,,,10.148375315313471,13.684848438609729,,,2007-12-31,,
KO,Coca-Cola Company (The),Consumer Staples,2008-10-31,34.7801795707896,22.030000686645508,44.46875,-0.504595908662926,729722063.604803,-0.022168878454182916,0.11547018032645018,0.11385841254913051,-0.004189652991531512,0.07914763765953736,0.008432986151446033,0.25383607662487484,0.15659795690209455,0.05449937257237927,0.4879411116141126,0.2077131264455936,-0.0684580760198572,0.7050804326435232,0.32215432095109553,-0.022978459745600532,-0.14302498341198178,-0.14302498341198178,1.285,5981000000.0,28857000000.0,,,,,0.8247380033094319,,,,,102538081016.98582,,,3.553317427902617,11.69876185585096,17.14396940594981,,,2007-12-31,,
LRCX,Lam Research,Information Technology,2008-10-31,31.404539423335734,2.236000061035156,6.081999778747559,-0.6323577536374712,114325329.07485205,-0.09615393688565044,0.04148512189498266,0.03987335411766299,0.24686952410878304,0.3302068147598519,0.2594921632517606,0.5080501636063794,0.41081204388359915,0.30871345955388385,1.0478532697842935,0.7676252846157745,0.4914540821503237,0.922629578989185,0.5397034672967573,0.19457068660006127,-0.34168131432189075,-0.34168131432189075,,,,,,,,,,,,,,,,,,,,,,,
MANH,Manhattan Associates,Information Technology,2008-10-31,32.79708856041347,4.202499866485596,18.8125,-0.7766113027781743,7176360.364909399,-0.08744790958100623,0.05019114919962686,0.048579381422307194,-0.011302714618993792,0.07203457603207508,0.0013199245239837523,0.36525886329960433,0.26802074357682404,0.16592215924710876,0.8310530436962125,0.5508250585276935,0.2746538560622427,1.5193337191903895,1.1364076074979619,0.7912748268012658,-0.187388442510797,-0.187388442510797,,,,,,,,,,,,,,,,,,,,,,,
MCK,McKesson Corporation,Health Care,2008-10-31,31.23360013796284,36.790000915527344,96.25,-0.6177662242542614,124674330.55610052,0.20580093204755778,0.3434399908281909,0.34182822305087124,0.012160156930198562,0.09549744758126744,0.024782796073176107,0.6146446304624897,0.5174065107397094,0.41530792640999414,0.8313117327546318,0.5510837475861128,0.274912545120662,1.2862952106141758,0.9033690989217482,0.5582363182250522,-0.2315845900172162,-0.2315845900172162,3.32,990000000.0,101703000000.0,,,,,0.6698240866035182,,,,,10970512321.196407,,,0.10786812897551112,5.997822922095136,11.081325576966067,,,2008-03-31,,
MET,MetLife,Financials,2008-10-31,27.53885104317287,29.60784339904785,63.48484802246094,-0.5336234657351215,640162072.704064,-0.11687922038698018,0.02075983839365292,0.01914807061633325,-0.08552584255341555,-0.0021885519023466804,-0.07290320341043802,0.04603518455404165,-0.05120293516873864,-0.15330151949845391,0.26774231983086594,-0.012485665337653051,-0.28865686780310384,0.12462647237300373,-0.2582996393194239,-0.60343242001612,-0.6505019329036903,-0.6505019329036903,4.884135472370766,4317000000.0,47152000000.0,,,,,,,,,,26169843297.08754,,,0.5550102497685685,,6.062043849221111,,,2007-12-31,,
MMM,3M,Industrials,2008-10-31,33.731006392455285,53.762542724609375,81.10367584228516,-0.3371133655007643,452813639.17881364,-0.15667006859375232,-0.019031009813119226,-0.020642777590438893,-0.08711806302145642,-0.0037807723703875418,-0.07449542387847888,0.18474002513590082,0.08750190541312053,-0.014596678916594746,0.3913714207840586,0.11114343561553963,-0.16502776684991116,0.3383031753001924,-0.044622936392235246,-0.3897557170889313,-0.35226594131093414,-0.35226594131093414,4.682274247491638,4096000000.0,24462000000.0,,,,,0.6613918940739545,,,,,47030857946.42857,,,1.9226088605358749,6.21264390177957,11.48214305332729,,,2007-12-31,,
MRVL,Marvell Technology,Information Technology,2008-10-31,33.78648368289669,6.960000038146973,36.834999084472656,-0.8110492680565621,173325943.67778262,0.047414032837680864,0.18505309161831396,0.1834413238409943,0.577586339426909,0.6609236300779778,0.5902089785698865,0.9727020992261806,0.8754639795034003,0.773365395173685,1.770115065576118,1.489887080407599,1.2137158779421482,1.0100579855422898,0.6271318738498621,0.28199909315316607,-0.35632182324853034,-0.35632182324853034,,,,,,,,,,,,,,,,,,,,,,,
NEM,Newmont,Materials,2008-10-31,32.05239161332577,26.34000015258789,62.720001220703125,-0.5800382710468862,370653716.7306688,0.5149465792722878,0.6525856380529209,0.6509738702756013,0.5364352595075319,0.6197725501586008,0.5490578986505095,0.6666039139525595,0.5693657942297792,0.4672672099000639,1.3526393467870563,1.0724113616185373,0.7962401591530865,1.619450104544351,1.2365239928519234,0.8913912121552273,-0.1962795193148713,-0.1962795193148713,,,,,,,,,,,,,,,,,,,,,,,
NOC,Northrop Grumman,Industrials,2008-10-31,25.28048797877443,42.365116119384766,76.98723602294922,-0.4497124678335498,193864417.78954932,0.036740898185869675,0.17437995696650277,0.1727681891891831,0.05196164418347737,0.13529893483454625,0.06458428332645491,0.1103137178293141,0.013075598106533803,-0.08902298622318147,0.44444915926603357,0.16422117409751458,-0.11195002836793622,0.5078984037298491,0.12497229203742144,-0.22016048865927462,-0.27575201316060993,-0.27575201316060993,4.62592,1790000000.0,30341000000.0,,,,,0.611965811965812,,,,,16393184026.895998,,,0.5402980793940871,4.4149310520446345,9.158203366981004,,,2007-12-31,,
NTAP,NetApp,Information Technology,2008-10-31,32.811691229091224,13.529999732971191,152.75,-0.9114238970018252,190845645.8102408,0.09608259436449496,0.23372165314512805,0.23210988536780838,0.35254946055074177,0.43588675120181064,0.36517209969371933,0.9992603489746736,0.9020222292518933,0.799923644922178,2.935698129925289,2.6554701447567703,2.379298942291319,2.027345225856004,1.6444191141635764,1.2992863334668803,-0.23207701808918657,-0.23207701808918657,,,,,,,,,,,,,,,,,,,,,,,
OKE,Oneok,Energy,2008-10-31,34.39015736543011,13.964279174804688,24.194536209106445,-0.42283335980837067,39630880.721860066,-0.0720696281461144,0.0655694306345187,0.06395766285719903,-0.15587558562311377,-0.07253829497204489,-0.14325294648013623,0.19619907851442764,0.09896095879164735,-0.0031376255380679285,0.7097877780000732,0.4295597928315542,0.15338859036610342,1.6735631578274672,1.2906370461350396,0.9455042654383435,-0.42520388390466957,-0.42520388390466957,1.2213272631763263,304921000.0,13477414000.0,,,,,0.37070523972606906,,,,,3486372652.639198,,,0.25868261171165313,3.300565967327393,11.433691522194922,,,2007-12-31,,
PCAR,Paccar,Industrials,2008-10-31,34.32320849657884,19.49333381652832,43.83555603027344,-0.5553077094980623,173393640.5272552,-0.08858331864858426,0.04905574013204883,0.047443972354729164,0.23147464853446476,0.31481193918553363,0.2440972876774423,0.3110941080786356,0.2138559883558553,0.11175740402614001,0.8126028943530177,0.5323749091844987,0.2562037067190479,0.5551591384127534,0.1722330267203258,-0.17289975397637025,-0.29183224089138016,-0.29183224089138016,2.1933333333333334,1227300000.0,,,,,,,,,,,10907675650.315443,,,,4.615482047388913,8.887538214222639,,,2007-12-31,,
PEG,Public Service Enterprise Group,Utilities,2008-10-31,32.84503490915256,28.149999618530277,52.29999923706055,-0.46175908166012414,114613415.7423201,0.13334243255724632,0.2709814913378794,0.26936972356055977,0.08571576028199468,0.16905305093306355,0.09833839942497222,0.10723018129121487,0.009992061568434574,-0.0921065227612807,0.25461438089275434,-0.025613604275764645,-0.30178480674121544,0.36476015166473963,-0.018165960027688,-0.36329874072438406,-0.13950473842670263,-0.13950473842670263,2.62,1335000000.0,12677000000.0,,,,,0.4690794096978215,,,,,14343606675.854166,,,1.1314669618879991,3.827743058074059,10.744274663561175,,,2007-12-31,,
PH,Parker Hannifin,Industrials,2008-10-31,34.61661412477591,38.77000045776367,86.91000366210938,-0.5539063534217012,124178301.95657639,-0.007327755977788453,0.13031130280284464,0.12869953502552497,0.18544849602326363,0.2687857866743325,0.19807113516624117,0.39924110224424925,0.30200298252146895,0.19990439819175368,1.0569867593436948,0.7767587741751758,0.500587571709725,1.228202985122453,0.8452768734300253,0.5001440927333293,-0.2761836708167782,-0.2761836708167782,5.53,949466000.0,12145605000.0,,,,,,,,,,6656563698.8482895,,,0.5480635751655261,3.7433488232167407,7.010849992362328,,,2008-06-30,,
PLD,Prologis,Real Estate,2008-10-31,25.58316512698353,24.030000686645508,66.86000061035156,-0.6405922753921561,71947860.0955842,-0.329171608582033,-0.1915325498013999,-0.19314431757871955,-0.19009678045942424,-0.10675948980835537,-0.1774741413164467,-0.041704348439395744,-0.13894246816217604,-0.2410410524918913,0.28399568630891703,0.0037677011403980387,-0.27240350132505275,0.4049263292575056,0.022000217565077973,-0.3231325631316181,-0.6367039761587627,-0.6367039761587627,,,,,,,,,,,,,,,,,,,,,,,
PPG,PPG Industries,Materials,2008-10-31,32.47052822950961,24.790000915527344,41.209999084472656,-0.398446943308284,104092268.51330712,-0.2336094772865538,-0.0959704185059207,-0.09758218628324036,-0.0875973643778235,-0.004260073726754632,-0.07497472523484597,0.19354934439932525,0.09631122467654496,-0.005787359653170315,0.6782035089170777,0.3979755237485587,0.12180432128310792,0.9421202693715938,0.5591941576791661,0.21406137698247008,-0.41672560103837564,-0.41672560103837564,2.515,834000000.0,12220000000.0,,,,,,,,,,8220620581.92835,,,0.6727185418926637,,9.856859210945265,,,2007-12-31,,
REG,Regency Centers,Real Estate,2008-10-31,33.12849353453663,39.459999084472656,93.48999786376952,-0.5779227726374276,66189402.17500717,-0.0851459451905151,0.05249311359011799,0.05088134581279832,-0.006803144924698246,0.07653414572637063,0.005819494218279299,-0.08381029836514264,-0.18104841808792294,-0.28314700241763824,0.2141398215320569,-0.06608816363646208,-0.3422593661019129,0.23220513402565102,-0.1507209776667766,-0.4958537583634727,-0.4504932296106289,-0.4504932296106289,,,,,,,,,,,,,,,,,,,,,,,
RPM,RPM International,Materials,2008-10-31,34.54541793231503,14.199999809265137,25.739999771118164,-0.448329450834013,16959372.08672478,-0.11965830933679733,0.017980749443835764,0.016368981666516097,0.003035623014790989,0.08637291366585986,0.015658262157768534,0.31104619788217414,0.21380807815939384,0.11170949382967857,0.604637031237327,0.32440904606880805,0.048237843603357256,0.8073062720101296,0.424380160317702,0.07924737962100592,-0.3499343468199817,-0.3499343468199817,,,,,,,,,,,,,,,,,,,,,,,
RVTY,Revvity,Health Care,2008-10-31,33.75273080198879,17.940000534057617,60.5,-0.7034710655527667,33758726.0989174,-0.29304939400625607,-0.15541033522562298,-0.15702210300294264,-0.17967970506861886,-0.09634241441754998,-0.16705706592564132,0.05573134643913491,-0.04150677328364538,-0.14360535761336066,0.3476350647474087,0.0674070795788897,-0.2087641228865611,0.2018933860611387,-0.18103272563128892,-0.526165506327985,-0.3905212387846285,-0.3905212387846285,,,,,,,,,,,,,,,,,,,,,,,
SCI,Service Corp Intl,Consumer Discretionary,2008-10-31,34.930662002591305,6.900000095367432,47.125,-0.8535808998330519,15972779.86486223,-0.3350957125112173,-0.1974566537305842,-0.19906842150790385,-0.331031510969764,-0.24769422031869515,-0.31840887182678645,0.027696618436342968,-0.06954150128643732,-0.1716400856161526,0.2624817367645651,-0.01774624840395389,-0.2939174508694047,0.5537548373022698,0.1708287256098422,-0.17430405508685387,-0.6112865935951923,-0.6112865935951923,,,,,,,,,,,,,,,,,,,,,,,
SEIC,SEI Investments Company,Financials,2008-10-31,32.16842314614834,17.68000030517578,33.119998931884766,-0.46618354844947874,22701564.764343746,-0.2797032544253155,-0.14206419564468242,-0.1436759634220021,-0.20238630836906624,-0.11904901771799736,-0.1897636692260887,-0.0024283609712681953,-0.09966648069404849,-0.20176506502376376,0.2771981868963438,-0.0030297982721751993,-0.279201000737626,-0.05738561746602877,-0.4403117291584564,-0.7854445098551525,-0.4775433555738031,-0.4775433555738031,,,,,,,,,,,,,,,,,,,,,,,
SPXC,SPX Technologies,Industrials,2008-10-31,29.732854050204054,9.755728721618652,35.462100982666016,-0.7248970463879937,93699621.88794954,0.09492020647925492,0.23255926525988802,0.23094749748256835,0.20692170413420796,0.29025899478527684,0.2195443432771855,0.3921232682546869,0.2948851485319066,0.19278656420219134,0.7996078577602863,0.5193798725917673,0.24320867012631653,0.48748363439076314,0.10455752269833551,-0.24057525799836055,-0.34305608759201844,-0.34305608759201844,1.3120120876353563,294200000.0,4542200000.0,,,,,0.7203721841332027,,,,,2187583039.019909,,,0.4816131035665336,3.8054857596926297,7.435700336573449,,,2007-12-31,,
SRE,Sempra,Utilities,2008-10-31,34.629368254421465,21.30500030517578,33.189998626708984,-0.3580897503252377,148264109.20855203,0.03780628300600575,0.17544534178663884,0.17383357400931918,0.09977487562120424,0.1831121662722731,0.11239751476418178,0.2490339229800811,0.1517958032573008,0.049697218927585524,0.337782330585491,0.05755434541697202,-0.21861685704847877,0.3923958985952718,0.009469786902844168,-0.3356629937938519,-0.13760761376581188,-0.13760761376581188,,,,,,,,,,,,,,,,,,,,,,,
STT,State Street Corporation,Financials,2008-10-31,31.89423378047576,43.34999847412109,86.55000305175781,-0.49913348416409264,430214776.31907994,-0.459581586654383,-0.3219425278737499,-0.3235542956510695,-0.20711167289717103,-0.12377438224610215,-0.1944890337541935,-0.02435812228872869,-0.12159624201150898,-0.22369482634122426,-0.028509951445996995,-0.308737936614516,-0.5849091390799668,-0.047128266333558044,-0.4300543780259857,-0.7751871587226817,-0.6648802045737795,-0.6648802045737795,3.45,1261000000.0,8336000000.0,,,,,,,,,,15844738572.714981,,,1.9007603854024688,,12.565216949020604,,,2007-12-31,,
SWK,Stanley Black & Decker,Industrials,2008-10-31,30.082091109481766,32.7400016784668,64.25,-0.4904279894402055,34753357.537145466,-0.03499283005457654,0.10264622872605655,0.10103446094873689,0.18820813021150973,0.2715454208625786,0.20083076935448727,0.4378807902701909,0.3406426705474106,0.23854408621769532,1.0192865281627017,0.7390585429941827,0.4628873405287319,1.12978010068282,0.7468539889903925,0.4017212082936964,-0.2935736537868153,-0.2935736537868153,,,,,,,,,,,,,,,,,,,,,,,
TEX,Terex,Industrials,2008-10-31,31.025453070384444,16.690000534057617,96.94000244140624,-0.82783164726919,103405418.8909349,-0.29059307497525166,-0.15295401619461857,-0.15456578397193824,-0.1731575075717966,-0.08982021692072772,-0.16053486842881906,0.21150442314955176,0.11426630342677147,0.01216771909705619,0.3451177034338453,0.0648897182653263,-0.2112814842001245,-0.0029953832817676274,-0.38592149497419526,-0.7310542756708913,-0.5602155051544531,-0.5602155051544531,5.85,613900000.0,7976100000.0,,,,,0.7376832492189378,,,,,1751451509.0355506,,,0.219587456154706,0.5393509446470959,2.8529915442833533,,,2007-12-31,,
TKR,Timken,Industrials,2008-10-31,28.850810134274212,11.367215156555176,30.019685745239254,-0.6213413007377043,22371157.762642495,-0.04975642509318634,0.08788263368744675,0.08627086591012709,0.04001220445697751,0.12334949510804638,0.05263484359995505,0.4389652266027779,0.34172710687999763,0.23962852255028236,1.7460385713733007,1.4658105862047817,1.1896393837393309,1.8404210929453635,1.4574949812529359,1.1123622005562397,-0.36098763390836963,-0.36098763390836963,,,,,,,,,,,,,,,,,,,,,,,
TPR,"Tapestry, Inc.",Consumer Discretionary,2008-10-31,34.559518930905696,20.600000381469727,54.0,-0.6185185114542644,212132092.99187434,-0.2912624899873566,-0.1536234312067235,-0.15523519898404317,0.18931991439316254,0.2726572050442314,0.20194255353614007,0.6091069776389835,0.5118688579162032,0.4097702735864879,1.4690660229303618,1.1888380377618428,0.912666835296392,2.2554088494869684,1.8724827377945408,1.5273499570978446,-0.44611673239476846,-0.44611673239476846,2.17,783055000.0,3180757000.0,,,,,0.6826215708956883,,,,,7433609815.074553,,,2.337056812285425,5.397120299811395,9.493087733396187,,,2008-06-28,,
TSN,Tyson Foods,Consumer Staples,2008-10-31,31.293674457822874,8.739999771118164,26.0,-0.6638461626493014,81739733.70052065,0.019087397017502505,0.1567264557981356,0.15511468802081593,0.21964209874649154,0.3029793893975604,0.23226473788946908,0.4578399248443694,0.3606018051215891,0.2585032207918738,0.8296454337582801,0.5494174485897612,0.27324624612431037,1.2916743343598576,0.9087482226674299,0.5636154419707339,-0.49656748838832365,-0.49656748838832365,,,,,,,,,,,,,,,,,,,,,,,
TXN,Texas Instruments,Information Technology,2008-10-31,33.04380184120937,19.559999465942383,99.78125,-0.8039711923237844,421508275.3770556,-0.2301538221735029,-0.09251476339286979,-0.09412653117018946,-0.06411246705235274,0.019224823598716134,-0.051489827909375195,0.2269408056715312,0.1297026859487509,0.02760410161903562,0.576466342610555,0.29623835744203597,0.020067154976585178,0.6667465537527395,0.2838204420603119,-0.06131233863638419,-0.3159508990853176,-0.3159508990853176,1.83,2657000000.0,13835000000.0,,,,,0.7597941092364884,,,,,28399409060.660606,,,2.0527220137810342,5.9905751406639975,10.68852429832917,,,2007-12-31,,
VIAV,Viavi Solutions,Information Technology,2008-10-31,31.296975050909325,3.105802059173584,698.16552734375,-0.9955514817940239,44407015.437662356,-0.3351649591707109,-0.19752590039007778,-0.19913766816739745,-0.1556776792978225,-0.07234038864675363,-0.14305504015484496,0.023809600575066092,-0.0734285191477142,-0.17552710347742947,0.923076781355922,0.642848796187403,0.3666775937219522,1.1978023867635326,0.8148762750711049,0.4697434943744089,-0.6318680403399854,-0.6318680403399854,,,,,,,,,,,,,,,,,,,,,,,
WCC,WESCO International,Industrials,2008-10-31,29.962281745913387,19.8799991607666,80.29000091552734,-0.7523975721250491,23296669.18149373,-0.07344029856888801,0.06419876021174509,0.06258699243442542,0.307847102248876,0.3911843928999449,0.3204697413918536,0.28571455488620034,0.18847643516342005,0.08637785083370478,1.1539237494616383,0.8736957642931193,0.5975245618276686,1.43762607428105,1.0546999625886224,0.7095671818919264,-0.44667998270102105,-0.44667998270102105,,,,,,,,,,,,,,,,,,,,,,,
WTW,Willis Towers Watson,Financials,2008-10-31,33.91032700381733,69.50993347167969,123.54966735839844,-0.4373927914347018,50318476.13988991,-0.04586850988407831,0.09177054889655478,0.09015878111923512,0.0721183501037923,0.15545564075486118,0.08474098924676984,0.07296302534861954,-0.024275094374160755,-0.12637367870387603,0.3085517594547118,0.028323774286192815,-0.24784742817925798,0.536811984098825,0.1538858724063974,-0.19124690829029867,-0.2863281906373315,-0.2863281906373315,,,,,,,,,,,,,,,,,,,,,,,
WY,Weyerhaeuser,Real Estate,2008-10-31,31.958175122236554,38.220001220703125,87.08999633789062,-0.5611436120353288,161102570.0372272,-0.2668963875418142,-0.12925732876118112,-0.1308690965385008,-0.04764004017867063,0.035697250472398245,-0.035017401035693084,-0.017059697700717913,-0.1142978174234982,-0.21639640175321348,0.19515957432192255,-0.08506841084659644,-0.36123961331204724,0.3578564614242048,-0.02506965026822283,-0.3702024309649189,-0.4993765310347431,-0.4993765310347431,,790000000.0,10933000000.0,,,,,,,,,,8008848375.793457,,,0.7325389532418785,,,,,2007-12-30,,
ZBH,Zimmer Biomet,Health Care,2008-10-31,31.266323597113157,45.07767105102539,91.63106536865234,-0.508052527058724,140502317.79926416,-0.21602403864586128,-0.07838497986522819,-0.07999674764254786,-0.05255223708929191,0.030785053561776965,-0.039929597946314364,0.13224197753325928,0.03500385781047899,-0.06709472651923629,0.021752961699190942,-0.25847502346932805,-0.5346462259347788,0.13353429436797937,-0.24939181732444826,-0.5945245980211443,-0.3394359073194929,-0.3394359073194929,3.1650485436893203,773200000.0,3897500000.0,,,,,0.6857041504079461,,,,,11012170832.623442,,,2.8254447293453344,7.769792893800414,14.242331651090845,,,2007-12-31,,
ZBRA,Zebra Technologies,Information Technology,2008-10-31,28.365122012985225,20.239999771118164,62.400001525878906,-0.6756410372406143,13834781.948561896,-0.1684782552358558,-0.030839196455222706,-0.03245096423254237,0.04990119764344425,0.13323848829451312,0.06252383678642179,0.23517787958052283,0.13793975985774254,0.035841175528027264,0.7677865209442243,0.4875585357757053,0.2113873333102545,0.7658103795765177,0.38288426788409,0.03775148718739396,-0.2094861570684654,-0.2094861570684654,,,,,,,,,,,,,,,,,,,,,,,
ADSK,Autodesk,Information Technology,2008-11-30,32.80341523518031,16.59000015258789,51.31999969482422,-0.6767342117840845,111744520.49269752,-0.2350814066506337,-0.06236659165677505,-0.09086199292379052,0.29355026444198606,0.2507172723958633,0.126610874663358,0.4135021426917507,0.16152106547573442,-0.043470197834427904,1.127185086856218,0.7511786494112773,0.2925342038621407,1.053646737882013,0.5732994603495687,0.06879209527461438,-0.2947558950178767,-0.2947558950178767,1.47,356200000.0,2171900000.0,,,,,0.7993716337522442,,,,,4019971465.545447,,,1.8509008082993907,6.119691192632565,11.285714389515572,,,2008-01-31,,
AFG,American Financial Group,Financials,2008-11-30,34.21724196340685,20.489999771118164,36.84000015258789,-0.4438110834351121,18800061.58471486,-0.23582662107094343,-0.06311180607708478,-0.09160720734410024,0.059501227271643975,0.01666823522552119,-0.1074381625069841,0.2133198293734957,-0.03866124784252056,-0.24365251115268288,0.5706749994042373,0.1946685619592965,-0.26397588358984014,0.8740653671091199,0.39371808957667564,-0.11078927549827866,-0.37284736929966944,-0.37284736929966944,,,,,,,,,,,,,,,,,,,,,,,
AKAM,Akamai Technologies,Information Technology,2008-11-30,34.583769748421446,12.270000457763672,345.5,-0.9644862504840415,85120894.81250067,0.4743275857941549,0.6470424007880136,0.6185469995209981,0.8149958946148725,0.7721629025687498,0.6480565048362444,0.9559901470756942,0.7040090698596779,0.4990178065495156,3.2534634620723653,2.8774570246274243,2.418812579078288,1.356153118895746,0.8758058413633019,0.37129847628834756,-0.10105955000253386,-0.10105955000253386,0.56,100967000.0,636406000.0,,,,,0.6966700706557739,,,,,2212259171.819687,,,3.476175856009665,9.533957060919215,21.91071510314941,,,2007-12-31,,
ALB,Albemarle Corporation,Materials,2008-11-30,32.69447092058836,20.32999992370605,48.84000015258789,-0.5837428366054412,29235966.006451562,-0.042726223577731814,0.12998859141612684,0.10149319014911137,0.4063423582960406,0.3635093662499178,0.23940296851741252,0.6957257101308096,0.4437446329147934,0.23875336960463106,1.7550174074754108,1.37901097003047,0.9203665244813334,1.8102893639280753,1.329942086395631,0.8254347213206767,-0.23121301522519777,-0.23121301522519777,,,,,,,,,,,,,,,,,,,,,,,
AMKR,Amkor Technology,Information Technology,2008-11-30,32.677569522318024,2.200000047683716,65.3125,-0.9663157887435986,12524175.484320475,-0.22272727485198607,-0.05001245985812741,-0.07850786112514288,1.0590912745416081,1.0162582824954853,0.89215188476298,1.5227265503247285,1.2707454731087122,1.06575420979855,2.1636365846065537,1.787630147161613,1.3289857016124764,1.0181818946714993,0.5378346171390551,0.03332725206410081,-0.2727273099097566,-0.2727273099097566,,,,,,,,,,,,,,,,,,,,,,,
AMT,American Tower,Real Estate,2008-11-30,34.41117371143689,27.239999771118164,55.5,-0.5091891933131862,203689197.7899612,0.06901561173421267,0.24173042672807132,0.21323502546105585,0.1699706141826236,0.12713762213650082,0.0030312244039955305,0.5022026913483448,0.2502216141323286,0.045230350822166254,0.8564603149882315,0.4804538775432907,0.021809431994154083,1.1659316876168977,0.6855844100844535,0.18107704500949917,-0.08406773514527055,-0.08406773514527055,0.13,56316000.0,1456594000.0,,,,,0.14884119218845396,,,,,11800367900.848389,,,8.101343202600304,13.055988466375887,209.53845977783203,,,2007-12-31,,
APH,Amphenol,Information Technology,2008-11-30,34.979926411634594,1.4512499570846558,3.2674999237060547,-0.5558531014627774,91135844.45141384,0.09551155927780952,0.2682263742716682,0.2397309730046527,0.43990189241830335,0.39706890037218057,0.27296250263967525,0.7781908656409877,0.5262097884249715,0.32121852511480914,1.162267714694024,0.7862612772490831,0.3276168316999465,0.9614692939960023,0.4811220164635581,-0.023385348611396184,-0.13996512592860044,-0.13996512592860044,0.12125,353194000.0,2851041000.0,,,,,0.638851205915443,,,,,4227404349.2169724,,,1.4827581747217848,6.366066046632072,11.96907181100747,,,2007-12-31,,
ARE,Alexandria Real Estate Equities,Real Estate,2008-11-30,29.47755332625843,44.27999877929688,116.5,-0.6199141735682672,57060164.48613121,-0.08445628828319596,0.0882585267106627,0.05976312544364723,-0.15920355242116524,-0.20203654446728803,-0.32614294219979334,0.3419374559055166,0.08995637868950035,-0.11503488462066197,0.6220252110271234,0.2460187735821826,-0.21262567196695403,0.6344077999611191,0.15406052242867485,-0.35044684264627946,-0.28614283300475896,-0.28614283300475896,,,,,,,,,,,,,,,,,,,,,,,
AYI,Acuity Brands,Industrials,2008-11-30,33.411064453465485,26.959999084472656,66.88999938964844,-0.5969502267831557,23498775.258806016,-0.1460590613705801,0.026655753623278544,-0.0018396476437369247,0.018242801965635103,-0.024590190080487684,-0.14869658781299297,0.21989474133984044,-0.03208633587617582,-0.23707759918633814,1.0601724671364927,0.6841660296915519,0.2255215841424153,0.9411404201488822,0.460793142616438,-0.043714222458516305,-0.2541056405810189,-0.2541056405810189,,,,,,,,,,,,,,,,,,,,,,,
BCO,Brink's,Industrials,2008-11-30,25.78568898386804,21.770000457763672,74.61000061035156,-0.7082160530803796,38014367.67227233,0.1004759218944331,0.27319073688829176,0.2446953356212763,0.23015701326877913,0.18732402122265635,0.06321762349015106,0.04792779215245191,-0.20405328506356435,-0.40904454837372667,0.1637656257863136,-0.21224081165862718,-0.6708852572077638,0.18395483556556536,-0.29639244196687886,-0.8008998070418332,-0.09508450126152967,-0.13987951816745603,,,,,,,,,,,,,,,,,,,,,,,
BNY,BNY Mellon,Financials,2008-11-30,32.56066015633327,30.209999084472656,62.93724822998047,-0.519998094386307,431011730.68536425,-0.2567485338922193,-0.08403371889836064,-0.11252912016537611,-0.0653106222170392,-0.10814361426316199,-0.23225001199566728,-0.09775757864763512,-0.3497386558636514,-0.5547299191738138,-0.07394461722087065,-0.4499510546658114,-0.9085955002149481,-0.3197214100130169,-0.8000686875454611,-1.3045760526204155,-0.48891079292656603,-0.48891079292656603,2.17,2209000000.0,,,,,,,,,,,30752943768.47931,,,,,13.921658564273114,,,2007-12-31,,
BXP,"BXP, Inc.",Real Estate,2008-11-30,31.199237014305027,53.400001525878906,133.02000427246094,-0.5985566094517538,240856253.44501677,-0.29654475265977087,-0.12382993766591222,-0.15232533893292768,-0.06665712562789039,-0.10949011767401318,-0.23359651540651846,0.31765744907051974,0.06567637185450348,-0.13931489145565884,0.6922310382112236,0.3162246007662828,-0.14241984478285385,0.967652624313887,0.48730534678144277,-0.017202018293511534,-0.4442913655020376,-0.4442913655020376,10.8,1310106000.0,1482289000.0,,,,,3.894778149386845,,,,,6477746518.431769,,,4.370096869390362,7.986480697346212,4.944444585729528,,,2007-12-31,net income 3.89x operating income,
CCK,Crown Holdings,Materials,2008-11-30,34.24086861324271,16.049999237060547,59.75,-0.7313807659069365,45596259.92631155,0.31339555633397276,0.4861103713278314,0.457614970060816,0.4641745897583529,0.4213415977122301,0.2972351999797248,0.5682244346638605,0.31624335744784426,0.11125209413768194,0.9333333291241561,0.5573268916792153,0.0986824461300787,1.0130842687545196,0.5327369912220754,0.0282296261471211,-0.08348915555880443,-0.08348915555880443,,,,,,,,,,,,,,,,,,,,,,,
CSCO,Cisco,Information Technology,2008-11-30,33.51988447114576,16.540000915527344,82.0,-0.7982926717618617,1355915276.2432508,-0.11910586875584683,0.05360894623801182,0.025113544970996354,0.11850047432455879,0.075667482278436,-0.04843891545406928,0.4147523795589272,0.16277130234291093,-0.04221996096725139,0.15840380905687002,-0.21760262838807076,-0.6762470739372074,0.13970807434481047,-0.34063920318763374,-0.845146568262588,-0.17714650966690748,-0.17714650966690748,1.31,8052000000.0,39540000000.0,,,,,0.8527854268163525,,,,,101664188833.4551,,,2.5711732127833864,,12.625954897349116,,,2008-07-26,,
DAR,Darling Ingredients,Consumer Staples,2008-11-30,34.987937724694476,5.0,17.520000457763672,-0.7146118796027576,9374885.54991919,-0.13400001525878902,0.03871479973506964,0.01021939846805417,0.5140000343322755,0.4711670422861527,0.3470606445536474,0.42399997711181636,0.1720188998958001,-0.032972363414362216,1.3159999847412114,0.9399935472962706,0.48134910174713397,1.8739999771118163,1.393652699579372,0.8891453345044178,-0.43600001335144045,-0.43600001335144045,,,,,,,,,,,,,,,,,,,,,,,
DIS,Walt Disney Company (The),Communication Services,2008-11-30,31.475624887196417,22.520000457763672,43.28268814086914,-0.4796995883326516,493196367.7699801,-0.24416653924625809,-0.07145172425239943,-0.0999471255194149,0.0916092502583159,0.04877625821219311,-0.07533013952031217,0.3620328368828285,0.11005175966681224,-0.09493950364335008,0.6645030423874929,0.28849660494255214,-0.1701478406065845,0.6522904526333295,0.1719431751008853,-0.332564189974069,-0.3176313750578017,-0.3176313750578017,,,,,,,,,,,,,,,,,,,,,,,
EHC,Encompass Health,Health Care,2008-11-30,32.23902553377414,7.82816219329834,122.56364440917967,-0.9361298186665863,15525243.355880095,-0.20223573406274598,-0.02952091906888732,-0.05801632033590279,0.2032518065571174,0.1604188145109946,0.036312416778489315,0.782519882260549,0.5305388050445328,0.32554754173437045,0.8292680569746751,0.4532616195297343,-0.00538282601940232,0.7560973526752943,0.2757500751428501,-0.2287572899321042,-0.3180893848940428,-0.3180893848940428,,,,,,,,,,,,,,,,,,,,,,,
EL,Estée Lauder Companies (The),Consumer Staples,2008-11-30,31.37894388863606,13.949999809265137,28.25,-0.5061946970171634,99898773.59130496,-0.1881717975736248,-0.015456982579766132,-0.0439523838467816,0.1856632668040501,0.1428302747579273,0.018723877025422025,0.6979302308886914,0.4459491536726752,0.24095789036251286,1.7436383887091593,1.3676319512642185,0.9089875057150819,3.3618023814368554,2.881455103904411,2.3769477388294566,-0.2899642538316962,-0.2899642538316962,,,,,,,,,,,,,,,,,,,,,,,
EPR,EPR Properties,Real Estate,2008-11-30,30.124848803574352,24.530000686645508,68.93000030517578,-0.6441317194538934,24031019.659953646,-0.37444478154528227,-0.2017299665514236,-0.23022536781843908,-0.11565532993853367,-0.15848832198465646,-0.28259471971716177,0.44673681999833414,0.1947557427823179,-0.010235520527844433,1.262199409405138,0.8861929719601973,0.42754852641106067,1.3239510297338493,0.843603752201405,0.33909638712645074,-0.5015698130894293,-0.5015698130894293,,,,,,,,,,,,,,,,,,,,,,,
FLG,Flagstar Bank,Financials,2008-11-30,34.783947328674785,39.150001525878906,106.70999908447266,-0.6331177784484152,58013213.29313303,-0.23053776923033886,-0.057822954236480206,-0.08631835550349568,-0.11655573801906216,-0.15938873006518495,-0.28349512779769026,-0.02193839989811064,-0.2739194771141269,-0.4789107404242892,0.4933453869393567,0.11733894949441592,-0.3413054960547207,0.143959760487268,-0.3363875170451762,-0.8408948821201305,-0.4000538356714657,-0.4000538356714657,2.7,279082000.0,,,,,,,,,,,4046689157.720495,,,,2.706146021499621,14.500000565140335,,,2007-12-31,,
GATX,GATX,Industrials,2008-11-30,34.79585947382817,28.149999618530277,52.52999877929688,-0.46411573819368235,24350176.47793785,-0.33533420816127435,-0.1626193931674157,-0.19111479443443116,-0.0839471093547195,-0.12678010140084228,-0.2508864991333476,0.07224518507244149,-0.17973589214357477,-0.3847271554537371,0.2814158096463315,-0.09459062779860927,-0.5532350733477459,0.7035306473762848,0.22318336984384057,-0.28132399523111373,-0.504138064791402,-0.504138064791402,,,,,,,,,,,,,,,,,,,,,,,
GD,General Dynamics,Industrials,2008-11-30,31.35548811206955,51.66999816894531,95.12999725341795,-0.45684852663980446,263009301.57694742,-0.14650428936054805,0.02621052563331061,-0.002284875633704858,0.11757982109227028,0.07474682904614749,-0.049359568686357796,0.3105926820368754,0.05861160482085914,-0.14637965848930318,0.34710298658325844,-0.028903450861682334,-0.48754789641081897,0.3831900870094289,-0.0971571905230153,-0.6016645555979696,-0.3128406066427202,-0.3128406066427202,5.08,2072000000.0,27240000000.0,,,,,0.6655958882107292,,,,,21074849646.86116,,,0.7736728945250059,5.362385622784182,10.171259482075849,,,2007-12-31,,
GEF,"Greif, Inc.",Materials,2008-11-30,33.59636885903835,33.150001525878906,73.44999694824219,-0.5486725268451865,22258456.71590472,-0.06205167728083327,0.11066313771302538,0.08216773644600991,0.4927642734646418,0.449931281418519,0.3258248836860137,0.7527654830895749,0.5007844058735587,0.29579314256339634,0.8868124147838956,0.5108059773389548,0.052161531789818194,0.5492912299124468,0.06894395238000262,-0.4355634126949517,-0.21761389849497892,-0.21761389849497892,,,,,,,,,,,,,,,,,,,,,,,
HAL,Halliburton,Energy,2008-11-30,33.92031990108238,17.600000381469727,55.380001068115234,-0.6821957377750424,581561552.3177314,-0.06348516591017894,0.10922964908367971,0.08073424781666425,0.3220271893476463,0.2791941973015235,0.15508779956901822,0.6990850052658804,0.4471039280498641,0.24211266473970178,1.21768341816052,0.8416769807155793,0.38303253516644264,1.1802807000747957,0.6999334225423515,0.19542605746739716,-0.268989039728348,-0.268989039728348,3.65,3486000000.0,15264000000.0,,,,,0.9965694682675815,,,,,16809205843.781773,,,1.1012320390318246,3.6663087095765188,4.821917912731432,,,2007-12-31,,
HSIC,Henry Schein,Health Care,2008-11-30,30.967703626507273,14.011764526367188,24.949020385742188,-0.4383841806320139,48097513.5634965,0.02658830415725144,0.1993031191511101,0.17080771788409463,0.27455922790013876,0.23172623585401597,0.10761983812151069,0.3898685034439575,0.13788742622794126,-0.06710383708222106,0.6059334077482235,0.22992697030328269,-0.22871747524585395,0.8007277231766086,0.32038044564416435,-0.18412691943078996,-0.09935626582450774,-0.09935626582450774,,,,,,,,,,,,,,,,,,,,,,,
HXL,Hexcel,Industrials,2008-11-30,32.351944597052295,7.5,43.0,-0.8255813953488372,19718747.498046786,-0.17200001664836517,0.0007147983454934836,-0.027780602921521985,0.4253331233789519,0.3825001313328291,0.2583937336003238,0.4066666990384873,0.15468562182247103,-0.05030564148769129,1.2866663938184617,0.9106599563735209,0.4520155108243843,2.322665985933518,1.842318708401074,1.3378113433261196,-0.40133337780587,-0.40133337780587,,,,,,,,,,,,,,,,,,,,,,,
IDXX,Idexx Laboratories,Health Care,2008-11-30,33.72340410499669,15.454999923706056,32.337501525878906,-0.5220719228621358,30458518.037420604,-0.026205094465899914,0.14650972052795874,0.11801431926094327,0.3587835718969239,0.3159505798508011,0.19184418211829582,0.619217065161225,0.36723598794520873,0.1622447246350464,1.0773212358928088,0.701314798447868,0.2426703528987314,1.4325461925779144,0.9521989150454702,0.44769154997051586,-0.13490779996374136,-0.13490779996374136,,,,,,,,,,,,,,,,,,,,,,,
INTC,Intel,Information Technology,2008-11-30,32.10671709291627,13.800000190734863,75.828125,-0.818009476157628,1426624076.4966888,-0.06730133200472443,0.10541348298913422,0.07691808172211875,0.16061870378294807,0.11778571173682528,-0.006320685995680003,0.43878441558556225,0.186803338369546,-0.01818792494061633,0.634594330770853,0.25858789332591225,-0.20005655222322438,0.9924466642377023,0.5120993867052581,0.0075920216303038135,-0.11781616632624858,-0.11781616632624858,1.18,6976000000.0,38334000000.0,,,,,0.8490749756572541,,,,,81583729941.15797,,,2.128234203087546,5.820148091299011,11.694915415877004,,,2007-12-29,,
IVZ,Invesco,Financials,2008-11-30,34.593183625534294,12.550000190734863,51.09999847412109,-0.7544031200491984,82321421.38407117,-0.0818690803248513,0.09084573466900736,0.06235033340199189,0.2661709613413792,0.2233379692952564,0.09923157156275111,0.8174965244606924,0.5655154472446762,0.36052418393451385,0.8148211585257845,0.43881472108084374,-0.019829724468292897,0.7281952298648278,0.24784795233238355,-0.25665941274257076,-0.25055459093423393,-0.25055459093423393,1.64,673600000.0,3878900000.0,,,,,0.6774615307251333,,,,,5154683005.170124,,,1.3289032986594458,3.930714952865471,7.65243914069199,,,2007-12-31,,
JEF,Jefferies,Financials,2008-11-30,31.410244714120026,17.040149688720703,49.59511184692383,-0.6564147341513127,71528337.39903009,-0.2516624908414373,-0.07894767584757867,-0.10744307711459414,0.06803078267311125,0.02519779062698846,-0.09890860710551683,0.10076733490086909,-0.15121374231514717,-0.3562050056253095,0.3278767435651937,-0.04812969387974708,-0.5067741394288837,0.20866520475453854,-0.2716820727779057,-0.77618943785286,-0.4751917822985874,-0.4751917822985874,1.8303996071941526,484294000.0,1154895000.0,,,,,,,,,,4508546779.027995,,,3.9038586010225997,,9.309524336514587,,,2007-12-31,,
KEX,Kirby Corporation,Industrials,2008-11-30,33.41953238537731,25.43000030517578,61.650001525878906,-0.5875101431343681,30671831.09655229,-0.13330709197665525,0.03940772301720341,0.010912321750187942,0.3220605005278774,0.2792275084817546,0.1551211107492493,0.3114431016083532,0.05946202439233694,-0.14552923891782538,0.7565866155280228,0.380580178083082,-0.07806426746605466,1.527723083283406,1.0473758057509617,0.5428684406760074,-0.2347621372024934,-0.2347621372024934,,,,,,,,,,,,,,,,,,,,,,,
L,Loews Corporation,Financials,2008-11-30,31.815768144993555,27.38999938964844,53.459999084472656,-0.4876543236304729,113766424.02595037,-0.27304863457220685,-0.1003338195783482,-0.12882922084536366,-0.006904645007772103,-0.04973763705389489,-0.17384403478640018,0.30510399981737146,0.053122922601355205,-0.15186834070880711,0.38830140232503574,0.01229496488009496,-0.4463494806690417,0.43535459847350433,-0.04499267905893989,-0.5495000441338942,-0.36277306743353344,-0.36277306743353344,,2488000000.0,14302000000.0,,,,,,,,,,,,,,,,,,2007-12-31,,
MCHP,Microchip Technology,Information Technology,2008-11-30,30.246531475534084,9.25,21.229999542236328,-0.5642957984244203,106626046.87708294,0.032601478727289024,0.20531629372114768,0.1768208924541322,0.2063860646247051,0.16355307257858231,0.03944667484607703,0.505773547272051,0.2537924700560348,0.04880120674587246,1.0217144456059932,0.6457080081610524,0.1870635626119158,1.1823431113435712,0.701995833811127,0.19748846873617265,-0.12270277338853941,-0.12270277338853941,0.7,296793000.0,1035737000.0,,,,,0.9838496345283676,,,,,3921907500.0,,,3.786586266590843,8.54822261108525,13.214285714285715,,,2008-03-31,,
MDT,Medtronic,Health Care,2008-11-30,28.629492645485087,30.520000457763672,62.0,-0.5077419281005859,440437037.9254659,-0.024409229081507777,0.14830558591235088,0.11981018464533541,0.13980113086565749,0.0969681388195347,-0.027138258912970586,0.4250255470738309,0.17304446985781463,-0.03194679345234769,0.15090060907645508,-0.2251058283684857,-0.6837502739176223,0.2831789978704049,-0.19716827966203931,-0.7016756447369936,-0.2067344217915148,-0.2067344217915148,,,,,,,,,,,,,,,,,,,,,,,
MSA,MSA Safety,Industrials,2008-11-30,33.70159794936754,24.450000762939453,60.63999938964844,-0.5968007749170064,9311172.898428781,-0.24428244842601776,-0.0715676334321591,-0.10006303469917457,-0.019731736680731804,-0.06256472872685459,-0.18667112645935988,0.05415371638158173,-0.19782736083443453,-0.40281862414459685,0.27616933147886047,-0.09983710596608031,-0.558481551515217,0.6088485853745524,0.12850130784210823,-0.3760060572328461,-0.3449069471959296,-0.3449069471959296,,,,,,,,,,,,,,,,,,,,,,,
MSFT,Microsoft,Information Technology,2008-11-30,34.29002304789256,20.21999931335449,59.96875,-0.6628243991519835,2505864540.5495205,-0.1958091276651368,-0.02309431267127815,-0.05158971393829362,0.046825170974232444,0.003992178928109658,-0.12011421880439563,0.4886115762623662,0.23663049904634992,0.0316392357361876,0.3051851859555623,-0.07082125148937846,-0.5294656970385151,0.35683372374838496,-0.12351355378405926,-0.6280209188590136,-0.2595469445752302,-0.2595469445752302,1.87,17681000000.0,60420000000.0,,,,,0.7939023842665349,,,,,191181715432.84528,,,3.164212436822994,7.639842652733103,10.812833857408817,,,2008-06-30,,
MTN,Vail Resorts,Consumer Discretionary,2008-11-30,29.252161542027764,21.75,66.25,-0.6716981132075472,15894370.55986798,-0.1319539180437158,0.040760896950142844,0.012265495683127375,0.263908033539783,0.2210750414936602,0.09696864376115491,0.7834480827672867,0.5314670055512705,0.32647574224110815,1.0818389974843914,0.7058325600394506,0.24718811449031397,1.0605204620200732,0.580173184487629,0.0756658194126747,-0.3213794434678672,-0.3213794434678672,,,,,,,,,,,,,,,,,,,,,,,
NNN,NNN Reit,Real Estate,2008-11-30,30.47824770057086,13.40999984741211,26.149999618530277,-0.4871892908973664,32219963.584780313,0.09838704245738894,0.2711018574512476,0.24260645618423213,0.33588681578918456,0.29305382374306177,0.16894742601055648,0.6240091249696176,0.3720280477536013,0.167036784443439,1.2473553515179443,0.8713489140730035,0.4127044685238669,1.425813930907243,0.9454666533747988,0.44095928829984454,-0.21923929752803517,-0.21923929752803517,,,,,,,,,,,,,,,,,,,,,,,
NVDA,Nvidia,Information Technology,2008-11-30,34.12311163151975,0.1867499947547912,0.9917500019073486,-0.8116965017437552,183723260.76389682,0.10843359305383538,0.28114840804769403,0.2526530067806786,0.39625167826480623,0.35341868621868344,0.22931228848617816,0.7483264458069749,0.4963453685909587,0.29135410528079636,0.8219545431111348,0.44594810566619403,-0.012696339882942609,1.0923693570458601,0.6120220795134159,0.10751471443846161,-0.09772418116925585,-0.09772418116925585,0.03275,797645000.0,4097860000.0,,,,,0.9537260894414513,,,,,4548403040.188868,,,1.1099459328012347,3.9415000136032496,5.702289916176831,,,2008-01-27,,
ON,ON Semiconductor,Information Technology,2008-11-30,33.877162241309435,2.9200000762939453,26.8125,-0.8910955682501093,67173960.60287385,0.25342465417875926,0.4261394691726179,0.39764406790560247,1.3356164361191727,1.29278344407305,1.1686770463405447,1.6575342555233092,1.405553178307293,1.2005619149971307,1.7945204226736715,1.4185139852287307,0.9598695396795941,1.5787671277616546,1.0984198502292104,0.5939124851542561,-0.10958909702068231,-0.10958909702068231,,,,,,,,,,,,,,,,,,,,,,,
PII,Polaris,Consumer Discretionary,2008-11-30,33.86579143020103,13.649999618530272,37.09000015258789,-0.6319762857273036,23562492.852422927,-0.31334566025226684,-0.1406308452584082,-0.16912624652542366,0.19984274307110517,0.15700975102498238,0.032903353292477094,0.6805578825428638,0.4285768053268475,0.22358554201668518,1.8801873787502368,1.504180941305296,1.0455364957561595,3.846840465293652,3.3664931877612077,2.861985822686253,-0.45806148311596495,-0.45806148311596495,,,,,,,,,,,,,,,,,,,,,,,
PKG,Packaging Corporation of America,Materials,2008-11-30,34.42709491616877,14.93000030517578,31.8799991607666,-0.531681282992331,27184986.112824697,-0.27418128277379883,-0.10146646777994017,-0.12996186904695564,0.12084664704239745,0.07801365499627466,-0.046092742736230624,0.4072188172238833,0.15523774000786705,-0.049753523302295266,0.860611840122911,0.48460540267797025,0.025960957128833617,0.939891900960353,0.4595446234279088,-0.0449627416470455,-0.33792188611235874,-0.33792188611235874,,,,,,,,,,,,,,,,,,,,,,,
PVH,PVH Corp.,Consumer Discretionary,2008-11-30,31.480104456809315,17.440000534057617,62.18999862670898,-0.7195690477702055,34450089.24921429,-0.049885872210758575,0.12282894278310008,0.09433354151608461,0.6955073971296946,0.6526744050835718,0.5285680073510665,1.3059392756584232,1.053958198442407,0.8489669351322446,2.921734877926748,2.545728440481807,2.0870839949326707,2.9336285634581003,2.453281285925656,1.9487739208507018,-0.1920875415030434,-0.1920875415030434,,,,,,,,,,,,,,,,,,,,,,,
R,Ryder,Industrials,2008-11-30,34.94011980314535,35.90999984741211,76.63999938964844,-0.5314457185099823,62259847.53075554,-0.35873942563928596,-0.1860246106454273,-0.21452001191244277,-0.20235249803337574,-0.24518549007949852,-0.36929188781200384,0.16147521366758322,-0.09050586354843304,-0.29549712685859536,0.2676841665032821,-0.1083222709416587,-0.5669667164907953,0.5719691754187597,0.09162189788631547,-0.41288546718863883,-0.46701876530967756,-0.46701876530967756,,,,,,,,,,,,,,,,,,,,,,,
RS,"Reliance, Inc.",Materials,2008-11-30,33.608536131243824,20.6200008392334,78.44000244140625,-0.7371239138520388,64633999.47673858,0.16028612143166487,0.33300093642552353,0.3045055351585081,0.8662442120968556,0.8234112200507329,0.6993048223182275,1.0140161148675273,0.762035037651511,0.5570437743413488,1.2102878028982325,0.8342813654532917,0.37563691990415504,1.4730050169314701,0.9926577393990259,0.4881503743240716,-0.21574653774797903,-0.21574653774797903,,,,,,,,,,,,,,,,,,,,,,,
RTX,RTX Corporation,Industrials,2008-11-30,31.22482563917653,30.541221618652344,51.9194450378418,-0.411757548710465,509386751.9864747,-0.15151395478781338,0.02120086020604528,-0.007294541060970189,0.10131043365438352,0.05847744160826074,-0.06562895612424455,0.4250166207347217,0.17303554351870543,-0.031955719791456894,0.6340258165942174,0.25801937914927664,-0.20062506639986,0.7019361498612571,0.22158887232881286,-0.28291849274614145,-0.2227922060866725,-0.2227922060866725,2.687224669603524,4224000000.0,55716000000.0,,,,,0.5991489361702128,,,,,48007195519.01896,,,0.861641099845986,5.4850049275226755,11.365339848252596,,,2007-12-31,,
SBAC,SBA Communications,Real Estate,2008-11-30,33.34189766212572,15.789999961853027,57.0,-0.7229824568095959,68264999.87935263,0.3160230472443437,0.48873786223820237,0.46024246097118693,0.6193795532865825,0.5765465612404597,0.45244016350795435,1.0291323645352852,0.777151287319269,0.5721600240091067,1.4794175207660079,1.103411083321067,0.6447666377719304,1.5896133748602361,1.109266097327792,0.6047587322528376,-0.15706123029091168,-0.15706123029091168,,,,,,,,,,,,,,,,,,,,,,,
SLAB,Silicon Labs,Information Technology,2008-11-30,33.49434171890586,20.959999084472656,105.75,-0.8017966989647975,29346839.169269137,0.04484735568304399,0.21756217067690264,0.18906676940988718,0.6040076526907268,0.561174660644604,0.43706826291209866,1.014790142501517,0.7628090652855006,0.5578178019753384,1.026717623938537,0.6507111864935962,0.19206674094445952,1.0620230490716418,0.5816757715391976,0.07716840646424328,-0.18654580239503304,-0.18654580239503304,,,,,,,,,,,,,,,,,,,,,,,
SNPS,Synopsys,Information Technology,2008-11-30,34.3134726575784,16.030000686645508,37.8125,-0.5760660975432592,28496720.62938024,0.16219578058328699,0.33491059557714564,0.3064151943101302,0.2152213791522164,0.1723883871060936,0.048281989373588324,0.40174662201194433,0.14976554479592807,-0.055225718514234245,0.6026200520041021,0.2266136145591613,-0.23203083098997535,0.744853282299365,0.26450600476692077,-0.24000136030803354,-0.09856524077984974,-0.09856524077984974,,,,,,,,,,,,,,,,,,,,,,,
SPG,Simon Property Group,Real Estate,2008-11-30,29.87491391677439,44.086795806884766,115.0526123046875,-0.6168118661214563,372973854.6317802,-0.2895119042209062,-0.11679708922704757,-0.14529249049406304,0.1611305182159417,0.11829752616981892,-0.005808871562686363,0.6049670061806434,0.3529859289646271,0.14799466565446479,1.2416679394945702,0.8656615020496294,0.4070170565004928,1.9115582022182327,1.4312109246857885,0.9267035596108342,-0.47904723192549825,-0.47904723192549825,1.834430856067733,436164000.0,3650799000.0,,,,,0.2843252291999124,,,,,10482310163.236858,,,2.871237272508527,4.090855052095965,24.03295586806077,,,2007-12-31,,
STLD,Steel Dynamics,Materials,2008-11-30,33.70715969894066,8.260000228881836,40.91999816894531,-0.7981427028716133,116271112.1281866,0.02034376142904315,0.1930585764229018,0.16456317515588634,0.8445584495838507,0.801725457537728,0.6776190598052226,1.1088987295870925,0.8569176523710762,0.6519263890609139,1.0288390657713409,0.6528326283264001,0.19418818277726346,0.7169176873948442,0.23657040986239997,-0.26793695521255434,-0.27292919441267405,-0.27292919441267405,2.01,394157000.0,4384549000.0,,,,,0.5706259183924604,,,,,1619769607.0723274,,,0.36942673170543366,1.9197974221538765,4.109452850189968,,,2007-12-31,,
SYK,Stryker Corporation,Health Care,2008-11-30,28.526933467338807,38.91999816894531,76.88999938964844,-0.49382236340367247,149379411.75333658,-0.12611401818219725,0.046600796811661405,0.018105395544645936,-0.002311294171330247,-0.045144286217453033,-0.16925068394995832,0.3107703301385192,0.05878925292250292,-0.1462020103876594,0.31790376247056495,-0.05810267497437582,-0.5167471205235125,0.3016730586782197,-0.17867421885422452,-0.6831815839291788,-0.20008426214524988,-0.20008426214524988,2.44,1017400000.0,6000500000.0,,,,,0.7782452382773656,,,,,16228363170.936459,,,2.7045018200044093,11.034244787411007,15.950818921698898,,,2007-12-31,,
TGT,Target Corporation,Consumer Staples,2008-11-30,32.58793891936678,33.7599983215332,70.75,-0.5228268788475872,689594709.8674259,-0.1568815433122348,0.01583327168162385,-0.012662129585391618,0.1750768333840571,0.13224384133793432,0.008137443605429034,0.4027842367412995,0.15080315952528323,-0.054188103784879094,0.7432164372534549,0.3672099998085141,-0.09143444574062254,0.6482339924869951,0.16788671495455088,-0.33662065012040343,-0.25545879843076036,-0.25545879843076036,3.33,2849000000.0,61471000000.0,,,,,,,,,,28883554119.533962,,,0.46987285255704253,3.8138153397105703,10.138137634094054,,,2008-02-02,,
THC,Tenet Health,Health Care,2008-11-30,28.77824361448033,4.840000152587891,210.0,-0.9769523802257719,36591490.59393671,-0.08264464519769821,0.09007016979616045,0.06157476852914498,2.0,1.9571670079538772,1.833060610221372,2.760330617594739,2.508349540378723,2.3033582770685603,2.3719006570894647,1.995894219644524,1.5372497740953874,2.8429751642723664,2.362627886739922,1.8581205216649679,-0.3553719447940812,-0.3553719447940812,,,,,,,,,,,,,,,,,,,,,,,
TMO,Thermo Fisher Scientific,Health Care,2008-11-30,33.999485598103234,35.68000030517578,62.77000045776367,-0.4315755927199022,203216013.58332255,0.01625574568434751,0.18897056067820617,0.1604751594111907,0.09052718164496465,0.04769418959884186,-0.07641220813366342,0.3237110325630006,0.07172995534698434,-0.13326130796317798,0.4254487727162761,0.04944233527133535,-0.4092021102778013,0.3242715208659346,-0.15607575666650964,-0.6605831217414639,-0.20067246622888413,-0.20067246622888413,1.69,748400000.0,9746400000.0,,,,,0.7680623973727422,,,,,15800539780.114529,,,1.6211667672283643,8.765850150250998,21.112426216080344,,,2007-12-31,,
TROW,T. Rowe Price,Financials,2008-11-30,34.21675244425296,34.209999084472656,70.19999694824219,-0.5126780545347406,175159355.3273731,-0.33013899614294795,-0.1574241811490893,-0.18591958241610476,0.207138079600508,0.16430508755438522,0.040198689821879935,0.47232446114110793,0.22034338392509167,0.015352120614929354,0.7931269040260824,0.41712046658114166,-0.04152397896799498,0.7815341518246663,0.30118687429222213,-0.20332049078273218,-0.40820108938611965,-0.40820108938611965,,670600000.0,2233100000.0,,,,,0.6730228823765556,,,,,,,,,,,,,2007-12-31,,
UHS,Universal Health Services,Health Care,2008-11-30,33.3448837541402,18.575000762939453,34.625,-0.4635378841028317,35327870.31550937,-0.0065724913110715155,0.16614232368278714,0.13764692241577167,0.4837850801486405,0.44095208810251774,0.3168456903700124,0.513030850877574,0.2610497736615578,0.056058510351395474,1.238940365800342,0.8629339283554012,0.40428948280626453,1.2000861881818508,0.7197389106494065,0.21523154557445223,-0.17920161744543073,-0.17920161744543073,,,,,,,,,,,,,,,,,,,,,,,
VFC,VF Corporation,Consumer Discretionary,2008-11-30,34.90812941389544,12.309322357177734,22.64595031738281,-0.45644487492630326,82741792.5107892,0.0036622885814441286,0.17637710357530278,0.14788170230828732,0.11246105399703232,0.06962806195090954,-0.05447833578159575,0.4504394385019026,0.19845836128588634,-0.006532902024275977,0.7063169201459338,0.33031048270099306,-0.12833396284814358,1.9313550810015383,1.451007803469094,0.9465004383941398,-0.10059264293579206,-0.10059264293579206,1.2288135593220337,591621000.0,7219359000.0,,,,,0.6127987106410439,,,,,5926410517.714139,,,0.8209053626110211,5.2874037531938205,10.017241642392916,,,2007-12-29,,
VNO,Vornado Realty Trust,Real Estate,2008-11-30,29.78467378466793,39.104488372802734,99.9011688232422,-0.6085682596768077,284149802.016493,-0.37192265918180445,-0.1992078441879458,-0.22770324545496126,-0.08743005018410344,-0.13026304223022622,-0.25436943996273154,0.3085491307687924,0.056568053552776165,-0.14842320975738615,0.6853749716821207,0.3093685342371799,-0.14927591131195672,0.5882226644038457,0.10787538687140152,-0.3966319782035528,-0.4816874876149473,-0.4816874876149473,2.2314066289409857,541539000.0,,,,,,0.6643566141967017,,,,,9490249448.156176,,,,6.640066887870284,17.52459093095082,,,2007-12-31,,
VTR,Ventas,Real Estate,2008-11-30,32.9626940098714,26.241863250732425,59.38106536865234,-0.558076920853197,97555034.16220559,-0.04497766545668547,0.1277371495371732,0.09924174827015772,0.37159310563657844,0.32876011359045565,0.20465371585795036,0.9978155340582975,0.7458344568422812,0.540843193532119,1.496642694374244,1.1206362569293031,0.6619918113801665,1.6828078608114971,1.202460583279053,0.6979532182040986,-0.2180156563903365,-0.2180156563903365,2.5351147653305928,280578000.0,746697000.0,,,,,,,,,,2904361415.055638,,,3.889611736829849,5.390503012084729,10.351351193092965,,,2007-12-31,,
WMB,Williams Companies,Energy,2008-11-30,32.78740214674521,13.222543716430664,40.22400665283203,-0.6712773088331887,231608570.8596587,-0.2977841998641799,-0.12506938487032127,-0.15356478613733673,0.05333120209251563,0.010498210046392842,-0.11360818768611244,0.26472377749642995,0.012742700280413688,-0.19224856302974863,0.4855756640925537,0.10956922664761293,-0.3490752189015237,1.1535712287223188,0.6732239511898745,0.16871658611492024,-0.4083988105363895,-0.4083988105363895,1.3287759999999997,990000000.0,10239000000.0,,,,,0.5540011191941802,,,,,9851410831.672426,,,0.962145798581153,2.8415513529705216,9.95092003199235,,,2007-12-31,,
WYNN,Wynn Resorts,Consumer Discretionary,2008-11-30,34.06328995397381,39.81999969482422,176.13999938964844,-0.7739298294946833,164759583.53720164,-0.47388252687146104,-0.3011677118776024,-0.3296631131446178,-0.06931248028957515,-0.11214547233569794,-0.23625187006820322,0.7212920798741744,0.46931100265815817,0.26431973934799585,1.927317072190875,1.5513106347459342,1.0926661891967977,2.677244055737566,2.196896778205122,1.6923894131301676,-0.6358615552593403,-0.6358615552593403,,,,,,,,,,,,,,,,,,,,,,,
XRAY,Dentsply Sirona,Health Care,2008-11-30,33.81209511291787,26.07999992370605,47.84000015258789,-0.4548495016613151,73551935.72053757,-0.11183063177501706,0.06088418321884159,0.03238878195182612,0.12620319637203337,0.08337020432591058,-0.040736193406594706,0.2865265850364742,0.034545507820457955,-0.17044575548970436,0.20109076734335463,-0.17491567010158615,-0.6335601156507228,0.4108733027022886,-0.0694739748301556,-0.5739813399051099,-0.16253913466630554,-0.16253913466630554,1.68,259654000.0,2009833000.0,,,,,0.7316443640441713,,,,,4030819226.3035545,,,2.005549329871464,9.713838146864815,15.52380947839646,,,2007-12-31,,
ADBE,Adobe Inc.,Information Technology,2008-12-31,33.97003859752121,21.290000915527344,48.470001220703125,-0.5607592246885753,226584138.53228432,0.0046969689911176005,0.11718410896559639,0.09891589700061762,0.3292624715868675,0.297222852366791,0.20850034029451658,0.727571498246028,0.4640539759601585,0.2355881589107766,0.4457491480987614,-0.008005654003833795,-0.4665007543029249,0.3278534167251086,-0.15344932041817727,-0.5896134234049012,-0.26256462498248534,-0.26256462498248534,1.21,723807000.0,3157881000.0,,,,,0.8440061335028015,,,,,12735414622.037273,,,4.032898840088424,10.049872274761986,17.595042078948218,,,2007-11-30,,
AGCO,AGCO,Industrials,2008-12-31,34.99138879959237,23.59000015258789,71.94999694824219,-0.6721334099630671,70581450.25289021,-0.16913949934155614,-0.056652359367077354,-0.07492057133205612,0.23230161372523472,0.20026199450515825,0.11153948243288382,0.3709199118416042,0.10740238955573478,-0.12106342749364712,1.1475205165351046,0.6937657144325093,0.2352706141334182,0.821534651690037,0.34023191454675117,-0.09593218843997275,-0.3802458674346151,-0.3802458674346151,,,,,,,,,,,,,,,,,,,,,,,
CTSH,Cognizant,Information Technology,2008-12-31,34.668414854526276,9.029999732971191,23.887500762939453,-0.6219780452302113,103000255.27850862,0.15116290775026453,0.2636500477247433,0.24538183575976455,0.4784053075559198,0.44636568833584334,0.3576431762635689,1.5099678586844565,1.246450336398587,1.0179845193492052,3.058138898850973,2.604384096748378,2.1458889964492864,2.560907738378594,2.0796050012353082,1.6434408982485844,-0.0442967714103677,-0.0442967714103677,0.575,350133000.0,2135577000.0,,,,,0.9177268938619529,,,,,5498610254.790264,,,2.574765627645486,11.847247048480305,15.70434736168903,,,2007-12-31,,
DUK,Duke Energy,Utilities,2008-12-31,33.925220834673226,45.02999877929688,83.22514343261719,-0.4589375647546322,199386189.80008522,-0.031321076841441586,0.0811660631330372,0.06289785116805843,0.003379713237183779,-0.028659905982892697,-0.11738241805516712,0.22000723780073717,-0.04351028448513228,-0.2719761015345142,0.3355230202067181,-0.11823178189587713,-0.5767268821949683,0.7386817939610308,0.257379056817745,-0.17878504616897894,-0.20719887828441563,-0.20719887828441563,3.54,1500000000.0,12720000000.0,,,,,0.601684717208183,,,,,19080507957.32919,,,1.5000399337522947,4.341238017770509,12.720338638219458,,,2007-12-31,,
ESS,Essex Property Trust,Real Estate,2008-12-31,34.6392047617975,76.75,148.5399932861328,-0.48330413714132625,93424320.74897403,-0.24011848822760384,-0.12763134825312505,-0.14589956021810382,-0.16153736182517542,-0.1935769810452519,-0.28229949311752633,0.15560153140954047,-0.10791599087632897,-0.3363818079257109,0.6423254191325489,0.1885706170299537,-0.2699244832691374,1.0865338102354118,0.605231073092126,0.16906697010540206,-0.3590879263295126,-0.3590879263295126,,,,,,,,,,,,,,,,,,,,,,,
MIDD,Middleby,Industrials,2008-12-31,34.71762049748047,7.312952995300293,21.169214248657227,-0.6545477357165415,8205395.560719127,0.18921891184969808,0.30170605182417687,0.2834378398591981,0.610561010053615,0.5785213908335385,0.48979887876126404,0.7975795321632089,0.5340620098773394,0.3055961928279575,2.095709324772596,1.641954522670001,1.1834594223709098,2.4484779779105548,1.967175240767269,1.531011137780545,-0.25009171007436304,-0.25009171007436304,,,,,,,,,,,,,,,,,,,,,,,
OGE,OGE Energy,Utilities,2008-12-31,34.321594304660465,12.890000343322754,20.649999618530277,-0.37578689678251076,22465450.37346189,-0.06320738764899825,0.04927975232548054,0.03101154036050177,0.13035689390821914,0.09831727468814266,0.009594762615868238,0.5075432385508847,0.24402571626501524,0.015559899215633333,0.9325582196104536,0.4788034175078584,0.020308317208767246,1.4820699909547077,1.0007672538114218,0.5646031508246979,-0.2252388702690411,-0.2252388702690411,,,,,,,,,,,,,,,,,,,,,,,
PAYX,Paychex,Industrials,2008-12-31,34.97644276092784,26.280000686645508,61.25,-0.5709387642996652,133087702.88313003,-0.011051130841814527,0.10143600913266426,0.08316779716768549,-0.017868977176104917,-0.04990859639618139,-0.13863110846845583,0.22106656674407987,-0.04245095554178957,-0.2709167725911715,0.28647912479569615,-0.16727567730689907,-0.6257707776059902,0.3048797088352002,-0.17642302830808565,-0.6125871312948096,-0.21754749267443219,-0.21754749267443219,1.56,576145000.0,2066323000.0,,,,,0.6956029879253912,,,,,9705827561.28678,,,4.697149265282717,10.498173645710251,16.846154286311222,,,2008-05-31,,
PNR,Pentair,Industrials,2008-12-31,34.88378562313471,15.89657497406006,31.208864212036133,-0.4906391060547046,28237564.860743824,-0.07769749170917495,0.03478964826530384,0.01652143630032507,0.09803637455974967,0.0659967553396732,-0.02272575673260123,0.40144634153389447,0.13792881924802503,-0.09053699780135688,0.6203141923246247,0.16655939022202948,-0.29193571007706165,0.5089986700069808,0.027695932863694983,-0.40846817012302894,-0.26666912831291145,-0.26666912831291145,,,,,,,,,,,,,,,,,,,,,,,
PPL,PPL Corporation,Utilities,2008-12-31,34.44207909154285,28.584665298461918,51.44122314453125,-0.44432376310047417,105552444.38613968,-0.05154121450400129,0.0609459254704775,0.04267771350549873,0.10020098944160294,0.06816137022152646,-0.020561141850747963,0.1031473535866605,-0.16037016869920895,-0.38883598574859085,-0.05300471024826248,-0.5067595123508577,-0.9652546126499488,0.113263395799305,-0.36803934134398086,-0.8042034443307048,-0.19888161152445616,-0.19888161152445616,3.110876,1288000000.0,,,,,,0.7763713080168776,,,,,11834945817.325714,,,,,9.188622528979591,,,2007-12-31,,
SLB,Schlumberger,Energy,2008-12-31,33.19077793810352,42.33000183105469,114.83999633789062,-0.6314001812878132,859051075.6496066,-0.035571419251033465,0.07691572072344532,0.058647508758466554,0.28944942673288576,0.2574098075128093,0.16868729544053485,0.5619992046790994,0.2984816823932299,0.07001586534384802,1.0306101057566823,0.5768553036540871,0.11836020335499597,0.6822200101947786,0.20091727305149276,-0.23524682993523116,-0.16781822397394475,-0.16781822397394475,4.2,5177000000.0,23277000000.0,,,,,,,,,,52176766542.70717,,,2.2415589011774357,,10.07857186453683,,,2007-12-31,,
SYY,Sysco,Consumer Staples,2008-12-31,34.33618748162931,22.940000534057617,41.27000045776367,-0.4441482849622269,127310880.29787578,-0.006103054443522771,0.10638408553095602,0.08811587356597725,0.0009507835996946934,-0.031088835620381783,-0.11981134769265621,0.26743321410059373,0.003915691814724287,-0.22455012523465762,0.36817280889444115,-0.08558199320815407,-0.5440770935072452,0.41611166100360375,-0.06519107613968211,-0.501355179126406,-0.15475130126245518,-0.15475130126245518,1.81,1106151000.0,37522111000.0,,,,,0.5883941532456466,,,,,14019394768.369265,,,0.37363022481249164,5.979122889710472,12.674033444230727,,,2008-06-28,,
TJX,TJX Companies,Consumer Discretionary,2008-12-31,33.57568029254409,5.142499923706055,9.380000114440918,-0.4517590766561983,185582212.9863073,0.25259929349900956,0.36508643347348835,0.3468182215085096,0.5435768970112924,0.5115372777912159,0.4228147657189415,0.8051079169048112,0.5415903946189418,0.31312457756955986,1.2213238068474532,0.767569004744858,0.3090739044457669,2.274017798394854,1.792715061251568,1.3565509582648443,-0.0685461205435538,-0.0685461205435538,0.415,771750000.0,18336726000.0,,,,,,,,,,9563191123.181078,,,0.5215320948342184,5.419252071473638,12.391566081219409,,,2008-01-26,,
TTWO,Take-Two Interactive,Communication Services,2008-12-31,34.25965268460557,7.559999942779541,29.600000381469727,-0.7445945998192529,12546454.857985936,0.10449741331608142,0.2169845532905602,0.19871634132558144,0.25264554744785217,0.2206059282277757,0.13188341615550125,0.32936511465631546,0.06584759237044602,-0.16261822467893589,0.6230159458509774,0.1692611437483822,-0.28923395655070894,0.7923280811233728,0.31102534398008697,-0.12513875900663696,-0.26455026655260416,-0.26455026655260416,,,,,,,,,,,,,,,,,,,,,,,
WAT,Waters Corporation,Health Care,2008-12-31,34.40844955442962,36.650001525878906,90.9375,-0.5969759282377578,66012913.88479566,0.008185517723613644,0.12067265769809243,0.10240444573311366,0.4043655955746599,0.3723259763545834,0.283603464282309,0.6905865349206637,0.42706901263479424,0.19860319558541234,1.120327308297679,0.6665725061950838,0.20807740589599266,1.0204638463512863,0.5391611092080004,0.1029970062212765,-0.18144614594854191,-0.18144614594854191,2.62,268072000.0,1473048000.0,,,,,0.7683810146211151,,,,,3749938629.406645,,,2.5457002279672114,8.376880927143226,13.988550200717139,,,2007-12-31,,
AFL,Aflac,Financials,2009-01-31,23.595190822920827,11.604999542236328,34.404998779296875,-0.6626943771548799,235408413.8140754,0.26070186993895206,0.19773314590005686,0.09014574581974266,0.66665484666605,0.45840489215979563,0.2953105077391858,1.159796519432113,0.8332716877589716,0.5733766205977437,1.628818897367105,1.0081081822054243,0.469385378806531,1.2606730308351137,0.5720114014469453,-0.019008272210042643,-0.5274004067182729,-0.5274004067182729,1.655,1634000000.0,15393000000.0,,,,,,,,,,11457745771.609764,,,0.7443478056005823,,7.012084315550651,,,2007-12-31,,
CBSH,Commerce Bancshares,Financials,2009-01-31,34.91080250920696,20.434541702270508,30.904476165771484,-0.3387837544095649,21885060.217954423,-0.04526934093428847,-0.10823806497318367,-0.21582546505349787,0.06556695517323052,-0.14268299933302386,-0.30577738375363367,0.22291197089351056,-0.10361286077963072,-0.3635079279408586,0.30212389709745735,-0.3185868180642233,-0.8573096214631166,0.2581761619921539,-0.43048546739601457,-1.0215051410530025,-0.1981418538511327,-0.1981418538511327,,,,,,,,,,,,,,,,,,,,,,,
COP,ConocoPhillips,Energy,2009-01-31,33.91176373851147,36.232906341552734,73.15189361572266,-0.5046894270175785,721708364.0195435,-0.12768731000004696,-0.19065603403894216,-0.29824343411925636,-0.05053098183674842,-0.2587809363430028,-0.4218753207636126,0.05289908016921263,-0.27362575150392865,-0.5335208186651565,0.6308300912939495,0.010119376132268876,-0.5286034272666245,0.6146109865980045,-0.07405064279016393,-0.6650703164471519,-0.2740652016017928,-0.2740652016017928,5.503925549115674,11891000000.0,187437000000.0,,,,,,,,,,78279672474.24492,,,0.41763191085135226,,6.583102554389447,,,2007-12-31,,
COST,Costco,Consumer Staples,2009-01-31,34.861796193754515,45.02999877929688,75.2300033569336,-0.4014356404365802,316596823.90339565,0.08322234904017978,0.02025362500128458,-0.08733377507902962,0.10753183134116973,-0.10071812316508466,-0.26381250758569447,0.2936469878572987,-0.03287784381584258,-0.2927729109770705,0.6399954515796942,0.019284736418013537,-0.5194380669808798,0.9001846731613403,0.21152304377317188,-0.37949662988381605,-0.14924696210121136,-0.14924696210121136,,1283000000.0,72483000000.0,,,,,0.6515997968511935,,,,,,,,,,,,,2008-08-31,,
CVS,CVS Health,Health Care,2009-01-31,33.598730633944854,26.8799991607666,44.290000915527344,-0.3930910226885338,350815845.2071841,0.1852808936894046,0.1223121696505094,0.014724769570195195,0.25157271910609635,0.04332276459984197,-0.11977161982076784,0.21565603805994704,-0.11086879361319424,-0.37076386077442214,0.2995473863670082,-0.32116332879467246,-0.8598861321935658,0.6091971492956625,-0.07946448009250595,-0.6704841537494939,-0.11681506807417741,-0.11681506807417741,1.92,2637000000.0,76330000000.0,,,,,0.5500625782227785,,,,,36917998847.36538,,,0.4836630269535619,6.089556605088364,13.999999562899273,,,2007-12-29,,
DKS,Dick's Sporting Goods,Consumer Discretionary,2009-01-31,34.756427403947995,11.010000228881836,36.775001525878906,-0.7006118348864242,36704473.70169352,0.7257041158733235,0.6627353918344283,0.5551479917541141,0.8029069860701921,0.5946570315639377,0.43156264714332787,1.0317891640744907,0.7052643324013494,0.44536926524012155,2.277929140409189,1.6572184252475084,1.118495621848615,2.790592129753657,2.1019305003654885,1.5109108267085005,-0.06811999289436055,-0.06811999289436055,,,,,,,,,,,,,,,,,,,,,,,
GAP,Gap Inc.,Consumer Discretionary,2009-01-31,33.383123065933574,11.279999732971191,53.75,-0.7901395398516988,118169232.66144708,0.3853811889711749,0.3224124649322797,0.2148250648519655,0.46299802826890346,0.2547480737626491,0.09165368934203927,0.7239822533594913,0.39745742168635,0.1375623545251221,0.7751516627841324,0.15444094762245175,-0.3842818557764416,0.7906542703693398,0.10199264098117133,-0.4890270326758166,-0.15248263959660013,-0.15248263959660013,1.05,833000000.0,15763000000.0,,,,,0.6334600760456274,,,,,8948799788.157145,,,0.5677091789733645,3.7050255323882793,10.742856888543992,,,2008-02-02,,
GPC,Genuine Parts Company,Consumer Discretionary,2009-01-31,28.303768306634083,32.02000045776367,51.68000030517578,-0.3804179514573871,56316359.352641635,0.07624133240371633,0.013272608364821137,-0.09431479171549306,0.13517340761196484,-0.07307654689428955,-0.23617093131489936,0.23478431515303266,-0.09174051652010862,-0.3516355836813365,0.7619512309814573,0.1412405158197767,-0.39748228757911663,1.2453785280485121,0.5567168986603437,-0.03430277499664425,-0.2099323541385094,-0.2099323541385094,2.98,506339000.0,10843195000.0,0.036838318667286485,,,,0.5739776774682086,,,,,5440595641.538121,,,0.501752079671916,5.370629412016292,10.744966596564991,,,2007-12-31,,
MAA,Mid-America Apartment Communities,Real Estate,2009-01-31,33.579520149341704,29.540000915527344,65.9800033569336,-0.5522885811974865,21878627.654638745,0.2747607950587927,0.2117920710198975,0.1042046709395833,0.3910497094906553,0.18279975498440093,0.019705370563791125,0.6901860842936929,0.3636612526205516,0.1037661854593237,1.399896148769066,0.7791854336073853,0.240462630208492,1.5054688406600882,0.8168072112719198,0.22578753761493187,-0.24779979634674376,-0.24779979634674376,,,,,,,,,,,,,,,,,,,,,,,
MRSH,Marsh McLennan,Financials,2009-01-31,33.08029895815565,19.32999992370605,67.84375,-0.7150806091392936,126284474.8442786,0.10179361025450917,0.038824886215613974,-0.06876251386470023,0.07805048558608263,-0.13019946892017176,-0.29329385334078156,0.15825407467006802,-0.16827075700307326,-0.42816582416430116,0.5487820104013512,-0.07192870476032942,-0.6106515081592228,0.806906014427033,0.11824438503886459,-0.47277528861812335,-0.11122642073302758,-0.11122642073302758,4.45,2475000000.0,,,,,,2.898126463700234,,,,,10750955013.746622,,,,7.06389755225133,4.343820207574393,,,2007-12-31,net income 2.90x operating income,
NDSN,Nordson Corporation,Industrials,2009-01-31,34.861985445806624,15.104999542236328,39.4900016784668,-0.6174981286346002,11607733.48943014,0.20978608305494428,0.1468173590160491,0.03922995893573489,0.5044132604811715,0.29616330597491713,0.13306892155430733,0.9076696686788792,0.5811448370057379,0.32124976984451004,2.1502753279336475,1.5295646127719669,0.9908418093730735,2.126534302851413,1.4378726734632448,0.8468529998062568,-0.32308026253717503,-0.32308026253717503,1.715,117504000.0,1124829000.0,,,,,0.6173438829871072,,,,,1034925869.5107508,,,0.9200739574733144,4.719901786670007,8.80757990800952,,,2008-10-31,,
NFG,National Fuel Gas,Utilities,2009-01-31,34.422896886800444,29.959999084472656,63.709999084472656,-0.5297441608067064,18645013.003524903,0.10273185586618983,0.03976313182729463,-0.06782426825301957,0.3809342775602014,0.172684323053947,0.00958993863333718,0.6188919946583835,0.29236716298524223,0.032472095824014335,1.4197600073248555,0.7990492921631749,0.26032648876428155,0.821575198107976,0.13291356871980753,-0.4581061049371804,-0.10981331194344213,-0.10981331194344213,3.18,268728000.0,,,,,,0.5556054061988931,,,,,2531789507.5384173,,,,3.7652272043565045,9.421383359897062,,,2008-09-30,,
PEP,PepsiCo,Consumer Staples,2009-01-31,33.44700126820574,50.22999954223633,79.79000091552734,-0.37047250324744085,439093288.0613781,-0.0005940914783557627,-0.06356281551725096,-0.17115021559756516,0.14913599285134915,-0.059113961654905234,-0.22220834607551504,0.22562199552818263,-0.10090283614495865,-0.36079790330618655,0.3619127725105433,-0.2587979426511373,-0.7975207460500306,0.4345397550830994,-0.25412187430506905,-0.845141547962057,-0.08836363813805659,-0.08836363813805659,3.41,5658000000.0,39474000000.0,,,,,0.7878028404344194,,,,,83343500706.73698,,,2.11135179375632,9.576382517046582,14.730205144350828,,,2007-12-29,,
PNC,PNC Financial Services,Financials,2009-01-31,28.54078170679965,32.52000045776367,87.98999786376953,-0.6304125327049928,351173503.95639205,0.22464182910384412,0.16167310506494892,0.05408570498463472,0.13398545176941612,-0.07426450273683827,-0.23735888715744807,0.7213811897177298,0.3948563580445885,0.13496129088336062,0.8758036888611822,0.25509297369950157,-0.28362982969939177,0.8872029215419535,0.19854129215378502,-0.3924783815032029,-0.5018451454454338,-0.5018451454454338,4.32,1467000000.0,5891000000.0,,,,,,,,,,11043250155.448914,,,1.8745968690288428,,7.5277778837415905,,,2007-12-31,,
ROP,Roper Technologies,Information Technology,2009-01-31,34.03634909423167,41.13999938964844,71.01000213623047,-0.42064500560466633,37076161.238509886,0.1102046796296412,0.047235955590746004,-0.060351444489568196,0.1667715961874574,-0.04147835831879698,-0.2045727427394068,0.226248372405909,-0.10027645926723228,-0.3601715264284602,0.9141470168857084,0.2934363017240278,-0.24528650167486554,1.3141472232367817,0.6254855938486132,0.03446592019162531,-0.10500809805022115,-0.10500809805022115,2.64,245705000.0,2102049000.0,,,,,0.5605172988041629,,,,,3828902859.8612003,,,1.821509802988037,7.487115762670076,15.583333102139559,,,2007-12-31,,
RYN,Rayonier,Real Estate,2009-01-31,34.94144977074083,14.657705307006836,24.67015266418457,-0.40585267118000135,50855889.444855735,0.3402890889119592,0.277320364873064,0.1697329647927498,0.36998415494520165,0.16173420043894726,-0.0013601839816625438,0.5099235742899797,0.18339874261683842,-0.07649632454438948,1.2272832797048543,0.6065725645431737,0.06784976114428032,1.678017852030441,0.9893562226422725,0.3983365489852846,-0.2267828196447682,-0.2267828196447682,,,,,,,,,,,,,,,,,,,,,,,
SIGI,Selective Insurance Group,Financials,2009-01-31,33.70779112066192,15.350000381469728,30.399999618530277,-0.4950657705892484,6404823.740073613,-0.029437258786699116,-0.09240598282559431,-0.1999933829059085,-0.008333238434804713,-0.2165831929410591,-0.3796775773616689,0.04374442581490667,-0.2827804058582346,-0.5426754730194625,0.23899333759361507,-0.38171737756806556,-0.9204401809669589,0.29261886305559637,-0.39604276633257207,-0.98706243998956,-0.3384915806807035,-0.3384915806807035,,,,,,,,,,,,,,,,,,,,,,,
SNA,Snap-on,Industrials,2009-01-31,33.67865270837977,30.18000030517578,62.209999084472656,-0.5148689800783396,23955254.147402447,0.13658923278417312,0.07362050874527792,-0.033966891335036276,0.2061455860357413,-0.002104368470513096,-0.1651987528911229,0.40570661560461696,0.07918178393147568,-0.18071328322975222,1.0004174123982938,0.3797066972366132,-0.15901610616228012,1.0430689014969752,0.35440727210880674,-0.2366124015481812,-0.3127519181479257,-0.3127519181479257,,,,,,,,,,,,,,,,,,,,,,,
SWKS,Skyworks Solutions,Information Technology,2009-01-31,34.58162929305094,4.320000171661377,78.25,-0.944792330074615,16272632.378585754,1.0462973044943147,0.9833285804554195,0.8757411803751053,1.7962971634510687,1.5880472089448143,1.4249528245242045,1.9375003526081152,1.6109755209349739,1.351080453773746,6.35416805359192,5.733457338430239,5.194734535031346,3.9953703964894904,3.306708767101322,2.7156890934443343,-0.027777947290686944,-0.027777947290686944,0.67,111006000.0,860017000.0,,,,,1.2283365238848745,,,,,715740207.545437,,,0.832239604037405,3.6321092035669698,6.4477614502408604,,,2008-10-03,net income 1.23x operating income,
TRMB,Trimble Inc.,Information Technology,2009-01-31,34.79711021709426,7.409999847412109,21.575000762939453,-0.6565469485340336,21833673.10381844,0.4466937230467951,0.3837249990078999,0.2761375989275857,0.5998650184016676,0.39161506389541323,0.22852067947480342,0.5445344035764463,0.21800957190330505,-0.041885495257922845,2.1093119284710786,1.488601213309398,0.9498784099105047,2.1599192169625847,1.4712575875744163,0.8802379139174283,-0.19298243694809802,-0.19298243694809802,,,,,,,,,,,,,,,,,,,,,,,
USB,U.S. Bancorp,Financials,2009-01-31,27.253670895936324,14.84000015258789,42.22999954223633,-0.6485910415948344,521672526.6199173,0.23145827588091006,0.16848955184201486,0.06090215176170066,0.3833648626149526,0.17511490810869823,0.012020523688088425,0.7075533624548462,0.38102853078170495,0.12113346362047706,0.8534015609597541,0.23269084579807342,-0.3060319576008199,0.9754064089155499,0.2867447795273814,-0.3042748941296065,-0.4568732331288601,-0.4568732331288601,2.42,4324000000.0,,,,,,,,,,,26515768867.681835,,,,,6.1322314680115255,,,2007-12-31,,
VMRK,Vivmark Residential,Real Estate,2009-01-31,30.737959666765775,23.93000030517578,61.5,-0.6108943039808816,203101330.96960157,-0.019393329524981295,-0.08236205356387649,-0.1899494536441907,0.04916843169134766,-0.15908152281490673,-0.32217590723551653,0.4309531133277673,0.10442828165462603,-0.15546678550660187,1.4988288438722153,0.8781181287105346,0.3393953253116413,1.824626268840357,1.1359646394521885,0.5449449657952006,-0.34475548607358986,-0.34475548607358986,3.4,980188000.0,1824046000.0,,,,,1.9784710966499606,,,,,6898793864.449893,,,3.7821380954481922,6.670494361950207,7.03823538387523,,,2007-12-31,net income 1.98x operating income,
ACGL,Arch Capital Group,Financials,2009-02-28,34.2068360078062,6.0,8.941110610961914,-0.3289424254919826,37071510.213497706,0.052222251566893974,-0.20832611911181154,-0.3550843684469081,0.20314829697639936,-0.20056175786180308,-0.48221221492574085,0.37000011366417196,-0.16257975254817247,-0.5498127708648355,0.6759260621248246,-0.20297007660733923,-0.9352886434532388,1.0583334559123423,0.08426382928711096,-0.6597142024128819,-0.17259261605897125,-0.17259261605897125,,,,,,,,,,,,,,,,,,,,,,,
AJG,Arthur J. Gallagher & Co.,Financials,2009-02-28,27.252047314016792,15.869999885559082,38.81999969482422,-0.5911901079258639,24004040.652491555,0.3437273808255621,0.08317901014685658,-0.06357923918823999,0.5471770598504195,0.1434670050122171,-0.13818345205172067,0.5870060010691174,0.054426134856772945,-0.33280688345989007,1.204132704914965,0.32523656618280117,-0.4070820006630984,1.504709202950917,0.5306395763256857,-0.21333845537430718,-0.06616297519714931,-0.06616297519714931,,,,,,,,,,,,,,,,,,,,,,,
ATO,Atmos Energy,Utilities,2009-02-28,34.058815379286244,21.82999992370605,33.470001220703125,-0.34777415215022645,13835654.152413022,0.11434124548206537,-0.14620712519664014,-0.2929653745317367,0.27993185524731823,-0.12377819959088421,-0.405428656654822,0.3216610225043022,-0.21091884370804226,-0.5981518620247053,0.703271053290377,-0.1756250854417869,-0.9079436522876865,0.6139797522917205,-0.3600898743335108,-1.1040679060335037,-0.08062263671905068,-0.08062263671905068,,,,,,,,,,,,,,,,,,,,,,,
BRK-B,Berkshire Hathaway,Financials,2009-02-28,30.450076199039415,51.27999877929688,101.18000030517578,-0.49318048404202575,113219129.24206446,0.1591263658669686,-0.10142200481173691,-0.24818025414683348,0.2815913179630585,-0.12211873687514396,-0.4037691939390817,0.5625974875367705,0.03001762132442609,-0.3572153969922369,0.702028097834787,-0.17686804089737684,-0.9091866077432764,0.5298361703533145,-0.4442334562719168,-1.1882114879719097,-0.12207485316985889,-0.12207485316985889,,13213000000.0,118245000000.0,,,,,,,,,,,,,,,,,,2007-12-31,,
CB,Chubb Limited,Financials,2009-02-28,30.018813568794698,36.5099983215332,68.0,-0.46308825997745284,129659709.923172,0.2124517646447106,-0.048096606033994904,-0.19485485536909147,0.44765704276715645,0.04394698792895402,-0.23770346913498375,0.4037143754264356,-0.1288654907859088,-0.5160985091025718,0.817819191554789,-0.061076947177374885,-0.7933955140232745,1.1090602195527173,0.13499059292748594,-0.6089874387725069,-0.15310872488599747,-0.15310872488599747,7.63,2578000000.0,14154000000.0,,,,,,,,,,12335881477.44595,0.0,0.0,0.8715473701742228,,4.785058757736986,,,2007-12-31,,
CMCSA,Comcast,Communication Services,2009-02-28,32.82693085369951,6.1199631690979,17.064979553222656,-0.6413729562340924,359807577.387033,0.05933238107305461,-0.2012159896056509,-0.34797423894074747,0.18437269573472337,-0.21933735910347907,-0.5009878161674168,0.2838890823889415,-0.24869078382340293,-0.6359238021400659,1.05258019060923,0.17368405187706615,-0.5586345149688334,1.3886799101225487,0.4146102834973173,-0.32936774820267556,-0.15007648897983894,-0.15007648897983894,0.3889409559512652,2587000000.0,31060000000.0,,,,,0.4637863033345285,,,,,40706293529.13937,0.0,0.0,1.3105696564436373,3.7195408075937646,15.734941449222795,,,2007-12-31,,
CMI,Cummins,Industrials,2009-02-28,34.36458415516459,20.799999237060547,75.9800033569336,-0.7262437704911942,94722121.99298616,0.5675182686818017,0.30696989800309615,0.16021164866799958,1.1991289742485658,0.7954189194103634,0.5137684623464256,1.7736961131788043,1.2411162469664598,0.8538832286497968,3.9939549787759594,3.1150588400437957,2.382740273197896,5.039503823123035,4.0654341964978045,3.3214561647978114,-0.1182690614480647,-0.1182690614480647,3.7,788000000.0,13048000000.0,,,,,0.6804835924006909,,,,,4429837675.352354,0.0,0.0,0.33950319400309276,2.6607994995527307,5.621621415421769,,,2007-12-31,,
CSGP,CoStar Group,Real Estate,2009-02-28,32.574319147839304,2.549999952316284,6.309999942779541,-0.5958795601521012,6203289.363634018,0.3980392642683004,0.13749089358959488,-0.009267355745501693,0.4874510014749227,0.08374094663672027,-0.1979095104272175,0.5431372613184549,0.010557395106110423,-0.3766756232105526,1.2223529109272846,0.3434567721951207,-0.38886179465077886,1.3521569635757178,0.37808733695048646,-0.3658906947495064,-0.05450978100551873,-0.05450978100551873,,,,,,,,,,,,,,,,,,,,,,,
CSX,CSX Corporation,Industrials,2009-02-28,33.68476560040473,2.7422220706939697,7.855556011199951,-0.6509194171890209,186784795.4354388,0.2964264763665958,0.035878105687890294,-0.11088014364720628,0.7437382111111492,0.3400281562729468,0.05837769920900904,0.9662492475365791,0.4336693813242347,0.0464363630075717,2.1479968145272297,1.2691006757950658,0.5367821089491662,1.7164410762532878,0.7423714496280565,-0.0016065820719364243,-0.1612641739767131,-0.1612641739767131,0.33222222222222225,1336000000.0,10030000000.0,,,,,0.5911504424778761,,,,,11027584674.924511,0.0,0.0,1.0994600872307587,3.391531872390872,8.25418014590158,,,2007-12-28,,
D,Dominion Energy,Utilities,2009-02-28,30.756561268062427,30.18000030517578,49.380001068115234,-0.3888213922161482,121646354.26478916,0.06817541176645459,-0.19237295891225092,-0.3391312082473475,0.12589356582400368,-0.27781648901419875,-0.5594669460781365,0.3241327099377209,-0.2084471562746235,-0.5956801745912865,0.6436965752327415,-0.2351995634994224,-0.967518130345322,0.9139562114678588,-0.06011341515737256,-0.8040914468573654,-0.10039805566935223,-0.10039805566935223,3.88,2539000000.0,14816000000.0,,,,,0.4559166816304543,,,,,19749232158.464256,0.0,0.0,1.3329665333736673,2.8469413519481415,7.7783505941174695,,,2007-12-31,,
DCI,Donaldson Company,Industrials,2009-02-28,30.658736363520745,12.204999923706056,26.165000915527344,-0.5335371872101435,19329998.025521778,0.3849590223283499,0.12441065164964438,-0.022347597685452192,0.5490316347827673,0.14532157994456485,-0.13632887711937292,0.7057399120395265,0.17316004582718203,-0.21407297248948098,1.3584511827473524,0.47955504401518856,-0.252763522830711,2.107046255705127,1.1329766290798955,0.3889985973799026,-0.10610445260677026,-0.10610445260677026,,,,,,,,,,,,,,,,,,,,,,,
DVN,Devon Energy,Energy,2009-02-28,32.58901511267479,43.66999816894531,127.43000030517578,-0.6573020633731288,388554363.465621,0.4536320878761928,0.1930837171974873,0.04632546786239072,0.4144282494208851,0.010718194582682639,-0.2709322624812551,0.5946696272820766,0.062089761069732186,-0.32514325724693083,1.1374482289366425,0.25855209020447867,-0.4737664766414209,0.7296971061614785,-0.2443725204637528,-0.9883505521637457,-0.11724257794251858,-0.11724257794251858,8.0,3606000000.0,9975000000.0,,,,,,,,,,19684251674.6521,0.0,0.0,1.9733585638748972,2.87460779821854,5.458749771118164,,,2007-12-31,,
ECL,Ecolab,Materials,2009-02-28,34.076927588008886,31.780000686645508,52.77999877929688,-0.3978779571493414,82953198.740941,0.18075916008510284,-0.07978921059360267,-0.22654745992869924,0.3418196878728499,-0.06189036696535255,-0.3435408240292903,0.34587157788771417,-0.18670828832463027,-0.5739413066412933,0.5747359329435862,-0.3041602057885777,-1.0364787726344773,0.9696691175115904,-0.004400509113640982,-0.7483785408136339,-0.07467631689108323,-0.07467631689108323,1.7,428900000.0,5469600000.0,,,,,0.6411061285500748,,,,,8017907232.060153,0.0,0.0,1.4659037648201245,8.201173100281146,18.694118050967948,,,2007-12-31,,
EGP,EastGroup Properties,Real Estate,2009-02-28,31.530461379860213,24.59000015258789,57.54999923706055,-0.5727193661411443,11899533.4245379,0.41486060770052746,0.15431223702182195,0.007553987686725383,0.5867249447006047,0.18301488986240222,-0.09863556720153555,0.5538451355080674,0.02126526929572292,-0.3659677490209401,1.0783704262981448,0.19947428756598096,-0.5328442792799186,1.3144838953468496,0.3404142687216183,-0.4035637629783746,-0.18178100930109098,-0.18178100930109098,,,,,,,,,,,,,,,,,,,,,,,
EQT,EQT Corporation,Energy,2009-02-28,34.25101624847272,16.739248275756836,41.44801330566406,-0.5961387062798172,74584730.23008071,0.2188852812758686,-0.04166308940283692,-0.18842133873793349,0.30524679213827044,-0.098463262699932,-0.38011371976386976,0.45486388146719947,-0.07771598474514496,-0.464949003061808,0.6739347780050904,-0.2049613607270735,-0.9372799275729731,0.8293024357386352,-0.14476719088659618,-0.8887452225865891,-0.1092680126559501,-0.1092680126559501,1.1431682090364725,257483000.0,,,,,,0.5881816790440446,,,,,3770286673.226744,0.0,0.0,,6.736349375737119,14.64285670598348,,,2007-12-31,,
ETR,Entergy,Utilities,2009-02-28,33.08015240773159,33.69499969482422,63.7400016784668,-0.4713680764428446,136344012.3169551,0.11851610580032568,-0.14203226487837983,-0.2887905142134764,0.19553878479024167,-0.20817127004796077,-0.48982172711189853,0.17251857868540865,-0.3600612875269358,-0.7472943058435988,0.14818874569255347,-0.7307073930396104,-1.46302595988551,0.12992342446804428,-0.844146202157187,-1.58812423385718,-0.11158943074075212,-0.11158943074075212,2.8,1159954000.0,,,,,,0.5640789975335154,,,,,13958803455.717905,0.0,0.0,,3.9853083853520648,12.033928462437222,,,2007-12-31,,
EVRG,Evergy,Utilities,2009-02-28,31.439511812472006,16.899999618530273,44.1875,-0.6175389053797957,24487218.87329041,0.0763443358747029,-0.1842040348040026,-0.33096228413909917,0.2577282797896441,-0.14598177504855836,-0.4276322321124961,0.3503337857414752,-0.1822460804708692,-0.5694790987875322,0.7308956110558815,-0.14800052767628236,-0.8803190945221819,0.9240114851305854,-0.050058141494645936,-0.7940361731946388,-0.10395103081293133,-0.10395103081293133,,,,,,,,,,,,,,,,,,,,,,,
EXC,Exelon,Utilities,2009-02-28,32.132323178570715,33.68045425415039,65.71326446533203,-0.4874633831055678,204901000.26610994,0.02727203681254231,-0.2332763338661632,-0.38003458320125977,0.08154395404806625,-0.3221661007901362,-0.603816557854074,-0.041944521236448984,-0.5745243874487934,-0.9617574057654564,-0.028759403127583294,-0.9076555418597472,-1.6399741087056467,-0.04410255865433588,-1.018172185279567,-1.7621502169795602,-0.1865733791373465,-0.37604682453808225,,,,,,,,,,,,,,,,,,,,,,,
EXPD,Expeditors International,Industrials,2009-02-28,34.979946851312164,27.549999237060547,58.31999969482422,-0.527606320623737,91638732.22368634,0.19793338480132405,-0.06261498587738146,-0.20937323521247803,0.19245676900400288,-0.21125328583419956,-0.4929037428981373,0.33938803539387563,-0.1931918308184688,-0.5804248491351318,0.7716560987971193,-0.1072400399350446,-0.8395586067809442,0.636638229694612,-0.3374313969306193,-1.0814094286306122,-0.13393828509962924,-0.13393828509962924,1.21,269154000.0,5235171000.0,,,,,0.6356967406707605,,,,,6128258260.042806,0.0,0.0,1.1705937131839257,12.002643726197595,22.768594410793842,,,2007-12-31,,
FE,FirstEnergy,Utilities,2009-02-28,34.363359694532505,42.560001373291016,84.0,-0.4933333169846308,126621697.64869326,-0.10055907203880954,-0.36110744271751505,-0.5078656920526117,0.08857036382406136,-0.3151396910141411,-0.5967901480780788,-0.04344395466634654,-0.576023820878691,-0.963256839195354,0.018633078923587565,-0.8602630598085763,-1.592581626654476,0.23964659094326768,-0.7344230356819637,-1.4784010673819565,-0.16282902321625703,-0.16282902321625703,4.22,1309000000.0,12802000000.0,,,,,0.464513839602555,,,,,13201668672.426054,0.0,0.0,1.0312192370275,,10.08530838229645,,,2007-12-31,,
FRT,Federal Realty Investment Trust,Real Estate,2009-02-28,32.52913106517822,41.130001068115234,98.91999816894533,-0.5842094436974274,93868421.70865498,0.2996426106381169,0.039094239959411414,-0.10766400937568515,0.5587617149514064,0.15505166011320393,-0.12659879695073384,0.7577855142847927,0.22520564807244825,-0.16202737024421476,1.221527926208421,0.3426317874762572,-0.38968677936964236,1.5975501137790964,0.6234804871538651,-0.12049754454612782,-0.10235851637804316,-0.10235851637804316,,,,,,,,,,,,,,,,,,,,,,,
HPQ,HP Inc.,Information Technology,2009-02-28,31.804918829091946,13.183469772338867,35.42234420776367,-0.6278205164792738,677168840.740814,0.18677770333321408,-0.07377066734549143,-0.220528916680588,0.5542591619262687,0.15054910708806624,-0.13110134997587153,0.7644166014913878,0.23183673527904336,-0.15539628303761965,0.5266297520853518,-0.3522663866468121,-1.0845849534927117,-0.10105348822130511,-1.0751231148465363,-1.8191011465465294,-0.12278686405446637,-0.12278686405446637,1.4759309718437783,8329000000.0,91697000000.0,0.08866304954350634,,1.0,0.2126865671641791,0.7952831089468156,,,,-0.05448492036597752,74397191893.4925,0.0,0.0,0.8113372508750831,5.929799110094185,8.932307827289288,,,2008-10-31,,
IBOC,Intl Bancshares Corp,Financials,2009-02-28,25.160875393962954,10.010000228881836,35.79999923706055,-0.7203910491003761,13609725.880654654,0.13415214181670443,-0.12639622886200108,-0.27315447819709765,0.5649073252107253,0.16119727037252285,-0.12045318669141492,1.17054140099544,0.6379615347830956,0.25072851646643257,0.9913497895516674,0.11245365081950354,-0.619864916026396,1.0288810537046893,0.054811427079457964,-0.6891666046205349,-0.3456541671078499,-0.3456541671078499,,,,,,,,,,,,,,,,,,,,,,,
INGR,Ingredion,Consumer Staples,2009-02-28,34.23638901655069,20.170000076293945,54.959999084472656,-0.633005814914717,27236216.034550138,0.31741826510913973,0.05686989443043422,-0.08988835490466235,0.4871372206291844,0.08342716579098197,-0.1982232912729558,0.6494029563521806,0.11682309013983616,-0.27040992817682685,1.5087331433028792,0.6298370045707153,-0.10248156227518423,1.9877060007024245,1.0136363740771932,0.2696583423772003,-0.11750079058314278,-0.11750079058314278,,,,,,,,,,,,,,,,,,,,,,,
ITT,ITT Inc.,Industrials,2009-02-28,33.821073044536206,12.385259628295898,24.352703094482425,-0.49142156498011025,77074739.70831077,0.11458023036321308,-0.14596814031549243,-0.292726389650589,0.3613761287884425,-0.04233392604975994,-0.3239843831136977,0.3982559898398168,-0.13432387637252763,-0.5215568946891906,0.6213378347945684,-0.2575583039375955,-0.9898768707834951,1.136958536748026,0.1628889101227946,-0.5810891215771983,-0.13994189095459386,-0.13994189095459386,1.3330319999999998,742100000.0,7057500000.0,,,,,0.7594146541137945,,,,,6894884121.430234,0.0,0.0,0.9769584302416201,4.347913402227967,9.29104449727831,,,2007-12-31,,
JKHY,Jack Henry & Associates,Financials,2009-02-28,33.839520452212994,15.93000030517578,33.2400016784668,-0.5207581377622075,14093889.802484663,0.1587567589518326,-0.1017916117268729,-0.24854986106196947,0.47036608959588744,0.066656034757685,-0.21499442230625276,0.4407530863704556,-0.0918267798418888,-0.4790597981585518,1.06549077661919,0.18659463788702602,-0.5457239289588736,1.2142046310267207,0.24013500440148938,-0.5038430272985035,-0.10295038647244814,-0.10295038647244814,,,,,,,,,,,,,,,,,,,,,,,
JNJ,Johnson & Johnson,Health Care,2009-02-28,32.07563664527291,50.0,72.76000213623047,-0.31280925601976095,907724178.2907819,0.11296077974829455,-0.14758759093041096,-0.29434584026550753,0.22937888986225752,-0.17433116497594492,-0.4559816220398827,0.3014704844471636,-0.2311093817651808,-0.6183424000818438,0.3158351656582363,-0.5630609730739276,-1.2953795399198271,0.44421367034123516,-0.5298559562839962,-1.273833987983989,-0.07500031956227571,-0.07500031956227571,3.63,10576000000.0,61095000000.0,,,,,,,,,,145674931129.4766,0.0,0.0,2.384400214902637,8.431458249540022,13.774104683195592,,,2007-12-30,,
JPM,JPMorgan Chase,Financials,2009-02-28,33.58518203246537,22.850000381469727,67.16666412353516,-0.6598014702733599,1845565344.2502673,0.6177541768671324,0.3572058061884269,0.21044755685333033,0.9081519822550228,0.5044419274168204,0.2227914703528826,0.8471781550743378,0.31459828886199337,-0.07263472945466964,1.0650534598105907,0.18615732107842686,-0.5461612457674727,0.7838842436663414,-0.19018538295888998,-0.9341634146588829,-0.3452953681628216,-0.3452953681628216,4.33,15365000000.0,71372000000.0,,,,,,,,,,81083199967.9636,0.0,0.0,1.136064562685137,1.1548174834854457,5.277136346759752,,,2007-12-31,,
KR,Kroger,Consumer Staples,2009-02-28,34.59315953166674,10.335000038146973,17.453125,-0.40784243290832023,191014710.72273558,0.10766601647230467,-0.15288235420640084,-0.2996406035414974,0.05340709343839278,-0.35030296139980965,-0.6319534184637474,0.08747918467555094,-0.4451006815367935,-0.8323336998534565,0.14722834033336651,-0.7316677983987974,-1.463986365244697,0.21471067422048984,-0.7593589524047415,-1.5033369841047344,-0.061925366466033194,-0.061925366466033194,0.865,1209000000.0,70336000000.0,,,,,0.5118543607112617,,,,,14445104099.560335,,,0.20537284035999112,3.8211202850579324,11.947976922713263,,,2008-02-02,,
LECO,Lincoln Electric,Industrials,2009-02-28,32.33408200673213,15.364999771118164,43.48500061035156,-0.6466597779589189,17797305.52165016,0.3381052043594399,0.0775568336807344,-0.06920141565436216,0.5039640322572856,0.10025397741908315,-0.1813964796448546,0.593116351068502,0.06053648485615759,-0.3266965334605054,1.4323125000158883,0.5534163612837244,-0.17890220556217518,2.205358487298073,1.2312888606728416,0.4873108289728487,-0.14350769752227044,-0.14350769752227044,,,,,,,,,,,,,,,,,,,,,,,
LMT,Lockheed Martin,Industrials,2009-02-28,34.17321000856229,63.11000061035156,120.3000030517578,-0.4753948544523382,246765520.68706694,0.3344471534509361,0.07389878277223061,-0.07285946656286596,0.2055195622370516,-0.19819049260115085,-0.4798409496650886,0.27063915847398445,-0.26194070773836,-0.649173726055023,0.3423299969743414,-0.5365661417578225,-1.268884708603722,0.5666550714111254,-0.40741455521410597,-1.1513925869140988,-0.09031892655660212,-0.09031892655660212,7.1,3033000000.0,41862000000.0,,,,,0.6699801192842942,,,,,26959525612.84455,0.0,0.0,0.6440094981807977,4.6815955349209615,8.888732480331207,,,2007-12-31,,
LNT,Alliant Energy,Utilities,2009-02-28,31.722219617909246,11.5649995803833,23.26499938964844,-0.5029013589603167,27125949.90405431,0.04275924050372493,-0.21778913017498058,-0.36454737951007715,0.17415941303416993,-0.2295506418040325,-0.5112010988679703,0.4476398961992485,-0.08493997001309594,-0.47217298832975896,0.885074427742552,0.006178289010388083,-0.7261402778355115,1.1294251610430006,0.15535553441776928,-0.5886224972822236,-0.12191964910261255,-0.12191964910261255,,,,,,,,,,,,,,,,,,,,,,,
LOW,Lowe's,Consumer Discretionary,2009-02-28,33.60141897756803,15.84000015258789,35.7400016784668,-0.5567991211894255,321542653.9544893,0.20529300818081286,-0.055255362497892646,-0.20201361183298921,0.3694649653939761,-0.03424508944422633,-0.3158955465081641,0.5225054080988305,-0.010074458113513929,-0.39730747643017694,0.7119155747437842,-0.16698056398837968,-0.8992991308342793,0.8981963046525003,-0.075873321972731,-0.8198513536727239,-0.17929258200802856,-0.17929258200802856,1.86,2809000000.0,48283000000.0,,,,,,,,,,23921806682.053432,,,0.49544988260989237,3.8321943073518288,8.516129114294564,,,2008-02-01,,
MDLZ,Mondelez International,Consumer Staples,2009-02-28,33.982443216853795,22.780000686645508,43.95000076293945,-0.48168372488733624,328180407.975,0.1613933102454106,-0.09915506043329492,-0.24591330976839149,0.2752715937303547,-0.12843846110784773,-0.4100889181717855,0.30675412772154154,-0.2258257384908029,-0.6130587568074659,0.5198011990083249,-0.359094939723839,-1.0914135065697386,0.8795662488221263,-0.09450337780310503,-0.8384814095030979,-0.08647924158692266,-0.08647924158692266,1.7,2721000000.0,35858000000.0,0.0860136895026955,,1.0,-0.07608695652173925,0.6515804597701149,,,,-0.03755478662053047,36461401099.03672,0.027777777777777776,0.013888888888888888,1.016827516845243,9.78237872363428,13.400000403909123,,,2007-12-31,,
MKSI,MKS Instruments,Information Technology,2009-02-28,33.5010125152006,12.59000015258789,62.25,-0.7977510015648531,5444405.44954633,0.07069063111303286,-0.18985773956567265,-0.3366159889007692,0.46386026782210554,0.060150212983903106,-0.22150024408003466,0.4320890635111261,-0.10049080270121835,-0.48772382101788136,1.3971283461103896,0.5182322073782257,-0.21408635946767385,1.4474112578280138,0.4733416312027825,-0.2706364004972104,-0.09610825885327912,-0.09610825885327912,,,,,,,,,,,,,,,,,,,,,,,
MLI,Mueller Industries,Industrials,2009-02-28,34.183574477318814,2.258749961853028,5.59375,-0.5962011241380062,6297392.71632906,0.22145865807060727,-0.03908971260809824,-0.1858479619431948,0.35039741000762836,-0.053312644830574074,-0.33496310189451184,0.2599668924766616,-0.27261297373568283,-0.6598459920523458,0.9406709989042077,0.06177486017204381,-0.6705437066738558,1.6532011160889906,0.6791314894637592,-0.06484654223623365,-0.11400091545563595,-0.11400091545563595,,,,,,,,,,,,,,,,,,,,,,,
MOG-A,Moog Inc.,Industrials,2009-02-28,33.99797496378993,23.25,49.41999816894531,-0.5295426778342152,6005622.690524752,0.027957014691056603,-0.2325913559876489,-0.3793496053227455,0.24645164286180044,-0.157258411976402,-0.43890886904033977,0.460645445035903,-0.07193442117644144,-0.45916743949310446,0.9531185325151501,0.07422239378298623,-0.6580961730629133,0.8886019615652205,-0.0854676650600108,-0.8294456967600037,-0.23010753290366381,-0.23010753290366381,2.75,119068000.0,1902666000.0,,,,,,,,,,1006665818.1818182,,,0.5290817296266492,,8.454545454545455,,,2008-09-27,,
MTD,Mettler Toledo,Health Care,2009-02-28,32.563937822432166,53.310001373291016,119.83999633789062,-0.5551568507814145,52914709.70581297,0.33539674746797776,0.07484837678927225,-0.07190987254582432,0.6394672533185755,0.23575719848037302,-0.045893258583564744,0.8647533502393614,0.33217348402701696,-0.05505953428964605,2.214593710422338,1.3356975716901742,0.6033790048442746,2.3817293966460005,1.4076597700207691,0.6636817383207763,-0.17445137520512677,-0.17445137520512677,,,,,,,,,,,,,,,,,,,,,,,
NRG,NRG Energy,Utilities,2009-02-28,33.04690817023693,18.899999618530277,47.18999862670898,-0.5994914141016079,57301188.64127871,0.1904757563656081,-0.07007261431309741,-0.21683086364819398,0.4206351355304576,0.01692508069225518,-0.2647253763716826,0.15555547996416053,-0.3770243862481839,-0.7642574045648469,0.05767189539904649,-0.8212242433331174,-1.553542810179017,-0.0952382183440813,-1.0693078449693125,-1.8132858766693056,-0.196296549198541,-0.196296549198541,1.96,573000000.0,5989000000.0,,,,,0.36730769230769234,,,,,5525357031.335637,0.0,0.0,0.9225842430014422,1.980774134957456,9.642856948229733,,,2007-12-31,,
NSC,Norfolk Southern,Industrials,2009-02-28,32.820485636125554,31.71999931335449,75.52999877929688,-0.5800344257115349,194096678.2347997,0.18434265877049194,-0.07620571190821357,-0.22296396124331014,0.4716303371409438,0.06792028230274139,-0.21373017476119638,0.673112424936684,0.14053255872433956,-0.24670045959232345,1.185811855710762,0.3069157169785981,-0.4254028498673015,1.351656046735211,0.37758642010997967,-0.3663916115900132,-0.15857477994074842,-0.15857477994074842,3.68,1464000000.0,9432000000.0,,,,,0.5663442940038684,,,,,12619043205.095373,0.0,0.0,1.3378968622874654,3.6823029383255332,8.61956503080285,,,2007-12-31,,
NVR,"NVR, Inc.",Consumer Discretionary,2009-02-28,34.9020203944053,332.7699890136719,947.9500122070312,-0.6489582945002428,37719915.39461651,0.4872134213886439,0.22666505070993836,0.0799068013748418,1.0291793800319455,0.6254693251937431,0.34381886812980533,1.1284971937895163,0.5959173275771719,0.20868430926050885,1.18727652547315,0.3083803867409862,-0.42393818010491335,1.0795144479557295,0.10544482133049815,-0.6385332103694947,-0.06635209694753597,-0.06635209694753597,,,,,,,,,,,,,,,,,,,,,,,
OLN,Olin Corporation,Materials,2009-02-28,34.05252161896857,10.4399995803833,32.619049072265625,-0.6799416329625648,18832707.282968547,0.299442391633332,0.03889402095462646,-0.1078642283804701,0.6508231047272681,0.24711304988906568,-0.03453740717487208,0.7710743186076936,0.23849445239534917,-0.14873856592131385,0.9597415951686983,0.0808454564365344,-0.6514731104093652,1.2992969264552512,0.32522729983001986,-0.418750731869973,-0.1408041535465706,-0.1408041535465706,,,,,,,,,,,,,,,,,,,,,,,
PG,Procter & Gamble,Consumer Staples,2009-02-28,32.09812600324935,48.16999816894531,75.18000030517578,-0.3592711096912693,910104387.6114013,0.08757995274218344,-0.17296841793652207,-0.31972666727161864,0.14207362803759738,-0.26163642680060506,-0.5432868838645428,0.3554700632760741,-0.17710980293627032,-0.5643428212529333,0.39237908327013127,-0.4865170554620326,-1.2188356223079322,0.5426200432466555,-0.43144958337857586,-1.1754276150785687,-0.08802162625422494,-0.15019638105657174,3.64,12075000000.0,79257000000.0,0.09409036319211506,,1.0,0.19736842105263164,0.7556793291194693,,,,-0.024698705549769495,159794705464.28973,0.0,0.0,2.0161588940319435,10.088623946946447,13.233515980479481,,,2008-06-30,,
PTC,PTC Inc.,Information Technology,2009-02-28,33.797664955577304,8.140000343322754,90.78125,-0.91033390327493,19952508.47051409,0.42260435323017354,0.16205598255146803,0.015297733216371456,0.633906588424761,0.23019653358655856,-0.051453923477379204,1.1388205298656455,0.6062406636533011,0.21900764533663808,1.9115478824740562,1.0326517437418923,0.3003331768959927,2.280098235479987,1.3060286088547555,0.5620505771547626,-0.11793617622775898,-0.11793617622775898,0.68,79702000.0,1070330000.0,,,,,0.6363687173140644,,,,,954079863.7698678,,,0.891388509870664,3.762907731423293,11.970588740180519,,,2008-09-30,,
RJF,Raymond James Financial,Financials,2009-02-28,33.97486527281188,9.30666732788086,25.5,-0.6350326538085938,37811870.797663644,0.1453672627271867,-0.11518110795151881,-0.2619393572866154,0.6495996876911128,0.24588963285291032,-0.03576082421102744,0.8925225737769789,0.3599427075646344,-0.02729031075202859,1.850858383108673,0.971962244376509,0.23964367753060944,1.6760242972050752,0.7019546705798438,-0.04202336112014904,-0.22850999994431243,-0.22850999994431243,1.2866666666666666,235078000.0,3204932000.0,,,,,,,,,,1700357053.4483757,,,0.5305438784499564,-3.671195641126408,7.233161135658699,,,2008-09-30,,
RL,Ralph Lauren Corporation,Consumer Discretionary,2009-02-28,33.864122180516816,34.470001220703125,102.58000183105467,-0.6639695788125068,80752197.04314943,0.5632558703883714,0.30270749970966593,0.15594925037456936,0.930006479187272,0.5262964243490695,0.24464596728513177,1.3283497881066868,0.7957699218943424,0.40853690357767936,2.7077669429875812,1.8288708042554174,1.0965522374095178,4.113891303446487,3.139821676821256,2.3958436451212632,-0.0821005342682457,-0.0821005342682457,,,,,,,,,,,,,,,,,,,,,,,
RSG,Republic Services,Industrials,2009-02-28,33.74247939118963,19.899999618530277,36.52000045776367,-0.45509311694710564,92962475.13375358,0.15776766589022562,-0.10278070478847989,-0.24953895412357646,0.311440879488885,-0.09226917534931744,-0.3739196324132552,0.46092017615965175,-0.07165969005269268,-0.4588927083693557,0.5777478753014871,-0.3011482634306768,-1.0334668302765764,0.636185276752465,-0.3378843498727664,-1.0818623815727593,-0.24371835614182769,-0.24371835614182769,1.51,290200000.0,3176200000.0,,,,,0.5414179104477612,,,,,3824489992.912243,0.0,0.0,1.2041086811007629,4.518942356401952,13.178807694390912,,,2007-12-31,,
SON,Sonoco,Materials,2009-02-28,31.24743110890286,19.270000457763672,44.90999984741211,-0.5709196053610299,16938129.89591871,0.2786781433056176,0.018129772626912066,-0.1286284767081845,0.37629544672719706,-0.02741460811100538,-0.30906506517494314,0.5989307214815918,0.06635085526924733,-0.3208821630474157,1.017132159512919,0.13823602078075514,-0.5940825460651444,0.9033264057641033,-0.07074322086112805,-0.8147212525611209,-0.13336802282342952,-0.13336802282342952,,,,,,,,,,,,,,,,,,,,,,,
SSD,Simpson Manufacturing,Industrials,2009-02-28,32.77412962520094,15.5600004196167,45.459999084472656,-0.6577210573475049,9473423.434894804,0.3468057717110953,0.08625740103238977,-0.0605008483027068,0.6682110299263029,0.26450097508810044,-0.017149481975837322,0.6076040744473181,0.07502420823497369,-0.3122088100816893,0.9202836750918624,0.041387536359698496,-0.6909310304862011,1.0139100921453932,0.03984046552016185,-0.704137566179831,-0.12339345608429342,-0.12339345608429342,,,,,,,,,,,,,,,,,,,,,,,
SWX,Southwest Gas Corp,Utilities,2009-02-28,29.581364412589167,19.489999771118164,39.95000076293945,-0.5121401902650646,7128784.482298957,0.07894433318478677,-0.18160403749391874,-0.3283622868290153,0.2761292471790806,-0.12758080765912183,-0.4092312647230596,0.5248118922718976,-0.007767973940446815,-0.39500099225710983,1.1352431427983865,0.2563470040662226,-0.475971562779677,1.4090708493164859,0.4350012226912545,-0.30897680900873836,-0.12365300310066762,-0.12365300310066762,,,,,,,,,,,,,,,,,,,,,,,
T,AT&T,Communication Services,2009-02-28,34.02445440898623,17.95317268371582,45.270015716552734,-0.6034202241915427,890911028.1214623,0.0646459109285078,-0.1959024597501977,-0.3426607090852943,0.14428925023061168,-0.25942080460759076,-0.5410712616715285,0.13423268372519903,-0.3983471824871454,-0.7855802008038084,0.4093021918419384,-0.4695939468902255,-1.201912513736125,0.6398904937012544,-0.33417913292397694,-1.0781571646239698,-0.09802321543854708,-0.09802321543854708,1.4652567975830815,11951000000.0,118928000000.0,,,,,0.5857184865712606,,,,,146430555447.34445,0.0,0.0,1.2312538296056812,3.441093719714739,12.25257764599987,,,2007-12-31,,
TDY,Teledyne Technologies,Information Technology,2009-02-28,34.458720787905975,22.90999984741211,66.20999908447266,-0.6539797588853179,14327365.939467294,0.4347446159235888,0.1741962452448833,0.02743799590978674,0.47359225431626095,0.06988219947805852,-0.21176825758587925,0.6442600794342859,0.11168021322194144,-0.2755528050947216,1.2859013217235105,0.4070051829913466,-0.325313383854553,1.6014840188160648,0.6274143921908335,-0.11656363950915938,-0.054997827903703,-0.054997827903703,,,,,,,,,,,,,,,,,,,,,,,
TECH,Bio-Techne,Health Care,2009-02-28,34.07014886086671,12.212499618530272,20.729999542236328,-0.41087796004780797,17370927.068789043,0.23908116353461173,-0.02146720714409378,-0.16822545647919035,0.2729966322080688,-0.13071342263013364,-0.4123638796940714,0.33053831789216015,-0.20204154832018428,-0.5892745666368473,0.517552769462156,-0.3613433692700079,-1.0936619361159075,0.5389770079914542,-0.43509261863377713,-1.17907065033377,-0.07103405311747013,-0.07103405311747013,,,,,,,,,,,,,,,,,,,,,,,
TRV,Travelers Companies (The),Financials,2009-02-28,32.579127058651736,36.150001525878906,58.56999969482422,-0.38278979487388576,229221763.5834043,0.1347879972295658,-0.1257603734491397,-0.2725186227842363,0.4168982136438302,0.013188158805627737,-0.26846229825831003,0.4965443695867542,-0.036035496625590246,-0.42326851494225326,0.7528205267172345,-0.12607561201492934,-0.8583941788608289,0.7449692630055385,-0.22910036361969288,-0.9730783953196858,-0.0799445838095717,-0.0799445838095717,6.85,,26017000000.0,,,,,,,,,,22694970957.946777,0.0,0.0,0.8723131397911664,,5.277372485529767,,,2007-12-31,,
UNM,Unum,Financials,2009-02-28,32.66645568017272,10.18000030517578,62.5,-0.8371199951171875,69133245.81733583,0.6895090428580812,0.4289606721793757,0.28220242284427915,1.2348260640434177,0.8311160092052152,0.5494655521412775,1.0803060747334174,0.547726208521073,0.16049319020441,1.6925563227120204,0.8136601839798565,0.08134161713395693,1.378857615740095,0.4047879891148636,-0.3391900425851293,-0.25245633538485446,-0.25245633538485446,1.91,679300000.0,10519900000.0,,,,,,,,,,3620562412.202046,0.0,0.0,0.34416319662753886,2.7737396860507513,5.329843091715068,,,2007-12-31,,
UNP,Union Pacific Corporation,Industrials,2009-02-28,33.933320610002525,18.76000022888184,42.900001525878906,-0.5627039729225861,302192913.9311957,0.3206101204159375,0.060061749737231995,-0.08669649959786457,0.6103204924674399,0.20661043762923748,-0.07504001943470029,0.8289389245159038,0.29635905830355935,-0.09087396001310366,1.636421949215126,0.7575258104829621,0.025207243637062504,2.1130912459021793,1.139021619276948,0.3950435875769551,-0.11300635943926562,-0.11300635943926562,1.73,1855000000.0,16283000000.0,,,,,0.5496296296296296,,,,,20115491574.899315,0.0,0.0,1.235367657980674,4.096569756154028,10.843930768139792,,,2007-12-31,,
WTS,Watts Water Technologies,Industrials,2009-02-28,31.413608534393347,16.969999313354492,46.709999084472656,-0.6366945055454805,8869656.194529457,0.21459697760632968,-0.045951393072375835,-0.1927096424074724,0.7937557372077182,0.39004568236951576,0.10839522530557799,0.7463181917492441,0.21373832553689964,-0.17349469277976337,1.3725762043205862,0.49368006558842237,-0.2386385012574772,1.4301349279523152,0.4560653013270839,-0.287912730372909,-0.06599866818341471,-0.06599866818341471,,,,,,,,,,,,,,,,,,,,,,,
ACN,Accenture,Information Technology,2009-03-31,34.990925334013625,27.489999771118164,44.02999877929688,-0.3756529517769577,145090493.61752707,0.21716979338056364,0.05432510041420002,-0.03601782561395095,0.35576610967565125,0.014063010814325594,-0.2195245840272595,0.5556066865151652,0.05476095336150233,-0.28238524512477237,1.076745877437804,0.34213582166111456,-0.2673821049096632,1.4860130574241608,0.6051462521313156,-0.0029820294004254677,-0.042197021224011255,-0.042197021224011255,2.64,1691751000.0,25313826000.0,,,,,0.5617482771513443,,,,,17615997955.601868,,,0.6959042049037497,4.000349972752484,10.412878701181123,,,2008-08-31,,
MAT,Mattel,Consumer Discretionary,2009-03-31,34.66360799655497,11.529999732971191,46.5625,-0.7523758446610214,58695344.70463707,0.3920209296973276,0.229176236730964,0.13883331070281302,0.6010406234793289,0.2593375246180032,0.0257499297764181,1.0474083338875735,0.5465626007339106,0.2094164022476359,1.3401506448243468,0.6055405890476573,-0.003977337523120461,2.274441864370853,1.3935750590780078,0.7854467775462668,-0.022550002524386437,-0.022550002524386437,1.04,379636000.0,5918002000.0,-0.008724826593903945,,1.0,-0.3202614379084967,0.7007043293367197,,,,-0.06915087086272409,4208849017.909857,0.2820512820512821,0.25641025641025644,0.7111942540590316,6.399115208466113,11.086538204779991,,,2008-12-31,,
THG,Hanover Insurance,Financials,2009-03-31,31.39044758612971,28.81999969482422,75.25,-0.6170099708329008,25554991.372608002,0.32234575781658403,0.15950106485022042,0.06915813882206945,0.43407385527704223,0.09237075641571657,-0.14121683842586852,0.5486760164801929,0.047830283326530054,-0.28931591515974464,0.6434591508089162,-0.09115090496777323,-0.700668831538551,0.5402101319285808,-0.3406566733642644,-0.9487849548960055,-0.028105240692097078,-0.028105240692097078,0.4,20600000.0,2680400000.0,,,,,,,,,,1484229984.2834473,,,0.5537345113727232,6.053091834448174,72.04999923706055,,,2008-12-31,,
WM,Waste Management,Industrials,2009-03-31,33.62298208787743,25.600000381469727,60.0,-0.5733333269755045,132758017.95480214,0.11149559518472207,-0.05134909778164154,-0.1416920238097925,0.18870661500560515,-0.1529964838557205,-0.3865840786973056,0.3979556851286157,-0.1028900480250472,-0.4400362465113219,0.5737315120406976,-0.16087854373599186,-0.7703964703067696,0.5346110757258478,-0.34625572956699746,-0.9543840110987385,-0.02148426208384968,-0.02148426208384968,2.19,1087000000.0,13388000000.0,0.005860255447032392,,1.0,-0.017937219730941756,0.4865711727842435,,,,-0.048276972245452354,12706484207.606207,0.46153846153846156,0.0,0.9490950259640131,5.919494299425751,11.689497891082068,,,2008-12-31,,
WWD,"Woodward, Inc.",Industrials,2009-03-31,34.46118701611995,11.18000030517578,48.619998931884766,-0.7700534646074624,14620552.143956743,0.7763568337758413,0.6135121408094777,0.5231692147813267,1.1829566619274665,0.8412535630661409,0.6076659682245558,1.8916440902232963,1.3907983570696334,1.0536521585833587,2.1494759977692572,1.4148659419925678,0.80534801542179,2.934328790981923,2.0534619856890775,1.4453337041573366,-0.046511986205255096,-0.046511986205255096,1.75,121880000.0,1258204000.0,,,,,,,,,,778639106.9684708,,,0.6188496515417776,3.0144189001999866,6.3885716029575885,,,2008-09-30,,
ABT,Abbott Laboratories,Health Care,2009-04-30,34.57807011354926,20.07962989807129,29.31098175048828,-0.31494516052036403,565637544.7260177,0.08458398435045589,-0.052090996937181,-0.07914273637548513,0.22893350479693142,0.03194129759554465,0.0025715450990818067,0.2629017281799306,-0.12343577556403074,-0.32494330933988813,0.33196832670796894,-0.291585134677276,-0.636465171305784,0.6455136717086463,-0.05396119120133602,-0.38912541603743156,-0.013858428851136861,-0.013858428851136861,1.4969759999999999,4880719000.0,29527552000.0,0.1394335422866766,,1.0,0.35064935064935043,0.8571930116042972,,,,0.002022913039570362,65467336254.21157,0.0,0.0,2.2171609842296296,10.095662270378691,13.413461470371796,,,2008-12-31,,
SO,Southern Company,Utilities,2009-05-31,34.506599825263706,28.40999984741211,40.59999847412109,-0.30024628287804067,156942669.65593004,0.11353811348238008,-3.2843007306881944e-05,-0.058480700121758766,0.16093373928341448,-0.03962386367420567,-0.07719679839006263,0.21463179846449054,0.008924036061543461,-0.18642943309466098,0.563312681356092,0.04662318535004495,-0.28990547104008657,0.8713510083053495,0.36215750169406746,0.04832880933727124,1.4605833298375615e-07,1.4605833298375615e-07,2.25,1742000000.0,17127000000.0,0.11554745000977018,,1.0,-0.013157894736842035,0.4968625213918996,,,,0.018008458285274864,21995653215.196396,0.5333333333333333,0.26666666666666666,1.2842677185260931,7.487893515392782,12.626666598849827,,,2008-12-31,,
OVV,Ovintiv,Energy,2010-01-31,34.68096968797565,152.9499969482422,496.7999877929688,-0.6921296282076783,128637838.37006584,0.08742404504257384,-0.02347367225329977,-0.10285514662627299,0.00992866263158243,-0.026023641067314474,-0.09663465198889407,0.08240446213230967,-0.13936740105813183,-0.2712043983940143,-0.33720886847893916,-0.6102054902295213,-0.7818289096461004,-0.30304314799739496,-0.7863916230136181,-1.0288794012914328,-0.13926146909406822,-0.41031343103202755,,,,,,,,,,,,,,,,,,,,,,,
PPL,PPL Corporation,Utilities,2010-04-30,33.38333472702375,23.061464309692383,51.44122314453125,-0.551692924468417,79151878.58317702,0.1174653367861791,0.18492916575092622,0.18576292317830767,0.11401549235128727,0.10659964087964102,0.09953627761718457,0.16909429936086906,-0.0020155184148564764,-0.06920763611947425,0.22506312375297455,-0.0008107044601108893,-0.06427801848728848,0.5710034050026633,0.14038062106245275,0.0023308146516706207,-0.04079116858459464,-0.04079116858459464,1.0059120000000001,407000000.0,7449000000.0,,,1.0,-0.562753036437247,0.42351716961498437,0.7664783427495292,0.8600964851826327,0.7659574468085107,0.0008861011549183839,9330851977.155853,0.9230769230769231,0.9230769230769231,1.2526314910935499,,22.925926233798165,,,2009-12-31,,
BAX,Baxter International,Health Care,2010-05-31,34.58985677708108,22.93861961364746,38.853885650634766,-0.40961838875251055,374810990.1342085,0.0147058573283394,0.04724622331728745,0.06467676555430041,0.1654055568696251,0.07103689974984695,0.0546661882422044,0.44618998270533106,0.18826534847777943,0.12632988572456444,0.2591163439443982,0.007408796168895115,-0.04248329602021245,0.7985379226317395,0.20774225650706857,0.06765060509112364,-0.04014299100256746,-0.04014299100256746,1.4394350896252035,1626000000.0,12665000000.0,0.01733074182053773,0.09633312616531997,1.0,-0.16139240506329133,,1.0270522388059702,,1.037900874635569,-0.03727492458451209,25911689773.730873,0.018518518518518517,0.06172839506172839,2.0459289201524573,9.764987704618106,15.935848569330181,0.008199331316669278,1.027734598707355,2010-03-31,,
BSX,Boston Scientific,Health Care,2010-05-31,34.17073083068598,6.050000190734863,46.09999847412109,-0.8687635490024773,245817346.242832,-0.14214877791763247,-0.10960841192868442,-0.09217786969167147,0.061157003949472655,-0.0332116531703055,-0.04958236467794805,0.18677679371552292,-0.07114784051202871,-0.1330833032652437,-0.05123973716421404,-0.3029472849397171,-0.3528393771288247,0.5272726412915745,-0.06352302483309646,-0.2036146762490414,-0.1669421813289491,-0.17190081472157837,-1.72,-2601000000.0,8138000000.0,0.017142857142857126,-0.03673567069522554,0.0,,,,,,0.010120162653630027,9148866567.500801,0.037037037037037035,0.037037037037037035,1.124215601806439,,,-0.006106497313141168,1.009493280729873,2010-03-31,,
XOM,ExxonMobil,Energy,2010-06-30,33.18697064298709,57.06999969482422,96.12000274658205,-0.406263024718301,2117486871.3682024,0.09045325344984234,-0.021162452892725225,-0.03404019963653157,0.2985275166017092,0.06729226590053328,0.011551842327792272,0.4610716289249719,0.15688868349368712,0.07434967804737563,0.5749473630556663,0.2013740717108845,0.14266796914174518,0.7066962913561188,0.05148731630322301,-0.1320504624986506,-0.019800057411647587,-0.019800057411647587,,,,,,,,,,,,,,,,,,,,,,,
EXEL,Exelixis,Health Care,2010-07-31,34.9774077384251,3.119999885559082,50.5,-0.938217824048335,5929713.695415618,0.43269229299688194,0.35239548225412465,0.3443504148884719,1.7788462802268157,1.5994755130321574,1.5569500793220414,1.4679487473395696,1.2715685959016445,1.2215193774393465,1.003205201682257,0.7022396207073129,0.6660187751769451,0.6217949129420639,-0.007657595948099782,-0.1916146273133048,-0.08333333333333337,-0.08333333333333337,-1.26,-135220000.0,151759000.0,,,,,,,,,,334830463.9089675,,,2.206330193984986,,,,,2009-12-31,,
WY,Weyerhaeuser,Real Estate,2010-07-31,31.134608665819,16.219999313354492,87.08999633789062,-0.813755884769769,124235577.32477945,0.0,-0.0802968107427573,-0.08834187810841006,0.43346798718994317,0.2540972199952849,0.21157178628516893,0.2523057391512271,0.05592558771330203,0.00587636925100396,0.5103524688537622,0.2093868878788181,0.1731660423484503,0.8826458928936456,0.2531933840034819,0.06923635263827688,-0.0715166989373337,-0.0715166989373337,-1.4300000000000002,-301000000.0,5672000000.0,-0.31753086419753085,-0.2591237537729809,1.0,,,,,,-0.0030386280386280884,3414139715.608183,0.10344827586206896,0.10344827586206896,0.6019287227800041,,,0.026049204052098318,1.0260492040520983,2010-03-31,,
GILD,Gilead Sciences,Health Care,2010-08-31,34.768588698059006,15.914999961853027,28.815000534057617,-0.4476835097385321,451770760.11707366,0.14671649406283138,0.015538904169425605,-0.025130908226152077,0.2246305990517492,-0.05318547774623705,-0.1274154527897557,0.2529062005588987,0.06904752866988972,0.017819521676719713,0.8124404533670242,0.4160737598240589,0.3525894157888387,2.786992973947297,2.131968705701067,1.9156402953702645,0.0069113148898864996,0.0069113148898864996,1.6449999999999996,3042207000.0,7047477000.0,0.22730621124329353,0.3620807750322854,1.0,0.5970873786407762,0.7395464132251656,1.1012109432773514,1.111590526906271,1.1058823529411765,-0.0374208404925096,29432659142.218254,0.0,0.0,4.176339864921625,6.827111513824286,9.674772013284517,0.03490311160660653,1.0688332533412856,2010-06-30,,
HRB,H&R Block,Consumer Discretionary,2010-10-31,33.914161078901415,11.779999732971191,30.5,-0.6137705005583216,87255844.55037647,0.07550170102332321,-0.016208239676939185,-0.04693857726401343,0.5006532883653421,0.33816431614502895,0.281103770281316,0.355010472932483,0.27479184959846004,0.24908049165482424,0.6505437296832031,0.40784764582620125,0.3511608614231273,1.7409111642667607,1.1616147557969485,0.9659959418326496,-0.053479889694799,-0.053479889694799,1.4300000000000002,482195000.0,3873301000.0,-0.05232761128535546,-0.0007470703244482069,1.0,,0.6194471421891299,1.0150322428923297,1.0128885764095648,0.9930555555555557,0.0056461262899127895,3972207672.195834,0.03571428571428571,0.0,1.0255354985826906,,8.237762051028804,-0.0002661103901265838,1.0008806005127366,2010-07-31,,
BAC,Bank of America,Financials,2011-07-31,34.70993436612078,9.710000038146973,55.08000183105469,-0.8237109710357277,1656415157.0900252,-0.295733954756893,-0.2711402520697628,-0.2650512082587315,-0.26334994286703794,-0.2904630973683916,-0.3073088907511334,-0.23969626256353616,-0.32711448779179486,-0.3184757470881738,0.5182427472389473,0.15625717189173827,0.05285508192153193,0.5899430617183925,0.0005061412198366089,-0.13976817042884715,-0.49168029356917065,-0.49168029356917065,-0.48,-3371000000.0,105128000000.0,-0.09258204291608407,0.643854249677118,1.0,,,0.980617923623105,,,-0.29994857838840394,68192521101.23634,0.14634146341463414,0.14634146341463414,0.6486618322543598,,,-0.0461985120667755,1.085226808892759,2011-03-31,,
BNY,BNY Mellon,Financials,2011-08-31,33.333929519342405,20.670000076293945,62.93724822998047,-0.6715776323622664,272828014.0729571,-0.05266310716513889,-0.08061804371063253,-0.08980151764946401,0.08318725622447598,-0.05085224070220096,-0.07680213037931208,0.11740838728176128,-0.062096165668694026,-0.07161823509309317,0.5044956639737981,0.10650424190192864,-0.025763604212853064,1.0195853454892108,0.2713110342981433,0.05559703997343601,-0.1727139863310747,-0.1727139863310747,2.09,2667000000.0,14063000000.0,,-0.4360863478965593,0.0,,,1.0591739475774424,,1.0195121951219512,1.1673397295033712,26376502489.701416,0.14285714285714285,0.07142857142857142,1.8755957114201391,,9.889952189614329,0.01787782281412853,1.5804394046775336,2011-03-31,,shares +117% y/y
CDP,COPT Defense Properties,Real Estate,2011-08-31,32.78250599901064,26.790000915527344,56.45000076293945,-0.5254207165021774,26874743.65802644,-0.20785661377217457,-0.2358115503176682,-0.2449950242564997,-0.050584812320420114,-0.18462430924709705,-0.21057419892420817,-0.11296449678645615,-0.29246904973691146,-0.3019911191613106,-0.05551589399579915,-0.4535073160676686,-0.5857751621824503,0.22883140812520142,-0.519442903065866,-0.7351568973905733,-0.26484539380602556,-0.26484539380602556,-0.49,-17658000.0,572511000.0,-0.13603849949747837,0.3109075528287861,1.0,-1.7000000000000002,-0.2510378163207279,1.1771831296112762,1.023141114045955,1.3437500000000002,-0.552171806960637,965424155.4415956,0.4166666666666667,0.0,1.6862980020324423,,,0.036461001754255706,1.0364610017542557,2011-06-30,,
FHI,Federated Hermes,Financials,2011-08-31,32.75624536096565,17.709999084472656,45.0099983215332,-0.6065318874717658,31531994.923800513,-0.09277577855052654,-0.12073071509602018,-0.12991418903485166,0.18638039446927435,0.05234089754259741,0.026391007865486288,0.25678109104536007,0.07727653809490476,0.06775446867050561,0.798347064626169,0.40035564255429956,0.26808779643951786,1.1073447996517118,0.3590704884606444,0.1433564941359371,-0.17909632718860913,-0.17909632718860913,1.67,170338000.0,957855000.0,-0.19049024193205488,-0.039005295502092086,1.0,-0.13020833333333337,0.5784346018928216,0.9702238761503919,0.9768272687141326,0.9653179190751445,-0.007371304468491435,1806398697.036469,0.044444444444444446,0.07222222222222223,1.88587907046105,4.731476781954466,10.60478987094171,0.006210455878135512,1.0062104558781355,2011-03-31,,
FHN,First Horizon,Financials,2011-08-31,30.843311521430195,7.039999961853027,46.46669006347656,-0.8484936208661318,39152277.40210427,0.09550570416089266,0.06755076761539902,0.05836729367656753,0.33916577605735343,0.2051262791306765,0.17917638945356537,0.27936438619547044,0.09985983324501513,0.09033776382061598,0.596704114870704,0.19871269279883452,0.06644484668405282,0.7858915212288875,0.03761721003782004,-0.17809678428688724,-0.23456841527374395,-0.23456841527374395,0.09000000000000001,105454000.0,1462694000.0,0.11933386084909636,-0.10297147113454752,0.0,,,2.053684189557977,,4.500000000000003,5.329768633435113,8248846177.524989,0.8666666666666667,0.8666666666666667,5.639488626824878,,78.22222179836696,-0.0030596046982550584,1.1083240884926329,2011-06-30,TTM net income jumped 2.05x in one quarter,shares +533% y/y
HPQ,HP Inc.,Information Technology,2011-08-31,29.619079150369004,11.82107162475586,35.42234420776367,-0.6662820632247997,756542695.054014,0.0794801542944612,0.05152521774896757,0.04234174381013608,-0.018258822046371637,-0.15229831897304857,-0.1782482086501597,-0.3380653223807766,-0.5175698753312319,-0.527091944755631,-0.09791930990540298,-0.4959107319772724,-0.6281785780920541,0.5674074673528813,-0.1808668438381862,-0.39658083816289347,-0.3423787921799447,-0.551521194570862,1.8528610354223432,9220000000.0,86475000000.0,0.08668333815047058,-0.19243813865230053,1.0,0.15909090909090873,0.7696160267111853,1.0405204885287067,1.0340622005401168,1.0650406504065042,-0.06779446807435008,58822695440.516754,0.0,0.0,0.6802277587801879,4.07071532302028,6.379901891596178,0.0056401907198511125,1.0412430487405953,2011-04-30,,
KBH,KB Home,Consumer Discretionary,2011-08-31,33.945273920790626,6.590000152587891,85.44999694824219,-0.9228788719959872,44780882.55553851,0.12549909552263339,0.09754415897713975,0.08836068503830827,0.7602260203347324,0.6261865234080555,0.6002366337309444,0.711073335143174,0.5315687821927186,0.5220467127683195,1.4981043392197724,1.100112917147903,0.9678450710331212,1.7824454842693456,1.034171173078278,0.8184571787535708,-0.23824005686965577,-0.23824005686965577,,-166985000.0,1420644000.0,-0.12869770118091894,-0.39852060162112846,0.0,,,-4.98727442663024,,,0.006216593472451404,507463456.00004196,0.0,0.0,0.35720663023251564,,,-0.06718110414075762,0.9578376297802007,2011-05-31,,
MS,Morgan Stanley,Financials,2011-08-31,32.12415886421731,17.5,110.0,-0.8409090909090909,476688711.1857308,-0.1523100004853689,-0.18026493703086255,-0.18944841096969403,0.06554914854854599,-0.06849034837813095,-0.09444023805524207,-0.13204492104717258,-0.3115494739976279,-0.32107154342202704,0.5044530278827435,0.10646160581087405,-0.025806240303907657,1.0233116195152925,0.275037308324225,0.059323313999517735,-0.33828547983903867,-0.33828547983903867,0.6799999999999997,3128000000.0,31511000000.0,-0.02668725868725874,0.05639726832798164,1.0,-0.13924050632911422,,1.0488403211418376,,1.047808764940239,0.10154592300697218,80500000000.00003,0.8564946114577425,0.8636793344677632,2.554663450858431,17.464032884220142,25.73529411764707,0.05124270225187666,1.264620258583783,2011-06-30,,
MTG,MGIC Investment Corporation,Financials,2011-08-31,33.43727332295312,2.5999999046325684,78.94999694824219,-0.9670677643428274,34146560.28081898,0.10769236602396148,0.07973742947846785,0.07055395553963636,0.7346153491997376,0.6005758522730607,0.5746259625959496,-0.5461537899054656,-0.7256583428559209,-0.73518041228032,1.776923714404723,1.3789322923328535,1.2466644462180718,2.2423083652049853,1.4940340540139179,1.2783200596892106,-0.7461538183203065,-0.7461538183203065,-1.03,-247305000.0,1502868000.0,-0.11003695583210327,-0.007551439827223061,0.0,,,,,,0.933850229272422,624265025.6457838,0.26666666666666666,0.26666666666666666,0.4153824724764808,,,-0.011612436493974143,0.9883875635060259,2011-03-31,,shares +93% y/y
NTRS,Northern Trust,Financials,2011-08-31,32.21377509150544,38.41999816894531,92.125,-0.5829579574605666,101603460.37653363,-0.012886692905073827,-0.04084162945056746,-0.05002510338939895,0.173197735752471,0.039158238825794056,0.013208349148682935,0.24377229739020234,0.06426774443974703,0.05474567501534788,0.5047529551172918,0.10676153304542235,-0.025506313069359354,0.9429476899865294,0.19467337879546198,-0.0210406155292453,-0.12909496183622926,-0.12909496183622926,2.71,663300000.0,,,-0.11490008180437072,1.0,-0.1504702194357368,,0.9907393577296489,,0.9890510948905109,-0.09168814466180952,9403684422.679493,,0.07142857142857142,,,14.177121095551776,,,2011-03-31,,
THG,Hanover Insurance,Financials,2011-08-31,34.38542943736955,35.52000045776367,75.25,-0.5279734158436722,11009649.623837547,0.03275351321616027,0.004798576670666632,-0.004384897268164857,0.16843083088710964,0.0343913339604327,0.00844144428332158,0.03720512418526778,-0.14229942876518753,-0.15182149818958668,0.5974135966621597,0.1994221745902902,0.0671543284755085,0.9508109601958092,0.20253664900474178,-0.013177345319965506,-0.06823642828598986,-0.06823642828598986,3.11,142300000.0,3239400000.0,0.11224021735295153,0.05734218773317412,1.0,-0.19430051813471505,,1.0172071475843811,,1.0557377049180325,-0.10437768632233912,1625239892.3279006,0.05,0.08888888888888889,0.5017101600073781,7.82282263351054,11.42122201214266,0.02766321933887439,1.0337793519611702,2011-03-31,,
AKAM,Akamai Technologies,Information Technology,2011-09-30,34.44432244226181,19.8799991607666,345.5,-0.9424602050339607,112314769.25069113,0.623742461871015,0.507560896326547,0.46484219930914406,0.8460765750617993,0.588241454283396,0.5151196938066669,0.9245472805169799,0.6249194788511496,0.5697566762916693,1.6006037698920017,1.0507795375127604,0.8023472455049024,2.0080483783458356,1.1552723881590534,0.8988793826253745,-0.08199191295658714,-0.08199191295658714,1.0,190757000.0,1091181000.0,0.17312116729308769,0.1276360246293653,1.0,0.23456790123456805,0.6877397536846356,1.0782794886327853,1.0628144458281445,1.0714285714285712,0.017699010709627983,3792248999.9103546,0.0,0.0,3.475362015935353,7.566944467841611,19.8799991607666,0.029892119942237505,1.0505842055922043,2011-06-30,,
ASB,Associated Bank,Financials,2011-09-30,32.60828761260126,9.300000190734863,35.459999084472656,-0.7377326443641343,18226007.40486932,0.20217727866483726,0.08599571312036924,0.043277016102966276,0.508182802300847,0.2503476815224437,0.17722592104571455,0.4327591034284224,0.13313130176259214,0.07796849920311183,0.7238988400557531,0.17407460767651184,-0.07435768433134615,0.9795947225027606,0.1268187323159784,-0.12957427321770054,-0.03870966573619494,-0.03870966573619494,0.32,85547000.0,939615000.0,,,0.0,,,1.7680114082585872,,2.9090909090909087,1.2945802554570278,2486209738.4899855,0.56,0.6329411764705883,2.6459877061243016,22.324768474080656,29.062500596046448,,,2011-06-30,TTM net income jumped 1.77x in one quarter,shares +129% y/y
AVY,Avery Dennison,Materials,2011-09-30,34.81300632388208,25.07999992370605,78.5,-0.6805095551120248,47269815.44431656,0.15423966292361357,0.03805809737914556,-0.004660599638257407,0.22361928713989077,-0.03421583363851255,-0.10733759411524169,0.3162445231807218,0.016616721514891575,-0.03854608104458873,0.85150847730984,0.30168424493059876,0.053251952922740764,0.9496481227613922,0.09687213257461003,-0.15952087295906892,-0.06220140960184606,-0.06220140960184606,2.7800000000000002,296500000.0,6662900000.0,0.05661364753643405,-0.11291428230805911,1.0,,,1.2545526524148851,,1.2272727272727273,0.029838242704349982,2674899272.4384327,0.30838709677419357,0.21892473118279568,0.40146171673572056,7.19471993084851,9.021582706369083,0.006891028062805171,1.0180229468221464,2011-07-02,,
BYD,Boyd Gaming,Consumer Discretionary,2011-09-30,34.199825120411546,4.900000095367432,59.25,-0.9172995764494948,14870171.811341483,0.5224484709106514,0.4062669053661834,0.36354820834878043,0.599999749073375,0.34216462829497174,0.2690428678182426,0.4408161848509533,0.14118838318512306,0.08602558062564275,1.8877545611403113,1.33793032876107,1.0894980367532119,1.073468806527103,0.22069281634032079,-0.035700189193358156,-0.15918396009930458,-0.15918396009930458,-0.09000000000000002,-7979000.0,2286667000.0,0.30464184337952904,-0.07859831204059364,1.0,-2.8000000000000007,-0.03983007697453152,,,,0.045219942885587505,434412230.6770748,0.01075268817204301,0.016129032258064516,0.18997616648032914,8.527356673859801,,,,2011-06-30,,
CMC,Commercial Metals,Materials,2011-09-30,32.98945828122767,9.510000228881836,39.79999923706055,-0.7610552660506985,19744141.917328607,0.47037270786036633,0.3541911423158983,0.3114724452984954,0.5900160405233077,0.3321809197449044,0.25905915926817524,0.44100699604275184,0.1413791943769216,0.08621639181744128,0.9119762558033813,0.36215202342414,0.113719731416282,0.9752147243262188,0.12243873413943662,-0.13395427139424232,-0.09148269517318808,-0.09148269517318808,-0.010000000000000231,-1345000.0,7467057000.0,0.19839395032157547,,0.0,,,,,,0.18840859829080703,1279095030.7845774,0.10714285714285714,0.10714285714285714,0.1712984152638151,9.330448679283224,,0.04351947489863606,1.07019148339207,2011-05-31,,shares +19% y/y
DLB,Dolby,Information Technology,2011-09-30,31.236568917270034,27.440000534057617,70.13999938964844,-0.6087824241112365,39434974.57837604,0.11188036071134455,-0.004301204833123462,-0.04701990185052643,0.3870262095773078,0.1291910887989045,0.05606932832217537,0.193512874902666,-0.10611492676316425,-0.16127772932264456,0.4180164039284391,-0.1318078284508022,-0.3802401204586602,0.7171517751428145,-0.1356242150439677,-0.39201722057764665,-0.06341098410628854,-0.06341098410628854,2.6000000000000005,295207000.0,939544000.0,0.09404121879450345,0.12381780950938026,1.0,0.1453744493392073,0.7117400570921576,1.0788322834795516,1.0803342290389784,1.0837004405286343,-0.01901756815510225,3115569322.175979,0.0,0.0,3.3160440832744174,4.828049204221418,10.553846359252928,-0.01185300174376902,1.0744425541725908,2011-07-01,,
EXP,Eagle Materials,Materials,2011-09-30,34.402030495903674,16.649999618530273,74.55000305175781,-0.7766599740181006,11251731.98727199,0.5477865731530784,0.4316050076086104,0.3888863105912075,1.096087398970662,0.8382522781922588,0.7651305177155296,1.8127631335576364,1.5131353318918062,1.4579725293323258,3.4322627595641704,2.882438527184929,2.634006235177071,5.251566786895051,4.398790796708269,4.14239779117459,-0.04684681098282417,-0.04684681098282417,0.17000000000000004,7379000.0,451193000.0,-0.04183744112263055,-0.21830832971365566,1.0,-0.7301587301587301,0.14837529156277648,1.030338128152438,1.0131335932690335,1.0327868852459015,-0.007667529761841596,722707924.6184403,0.38095238095238093,0.4761904761904762,1.601771137004431,10.274150673168178,97.94117422664864,-0.023772123415119695,1.0063880488560712,2011-06-30,,
GBCI,Glacier Bancorp,Financials,2011-09-30,33.54475135007867,9.369999885559082,27.71999931335449,-0.6619769077322828,7271729.364092388,0.3004921154303395,0.18431054988587148,0.1415918528684685,0.6315544627057224,0.37371934192731904,0.3005975814505899,0.7320095479318032,0.4323817462659729,0.3772189437064926,1.8320247329795927,1.2822005006003514,1.0337682085924933,2.0366279336946223,1.18385194350784,0.9274589379741611,-0.04482425910545207,-0.04482425910545207,0.57,41209000.0,,,,1.0,0.18749999999999978,,1.351400672322715,,1.3333333333333333,0.11100738880978667,677418114.5333408,,0.3870967741935484,,,16.43859629045453,,,2011-06-30,,
GS,Goldman Sachs,Financials,2011-09-30,32.70386095680908,94.5500030517578,250.6999969482422,-0.622855986427164,923114402.556489,-0.03987287475068724,-0.15605444029515525,-0.19877313731255822,0.3244685717185878,0.06663345094018447,-0.0064883095365446675,0.22175875289563196,-0.07786904877019829,-0.1330318513296786,0.7243923571312352,0.1745681247519939,-0.07386416725586409,1.0272862723539156,0.17451028216713338,-0.08188272336654556,-0.10872538737625603,-0.10872538737625603,10.169999999999998,8107000000.0,,,,1.0,-0.4945328031809145,,1.0620987816061838,,1.1114754098360653,0.31410301804997154,75370390829.9509,,0.5227272727272727,,,9.296952119150228,,,2011-06-30,,shares +31% y/y
KEY,KeyCorp,Financials,2011-09-30,33.40726588988788,5.929999828338623,44.875,-0.8678551570286658,104914334.57127753,0.30265511383889354,0.18647354829442553,0.14375485127702256,0.44524516231849876,0.18741004154009544,0.1142882810633663,0.50494164403866,0.2053138423728298,0.15015103981334949,1.0045738759252396,0.45474964354599834,0.20631735153814035,1.3869893747194508,0.5342133845326686,0.2778203789989897,-0.05733497659781339,-0.05733497659781339,0.96,1042000000.0,,,,0.0,,,55.4,,1.6818181818181819,0.23587046204620465,6436520647.009214,0.35294117647058826,0.40147058823529413,,7.026045672282387,6.1770831545194,,,2011-06-30,TTM net income jumped 55.40x in one quarter,shares +24% y/y
KNX,Knight-Swift,Industrials,2011-09-30,33.084322730667,13.3100004196167,22.50666618347168,-0.40861963690601044,18021452.986287314,0.17998312141572903,0.06380155587126102,0.02108285885385805,0.33705444962217435,0.07921932884377103,0.0060975683670418945,0.09098834687001545,-0.2086394547958148,-0.2638022573552951,0.3246737706368752,-0.22515046174236608,-0.4735827537502241,1.2205071777150884,0.36773118752830625,0.1113381819946273,-0.05108940252703409,-0.05108940252703409,,,,,,,,,,,,,,,,,,,,,,,
LII,Lennox International,Industrials,2011-09-30,31.918960586525557,25.780000686645508,54.09999847412109,-0.5234750200782823,29145918.524733044,0.31618665613789876,0.20000509059343075,0.15728639357602778,0.5787211369789222,0.32088601620051893,0.2477642557237898,0.9024992458600987,0.6028714441942684,0.547708641634788,2.0058856251822004,1.456061392802959,1.207629100795101,2.119557912654552,1.2667819224677697,1.0103889169340907,-0.048875217677188054,-0.048875217677188054,1.9500000000000002,107300000.0,3204900000.0,0.06858495598826364,-0.17250297869867193,1.0,0.31756756756756777,0.60931289040318,1.2244467860906216,1.1567436208991495,1.238095238095238,-0.03280345940678475,1418561063.4241347,0.24731182795698925,0.12903225806451613,0.44262256651506593,8.190329894795097,13.220513172638721,0.020636285468615734,1.0229061082955455,2011-06-30,,
MAS,Masco,Industrials,2011-09-30,33.5946218863932,6.256590843200684,33.769771575927734,-0.8147280674039087,59320353.15314591,0.48712580120013893,0.3709442356556709,0.328225538638268,0.9102690793708859,0.6524339585924825,0.5793121981157534,1.174210517578469,0.8745827159126387,0.8194199133531583,2.1275162390379396,1.5776920066586984,1.3292597146508403,2.567297219658466,1.7145212294716838,1.458128223938005,-0.07303369011067917,-0.07303369011067917,-2.7152899824253076,-1077000000.0,7486000000.0,-0.050241055569652415,-0.04414261460101865,0.0,,,,0.7391304347826086,,0.017487788699270368,2481631200.2552366,0.11627906976744186,0.11627906976744186,0.3315029655697618,,,-0.0034611288604898816,1.007058521560575,2011-06-30,,
OVV,Ovintiv,Energy,2011-09-30,30.101368544677868,96.0500030517578,496.7999877929688,-0.8066626300083874,120093996.74694727,-0.024861934950181186,-0.1410435004946492,-0.18376219751205217,0.04472205036096577,-0.21311307041743754,-0.2862348308941667,0.18720061150234546,-0.11242719016348479,-0.1675899927229651,-0.02065602821685708,-0.5704802605960984,-0.8189125526039563,0.2145111837403446,-0.6382648064464376,-0.8946578119801165,-0.10432543176408693,-0.10432543176408693,,,,,,,,,,,,,,,,,,,,,,,
PHM,PulteGroup,Consumer Discretionary,2011-09-30,33.29124656624897,3.950000047683716,48.22499847412109,-0.9180922722101609,60904163.78044893,0.597468432831066,0.481286867286598,0.43856817026919503,1.2405065697229265,0.9826714489445232,0.909549688467794,2.924050991572003,2.6244231899061727,2.5692603873466924,3.2017354334329893,2.651911201053748,2.40347890904589,3.543864633771718,2.6910886435849357,2.4346956380512568,-0.16708869664327286,-0.16708869664327286,-3.32,-1255455000.0,3975448000.0,-0.2277944039565104,-0.3478598460112271,0.0,,,,,,-0.08762996415765179,1493688948.7544458,0.12903225806451613,0.12903225806451613,0.3757284584666799,,,-0.08697159986348602,0.9935258585909992,2011-06-30,,
RF,Regions Financial Corporation,Financials,2011-09-30,31.935232461240048,3.3299999237060547,39.150001525878906,-0.9149425339995233,111723353.85508083,0.29450324066077505,0.17832167511630703,0.13560297809890406,0.9873391521456623,0.7295040313672589,0.6563822708905298,1.1777818027094185,0.8781540010435882,0.8229911984841078,1.8264174721536235,1.2765932397743822,1.0281609477665241,2.1125272004718574,1.2597512102850752,1.0033582047513963,-0.15315354975077833,-0.15315354975077833,-0.07000000000000006,112000000.0,,,,0.0,,,,,,0.33741639626704956,4191797243.961334,,,,,,,,2011-06-30,,shares +34% y/y
SCHW,Charles Schwab Corporation,Financials,2011-09-30,34.340331921310934,11.270000457763672,51.66666793823242,-0.7818709642503563,251355410.20899272,0.003847679621845179,-0.11233388592262283,-0.1550525829400258,0.28736912468580855,0.029534003907405237,-0.0435877565693239,0.15624972564699857,-0.14337807601883168,-0.19854087857831199,0.9381806889379032,0.3883564565586619,0.13992416455080392,1.7205076393146683,0.8677316491278861,0.6113386435942072,-0.0629996371697199,-0.0629996371697199,0.6000000000000001,724000000.0,4587000000.0,0.13119605425400738,-0.14288733882900018,1.0,0.19999999999999996,,1.5220264317180616,,,0.049275362318840665,13599133885.701496,0.06976744186046512,0.20867379006913891,2.964711987290494,5.925508356486055,18.783334096272785,0.024570024570024662,1.0539077212806027,2011-06-30,TTM net income jumped 1.52x in one quarter,
STLD,Steel Dynamics,Materials,2011-09-30,34.236180182749635,9.920000076293944,40.91999816894531,-0.7575757448634894,49053053.17614873,0.3355944919635643,0.21941292641909627,0.1766942294016933,0.4869350810488402,0.2290999602704369,0.15597819979370775,0.17002292152024667,-0.12960488014558358,-0.18476768270506388,0.791027338780818,0.24120310640157672,-0.007229185606281274,1.479885899745705,0.6271099095589228,0.3707169040252438,-0.11491907133597967,-0.11491907133597967,1.02,219469000.0,7207998000.0,0.30094482768703035,0.02962209996497056,1.0,-0.009708737864077666,0.4308669993678416,1.290912450518446,1.2002149399730777,1.265625,0.07864547635448438,2134443624.2589757,0.2168604651162791,0.22281284606866003,0.2961215616678828,5.775995298943104,9.725490270876415,0.0661037771262698,1.0743545765096731,2011-06-30,,growth 30% vs 3% a year earlier
TEX,Terex,Industrials,2011-09-30,33.71880772016051,10.260000228881836,96.94000244140624,-0.894161337213878,58671186.62708827,0.31676374903324955,0.20058218348878154,0.15786348647137857,1.1929812983863197,0.9351461776079164,0.8620244171311873,1.2007788337088745,0.9011510320430443,0.8459882294835639,2.2748529592803814,1.7250287269011402,1.476596434893282,2.1124955760238837,1.2597195858371015,1.0033265803034226,-0.09356764417969687,-0.09356764417969687,-1.1999999999999997,-129900000.0,5146800000.0,,,1.0,-1.5240174672489082,-216.5,1.3735632183908046,,1.3865546218487392,-0.022891210090657976,1110645024.776459,0.6415037593984962,0.48857142857142855,0.2157933132774654,16.82076099703445,,0.08616650838873063,1.0861665083887306,2011-06-30,,
VMC,Vulcan Materials Company,Materials,2011-09-30,33.81788846578171,27.559999465942383,128.6199951171875,-0.7857253886471378,79041226.55274224,0.4282376932302512,0.31205612768578317,0.26933743066838023,0.5512530346055138,0.29341791382711047,0.22029615335038133,0.7181019710180765,0.41847416935224624,0.36331136679276593,0.883411706643068,0.33358747426382673,0.08515518225596874,1.195533498835335,0.3427575086485528,0.08636450311487387,-0.09071160024386182,-0.09071160024386182,-0.75,-96623000.0,2518618000.0,-0.030462492185551193,-0.12375406373391962,0.0,,,,0.33511219170461337,,-0.11582174231332365,3550573104.5303345,0.36046511627906974,0.36046511627906974,1.4097306953775184,17.481066612826382,,-0.013389230170189781,1.0055321158446424,2011-06-30,,
ILMN,"Illumina, Inc.",Health Care,2011-10-31,34.500171974502436,29.78599166870117,77.23735046386719,-0.614357671647016,123725457.3477511,0.6936643298555023,0.6406537461316426,0.6129501694745163,0.45427824193967936,0.3277934506452451,0.30496142872345733,0.5512737283623834,0.40086208296646997,0.3711212280939975,2.0538864240360066,1.5918708890738165,1.4293797490964102,5.2893533083536735,4.579562562548238,4.36761871034174,-0.16231217387729513,-0.16231217387729513,0.8463035019455252,128644000.0,1068572000.0,0.438073474748943,0.16241266518382824,1.0,0.4999999999999998,0.4921327768447711,1.272372549818656,1.2548110556458019,1.2428571428571429,0.07490871414366773,4527677249.8514805,0.0,0.0,4.237128850326867,10.904255370847578,35.19540164991357,0.07596928886091892,1.1062487719666567,2011-07-03,,
ORI,Old Republic International,Financials,2011-11-30,33.02376104114603,8.220000267028809,23.739999771118164,-0.6537489323386947,21153886.680827066,0.3499069271887989,0.2467073056784561,0.22844074734088565,0.2471597938030896,0.18400602984345005,0.16813827384703228,0.40106852177237307,0.2394248564053576,0.20447262744131633,1.3933287496427837,0.881839592738958,0.7162283411939989,1.202278452598887,0.43834750556072777,0.22992759117734418,-0.039154801283929674,-0.039154801283929674,-0.8200000000000001,-209100000.0,4513400000.0,0.1574304397999744,0.17478456929301656,1.0,-4.565217391304349,,4.492537313432836,,6.499999999999995,0.10244360902255623,2096100068.092346,0.0,0.0,0.4644170842585071,,,0.028929670580189137,1.0521092447749711,2011-09-30,TTM net income jumped 4.49x in one quarter,
BSX,Boston Scientific,Health Care,2011-12-31,34.89654797116279,5.340000152587891,46.09999847412109,-0.8841648518581714,117897085.72631185,0.11985015883856054,-0.007058902918643417,-0.028946182419157696,0.06179773675589306,-0.033061113984575785,-0.04217144780909103,0.07303368077556938,-0.08686971951112055,-0.14325630318784685,1.2509363509921427,0.7162937898556503,0.5387779614802669,1.4812733373385272,0.740009458405231,0.5111753143683563,-0.10299628745671852,-0.10299628745671852,0.38,570000000.0,7776000000.0,-0.01357351262209816,-0.028109974109234326,0.0,,0.5268022181146026,1.0842105263157895,1.0060763888888888,1.0526315789473681,-0.009255363904080771,8010000228.881836,0.035869565217391305,0.035869565217391305,1.030092622026985,8.699782617028163,14.052631980494448,-0.005372217958557135,1.009493280729873,2011-09-30,,
WHR,Whirlpool Corporation,Consumer Discretionary,2011-12-31,34.97206068338325,47.45000076293945,118.44000244140624,-0.5993752128938568,100142615.90029399,0.6305160688422378,0.5036070070850338,0.48171972758451953,0.3081846498448124,0.21332579910434357,0.2042154652798283,1.202554771961208,1.042651371674518,0.9862647879977917,2.459469104791889,1.9248265436553964,1.7473107152800131,3.3531046346834623,2.6118407557501664,2.3830066117132915,0.005690304507323107,0.005690304507323107,4.55,356000000.0,18796000000.0,0.03337181813183787,-0.09562595863965728,1.0,-0.3527738264580369,0.4517766497461929,1.37984496124031,1.0029850746268656,1.3829787234042552,0.01296419970453111,3712571488.265153,0.22549019607843138,0.22549019607843138,0.19751923219116582,4.215819014259921,10.42857159625043,0.005671482075976453,1.010543390105434,2011-09-30,,
NRG,NRG Energy,Utilities,2012-01-31,34.966665776968256,16.8799991607666,47.18999862670898,-0.6422971042170634,52749927.90754712,0.0071092036570628014,-0.06266617059486634,-0.053601925717207864,0.1795376142070424,0.12082444276861182,0.15187470834825884,0.43960943674820485,0.27436795089384947,0.23576787508576008,0.6996378403511541,0.2847062054752141,0.14255229024580385,0.534553705113197,-0.0802320919611561,-0.24680935370849721,-0.15343613959033264,-0.15343613959033264,1.1600000000000001,291000000.0,8763000000.0,-0.04480052321778938,0.08362863217576177,1.0,-0.43414634146341446,0.3740359897172236,3.5786163522012577,1.0428134556574924,4.017857142857142,-0.020443349753694773,4234551513.606104,0.6382978723404256,0.5673758865248227,0.48323080150703,7.463306149070502,14.551723414453965,-0.0012537041258262605,1.0622207327971402,2011-09-30,TTM net income jumped 3.58x in one quarter,
RMBS,Rambus,Information Technology,2012-02-29,34.96569599868192,7.079999923706055,127.0,-0.9442519691046767,11687673.235535244,-0.3206214696875693,-0.28432173139009054,-0.28369496348053685,-0.39548018984045885,-0.4355714354690209,-0.41889449427039677,-0.20338984078218536,-0.3344067804972043,-0.3863343542607023,0.30225993875471135,-0.11553461129477327,-0.27955102671974674,0.694915272501663,0.060319959437552084,-0.13364324288924356,-0.4661016932029691,-0.4661016932029691,,-43053000.0,312363000.0,-0.03409814774730202,-0.2069350288433197,0.0,,,-0.027909380652941684,1.5967625030200532,,-0.07858002379944984,780691378.1872845,0.3611111111111111,0.3611111111111111,2.4993081068733636,47.42569783619275,,-0.023636789872626407,1.272548278673853,2011-12-31,,
BBY,Best Buy,Consumer Discretionary,2012-05-31,33.43006727958445,18.71999931335449,59.5,-0.6853781628007649,189368725.9351579,-0.0445902597678578,-0.12385866609897644,-0.10925833061317536,-0.2873026933020073,-0.3799420694168578,-0.3961028961340264,0.5303403422689332,0.25943990793682015,0.18040287384515574,0.5696181228544699,0.041239665691478855,-0.10610794909266374,1.0391932912751023,0.3315750413044387,0.08729635757384957,-0.3826445660335974,-0.3826445660335974,-3.36,-1231000000.0,50705000000.0,0.008613144493953007,0.011631182838974574,1.0,-2.090909090909091,-1.1345622119815668,0.985121378230227,0.9853358561967833,0.9967532467532468,-0.11635343252414498,6858428319.86291,0.23129251700680273,0.09183673469387756,0.1352613809261988,3.7272594953899647,,0.0012440266972078007,1.0139252223608484,2012-03-03,,
EXC,Exelon,Utilities,2012-05-31,33.03685194105344,26.376604080200195,65.71326446533203,-0.5986106565423248,253013178.602936,-0.00030590441744082764,-0.07957431074855947,-0.06497397526275839,-0.1572481814740364,-0.24988755758888692,-0.2660483843060555,-0.10346982746534839,-0.37437026179746147,-0.45340729588912587,0.09702722407578701,-0.431351233087204,-0.5786988478713466,0.044831574167247146,-0.6627866758034164,-0.9070653595340056,-0.20800298109395876,-0.22722394642224875,2.674750356633381,2495000000.0,18924000000.0,0.015018236429950704,0.1276895116374508,1.0,0.0,0.5569196428571429,1.0705076551168413,1.0282304337847143,1.0693333333333332,0.0052377115229653715,24604025948.39986,0.2735042735042735,0.1623931623931624,1.3001493314521169,5.338299815507054,9.861333045450847,-0.025891800072064597,1.054984405683262,2011-12-31,,
FCN,FTI Consulting,Industrials,2012-06-30,34.60093694100536,28.75,80.0,-0.640625,22660374.112026274,-0.07199998938519026,-0.13547187721089615,-0.13133556876638494,0.14782608695652177,0.08841701381231637,0.04659007904561473,0.1439999787703805,-0.06103872246439801,-0.15111403817806407,0.3154782502547555,-0.1836183328526848,-0.37394011845113084,0.4344348409901495,-0.17325647192868687,-0.44486880351145863,-0.20417394223420515,-0.20417394223420515,2.4000000000000004,103076000.0,1600180000.0,0.13228000682121976,0.0010821845985486966,1.0,0.41176470588235325,0.5097346883267809,1.3188505134356396,1.1484415177872682,1.335195530726257,-0.08164262145244006,1234764583.3333333,0.11111111111111112,0.044444444444444446,0.7716410549646497,7.997802372760228,11.979166666666664,0.02132542916373059,1.0461969861556517,2012-03-31,,
TMUS,T-Mobile US,Communication Services,2012-06-30,34.80984258424385,12.100000381469728,81.73999786376953,-0.8519696513616752,44166945.99103398,0.9355369412047192,0.8720650533790133,0.8762013618235245,0.6429751057374609,0.5835660325932555,0.5417390978265538,1.4747080995770503,1.2696693983422718,1.1795940826286058,2.3534743166146006,1.8543777335071603,1.6640559479087143,2.8671684370865234,2.259477124167687,1.987864792584915,0.003305831892283617,0.003305831892283617,1.4599999999999997,265936000.0,8687005000.0,1.0234208440410906,0.16918128495351992,1.0,0.1587301587301584,0.37965474511326713,1.3475944917282001,1.015603343328889,1.3442622950819674,0.010453881262456166,2203990206.4702287,0.125,0.06666666666666667,0.25371117047477565,3.7584507901685087,8.28767149415735,0.7921024173461055,1.7921024173461055,2012-03-31,,growth 102% vs 17% a year earlier
CHRW,C.H. Robinson,Industrials,2012-07-31,33.09255052911443,52.84999847412109,82.61000061035156,-0.3602469666669069,83894955.2004678,0.14784273333959397,0.11593179292318578,0.08834295814783096,0.26614948176888076,0.1655289196659373,0.086518141068575,0.15549976824103728,-0.09699494239462103,-0.22595808722149152,0.3403635728142469,-0.12129752833652607,-0.29606059803823315,0.42442161952058277,-0.20036517731967685,-0.49500160239733726,-0.017596978846293854,-0.017596978846293854,2.68,441084000.0,10522988000.0,0.1001371644593505,0.20107898158242432,1.0,0.1074380165289257,0.6251544872158286,1.03448887866774,1.0367327151132437,1.0330578512396695,-0.004373869101953476,8698242062.298218,0.0,0.0,0.8265943154452156,11.343796409613786,19.720148684373537,0.018056864582512988,1.066295185995239,2012-03-31,,
MRVL,Marvell Technology,Information Technology,2012-08-31,34.96064733011946,10.15999984741211,36.834999084472656,-0.7241753739666867,117943680.90641385,-0.16141007056574275,-0.1737989904167233,-0.2028243649227393,0.006972524336902541,-0.08044835769494973,-0.15381917984531954,0.2207537743746204,0.035517635544224824,-0.07846394829815956,0.42649157651688485,-0.055719159183855727,-0.23675495084478348,0.1746407495850446,-0.3138256487475892,-0.58465983146028,-0.30409245252845796,-0.30409245252845796,,,,,,,,,,,,,,,,,,,,,,,
AMD,Advanced Micro Devices,Information Technology,2012-10-31,31.857077475396167,2.049999952316284,48.5,-0.957731959746056,86841249.88347879,0.26829266590706125,0.20170782898420736,0.15513842443225812,0.37560975553023535,0.23285923588299995,0.17304172430232634,0.6292682887116476,0.35840534081525477,0.23903089777421982,0.3658536670464694,-0.12038889025745281,-0.2726652092590691,0.03414630969318089,-0.5292572404038867,-0.745939598376092,-0.11707317810694018,-0.11707317810694018,-0.85,-633000000.0,6379000000.0,-0.011620700340873924,0.029510288722284228,1.0,-1.765765765765766,,1.2596618357487923,1.0142857142857142,1.2702702702702706,-0.0016624040920716343,1526647023.3131857,0.0,0.0,0.2393238788702282,,,-0.024617737003058138,1.035412346466741,2012-06-30,,
ATI,ATI Inc.,Industrials,2012-10-31,34.933168642160126,26.350000381469727,119.6999969482422,-0.7798663236987102,49302019.15021927,0.20889904670331805,0.14231420978046416,0.09574480522851492,0.03620565567902556,-0.10654486396820984,-0.16636237554888345,0.2875095766070537,0.016646628710660805,-0.10272781433037415,0.3030958970707307,-0.18314666023319148,-0.3354229792348078,-0.40179623682863796,-0.9651997869257055,-1.1818821448979109,-0.037950579278592134,-0.037950579278592134,1.8399999999999999,206600000.0,5313900000.0,0.13656585532788634,0.3494386238346754,1.0,0.40458015267175584,0.5132919254658385,1.4494134897360704,1.3143989431968295,1.4045801526717558,0.07837402779548652,2958646781.962851,0.2916666666666667,0.2916666666666667,0.5567750205993435,7.172568408376119,14.320652381233549,0.0010926696934872027,1.1042514503420209,2012-06-30,,
MDLZ,Mondelez International,Consumer Staples,2012-10-31,33.69824742660299,26.549999237060547,43.95000076293945,-0.39590446470597884,569824010.322595,0.05209122784268283,-0.014493609080171055,-0.0610630136321203,0.2009624839773403,0.05821196433010489,-0.0016055472505687174,0.296443760525404,0.02558081262901113,-0.09379363041202382,0.3807011195588548,-0.10554143774506741,-0.2578177567466837,0.8364961019437862,0.27309255184671866,0.05641019387451329,-0.0772128571132853,-0.0772128571132853,2.01,3594000000.0,54293000000.0,0.042352218403824304,0.15244374626634505,1.0,0.16184971098265866,0.530479704797048,1.089589125733704,1.0417840375586855,1.0934065934065933,0.007931992043691993,47472983710.44558,0.00980392156862745,0.07352941176470588,0.8743849798398611,8.853042872304071,13.208954844308732,-0.010786189304910265,1.0545611434387239,2012-06-30,,
NLY,Annaly Capital Management,Financials,2012-12-31,34.03501091087297,56.15999984741211,86.0,-0.34697674596032435,246428047.00494796,0.1643298847364567,0.0593037096506317,0.02709592768811564,-0.0497705389449461,-0.18723361320233467,-0.22556929108891052,-0.20005797096341926,-0.5231358762072348,-0.615166606146306,-0.03498776706949713,-0.5362023324401246,-0.6572738870029815,-0.05610003427158783,-0.5758434589854757,-0.7415312474256156,-0.2479073368785666,-0.2479073368785666,6.040000000000001,1480967000.0,,,,1.0,-0.17934782608695632,,4.428782042847402,,10.066666666666674,0.6150144931909962,13770050744.043436,,0.3620689655172414,,,9.298013219770215,,,2012-09-30,TTM net income jumped 4.43x in one quarter,shares +62% y/y
CLF,Cleveland-Cliffs,Materials,2013-03-31,33.607725278660155,19.01000022888184,121.9499969482422,-0.844116435386628,280044955.02455574,-0.13939547153787568,-0.16874943608902682,-0.17168259859654894,0.09238193734033606,0.009070784043126112,-0.030610833569109944,0.1034487747710382,-0.11426941940906321,-0.1869034772716054,-0.7321681667589539,-1.1026742002285825,-1.2152944380123363,-0.832953122961882,-1.2265358596578535,-1.3374380995908033,-0.1838819970124329,-0.7705889615322858,-6.32,-899400000.0,5872700000.0,-0.13564311260909878,0.45109136730596733,1.0,-1.5505226480836236,,0.9706009511456982,0.8760797016097369,0.9581881533101045,0.009029864223677686,2705315538.901317,0.4824561403508772,0.4824561403508772,0.4606595839905524,30.253066999545243,,-0.04832358326986341,1.1383699124878455,2012-12-31,,
NEM,Newmont,Materials,2013-04-30,32.835935904823984,32.400001525878906,72.41999816894531,-0.5526097439232955,335034299.6390812,-0.06447468590863459,-0.126615888035417,-0.14518120684377384,-0.14317738573639205,-0.2552862196826722,-0.2963446058652532,-0.20806324407969912,-0.41113239969862125,-0.46185181571649453,-0.15129776594736932,-0.509192206348335,-0.6059090932237343,0.12577517726992204,-0.24692678249265576,-0.3639120103922672,-0.3410079265239345,-0.4367496063807593,3.29,1634000000.0,,,,1.0,3.506849315068493,,16.75,,16.499999999999986,-0.009400900227548359,16091672490.360525,0.04,0.02,,5.323461389964691,9.848024779902403,,,2013-03-31,TTM net income jumped 16.75x in one quarter,
AA,Alcoa,Materials,2013-06-30,34.8118823563549,18.791460037231445,117.1943130493164,-0.8396555297924411,153231158.47225502,0.04231639276464305,-0.01010210524890165,-0.04514463563010723,0.3687089162246926,0.20552574554672698,0.16688351141285074,0.9265983403719131,0.6825747404897293,0.6259966161179822,0.45374804511167044,0.11960723181541022,0.012029319945669192,0.22506831758845447,-0.16203607836940526,-0.27604497000477435,-0.02429669266242518,-0.02429669266242518,,,,,,,,,,,,,,,,,,,,,,,
DLR,Digital Realty,Real Estate,2013-10-31,33.032856808626946,47.65999984741211,80.58999633789062,-0.40861146527929515,86146626.77577186,0.08802749236865237,0.06892889106097155,0.04632131383003623,0.15749309042617776,0.0757022450555207,0.07045758163050565,0.5361831905876533,0.36670810299930356,0.36506304737559614,0.7354997194776558,0.5053091999689194,0.4703272240794741,1.2826795431422142,0.9980777715487865,0.9136635748017605,-0.09693641525112595,-0.09693641525112595,1.4299999999999997,219145000.0,1414087000.0,0.25036429872495436,0.13687448481071196,1.0,0.014184397163120366,0.5614884202381288,1.0288352746205454,1.0777567295059427,1.042553191489362,0.18441554827465545,7303811654.937852,0.0,0.0,5.165036984950609,8.798731907324612,33.328671221966516,0.04415453422423132,1.06593979880711,2013-06-30,,shares +18% y/y
FE,FirstEnergy,Utilities,2014-01-31,34.37417818956655,31.489999771118164,84.0,-0.6251190503438313,170137035.22254097,0.08438599722336249,0.022868648477587294,0.03716796057631508,0.013721726734923667,-0.07995645659525907,-0.05186130978450926,0.33835707625512357,0.19711056139015914,0.19546004721813987,0.143250074123505,0.01191674983237867,0.010558176843955769,0.0950931272025417,-0.2622267795836064,-0.37125995576886484,-0.03288833323027285,-0.03288833323027285,0.25,102000000.0,14793000000.0,-0.07831775700934585,,1.0,-0.9007936507936508,0.08564231738035265,0.8571428571428571,1.0436450839328537,0.8586956521739131,-0.03095193213949088,12847919906.61621,0.6819999279564858,0.6811331890615778,0.8685134797955932,12.471096195236909,125.95999908447266,-0.0008780224233418954,0.9991219775766581,2013-09-30,,
HAE,Haemonetics,Health Care,2014-04-30,33.662857285483526,30.36000061035156,45.900001525878906,-0.3385621001943917,21718071.462022692,0.17160734452344695,0.14131030357314422,0.15275008836258847,0.24242425765439868,0.16136954861066566,0.16497625630052926,0.3349801701083548,0.2062882457423003,0.1822427576886048,0.06818180675920127,-0.07281823746218641,-0.1252590830386396,0.37944664776573855,0.035678164997555495,-0.10516264770654826,-0.01646903787707832,-0.038208162848870075,0.72,37525000.0,947360000.0,0.14316329559633068,0.1652275638456877,1.0,-0.14792899408284022,0.7162763175475768,1.4730592743270732,1.368108843537415,1.5000000000000004,-0.00011903860950290834,1582304198.4770033,0.46327683615819204,0.4689265536723164,1.6702248337242478,14.2227341040694,42.16666751437717,-0.005536229023948347,1.07634925270116,2013-12-28,,
CDE,Coeur Mining,Materials,2014-05-31,32.58991557018085,6.840000152587891,360.0,-0.9809999995761447,14594971.965422707,0.15789468909015159,0.11122773885322079,0.11253680597152985,-0.3991227929368396,-0.4846846893663127,-0.4809104831409684,-0.2032164026344826,-0.3204908852520806,-0.36035655619998863,0.1008772070631605,-0.03321471575005419,-0.1008000573759941,0.3567250564088318,0.02489819010349592,-0.11881141523096933,-0.5073099724757145,-0.7631579003421235,-7.15,-700024000.0,733830000.0,-0.1494045031730853,-0.15925214882959438,1.0,-12.171875,,-0.01827213367970231,,8.673617379884035e-17,0.09982958135734932,669673324.0300959,0.0,0.0,0.912572835711399,,,-0.016305761172341837,1.022722045724755,2014-03-31,,
TPR,"Tapestry, Inc.",Consumer Discretionary,2014-06-30,33.0344474598847,34.189998626708984,79.69999694824219,-0.5710163119716022,269015968.68498063,0.05106461802812934,0.03971731478814422,0.07503212448312194,0.11937244505335642,0.05846659735061799,0.060439512219406896,0.049593925128823546,-0.02284619049487624,-0.05843425063053523,0.2851619120485136,0.1701473768827606,0.11433137531467799,0.5450890692606991,0.23188336959078382,0.09393448694589884,-0.03423640339805434,-0.16504726363485045,3.2799999999999994,927404000.0,4892698000.0,-0.02300268795679139,0.07936544542880686,1.0,-0.11351351351351346,0.6931063346387253,0.9966183948492875,0.9933862060777637,1.0,-0.01723807244150377,9667055331.220861,0.07142857142857142,0.07142857142857142,1.975812799241004,5.97494030480493,10.423780069118594,-0.0176587393211729,1.0266217553684922,2014-03-29,,
KBR,"KBR, Inc.",Industrials,2014-07-31,34.247267748641704,20.65999984741211,45.2400016784668,-0.5433245119165017,50466496.39748164,-0.07299112883416259,-0.12225621072415194,-0.13129932810854966,-0.19279424970759707,-0.23628815153339666,-0.2672388405522075,-0.13893224483166233,-0.25053519818456826,-0.3031950949265678,-0.2948452200239515,-0.4662667851273701,-0.5645177255339058,-0.23373527139944916,-0.5921874061431236,-0.7624349890008894,-0.3126754305260605,-0.422400141031228,,,6727000000.0,-0.127836120834954,-0.09747250175520716,1.0,,,,,,-0.01660978000000013,3000277799.9809456,0.38961038961038963,0.38961038961038963,0.4460053218345393,,,-0.04146480478768877,0.9915156189741612,2014-06-30,,
CLF,Cleveland-Cliffs,Materials,2014-09-30,33.03608624254436,10.380000114440918,121.9499969482422,-0.9148831457630427,101421126.47358273,-0.30241401402177537,-0.3514165122773062,-0.3872631671147389,-0.5300575908054653,-0.5883051372780935,-0.6603934156306865,-0.7616092521559037,-0.7538960665970361,-0.8230716377885661,-0.42844847443748124,-0.5725970530176974,-0.7004905562636319,-0.30143702977897946,-0.6572432268477044,-0.8882572158531461,-0.7772414444183148,-0.8827586405587177,0.32000000000000006,101100000.0,5103200000.0,-0.10626970227670751,-0.14725209080047785,1.0,,0.567021873247336,0.5712212817412333,0.6736214605067065,0.49367088607594933,1.2877211568504916,3279431286.156177,0.5670834931594425,0.5226088964460398,0.6426225282481927,8.244252084020408,32.43750035762786,-0.07060773279425958,1.000262697022767,2014-06-30,,shares +129% y/y
EXEL,Exelixis,Health Care,2014-09-30,33.87892195881399,1.5299999713897705,50.5,-0.9697029708635689,16053504.040798118,-0.05882347441324487,-0.1078259726687757,-0.1436726275062084,0.67973854986961,0.6214910033969818,0.5494027250443887,2.6666668224958063,2.674380008054674,2.605204436863144,7.359477255568359,7.215328676988143,7.087435173742209,14.836601304134069,14.480795107065344,14.249781118059902,-0.1764705790688741,-0.1764705790688741,-1.52,-285899000.0,20585000.0,-0.5173731595235862,-0.8279488348265249,0.0,,,,,,0.0487805889837285,287779909.0923447,0.6545454545454545,0.6545454545454545,13.98007816819746,,,-0.22537066305411302,1.1047165168743038,2014-06-30,,
APA,APA Corporation,Energy,2014-12-31,34.57712861104406,62.66999816894531,149.22999572753906,-0.5800442272787647,348753463.09711516,-0.033456627422251195,-0.04226980778404399,-0.07404547398178812,-0.07342196716001903,-0.08429406098996395,-0.12136055155946075,-0.2774769480735546,-0.2898195270563837,-0.3044621856351526,0.052439978941875465,-0.08136236716713685,-0.18657131205143387,-0.28567983346563053,-0.6655791005926246,-0.8454008993835355,-0.42171168453532415,-0.47301203111162393,,,,,,,,,,,,,,,,,,,,,,,
FCX,Freeport-McMoRan,Materials,2014-12-31,34.313841148873166,23.36000061035156,63.619998931884766,-0.6328198522077606,398299629.98104095,-0.17762689293290423,-0.18644007329469703,-0.21821573949244116,-0.18973387287442212,-0.20060596670436703,-0.23767245727386382,-0.7013826620036139,-0.713725240986443,-0.7283678995652119,-0.41820345857931707,-0.5520058046883294,-0.6572147495726264,-0.16369508984790226,-0.5435943569748963,-0.7234161557658072,-0.7318177947266037,-0.844736587865647,2.1500000000000004,2251000000.0,22088000000.0,0.129878766177298,,1.0,-0.21532846715328458,0.4460959175584622,1.0,1.1006461719208929,0.9877551020408164,0.06485385266138355,24457377383.20993,0.38571428571428573,0.22142857142857142,1.1072698923945097,,10.865116562954212,-0.020791771955490534,1.0981967305207572,2014-09-30,,
OVV,Ovintiv,Energy,2014-12-31,33.348849110145025,69.3499984741211,496.7999877929688,-0.8604066018958493,117883730.03515698,-0.19099108302052603,-0.19980426338231883,-0.23157992958006296,-0.19588397246424494,-0.20675606629418986,-0.24382255686368665,-0.6208772534864824,-0.6332198324693115,-0.6478624910480804,-0.11913690054002912,-0.25293924664904144,-0.35814819153333843,0.005972718768449514,-0.37392654835854455,-0.5537483471494554,-0.6536501174073643,-0.7765485106617677,,,,,,,,,,,,,,,,,,,,,,,
RRC,Range Resources,Energy,2014-12-31,34.365917288816604,53.45000076293945,95.41000366210938,-0.43978619944056974,177190767.6723117,-0.02555228229369466,-0.034365462655487455,-0.06614112885323159,-0.07465845548669381,-0.08553054931663873,-0.12259703988613553,-0.5375880992678018,-0.5499306782506309,-0.5645733368293998,-0.3529914657266544,-0.4867938118356667,-0.5920027567199637,-0.6774940068995541,-1.0573932740265481,-1.2372150728174591,-0.6093643683500038,-0.6390520020155132,2.2699999999999996,378499000.0,2267567000.0,0.19807774304144776,0.4737065451575302,0.0,1.6395348837209296,,1.934403138556195,,1.957142857142857,0.020518364253126586,8912234290.207851,0.012195121951219513,0.08368376787216149,3.9303069281780214,,23.54625584270461,0.08341033640867845,1.147068653226631,2014-09-30,TTM net income jumped 1.93x in one quarter,
FTI,TechnipFMC,Energy,2015-01-31,34.23011467867761,27.886905670166016,47.55952453613281,-0.41364204242665936,135783126.56919777,0.17662754472983289,0.12678770425891872,0.11490472047903344,-0.12593380897553175,-0.19120400500440726,-0.20838277666655597,-0.3289753464719818,-0.32028906314518346,-0.31447859123352384,-0.10298815884280221,-0.2923192009154695,-0.40498810967330834,-0.12968771918973798,-0.6318651627077269,-0.7898546120272386,-0.3903413126718289,-0.40501611623135114,,,,,,,,,,,,,,,,,,,,,,,
J,Jacobs Solutions,Industrials,2015-01-31,33.47523033059812,31.514429092407227,85.43636322021484,-0.6311356440678799,65611265.77679662,0.1249343123355171,0.07509447186460294,0.06321148808471766,0.10551172569305933,0.04024152966418382,0.023062758002035125,0.029658788014140347,0.038345071340938675,0.04415554325259829,0.5367458047566174,0.3474147626839501,0.23474585392611125,0.8430341016867458,0.3408566581687569,0.18286720884924512,-0.07611523010926269,-0.08766396461260595,2.0513329528441564,328108000.0,12695157000.0,0.07418794257349748,0.0848739528196738,1.0,-0.2321981424148607,0.6213366460380103,0.9875252013150773,0.9772459225177472,0.9845201238390093,0.010024296496087937,5040691364.273672,0.2997093023255814,0.24544573643410852,0.3970562446981689,8.093893601432471,15.362902959615955,0.006005529118685793,1.031091506241709,2014-09-26,,
MAT,Mattel,Consumer Discretionary,2015-01-31,31.921745556318214,26.899999618530277,48.47999954223633,-0.44513201583067896,148568973.74484047,0.06144346426941438,0.011603623798500218,-0.0002793599813850703,-0.11216731604796193,-0.17743751207683744,-0.19461628373898615,0.09032583672775774,0.09901212005455606,0.10482259196621567,0.08736130219313898,-0.10196973987952829,-0.21463864863736715,-0.315588925569679,-0.8177663690876679,-0.9757558184071796,-0.2432601452696188,-0.2432601452696188,2.08,718192000.0,6143069000.0,-0.07310540602974147,0.04887865124795643,1.0,-0.12970711297071136,0.8015428364798686,1.0746206199661188,1.0996239203596057,1.0794979079497908,-0.018955353203280123,9288156022.130527,0.525,0.36837349397590363,1.5119732534553214,10.161671848704058,12.932692124293402,-0.029317198763835206,1.019873243346553,2014-09-30,,
RS,"Reliance, Inc.",Materials,2015-01-31,34.013931255059475,52.369998931884766,78.44000244140625,-0.33235597524356875,40131605.79761929,0.24478395897649796,0.1949441185055838,0.18306113472569852,0.1727884326569442,0.1075182366280687,0.09033946496592,0.1170392503632327,0.12572553369003103,0.13153600560169065,0.5984081891975566,0.4090771471248893,0.29640823836705044,0.8006325717710578,0.29845512825306897,0.14046567893355721,-0.017539224185812663,-0.017539224185812663,4.34,341000000.0,10181600000.0,0.15619854419095858,0.025491429103782437,1.0,-0.013636363636363558,0.5734947864110326,1.047677637649954,1.0524123568205483,1.0456730769230769,0.016208952716888936,4114785630.3623743,0.38967136150234744,0.3192488262910798,0.40413939168326923,7.875805631277035,12.066820030388195,0.02637096774193548,1.0572106940740258,2014-09-30,,growth 16% vs 3% a year earlier
ANF,Abercrombie & Fitch,Consumer Discretionary,2015-03-31,33.62113472579286,22.040000915527344,85.7699966430664,-0.7430336740335055,69405731.36554597,-0.0152149543071739,-0.01725588072272044,-0.01722079673407611,-0.019467441411777697,0.042862712106042755,0.051053148048783234,0.480561033372664,0.46372294389127644,0.4647410479369614,-0.4104947661613889,-0.6009399403331848,-0.6721344146879786,0.25889912802198123,-0.09533030168680545,-0.21341605307393707,-0.29403142343964606,-0.4699118617159437,0.71,51821000.0,3744030000.0,-0.09056991224215716,-0.08732543304354767,1.0,0.02898550724637694,0.45649626934698156,1.8538835808102454,2.081348519648869,1.9183673469387756,-0.07810548581081567,1608640686.5402007,0.11794871794871796,0.21564537157757493,0.42965486028162186,4.063495577278934,31.042254810601893,-0.04577223652731166,0.9987108082548015,2015-01-31,,
NOV,NOV Inc.,Energy,2015-03-31,34.53376292086469,49.9900016784668,86.55000305175781,-0.4224147901118819,379332812.37901354,-0.024842121651470594,-0.026883048067017135,-0.026847964078372803,-0.23083609252326442,-0.16850593900544397,-0.16031550306270348,-0.3472723010129878,-0.3641103904943753,-0.36309228644869035,-0.15381115600607953,-0.3442563301778754,-0.41545080453266925,-0.21852593280838628,-0.572755362517173,-0.6908411139043046,-0.46765721774332725,-0.46765721774332725,5.82,2502000000.0,21440000000.0,-0.06248633521360791,0.14111072301781347,1.0,0.18646691176470598,0.6924993080542485,1.037387193811775,1.0554769317860175,1.1252855394656334,-0.09377656062549844,21490547113.32026,0.13811573409851743,0.12242945958871354,1.0023576078974001,4.809962904422742,8.589347367434158,0.019350544382636725,1.0193505443826367,2014-12-31,,
DAR,Darling Ingredients,Consumer Staples,2015-04-30,34.50082699779695,13.65999984741211,23.950000762939453,-0.4296451184857675,39144535.88256079,-0.0592971797211137,-0.07399499834365697,-0.07659334761228147,-0.2591508053730821,-0.26667075941210794,-0.2579330967563055,0.06076134209205697,0.04985657739087768,0.02929435185922679,0.10761349073567517,-0.08294032980568233,-0.17986024698993308,0.2547583880753568,-0.09321459923938602,-0.22487289340909505,-0.43045385822004434,-0.43045385822004434,0.39,64215000.0,3956443000.0,1.2955197122218678,0.013001424097038417,1.0,-0.5714285714285714,0.39034575826099643,3.830301222785565,1.2235252567330157,2.5999999999999996,0.3750493268604256,2249171513.337355,0.5296803652968036,0.5296803652968036,0.5684832343944688,9.89073789145177,35.02564063439002,0.19064425721416223,1.2819836964404863,2015-01-03,TTM net income jumped 3.83x in one quarter,shares +38% y/y
RYN,Rayonier,Real Estate,2015-04-30,34.781366881133366,25.59000015258789,45.27259063720703,-0.4347573268414445,22776082.095642697,-0.029043405102944786,-0.043741223725488054,-0.04633957299411255,-0.09605402720645351,-0.10357398124547934,-0.09483631858967691,0.007267040290387827,-0.0036377244107914652,-0.02419994994244235,0.19541055161696708,0.004856731075609577,-0.09206318610864117,0.6277715414746501,0.2797985541599073,0.14814025999019825,-0.2794641311406493,-0.2794641311406493,0.76,99337000.0,603521000.0,-0.6466136400631917,0.04461572289497018,1.0,-0.5083864734299517,1.010662434250018,0.5838819269743494,,0.5757575757575758,-0.24472521366830513,3344781375.207399,0.9714285714285714,0.971943371943372,5.54211266088073,18.027197518692066,33.67105283235249,,,2014-12-31,net income 1.01x operating income,
WYNN,Wynn Resorts,Consumer Discretionary,2015-04-30,34.199726942755746,111.06999969482422,249.30999755859372,-0.5544903903473821,325404202.90609694,-0.06648036665095525,-0.08117818527349852,-0.08377653454212301,-0.3642785535086569,-0.37179850754768273,-0.3630608448918803,-0.18686720676418267,-0.19777197146536196,-0.21833419699701284,0.15724818805981755,-0.03330563248153995,-0.1302255496657907,0.7768880788517771,0.42891509153703433,0.2972567973673253,-0.5429544150241872,-0.5429544150241872,7.18,731554000.0,5433661000.0,-0.0333174047880993,0.0905367263425918,1.0,0.001394700139470073,0.5777199003694291,1.0984885428224054,1.0504907468382343,1.097428958051421,0.002584392223824228,11316671665.285158,0.09649790635706129,0.08298439284354778,2.082697405172159,10.27566470025263,15.469359288972733,-0.06567217766473288,1.0428214717920166,2014-12-31,,
OPCH,Option Care Health,Health Care,2015-05-31,34.55045248814996,14.199999809265137,91.8000030517578,-0.8453159113594034,7675866.59112355,-0.3154929297473119,-0.25625047765562237,-0.2599017398599248,-0.40281692562394644,-0.4011845961752615,-0.3980853679512796,-0.23943659607036483,-0.2544887971697902,-0.2767722960190911,-0.490140854340417,-0.682172791904296,-0.7638763825651089,-0.25352108986976896,-0.6167366583843398,-0.7581744975189284,-0.6647887117733581,-0.7239436528910201,-8.36,-141827000.0,,,,1.0,,,,,,0.02367974760820668,240902317.3383549,,,,,,,,2015-03-31,,
CNP,CenterPoint Energy,Utilities,2015-06-30,34.29345431682175,19.030000686645508,42.52935028076172,-0.5525442885673759,73304011.51043725,-0.03972210595142589,0.02451786492843855,0.0314816195375429,-0.008639149020745474,-0.010093818866574122,0.012371158843833996,0.3298019253568951,0.29010328025605125,0.2693685651983816,0.5832216295226738,0.3587190390855439,0.2698007842186614,0.6668534857458162,0.26737250011051383,0.13908669822305397,-0.13336933725423405,-0.13336933725423405,1.29,557000000.0,8496000000.0,-0.043350973989415564,0.1450489943269726,1.0,0.592592592592593,0.6216517857142857,1.5931232091690544,1.0108108108108107,1.5925925925925928,0.00213233824215342,8216829753.846161,0.6098484848484849,0.5265151515151515,0.9671409785600472,7.846023137940858,14.751938516779463,-0.07912421417732496,1.0956081914631137,2015-03-31,TTM net income jumped 1.59x in one quarter,
NLY,Annaly Capital Management,Financials,2015-06-30,32.71170200513602,36.7599983215332,86.0,-0.5725581590519395,90054029.52884342,0.10583122133469147,0.1700711922145559,0.17703494682366028,0.08429440151177348,0.08283973166594483,0.10530470937635295,0.3547407782693912,0.31504213316854734,0.2943074181108777,0.6445623178420148,0.42005972740488495,0.3311414725380024,0.5630422739105538,0.16356128827525152,0.035275486387791655,-0.04632938839786738,-0.04632938839786738,-5.0,-1115141000.0,,,,1.0,-1.4734848484848484,,1.238000187588665,,1.2903225806451606,-0.11328440940352069,8198516257.654572,,,,,,,,2015-03-31,,
CNX,CNX Resources,Energy,2015-07-31,31.92246150853316,13.766667366027832,99.25,-0.8612930240198707,110658296.98218572,-0.596562124955595,-0.5894882311797499,-0.5777109430633203,-0.518437997025605,-0.4490129069110317,-0.43097008551443067,0.17703183667613942,0.12321890682552783,0.07396807496762953,0.017907882717057122,-0.20415808125524282,-0.3098408588195685,0.18650647442151524,-0.23276049028536816,-0.38057769589637613,-0.7246484302021768,-0.7246484302021768,0.45,126117000.0,3673326000.0,0.13303095123895958,-0.3875067846777087,1.0,-0.8402366863905326,,1.080989967358977,,1.0843373493975903,0.014639933471206623,3858246196.00296,0.17444914635925873,0.3634904421421276,1.0503413516804554,6.915797215355871,30.592594146728516,-0.014349560642309078,1.0777900300274366,2015-03-31,,
CVX,Chevron Corporation,Energy,2015-07-31,33.934226308704666,88.4800033569336,135.10000610351562,-0.3450777249474074,730964256.0512846,0.04006633244959734,0.04714022622544245,0.05891751434187206,0.001683185908535112,0.07110827602310843,0.08915109741970946,0.214911562540282,0.1610986326896704,0.11184780083177209,0.34740909771842854,0.1253431337461286,0.019660356181802896,0.6183690717986057,0.19910210709172227,0.051284901480714296,-0.2036987117237371,-0.2036987117237371,9.150000000000002,17296000000.0,193263000000.0,-0.14217803324530065,-0.053469847325037234,1.0,-0.10905550146056453,,1.0320586328962458,,1.0362595419847327,-0.017406184596398422,167251381208.90964,0.5280898876404494,0.5168539325842697,0.8654081806083401,4.34680556744988,9.669945722069244,-0.08825305467754874,1.0025255775760669,2015-03-31,,
FLR,Fluor,Industrials,2015-07-31,33.23297294883051,46.75,101.36499786376952,-0.5387954324940635,72255097.91936722,0.027400281764709433,0.03447417554055454,0.046251463656984154,-0.031137763152239928,0.03828732696233339,0.05633014835893442,0.16497058299870315,0.11115765314809156,0.06190682129019326,-0.039018110298496556,-0.2610840742707965,-0.3667668518351222,0.1542223897128796,-0.2650445749940038,-0.4128617806050118,-0.1479018700051672,-0.1479018700051672,3.75,670601000.0,20254032000.0,-0.14221159726902355,-0.17251990819608243,1.0,0.08069164265129691,,1.0818989508532082,,1.1574074074074074,-0.12071436452606321,8360159133.333334,0.24656679151061173,0.21681231793591346,0.41276517847573924,5.461954105431622,12.466666666666667,-0.021335849811481622,0.9841652610695808,2015-06-30,,
GEF,"Greif, Inc.",Materials,2015-07-31,32.701890391213794,30.989999771118164,73.44999694824219,-0.5780803123388036,10320613.908159165,0.07066378251786265,0.07773767629370776,0.08951496441013737,-0.12482212139531335,-0.05539703128074003,-0.037354209884139,0.3642631442963504,0.31045021444573884,0.26119938258784053,0.9693358978882742,0.7472699339159743,0.6415871563516486,0.9694642928646675,0.5501973281577841,0.40238012254677613,-0.20926006812344922,-0.20926006812344922,,73300000.0,3990300000.0,-0.09125483944431789,0.026894293732460328,1.0,,0.34045517882025084,0.9934426229508196,0.9759326113116726,,,,,,,,,-0.036136138554071384,1.0117597843264852,2015-04-30,,
MUR,Murphy Oil,Energy,2015-07-31,30.886775739835073,32.790000915527344,87.62521362304688,-0.6257926279462669,89612669.97273158,-0.12397604902705273,-0.11690215525120762,-0.105124867134778,-0.38838106265083794,-0.3189559725362646,-0.3009131511396636,-0.11605103490793733,-0.16986396475854892,-0.21911479661644723,-0.11165613132258867,-0.3337220952948886,-0.4394048728592143,0.15183013366390719,-0.2674368310429762,-0.4152540366539842,-0.5539952515133302,-0.5539952515133302,4.1000000000000005,735917000.0,4756875000.0,,,1.0,-0.16496945010183295,,1.494915763444339,,1.492581602373887,-0.04010503940325827,5885541244.817594,0.46538152610441763,0.332726260848638,1.2372705284073249,2.6933000327139633,7.997561198909107,-0.10059836265651312,0.8994016373434869,2015-03-31,,
SPXC,SPX Technologies,Industrials,2015-07-31,34.97433645285662,16.471921920776367,35.462100982666016,-0.5355063161985836,40104865.47707631,-0.2563102193588699,-0.24923632558302478,-0.23745903746659516,-0.4354028488318302,-0.3659777587172569,-0.3479349373206559,-0.08086011965450335,-0.13467304950511494,-0.18392388136301324,0.6707218860145361,0.44865592204223614,0.34297314447791044,1.2523175287351327,0.8330505640282493,0.6852333584172413,-0.537394608703929,-0.537394608703929,0.43565852430118346,47000000.0,4470200000.0,-0.05169816924415027,-0.06775437555621477,1.0,,0.2684180468303826,0.7755775577557755,0.9955423476968797,0.8606965174129354,1.513029238345132,1777034734.9872482,0.312905929184999,0.43753055380962363,0.39752913404036694,9.477053839175372,37.809249680579754,-0.026291141170576626,1.0037903792508678,2015-06-27,,shares +151% y/y
VMI,Valmont Industries,Industrials,2015-07-31,33.63786972641661,111.2300033569336,164.92999267578125,-0.3255926253777922,29443357.820093066,-0.02146801581174962,-0.01439412203590451,-0.0026168339194749014,-0.034720467671379596,0.03470462244319372,0.05274744383979475,0.19279038394000714,0.13897745408939555,0.08972662223149724,0.40555422023934384,0.1834882562670439,0.0778054787027182,0.2980191346243941,-0.1212478300824893,-0.26906503569349727,-0.16683982835410138,-0.16683982835410138,5.1000000000000005,122632000.0,2881325000.0,-0.09965937153250937,-0.057721621257950884,1.0,-0.4062863795110593,0.4614128492145612,0.9273778499165755,0.9466538559958285,0.9491298527443107,-0.10705078925821854,2674579955.228917,0.5064935064935066,0.5281385281385281,0.9282465376966906,8.688344112949565,21.8098045797909,-0.052756902900617075,1.00390507504805,2015-06-27,,
AMD,Advanced Micro Devices,Information Technology,2015-08-31,34.44090198543151,1.809999942779541,48.5,-0.9626804135509373,35235880.11247393,0.30386738657663837,0.24262937390153905,0.25176236596099133,0.18232053732436393,0.19216388066956547,0.20026735097849896,3.0883979719930608,2.964841834371331,2.9186542710594074,6.18232066904734,5.877138134992756,5.778041830856416,12.906077829837626,12.346448429844308,12.192692801825103,-0.08839777440859675,-0.08839777440859675,-0.9199999999999999,-708000000.0,4640000000.0,-0.2119565217391305,0.26000427990584196,0.0,-9.363636363636363,,0.6172839506172839,0.9064327485380117,0.6363636363636365,0.04508856682769702,1392912999.443386,0.038461538461538464,0.038461538461538464,0.3001967671214194,,,-0.09710060323020042,1.0892086330935251,2015-06-27,,
BEN,Franklin Resources,Financials,2015-08-31,34.75463106856556,40.58000183105469,59.43000030517578,-0.3171798481797995,134747969.09308055,0.037185992646384225,-0.024052020028715093,-0.014919027969262838,-0.10870439830197942,-0.09886105495677788,-0.09075758464784438,-0.08288012075484064,-0.2064362583765702,-0.25262382168849407,0.10758618126282449,-0.19759635279175947,-0.2966926569280999,-0.09518184689608533,-0.6548112468894022,-0.8085668749086083,-0.23663848162185253,-0.23663848162185253,3.72,2317700000.0,8230400000.0,-0.010852452317713701,0.06451819251829494,1.0,0.042016806722688926,0.7369944034596795,1.0584187863452745,1.0321050945209869,1.0616246498599438,-0.012631795250717004,25282868345.117054,0.07025953275467461,0.08818067970807963,3.071888164015972,5.620193370108072,10.908602642756636,-0.015514168490807556,1.026011271133375,2015-06-30,,
CDP,COPT Defense Properties,Real Estate,2015-08-31,33.60842280958177,21.030000686645508,56.45000076293945,-0.6274579202405942,23732041.71722957,0.07384387440531626,0.012605861730216938,0.021738853789669194,0.14160845436777136,0.1514517977129729,0.1595552680219064,0.4201289486579851,0.29657281103625555,0.2503852477243317,0.7198089341948364,0.4146264001402524,0.315530096003912,0.6489752602595438,0.08934586026622693,-0.06440976775297924,-0.047683405427635495,-0.047683405427635495,0.45999999999999996,56760000.0,631383000.0,0.15405199405594217,0.013613634384616713,1.0,-0.48888888888888893,0.3979918101755764,1.265651665753028,1.0550678046312767,1.4,0.14862151477553942,2594919215.1608677,0.27073227073227074,0.3274890274890275,4.1098971862734155,17.389038469268343,45.71739279705545,0.05083383263431207,1.050833832634312,2015-06-30,,growth 15% vs 1% a year earlier
COP,ConocoPhillips,Energy,2015-08-31,34.371290547430974,49.150001525878906,87.08999633789062,-0.43564124936706417,472316429.15048146,0.11456630409377055,0.053328291418671236,0.06246128347812349,-0.29695600925702226,-0.2871126659118207,-0.27900919560288723,-0.13687878071655502,-0.2604349183382846,-0.30662248165020844,-0.06085643081453296,-0.3660389648691169,-0.4651352690054573,0.6096735204865542,0.050044120493237365,-0.1037115075259688,-0.35472928585828756,-0.35472928585828756,2.2,2758000000.0,39297000000.0,-0.2999305221527444,-0.019099709922063446,1.0,-0.7018970189701896,,1.0244248173590667,,1.0216802168021681,0.008814345615130614,61616229185.62455,0.8333333333333334,0.9100877192982456,1.567962673629655,,22.34090978449041,-0.12332403792526492,1.0229540734750886,2015-06-30,,
DCI,Donaldson Company,Industrials,2015-08-31,34.56928859626463,31.309999465942383,43.7400016784668,-0.284179280647895,22174343.781740703,0.0028745271409027495,-0.05836348553419657,-0.049230493474744313,-0.08750335771907836,-0.07766001437387682,-0.06955654406494331,0.22502376371652755,0.10146762609479798,0.055280062782874145,0.5661303952861618,0.26094786123157787,0.16185155709523746,0.7034530790265789,0.1438236790332621,-0.009931948985944072,-0.19017327588179445,-0.19017327588179445,1.5799999999999998,224805000.0,2429693000.0,-0.0033394398470116826,-0.009488511031465752,1.0,-0.09195402298850586,0.7267316874476704,1.0013352470591856,0.9975799350536453,1.0114942528735633,-0.047356775354728264,4454838246.798214,0.07981220657276995,0.06103286384976526,1.8334984077404899,11.714315178534003,19.816455358191384,-0.022615826613470946,1.0146162536087362,2015-04-30,,
DVN,Devon Energy,Energy,2015-08-31,32.97068315702178,42.65999984741211,127.43000030517578,-0.6652279702954736,210744530.81239972,0.08503950334667532,0.023801490671575998,0.03293448273102825,-0.5327345966483799,-0.5228912533031783,-0.5147877829942448,0.0416730024899703,-0.08188313513175927,-0.1280706984436831,-0.24061389398759958,-0.5457964280421835,-0.6448927321785239,0.04560671080669643,-0.5140226891866204,-0.6677783172058266,-0.5709611304575688,-0.5709611304575688,-14.34,-5807000000.0,17989000000.0,0.32535180137036757,0.4273845830266063,1.0,-4.576059850374065,,1.3590214067278288,1.2709526288391462,1.3516209476309229,-0.006816970131238387,17275217511.43111,0.0,0.0,0.9603211691273061,,,-0.05846330995498794,1.208150663785119,2015-06-30,,
EMR,Emerson Electric,Industrials,2015-08-31,32.440486946657444,47.720001220703125,70.66000366210938,-0.3246532869019304,235481196.27998593,0.05818136957415243,-0.0030566431009468875,0.006076348958505368,0.04399086659458251,0.05383420993978405,0.061937680248717555,0.14641672603620415,0.02286058841447458,-0.023326974897449254,0.3282583595523767,0.023075825497792746,-0.07602047863854766,0.775928024831128,0.21629862483781115,0.06254299681860498,-0.1270002846034226,-0.1270002846034226,3.589999999999999,2472000000.0,23297000000.0,-0.050729361910194726,-0.0006108237976951703,1.0,0.01126760563380258,,1.192760180995475,,1.207667731629393,-0.03457471385760835,32859009197.09698,0.14471326164874554,0.13590203106332138,1.4104395071080817,7.691588754081005,13.292479448663826,-0.03356010951630295,1.0045608176894572,2015-06-30,,
GRMN,Garmin,Consumer Discretionary,2015-08-31,34.87331674379885,37.61000061035156,125.68000030517578,-0.7007479271242276,66784392.79499962,0.020697940698608974,-0.040540071976490344,-0.03140707991703809,0.10764806287530715,0.11749140622050869,0.12559487652944218,0.37605169611335687,0.2524955584916273,0.20630799517970347,0.5037763548488952,0.1985938207943112,0.0994975166579708,1.0610268691259361,0.5013974691326193,0.3476418411134131,-0.15539587294032298,-0.15539587294032298,1.4100000000000001,267956000.0,2868813000.0,0.037770583128346136,0.03557145233239578,1.0,-0.5765765765765765,0.42541814515808946,1.1469370274381123,1.0358095284038575,1.1604938271604937,-0.02948025040962976,7147393846.487491,0.4851851851851852,0.6037037037037036,2.4914115512190897,8.84533817404782,26.673759298121674,-0.0013986203852576207,1.0302950115816878,2015-06-27,,
NRG,NRG Energy,Utilities,2015-08-31,33.91313568527943,19.920000076293945,47.18999862670898,-0.5778766548846759,103783850.0343353,-0.3725352859456479,-0.4337732986207472,-0.4246403065612949,-0.44460239921425126,-0.4347590558690497,-0.42665558556011624,-0.3734827515313536,-0.49703888915308314,-0.543226452465007,0.29863145276174774,-0.006551081292836214,-0.10564738542917662,0.8528782431150925,0.2932488431217757,0.1394932151025695,-0.553261325200255,-0.553261325200255,0.04000000000000001,70000000.0,16208000000.0,0.27622047244094494,0.4240748617609529,1.0,,0.05998286203941731,0.5223880597014925,2.073409461663948,0.1739130434782609,4.498489425981872,34860000133.5144,0.881992337164751,0.9632850241545894,2.1507897417025172,19.349454594005234,498.0000019073485,0.02142677085959166,1.1243913235945109,2015-03-31,,shares +450% y/y
RL,Ralph Lauren Corporation,Consumer Discretionary,2015-08-31,32.35619059510044,111.19000244140624,192.02999877929688,-0.4209758727895495,117730453.3988226,0.12218143555936622,0.06094342288426691,0.07007641494371916,-0.17630065346989343,-0.1664573101246919,-0.1583538398157584,-0.04928225102346695,-0.17283838864519652,-0.21902595195712035,-0.1742543165758491,-0.47943685063043306,-0.5785331547667735,0.2729705602481636,-0.28665883974515327,-0.44041446776435944,-0.25444143414587206,-0.38361003369147784,6.81,604000000.0,7530000000.0,0.0033311125916055673,0.0714081772498858,1.0,-0.17852834740651402,0.6809470124013529,0.9947159841479525,0.9918032786885246,1.002412545235223,-0.028710983342935315,9861785825.933828,0.04888888888888889,0.04,1.3096661123418099,7.7257890606524695,16.327459976711637,-0.011811023622047223,1.0308850390214204,2015-06-27,,
TRMB,Trimble Inc.,Information Technology,2015-08-31,34.28592936745089,18.899999618530277,40.16999816894531,-0.5294996146367386,40975919.44663638,0.21164021591186954,0.15040220323677023,0.15953519529622248,0.23068786763767202,0.24053121098287356,0.24863468129180705,0.4497354588127227,0.32617932119099313,0.27999175787906927,1.0465609040146457,0.7413783699600618,0.6422820658237214,1.2275131917380913,0.6678837917447744,0.5141281637255682,-0.15873016193390255,-0.15873016193390255,0.49,127618000.0,2317046000.0,-0.035624979189558204,0.11611054076527516,1.0,-0.5050505050505051,0.7809059924245669,0.9809012905028701,1.0379775549188157,0.9759036144578315,-0.011817812927933491,4922408472.076729,0.24242424242424243,0.30303030303030304,2.1244327786659087,27.321869893572753,38.57142779291893,-0.023762916872766437,1.0379667478517112,2015-07-03,,
WCC,WESCO International,Industrials,2015-08-31,34.47978333006603,55.970001220703125,94.75,-0.40928758606118076,38685251.869371206,-0.14150444149911567,-0.202742454174215,-0.19360946211476274,-0.21297124575430948,-0.20312790240910794,-0.19502443210017445,0.11059492713692776,-0.01296121048480181,-0.059148773796725646,-0.09862421805113952,-0.4038067521057235,-0.5029030562420639,0.09254953616707651,-0.46707986382624034,-0.6208354918454465,-0.3925318104625829,-0.3925318104625829,4.82,253971000.0,7806683000.0,0.02351559302203321,0.08921908559155511,1.0,0.03433476394849788,0.5840239707126826,1.0631519322433598,1.0300998245668302,1.065843621399177,-0.009370388537651486,2949119746.8927784,0.21367521367521367,0.20085470085470084,0.3777686050391413,8.40444679395348,11.612033448278655,-0.011202854012175356,1.039281919755061,2015-06-30,,
XOM,ExxonMobil,Energy,2015-08-31,33.458375058303844,75.23999786376953,104.76000213623048,-0.2817869766179746,1111299065.228417,0.0947883585928262,0.033550345917726876,0.04268333797717913,0.08429729710720735,0.09414064045240889,0.10224411076134239,0.19890533888810147,0.0753492012663719,0.029161637954448066,0.08972185440957081,-0.21546067964501314,-0.31455698378135355,0.19093431168309793,-0.3686950883102189,-0.5224507163294251,-0.04957444032759828,-0.04957444032759828,,,,,,,,,,,,,,,,,,,,,,,
AES,AES Corporation,Utilities,2015-09-30,31.712407189886235,9.789999961853027,72.8125,-0.8655450649015893,72132181.596594,-0.013601685059140833,-0.08380626602148833,-0.06578750905619651,0.23103218018337435,0.14660135061556812,0.13260999800734352,0.3658026984021545,0.2127604913215193,0.15180223882784133,0.2206331175912002,-0.14571195254089742,-0.2861728281813506,0.618543055969951,0.008560631974765975,-0.15054051030455462,-0.15274853281725864,-0.15274853281725864,1.26,905000000.0,,,,0.0,,,2.15406162464986,,2.12,-0.042328042328042215,7031706321.807135,0.36082474226804123,0.22266589226078118,,1.2592012481480865,7.769841239565895,,,2015-06-30,TTM net income jumped 2.15x in one quarter,
ATI,ATI Inc.,Industrials,2015-09-30,32.13636412519325,14.18000030517578,119.6999969482422,-0.881537170704297,38624087.955123655,-0.20059010012912448,-0.270794681091472,-0.25277592412618016,0.16393376116752134,0.07950293159971511,0.0655115789914905,0.3050727575950578,0.1520305505144226,0.09107229802074462,0.7261338647177857,0.35978879458568813,0.21932791894523496,1.1341947782261772,0.5242123542309922,0.3651112119516716,-0.4969047326444781,-0.4969047326444781,0.13,15000000.0,4265100000.0,0.06787681522283417,-0.13857435565620624,1.0,-0.8807339449541284,0.11467889908256881,1.2863321799307958,1.413760603204524,1.2752293577981653,0.08796912430130388,1636153881.366436,0.31807854592664725,0.43016591251885367,0.38361442436670556,9.264436982360332,109.07692542442906,-0.022124908290535594,1.0327224511057442,2015-06-30,,
CAT,Caterpillar Inc.,Industrials,2015-09-30,32.87929097004506,65.36000061035156,116.9499969482422,-0.4411286676708721,557930795.6200736,0.05140005943124293,-0.018804521531104568,-0.0007857645658127521,0.19896615127474093,0.1145353217069347,0.10054396909871009,0.4176285932706749,0.2645863861900397,0.20362813369636173,1.057400991486706,0.6910559213546084,0.5505950457141552,1.570921826825673,0.9609394028304881,0.8018382605511675,-0.11714507734195456,-0.11714507734195456,5.859999999999999,3595000000.0,52812000000.0,-0.04353810489713128,-0.08508558267468647,1.0,-0.0217028380634392,0.7032472613458529,1.051150202976996,1.0242117117117118,1.0629251700680273,-0.050451534954273014,40097133480.24128,0.09523809523809523,0.15018315018315018,0.7592428516291995,3.9270146587469617,11.153583721902999,-0.03354378259676094,1.0022819472616633,2015-06-30,,
CBT,Cabot Corp,Materials,2015-09-30,32.76290207538966,31.559999465942383,61.459999084472656,-0.4864952825240808,13289227.494415406,0.3021983210945993,0.23199374013225182,0.25001249709754364,0.5474054914118647,0.46297466184405844,0.44898330923583385,0.6993078977041971,0.5462656906235619,0.4853074381298839,0.851647814559847,0.48530274442774934,0.34484186878729617,1.12497445884279,0.5149920348476049,0.3558908925682843,-0.016793371635069887,-0.016793371635069887,-5.4,-343000000.0,3111000000.0,-0.14509480626545757,0.06621740404336363,1.0,-2.6463414634146343,-1.2564102564102564,0.9390243902439024,1.0567823343848581,0.9477911646586346,-0.030973298880275668,2004644410.5218956,0.23250580720092917,0.19250871080139373,0.6443730024178386,6.234147436469602,,-0.07327971403038425,1.0228125902396765,2015-06-30,,
CRS,Carpenter Technology,Industrials,2015-09-30,33.32308719878654,29.770000457763672,79.66000366210938,-0.6262867299876375,16528455.48270392,0.022348480561545925,-0.04785610040080157,-0.029837343435509756,0.16313656326073267,0.07870573369292644,0.06471438108470183,0.4158471281950722,0.262804921114437,0.201846668620759,0.6781833581202388,0.31183828798814117,0.171377412347688,1.0889228979037413,0.4789404739085563,0.3198393316292357,-0.1897540163278959,-0.1897540163278959,1.11,58700000.0,2226700000.0,0.024712379199263612,-0.043447638332526295,1.0,-0.5506072874493927,0.526457399103139,0.9516562220232766,0.9865395401009535,0.9565217391304346,-0.01641023553674159,1574323447.631286,0.3105022831050228,0.2968036529680365,0.7070209043118902,9.030895841023463,26.819820232219524,-0.02054191959180085,1.0235618959963184,2015-06-30,,
CVLT,CommVault Systems,Information Technology,2015-09-30,34.300611255974744,33.959999084472656,90.0,-0.6226666768391926,22134236.6343362,0.15871612293749648,0.08851154197514899,0.1065302989404408,0.2712013937798865,0.18677056421208027,0.17277921160385568,0.5644877061380009,0.4114454990573657,0.35048724656368774,0.7903416041274216,0.423996533995324,0.2835356583548708,1.0612485832488057,0.4512661592536207,0.2921650169743001,-0.13398113544534573,-0.13398113544534573,0.24,11621000.0,594023000.0,-0.017453583095562997,0.1649045937212783,1.0,-0.813953488372093,0.8118057981138666,0.8285515782160395,0.8404311116138918,0.8294573643410851,-0.013707741864173895,1644371455.669403,0.6403508771929824,0.6403508771929824,2.768194927922661,54.742869168615805,141.49999618530273,-0.02225356888319019,1.0462564401170462,2015-06-30,,
CXT,Crane NXT,Information Technology,2015-09-30,33.78186397478315,16.18964958190918,26.731504440307617,-0.3943607020674339,16298382.965708476,0.032873650717273994,-0.0373309302450735,-0.019312173279781686,0.17086986703522422,0.08643903746741799,0.07244768485919338,0.3847395481431033,0.2316973410624681,0.1707390885687901,0.7893261455679275,0.42298107543582986,0.2825201997953767,1.2346934725106529,0.6247110485154679,0.4656099062361473,-0.1001215390353658,-0.1001215390353658,1.1219173324070857,191072000.0,2848097000.0,0.02232930948458134,0.091612900192235,1.0,-0.11019283746556474,0.6094995055663658,1.0349473050933038,1.0208830934090762,1.0352564102564104,-0.00224810572227907,2757234098.770586,0.3628691983122363,0.3037974683544304,0.968096978006924,8.61782750634194,14.430340912172301,-0.013474208667345389,1.0377532091159007,2015-06-30,,
FLS,Flowserve,Industrials,2015-09-30,33.45859203167079,41.13999938964844,82.23999786376953,-0.4997568037660117,63747954.37711685,0.027397092309785043,-0.04280748865256245,-0.024788731687270638,0.08866643450248501,0.004235604934678783,-0.009755747673545825,0.1920298013552384,0.03898759427460319,-0.02197065821907479,0.07013134465116533,-0.2962137254809323,-0.43667460112138545,0.3978237530084803,-0.2121586709867047,-0.3712598132660253,-0.17329674137234752,-0.17329674137234752,2.8499999999999996,390251000.0,4762238000.0,-0.03029376232307357,0.01671857557860279,1.0,-0.20168067226890773,0.5984113962385665,1.0358063363339982,1.0338439950993226,1.0444444444444445,-0.019575319111294176,5633307333.968314,0.31135531135531136,0.2820512820512821,1.1829117599683834,9.368602515169993,14.435087505139805,-0.012878575415769422,1.0130705287670052,2015-06-30,,
HST,Host Hotels & Resorts,Real Estate,2015-09-30,33.420048717964235,15.8100004196167,38.16079330444336,-0.5857004257357559,150652810.2882143,-0.01727290448659269,-0.08747748544894018,-0.06945872848364837,0.08311006742775073,-0.001320762140055498,-0.015312114748280106,0.03683865973474498,-0.11620354734589022,-0.1771617998395682,0.2890917458040496,-0.07725332432804799,-0.21771419996850117,0.5350195025897382,-0.0749629214054468,-0.2340640636847674,-0.2203529832758504,-0.2203529832758504,0.9299999999999999,708000000.0,5380000000.0,0.01855357819007941,-0.06047593487207015,1.0,0.5,0.9806094182825484,1.2626050420168067,1.2135416666666667,1.2741935483870968,-0.008403361344537785,12036000319.450132,0.434981684981685,0.4367299367299367,2.237174780566939,8.222067262185847,17.00000045120075,0.0033569563595672314,1.0164537359659311,2015-06-30,,
HUBB,Hubbell Incorporated,Industrials,2015-09-30,31.451894830278135,84.94999694824219,127.29000091552734,-0.3326263152074528,30796104.74850803,0.19705769420248642,0.12685311324013893,0.14487187020543074,0.26322169610633406,0.17879086653852783,0.16479951393030323,0.30005835098931755,0.14701614390868234,0.08605789141500436,0.43454881360128206,0.06820374346918445,-0.07225713217126872,0.6934894455280662,0.08350702153288125,-0.07559412074643934,-0.014773348597941993,-0.014773348597941993,5.33,313400000.0,3427800000.0,0.05218245441709124,0.056492411467116366,1.0,-0.04651162790697638,0.6260487415101877,0.9978527607361963,1.0003865481252416,1.0,-0.012653034310457612,4994996068.213716,0.3291139240506329,0.3248945147679325,1.4572017236168142,8.801466372411298,15.938085731377521,0.005337869544814744,1.01823316348456,2015-06-30,,
IBM,IBM,Information Technology,2015-09-30,34.760326973921536,138.5946502685547,206.4053497314453,-0.32853169528367043,650707774.878674,-0.041795402877588095,-0.11199998383993559,-0.09398122687464378,0.06526960570135842,-0.019161223866447807,-0.033152576474672416,0.13784535980947377,-0.01519684727116144,-0.07615509976483942,0.07853073579203018,-0.2878143343400674,-0.4282752099805206,0.17176696127753477,-0.4382154627176502,-0.5973166049969708,-0.17840331979136126,-0.17840331979136126,10.869980879541107,11278000000.0,86913000000.0,-0.11554234890655057,-0.04020198665794128,1.0,-0.2762571610439212,,0.9953418732324073,,1.0050420168067227,-0.06945640597720515,143796983918.40662,0.12637362637362637,0.16849816849816848,1.6544933890028721,7.8960399981093055,12.750220244582959,-0.03587473792805085,0.9943335323342811,2015-06-30,,
IP,International Paper,Materials,2015-09-30,34.687425374924345,35.78598403930664,56.96760559082031,-0.37181870875273104,131636696.38040736,0.008099672583418815,-0.06210490837892868,-0.044086151413636865,0.11147234073101253,0.0270415111632063,0.013050158554981692,0.3258457474529233,0.17280354037228807,0.11184528787861009,0.6290519293912304,0.26270685925913284,0.12224598361867967,0.45897254445936597,-0.151009879535819,-0.3101110218151396,-0.13094839914701006,-0.13094839914701006,2.2916666666666665,1029000000.0,,,0.012479842950291031,1.0,0.2557982436388202,0.3871331828442438,1.7351351351351352,1.330316742081448,1.7364341085271315,-0.0730778966943254,16068557487.903944,0.16748701121137544,0.30398092093193907,,6.219306189577968,15.6157021262429,,,2015-06-30,,
KEX,Kirby Corporation,Industrials,2015-09-30,32.78642913364156,61.95000076293945,124.12000274658205,-0.500886244021249,31869751.10468183,-0.15060535457872348,-0.22080993554107098,-0.20279117857577916,-0.026795800273906933,-0.11122662984171316,-0.12521798244993776,0.0033898156882394836,-0.14965239139239572,-0.2106106438860737,0.06456813778920356,-0.30177693234289404,-0.4422378079833472,0.32768359946824543,-0.28229882452693955,-0.44139996680626015,-0.27958029832964293,-0.27958029832964293,4.66,263921000.0,2479847000.0,0.06121400101506236,0.08357445719309564,1.0,-0.016877637130801704,0.5955447141996439,1.0280606589118642,1.021236115931968,1.0253164556962024,-0.008041176012734241,3508563551.793078,0.1687763713080169,0.1687763713080169,1.4148306535818855,6.925382218970313,13.293991580029925,-0.03310192631236242,1.055467258244387,2015-06-30,,
LIN,Linde plc,Materials,2015-09-30,32.517112721740716,101.86000061035156,135.24000549316406,-0.2468204933968281,198550685.00228155,0.011857006170155948,-0.05834757479219155,-0.04032881782689973,0.13913210479626104,0.054701275228454804,0.040709922620230196,0.2182487292920574,0.0652065222114222,0.004248269717744224,0.4441832426110519,0.0778381724789543,-0.06262270316149887,0.6960366400995328,0.08605421610434782,-0.07304692617497277,-0.055336701266122446,-0.055336701266122446,,,,,,,,,,,,,,,,,,,,,,,
LSCC,Lattice Semiconductor,Information Technology,2015-09-30,33.7619000534762,3.849999904632568,41.6875,-0.9076461791992188,5582160.730751355,0.6805194676515525,0.610314886689205,0.6283336436544968,0.4753246672822202,0.390893837714414,0.3769024851061894,0.6857142680208845,0.5326720609402493,0.47171380844657135,0.35324679667601155,-0.013098273456086051,-0.15355914909653923,1.0779221293937917,0.46793970539860674,0.30883856311928615,-0.07272726709755395,-0.07272726709755395,-0.16,-16751000.0,358087000.0,0.00023184098501682904,0.27344369412472314,1.0,-1.4848484848484849,-13.066302652106085,1.2234310466404754,1.1620901803073482,1.222222222222222,-0.11743377356562612,403070927.5156259,0.5452484023912595,0.3484848484848485,1.125622900344402,22.74974300131485,,-0.02195959325589203,1.076622810315014,2015-04-04,,
LVS,Las Vegas Sands,Consumer Discretionary,2015-09-30,31.259810380221836,37.970001220703125,148.75999450683594,-0.7447566373837269,277958369.7309161,0.1728248925608462,0.10262031159849871,0.12063906856379053,0.4012158112119866,0.31678498164418034,0.30279362903595575,0.6045431028144304,0.45150089573379515,0.39054264324011717,0.8771141617317619,0.5107690915996643,0.37030821595921115,0.809936275141369,0.19995385114618403,0.04085270886686343,-0.06687646527221391,-0.06687646527221391,2.9699999999999998,2374106000.0,12882158000.0,-0.13303765088792563,0.20489665057430395,1.0,-0.08333333333333348,0.6994254597176616,1.0533086033662074,1.034432149761569,1.0602409638554215,-0.023367447898972826,30351787110.46418,0.14207195203197867,0.12014212747057518,2.356110452182327,8.482403873379875,12.78451219552294,-0.051742694029121794,1.0696600688412332,2015-06-30,,
MOS,Mosaic Company (The),Materials,2015-09-30,31.269636563520564,31.11000061035156,163.25,-0.8094333806410318,166012008.84073046,-0.10537132432514096,-0.17557590528748845,-0.15755714832219664,-0.11537412075779307,-0.1998049503255993,-0.2137963029338239,-0.1822976563612828,-0.335339863441918,-0.396298115935596,-0.25395339114477367,-0.6202984612768713,-0.7607593369173244,0.12650273569425852,-0.48347968830092647,-0.6425808305802471,-0.2859832998876124,-0.3355036393399611,3.380000000000001,1248000000.0,9255900000.0,0.0017477876106195556,-0.10061385094465392,1.0,0.35742971887550246,0.8486909214552874,1.1284926304367484,1.0783163452372222,1.1496598639455784,-0.13510384253563967,11486769456.129805,0.1826503923278117,0.08355129322871258,1.2410213438055515,5.881509681186475,9.204142192411702,0.005125587759401418,1.0168842068066875,2015-06-30,,
MRVL,Marvell Technology,Information Technology,2015-09-30,30.681538187258113,9.050000190734863,36.834999084472656,-0.7543097484547032,82171740.06199913,-0.011762939087588187,-0.08196752004993568,-0.06394876308464387,0.1619596879703591,0.07752885840255286,0.06353750579432825,0.5113253768310817,0.3582831697504465,0.2973249172567685,1.0626783649282014,0.6963332947961038,0.5558724191556507,1.2500120107146042,0.6400295867194192,0.48092844444009863,-0.1708667260331309,-0.1708667260331309,,,,,,,,,,,,,,,,,,,,,,,
MSM,MSC Industrial Direct,Industrials,2015-09-30,33.64363230113592,61.02999877929688,96.62000274658205,-0.36835026863569575,32031430.69005694,-0.07177191442683584,-0.14197649538918333,-0.12395773842389152,0.26783844212395813,0.1834076125561519,0.1694162599479273,0.23397227275649946,0.08093006567586425,0.01997181318218627,0.2981457565642218,-0.06819931356787579,-0.20866018920832896,0.5528044377220165,-0.0571779862731685,-0.2162791285524891,-0.10608313079204057,-0.10608313079204057,3.7799999999999994,235099000.0,2909597000.0,0.06412127249959032,0.1302628571145119,1.0,0.035616438356164126,0.612372530377818,1.0280365284872555,1.0198930025817785,1.0301369863013699,-0.011389743211507763,3795791450.532783,0.004694835680751174,0.0,1.3045763556027803,8.877995348082385,16.145502322565317,0.008669169622026018,1.0411039167920235,2015-05-30,,
NFG,National Fuel Gas,Utilities,2015-09-30,34.70292881891642,49.97999954223633,78.79000091552734,-0.36565555322405585,26844505.949668277,-0.13674262294868578,-0.20694720391103327,-0.18892844694574146,0.01862665592331436,-0.06580417364449187,-0.07979552625271648,0.11675053944558922,-0.03629166763504599,-0.09724992012872397,0.20297744026179765,-0.16336762987029996,-0.30382850551075313,0.22950681677854767,-0.3804756072166373,-0.5395767494959579,-0.25910367081570285,-0.25910367081570285,-1.58,-134294000.0,,,,1.0,-1.4633431085043989,,1.0330820322608472,1.0095125862786969,1.0322580645161292,4.1578997365121495e-05,4248110163.6234717,0.975609756097561,0.975609756097561,,32.30353886124949,,,,2015-06-30,,
NUE,Nucor,Materials,2015-09-30,33.68969816876118,37.54999923706055,83.55999755859375,-0.5506223033248676,109136763.6616722,0.08323596482096374,0.013031383858616241,0.031050140823908057,0.2816473561082429,0.19721652654043664,0.18322517393221205,0.3612459854910559,0.2082037784104207,0.14724552591674273,0.5831568529046631,0.21681178277256552,0.07635090713211234,0.8365861149393858,0.22660369094420085,0.06750254866488026,-0.08879146449106157,-0.08879146449106157,2.0200000000000005,648429000.0,19462671000.0,-0.03817772046292589,0.0956402784365451,1.0,0.12849162011173187,,1.1698304125742194,,1.173184357541899,-0.002716288190104721,12053717057.07323,0.17341430499325236,0.21723555292233085,0.6193249147084299,7.733677376572365,18.589108533198285,-0.04576680378250053,1.0376044127054804,2015-07-04,,
OKE,Oneok,Energy,2015-09-30,32.28189691411782,32.20000076293945,71.19000244140625,-0.5476892869972574,100224630.7339744,-0.21989997696576613,-0.2901045579281136,-0.2720858009628218,-0.029600159124367087,-0.11403098869217332,-0.1280223413003979,0.7213520335629005,0.5683098264822652,0.5073515739885872,0.9484386096765518,0.5820935395444542,0.441632663904001,1.5117096531904517,0.9017272291952667,0.7426260869159461,-0.40401105664909354,-0.40401105664909354,1.4000000000000001,296307000.0,9898271000.0,,,1.0,-0.04761904761904734,0.2776110089886504,1.0530043498038324,1.0559961807354301,1.0526315789473684,0.009488543079448686,6815061161.4745,0.6549910873440284,0.5781512605042017,0.6885102621937205,10.420377762479477,23.00000054495675,-0.08663110180480926,0.9527502675415289,2015-06-30,,
OLN,Olin Corporation,Materials,2015-09-30,34.556700659534116,16.809999465942383,34.34000015258789,-0.5104834190085008,42957269.131079175,0.03746553074116998,-0.03273905022117751,-0.014720293255885697,0.05977788331942335,-0.02465294624838288,-0.03864429885660749,0.27581806370252826,0.12277585662189305,0.061817604128215076,1.1920017510900323,0.8256566809579347,0.6851958053174815,0.6839555507825972,0.07397312678741219,-0.0851280154919084,-0.2501632110884048,-0.2501632110884048,1.2000000000000002,94300000.0,2146800000.0,-0.09821053515920353,-0.028722970216238264,1.0,-0.3999999999999999,0.4965771458662454,1.0559910414333706,1.102787456445993,1.0619469026548676,-0.025020678246484795,1320985791.3653054,0.2278481012658228,0.32911392405063294,0.6153278327582008,5.356512903453926,14.008332888285317,-0.016041800348336244,1.036515707874337,2015-06-30,,
PSKY,Paramount Skydance Corporation,Communication Services,2015-09-30,34.879866012197894,39.900001525878906,68.0999984741211,-0.4140968807651084,267027973.20085555,0.18476877283108983,0.11456419186874234,0.13258294883403415,0.3889403425750386,0.3045095130072324,0.2905181603990078,0.3888267305894555,0.2357845235088203,0.1748262710151423,0.48851366578278377,0.12216859565068616,-0.018292279989767013,0.4943982611589326,-0.11558416283625239,-0.274685305115573,-0.028571749752232534,-0.028571749752232534,,,,,,,,,,,,,,,,,,,,,,,
SMTC,Semtech,Information Technology,2015-09-30,32.712067766928556,15.100000381469728,60.0546875,-0.7485625017785709,10319114.026445055,0.2529801058490042,0.18277552488665672,0.20079428185194853,0.4562913387806029,0.3718605092127967,0.3578691566045721,0.8364237643507453,0.6833815572701101,0.622423304776432,1.4867548535389967,1.1204097834068991,0.9799489077664459,2.6821190112254403,2.072136587230255,1.9130354449509346,-0.07019870151245178,-0.07019870151245178,0.019999999999999962,1727000.0,535084000.0,-0.02028156532597536,-0.14515149523085058,1.0,,0.10157031112156678,0.713421834186138,0.851740540028871,0.7073170731707317,0.2758126195028705,1303885032.9399135,0.44463869463869465,0.46736596736596736,2.4367856877423235,,755.0000190734878,-0.03608267851288205,1.0143986846369477,2015-07-26,,shares +28% y/y
TKR,Timken,Industrials,2015-09-30,32.180239796621706,27.489999771118164,49.959999084472656,-0.44975980234431323,25269093.747290354,0.0487319534208035,-0.021472627541543998,-0.0034538705762521826,0.23892769442462614,0.1544968648568199,0.1405055122485953,0.3202980558060451,0.16725584872540988,0.1062975962317319,0.8691344476688434,0.5027893775367458,0.3623285018962926,0.9652070043149292,0.35522458031974424,0.19612343804042365,-0.18493083458520432,-0.18493083458520432,-0.8499999999999999,-73900000.0,140000000.0,-0.29139408458490745,-0.06445585171502821,1.0,-1.413745644599303,,,,,-0.3411576831773723,2390012921.277215,0.9873417721518988,0.9873417721518988,17.07152086626582,26.122593262075362,,,,2015-06-30,,
AA,Alcoa,Materials,2015-10-31,33.827431253516096,21.458789825439453,117.1943130493164,-0.8168956388147486,296682775.7185011,-0.1810313611623604,-0.1182359568035869,-0.10947330424043178,0.26027757716337385,0.2569180301404248,0.21755375094625967,0.08642855531839233,0.042198615953862095,-0.020500942357404725,1.2653386749158764,0.9764311491864441,0.8205467924375534,0.6589414709577859,0.2777032840598084,0.15916658847239878,-0.3102240726644111,-0.3102240726644111,,-256000000.0,13147000000.0,,,,,,,,,,,,,,,,,,2014-12-31,,
CMI,Cummins,Industrials,2015-10-31,34.019006166982635,103.51000213623048,161.02999877929688,-0.3572005035030874,239607760.145145,-0.12284572193401333,-0.06005031757523982,-0.051287665012084704,0.15333133416263123,0.14997178713968218,0.11060750794551705,0.2808841077853246,0.23665416842079434,0.1739546101095275,0.8222467886554978,0.5333392629260656,0.3774549061771748,0.4485480768197929,0.06730988992181541,-0.05122680566559418,-0.22052423481812033,-0.22052423481812033,9.34,1682000000.0,19434000000.0,0.0381964848549603,0.10079388415172019,1.0,0.050618672665916575,0.6982150269821503,1.029678982434888,1.04625,1.0343680709534369,-0.023208385538264875,18640666337.595257,0.20289855072463767,0.1956521739130435,0.9591780558606183,6.357101932668926,11.082441342208831,-0.013702801461632164,1.0344846642718983,2015-09-27,,
FCFS,FirstCash,Financials,2015-10-31,34.5627264776238,38.150001525878906,64.05999755859375,-0.40446451795468386,7100879.656019665,-0.06946275352203968,-0.0066673491632661674,0.002095303399888948,0.20228480402462212,0.19892525700167307,0.15956097780750794,0.24755604995501823,0.203326110590488,0.14062655227922116,0.7133072461118426,0.42439972038241036,0.2685153636335196,1.1819970540198446,0.8007588671218671,0.6822221715344574,-0.22306720436627514,-0.22306720436627514,2.67,76596000.0,721420000.0,0.039982124451299894,0.057658871830131186,1.0,-0.06315789473684197,,1.0260592990614796,,1.0280701754385966,-0.01497806969749449,1094433526.9199328,0.0,0.029411764705882353,1.5170545963792699,,14.288390084598841,0.0031941684524066094,1.0386975062765738,2015-06-30,,
GAP,Gap Inc.,Consumer Discretionary,2015-10-31,34.050067785445506,27.21999931335449,53.75,-0.4935814081236374,164668583.36620027,-0.08330819833378722,-0.02051279397501371,-0.011750141411858595,-0.13365228311423427,-0.13701183013718332,-0.17637610933134845,0.053363144651453975,0.00913320528692374,-0.05356635302434308,0.030617953284139077,-0.25828957244529316,-0.41417392919418394,0.11725745406372412,-0.2639807328342534,-0.382517428421663,-0.3646284983554793,-0.3646284983554793,2.6399999999999997,1128000000.0,16235000000.0,-0.004354225438488846,0.007413814407512653,1.0,-0.025830258302583342,0.6170678336980306,1.0113268608414239,0.99856184084372,1.029520295202952,-0.06318034716092946,11630363342.978737,0.1851851851851852,0.14074074074074075,0.7163759373562512,4.942179438086433,10.310605800513065,-0.005086407647996061,1.008158508158508,2015-08-01,,
PWR,Quanta Services,Industrials,2015-10-31,29.805370631581866,20.11000061035156,63.125,-0.6814257329053218,94841693.94711389,-0.07011440207978803,-0.00731899772101452,0.001443654842140596,0.17951269064796627,0.17615314362501722,0.1367888644308521,0.4296368641025401,0.38540692473800986,0.322707366426743,0.8761807601804581,0.5872732344510259,0.4313888777021351,0.5514669104706249,0.1702287235726474,0.05169202798523781,-0.16608641824330206,-0.16608641824330206,1.19,260817000.0,,,,1.0,-0.34615384615384626,0.6828885770241823,1.004409088493089,1.0067749566314461,1.0,0.009627070677775018,4407588259.823582,0.07608695652173914,0.02717391304347826,,8.233560633652598,16.899160176766017,,,2015-06-30,,
SAIA,Saia,Industrials,2015-10-31,34.776934269271024,23.61000061035156,62.310001373291016,-0.6210881064035426,7672496.442661588,-0.09402800352871576,-0.031232599169942254,-0.02246994660678714,0.22490467296363703,0.22154512594068798,0.18218084674652285,0.5099534351663055,0.4657234958017753,0.40302393749050847,1.7445998041756479,1.4556922784462156,1.2998079216973248,1.6624311302555093,1.2811929433575318,1.162656247770122,-0.22575179101728482,-0.22575179101728482,2.24,57198000.0,,,,1.0,0.22404371584699456,0.6154889111276108,1.1184227509357656,1.0931348492284203,1.1147540983606556,0.005221426112931082,602877149.5137894,0.014705882352941176,0.014705882352941176,,4.35000159725626,10.540178843906945,,,2015-09-30,,
WMT,Walmart,Consumer Staples,2015-10-31,29.781830357210268,19.07999992370605,30.32333374023437,-0.3707815873031848,767047123.2463473,0.16903981523174516,0.23183521959051867,0.2405978721536738,0.1867450892709619,0.18338554224801284,0.14402126305384771,0.2603158492357547,0.21608590987122445,0.1533863515599576,0.6151760848017691,0.3262685590723369,0.1703842023234461,0.8987916559734956,0.5175534690755181,0.39901677348810854,-0.0164224617429507,-0.0164224617429507,1.5966666666666667,15493000000.0,485621000000.0,0.010701820474984247,0.015807544154147424,1.0,-0.01642710472279274,0.5967338135038324,1.0338008592367955,1.0226784705217555,1.0369609856262834,-0.006511779178344335,185139732036.3118,0.0,0.018315018315018316,0.38124325767689576,6.294658803876479,11.949895568083122,0.0002142046519484353,1.0069050932135193,2015-07-31,,
EQT,EQT Corporation,Energy,2015-11-30,34.10388319663909,31.148611068725582,60.680458068847656,-0.4866780499022507,115011494.07660106,-0.02535315474696609,0.041626500308099,0.03972012414819323,0.28135991582110687,0.2646481060938377,0.23257050124353146,0.22700074000469694,0.14824593106396589,0.05898806342883817,0.04554878038949939,-0.2779179757673922,-0.41765307215143294,-0.3948980384232794,-0.7966338444226055,-0.9131267519475357,-0.17686122423901351,-0.17686122423901351,0.7348938486663037,414645000.0,,,,1.0,-0.6005917159763314,0.7428544299488694,1.0200258322080666,0.9507473092764781,0.9527559055118109,0.6927277269687742,17574804660.60666,0.8787694388100067,0.8162773451983686,,13.968428250639557,42.38518409870289,,,2015-09-30,,shares +69% y/y
EXC,Exelon,Utilities,2015-11-30,34.70007439394365,19.47931480407715,65.71326446533203,-0.7035710375588822,240925451.90989506,0.16435886657123544,0.23133852162630053,0.22943214546639476,0.27870289163523787,0.2619910819079687,0.22991347705766246,0.23624594542691546,0.1574911364861844,0.06823326885105668,0.6437790607412397,0.3203123045843481,0.18057720820030737,0.890370685521596,0.4886348795222699,0.3721419719973398,-0.0812884997226464,-0.0812884997226464,1.5977175463623396,1978000000.0,30002000000.0,0.13920109356014576,0.05432563353216713,1.0,-0.08196721311475408,0.4883950617283951,1.3715341959334566,1.3869509043927648,1.372340425531915,0.026492207173483884,24115704787.864,0.23045267489711932,0.23045267489711932,0.8038032393795079,5.291379477960961,12.191963997909,0.016568969606614026,1.0580772175434758,2015-09-30,,
JEF,Jefferies,Financials,2015-11-30,30.362732475201355,15.82629680633545,49.59511184692383,-0.6808899865941711,46365489.4348515,-0.1797087907250332,-0.11272913566996812,-0.11463551182987389,0.03177246432721881,0.015060654599949652,-0.017016950250356613,0.2638607215982911,0.18510591265756005,0.09584804502243233,0.5279526883708261,0.20448593221393452,0.06475083582989377,0.2994688066064757,-0.10226699939285044,-0.21875990691778058,-0.18992672284177659,-0.18992672284177659,0.5102369647882784,214229000.0,11882091000.0,-0.05410423433580114,0.2014921697148888,1.0,0.01785714285714257,,2.40202930897771,,2.3703703703703702,-0.05458736747223725,6644857139.919873,0.19117647058823528,0.37024933430162194,0.5592329784311426,17.0361913958586,31.01754262924195,-0.051688336191069384,1.0765493941879267,2015-09-30,TTM net income jumped 2.40x in one quarter,
M,Macy's,Consumer Discretionary,2015-11-30,30.762240545155024,39.08000183105469,73.61000061035156,-0.46909385264209635,322034717.6044343,0.11628948322808075,0.18326913828314584,0.18136276212324007,-0.13500589932679286,-0.151717709054062,-0.18379531390436826,0.1237076305104845,0.04495282156975344,-0.044305046065374276,-0.33040768285734234,-0.6538744390142339,-0.7936095353982746,0.009929336060154226,-0.3918064699391719,-0.508299377464102,-0.22017695834983253,-0.5101845494251811,4.01,1420000000.0,27895000000.0,-0.004603197259491876,0.005237104526867098,1.0,0.005012531328320913,0.5397187381223869,1.0265957446808511,1.0227690047741462,1.0350877192982455,-0.0605600360800127,13838803640.92211,0.26540948763170985,0.2530638086193642,0.49610337483140743,5.505381424163617,9.745636366846556,-0.00580939482500531,1.0072242389390074,2015-08-01,,
OGE,OGE Energy,Utilities,2015-11-30,34.36471268225425,26.11000061035156,40.0,-0.34724998474121105,32376230.808778793,-0.03702026967376726,0.02995938538129783,0.02805300922139206,0.18003532896976693,0.16332351924249777,0.13124591439219152,0.2602126978945949,0.18145788895386383,0.09220002131873611,0.4755073300131669,0.15204057385627534,0.012305477472234594,0.7010008123584468,0.2992650063591207,0.18277209883419054,-0.09546474074098166,-0.09546474074098166,1.5,300300000.0,2276000000.0,-0.06560472945233597,-0.24375174640628394,1.0,-0.23857868020304562,0.578055822906641,1.0020253164556963,1.0224761904761905,1.0050761421319796,-0.0015341772151898914,5227222122.192382,0.6543209876543209,0.683127572016461,2.296670528204034,9.638730268535124,17.406667073567707,-0.01510234107923325,1.0131015264318097,2015-09-30,,
RGLD,Royal Gold,Materials,2015-11-30,34.002759065015255,35.95000076293945,100.83999633789062,-0.6434946244694453,42511389.435759045,0.298028380470434,0.3650080355254991,0.36310165936559335,0.5782149469656688,0.5615031372383996,0.5294255323880933,0.9704399224629556,0.8916851135222246,0.8024272458870969,1.3711066159708856,1.047639859813994,0.9079047634299533,1.1216407802405004,0.7199049742411743,0.6034120667162441,-0.3091363048369026,-0.3091363048369026,-0.17999999999999988,-11182000.0,244807000.0,,,1.0,-1.176470588235294,-0.14175783775560655,1.092603331400348,1.0403722098532855,1.0933333333333333,-0.05580887100779752,2233293936.2843847,0.32666666666666666,0.18666666666666668,9.12267188554406,15.813493002246927,,0.0009731405043158503,1.0009731405043159,2015-09-30,,
DKS,Dick's Sporting Goods,Consumer Discretionary,2015-12-31,31.905323935283505,35.349998474121094,60.33000183105469,-0.41405606827074903,110653109.76075672,0.32698625502950085,0.31369323717242326,0.2790713234188547,0.28353589086963504,0.24534746716304556,0.19223869260598114,0.5201562112351972,0.40017729337892916,0.2892579917022979,-0.16077633788096368,-0.5238517392075333,-0.682704502796396,-0.06548345341495665,-0.366279756457067,-0.48274182288812545,-0.05403079144234135,-0.3066265879348753,3.0,356935000.0,7190920000.0,0.08922125494044053,0.08743701260538539,1.0,0.1278195488721805,0.6176639054196467,1.06331633877337,1.067742510797359,1.0714285714285714,-0.0330481710403433,4205883901.786804,0.016666666666666666,0.016666666666666666,0.5848881508606415,5.423558147698346,11.783332824707031,0.016389049392166788,1.0322010769338663,2015-10-31,,
KKR,KKR & Co.,Financials,2015-12-31,33.234453284583736,15.59000015258789,26.5,-0.4116981074495135,65835746.31958008,-0.04560989790328762,-0.058902915760365215,-0.09352482951393376,-0.1886274176669891,-0.22681584137357858,-0.279924615930643,0.03526871165571155,-0.08471020620055647,-0.19562950787718775,0.46776944882414573,0.10469404749757616,-0.05415871609128664,0.40492714157472265,0.10413083853261229,-0.012331227898446151,-0.301475474996576,-0.301475474996576,,,,,,,,,,,,,,,,,,,,,,,
NTAP,NetApp,Information Technology,2015-12-31,34.932641429183306,26.530000686645508,152.75,-0.8263175077797348,106231543.76009078,0.03598814121349303,0.022695123356415436,-0.011926790397153109,-0.060156869842685645,-0.09834529354927513,-0.15145406810633955,0.3655989003868887,0.24561998253062067,0.1347006808539894,1.184200795353238,0.8211253940266685,0.6622726304378057,1.395384850023413,1.0945885469813026,0.9781264805502441,-0.21570091145646064,-0.21570091145646064,1.2700000000000002,395900000.0,5870700000.0,-0.06676522485573944,-0.019024747766151595,1.0,-0.3280423280423279,0.8205181347150259,0.9759924682253256,0.9698592601818409,1.0000000000000002,-0.07551543111873316,8270257694.3645315,0.025641025641025644,0.07264957264957266,1.4087345111084761,3.0222624813345433,20.889764320193308,-0.016418985708780753,0.9988250424731269,2015-10-30,,
PII,Polaris,Consumer Discretionary,2015-12-31,31.40818734606404,85.94999694824219,159.3300018310547,-0.4605535934194043,130314872.68734887,0.15289316217485038,0.1396001443177728,0.10497823056420424,-0.036637988305791014,-0.0748264120123805,-0.12793518656944491,-0.01706899005760476,-0.13704790791387278,-0.24796720959050406,0.5155732078431066,0.152497806516537,-0.006354957072325806,-0.04160524236052332,-0.3424015454026337,-0.4588636118336921,-0.2111690476657968,-0.2111690476657968,7.0600000000000005,480076000.0,4888672000.0,0.139986913406017,0.19319756093828477,1.0,0.1314102564102566,0.6259310880741193,1.0625234021043173,1.0607045539546565,1.0657051282051284,-0.0070101832168648626,5844551095.598345,0.1422764227642276,0.14227642276422767,1.1955293984947946,6.472505607153562,12.174220530912491,0.03245121715559507,1.0509356553482814,2015-09-30,,
PVH,PVH Corp.,Consumer Discretionary,2015-12-31,32.12732111319532,73.6500015258789,138.94000244140625,-0.4699150695859634,109445856.27965775,0.3456794919208024,0.3323864740637248,0.29776456031015625,0.28063429681964114,0.24244587311305166,0.18933709855598724,0.2272780435384265,0.10729912568215849,-0.003620175994472785,0.8686817103300517,0.5056063090034821,0.34675354541461934,0.2672706786681629,-0.03352562437394746,-0.1499876908050059,-0.12885281842997798,-0.12885281842997798,5.869999999999999,489700000.0,7976600000.0,-0.03015945600609682,0.05846841550657045,1.0,0.3942992874109259,,1.254153132383148,,1.2517814726840852,0.0033677676099068687,6144191779.765401,0.16689189189189188,0.11126126126126125,0.7702770327915905,10.78439448558206,12.546848641546664,-0.008526823447521537,1.0535394111860343,2015-11-01,,
R,Ryder,Industrials,2015-12-31,33.26941926786429,56.83000183105469,100.63999938964844,-0.43531396884229245,63699861.396559455,0.1479875382454896,0.134694520388412,0.10007260663484346,0.09031187551844289,0.052123451811853405,-0.0009853227452110008,0.34404935332222464,0.22407043546595662,0.11315113378932534,0.5575260481358963,0.19445064680932678,0.03559788322046398,-0.0815020288736299,-0.38229833191574025,-0.4987603983467987,-0.2060532394895872,-0.2060532394895872,4.529999999999999,239646000.0,6555466000.0,-0.006775717112257551,0.03368706355366524,1.0,-0.11350293542074363,,1.042036379272504,,1.05,-0.005726104625170869,3006420004.1511993,0.5121951219512195,0.42276422764227645,0.4586127064271555,5.119401583725373,12.545254267340992,-0.002751024940861435,1.0124589357824836,2015-09-30,,
WMB,Williams Companies,Energy,2015-12-31,32.88823123910578,25.700000762939453,61.380001068115234,-0.581296834217722,330883051.72790647,-0.35160247436460734,-0.36489549222168494,-0.3995174059752535,-0.10083199141883081,-0.1390204151254203,-0.1921291896824847,0.31180054200772367,0.19182162415145565,0.08090232247482437,0.3382869060135656,-0.024788495313003978,-0.18364125890186678,0.018763404756301227,-0.28203289828580913,-0.3984949647168676,-0.6023344249287386,-0.6023344249287386,0.4299999999999997,337000000.0,7495000000.0,0.047372833985466656,0.01230725703777047,1.0,-0.8377358490566039,0.22377158034528552,1.1085474567383324,1.2059953881629515,1.10188679245283,0.0890720844867754,20141628504.908375,0.5913120567375887,0.6829787234042554,2.687342028673566,13.303476830046776,59.76744363474295,-0.0347714101738571,1.0672163219675797,2015-09-30,,
AMG,Affiliated Managers Group,Financials,2016-01-31,31.56077822756268,134.19000244140625,230.6300048828125,-0.4181589576361031,97098257.85214864,0.2692445940066326,0.1986570705465498,0.13591852969917556,0.09382185946813548,-0.038610273244703563,-0.12740778366197944,0.13540461667275916,-0.06434781494293729,-0.21869967607092328,0.49475669623349483,-0.020583420878189873,-0.2079543196245619,-0.20790709049441658,-0.686464401470167,-0.8792937157547277,-0.13577804363693613,-0.13577804363693613,9.6,538300000.0,,,,1.0,0.22137404580152698,0.6405283198476915,1.1123645211236453,1.0591139404962973,1.1098626716604243,0.002349613372754078,7524424824.39677,0.1566265060240964,0.0,,,13.978125254313152,,,2015-09-30,,
AXP,American Express,Financials,2016-01-31,25.68520662551225,53.5,96.23999786376952,-0.4440980757737465,497660448.3067649,0.22891172229727763,0.15832419883719484,0.0955856579898206,0.2167874303326267,0.08435529761978766,-0.004442212797488215,0.4552321694905448,0.25547973787484834,0.10112787674686236,0.9229039468193665,0.4075638297076818,0.22019293096130976,1.0168049478811612,0.5382476369054108,0.34541832262085004,-0.060373663541433475,-0.060373663541433475,5.0600000000000005,5511000000.0,,,,1.0,0.0,,1.0283635006531069,,1.0368852459016396,0.0,58268478260.86955,0.12631578947368421,0.1,,10.387273718177433,10.573122529644268,,,2014-03-31,,
BG,Bunge Global,Consumer Staples,2016-01-31,34.24344804051444,62.0099983215332,135.0,-0.5406666790997541,85103823.23081002,0.015980280904289934,-0.054607242555792856,-0.11734578340316709,0.07698983418385397,-0.05544229852898508,-0.14423980894626096,0.14661145638827144,-0.053140975227425,-0.207492836355411,0.3496618582432667,-0.16567825886841803,-0.35304915761479005,-0.03667731249406159,-0.515234623469812,-0.7080639377543727,-0.25689397747275344,-0.25689397747275344,,,,,,,,,,,,,,,,,,,,,,,
BWA,BorgWarner,Consumer Discretionary,2016-01-31,27.09610705760666,25.845069885253903,59.41020965576172,-0.5649725857725971,94294609.04058865,0.22833139923070878,0.15774387577062599,0.09500533492325175,0.13907363309147835,0.006641500378639309,-0.08215601003863657,0.4126678921381506,0.21291546052245414,0.05856359939446815,0.9721190777939572,0.45677896068227253,0.2694080619359005,0.4553563248626118,-0.02320098611313859,-0.21603030039769933,-0.057220682600360395,-0.057220682600360395,2.4207746478873244,624300000.0,7892000000.0,-0.03739662869270366,0.12768386448977354,1.0,-0.04181184668989546,0.656190876602901,1.030192131747484,1.0273944173497978,1.0349650349650352,-0.0087598024978216,6665253679.620914,0.08236291211119587,0.08368566343394719,0.8445582462773586,5.892021156616263,10.67636341441761,-0.018420168903371836,1.039519662042349,2015-09-30,,
CF,CF Industries,Materials,2016-01-31,32.83831396914023,30.0,70.31999969482422,-0.5733788377389868,133849597.24852546,0.11407272148214109,0.0434851980220583,-0.019253342825315933,-0.16031335770571364,-0.2927454904185527,-0.3815430008358286,0.2315582793761486,0.031805847760452144,-0.12254601336753385,0.5370237312140287,0.021683614102343984,-0.16568728464402804,0.6249239702986586,0.14636665932290827,-0.04646265496165247,-0.29334306927285814,-0.29334306927285814,3.8260000000000005,911700000.0,4409000000.0,-0.09148980012363483,-0.13798003481473586,1.0,-0.31409107206884157,0.6181855166802278,1.0430732135028495,1.0633032802608862,1.0558777016341594,-0.10056488937477004,7148719289.074751,0.519298245614035,0.3508771929824561,1.6213924447890113,6.155112316921302,7.841087297438577,0.0013627072450601574,1.0013627072450602,2015-09-30,,
CFR,Frost Bank,Financials,2016-01-31,32.564016609379365,47.86000061035156,82.0,-0.41634145597132244,52646503.29135713,0.3517081975585641,0.2811206740984813,0.21838213325110706,0.4457795417888002,0.31334740907596115,0.22454989865868527,0.9307137260379812,0.7309612944222847,0.5766094332942988,1.354835618860125,0.8394955017484402,0.6521246030020682,1.2048139021723236,0.7262565911965733,0.5334272769120125,-0.0750106007175596,-0.0750106007175596,4.5,293794000.0,1057702000.0,0.07578596202158283,0.07344645105080261,1.0,0.07913669064748197,,1.0394816837364242,,1.0326340326340329,0.016446538532379318,3124662448.7372503,0.13513513513513514,0.0900900900900901,2.9541992439621465,7.796667029478953,10.635555691189236,0.011336277042700349,1.0309281593467088,2015-09-30,,
GWW,W. W. Grainger,Industrials,2016-01-31,34.28478444687417,196.69000244140625,276.3800048828125,-0.2883349049624465,155132985.735866,0.19943350923502168,0.1288459857749389,0.06610744492756465,0.125283208792206,-0.0071489239206330435,-0.09594643433790892,0.3135707689008935,0.11381833728519708,-0.04053352384278891,0.4386202572589635,-0.07671985985272123,-0.26409075859909326,0.6044839196682286,0.12592660869247818,-0.06690270559208256,-0.03619920251364328,-0.17822040669368,11.389999999999997,772603000.0,10006085000.0,0.01778608283442984,0.058641192955992905,1.0,-0.01042571676802806,0.5874378805481718,1.0183810644762974,1.0118799873514257,1.027947598253275,-0.03569022325226423,13341816150.679354,0.29473684210526313,0.27017543859649124,1.3333702592651726,9.535293669267357,17.268656930764383,-0.0029259281698236217,1.0169364487773613,2015-09-30,,
H,Hyatt,Consumer Discretionary,2016-01-31,31.133311516508897,38.68000030517578,64.5199966430664,-0.4004959343200385,35370460.12837849,0.2378488346380081,0.1672613111779253,0.10452277033055107,0.3040332818449767,0.17160114913213764,0.08280363871486177,0.4144261162509244,0.21467368463522796,0.06032182350724197,1.101861353632064,0.5865212365203794,0.3991503377740073,0.8214070018241035,0.34284969084835315,0.1500203765637924,-0.04343317634997601,-0.04343317634997601,1.78,269000000.0,4298000000.0,-0.02913937203523831,0.08160273637918403,1.0,0.42399999999999993,,1.7731958762886597,,1.784,-0.026265492876172858,5845460720.276565,0.0,0.0,1.360042047528284,8.174268883717822,21.730337250098753,-0.011726833754886146,1.023661567877629,2015-09-30,TTM net income jumped 1.77x in one quarter,
HOG,Harley-Davidson,Consumer Discretionary,2016-01-31,31.62866075725202,40.0,75.87000274658203,-0.47278241001774557,141762982.25490025,0.20683086196363543,0.13624333850355264,0.0735047976561784,0.34591468103361445,0.2134825483207754,0.12468503790349952,0.46887725913482625,0.2691248275191298,0.11477296639114382,0.2836428391952641,-0.23169727791642059,-0.4190681766627926,0.011327207644957316,-0.46723010333079307,-0.6600594176153538,-0.06718502053265585,-0.06718502053265585,3.77,784486000.0,6014924000.0,-0.03281258919260943,0.057632882989365086,1.0,-0.025839793281653645,0.6610077662425862,1.0046613174585697,0.9994035830295952,1.0154639175257734,-0.047602851161258064,8323458885.941645,0.17567182864296615,0.1674793043214096,1.3838011728729482,9.33152312802356,10.610079575596817,0.0026380632555094152,1.034087859247359,2015-09-27,,
HPQ,HP Inc.,Information Technology,2016-01-31,34.61429977821555,9.710000038146973,35.42234420776367,-0.7258792365295014,271371879.7155293,0.2778180289666552,0.2072305055065724,0.14449196465919817,0.4725506930667762,0.34011856035393717,0.25132104993666127,0.6094921959871569,0.4097397643714604,0.25538790324347443,1.5663953853297907,1.051055268218106,0.863684369471734,1.4843924003357052,1.0058350893599548,0.8130057750753941,-0.08238927171411148,-0.08238927171411148,2.48,4554000000.0,69032000000.0,-0.0636681767626075,0.018343048150501362,1.0,1.0843358778625953,0.8323889599707549,0.9984652488489366,0.9892832289491997,2.2380983606557376,-0.5641594664805846,17830379102.30698,0.0,0.0,0.25829150397362066,2.629288617531156,3.9153225960270053,-0.027087972489218348,1.0111350967318833,2015-10-31,,
MU,Micron Technology,Information Technology,2016-01-31,32.12598335534567,11.029999732971191,97.5,-0.8868717976105519,340116894.69368804,-0.02538544373299567,-0.09597296719307846,-0.1587115080404527,0.24569340858742494,0.1132612758745859,0.02446376545731002,1.185856563549172,0.9861041319334756,0.8317522708054896,2.9637347510492553,2.4483946339375704,2.2610237351911984,2.4650960899466976,1.9865387789709472,1.7937094646863865,-0.15231197137010621,-0.15231197137010621,1.8200000000000003,2102000000.0,14969000000.0,-0.11368346260879858,0.49711904972963383,1.0,-0.40909090909090906,0.9799533799533799,1.0550135501355014,0.9961336647334991,1.0551948051948052,-0.03598082134667513,12739043647.640352,0.2949901120632828,0.22994946165677874,0.8510283684708633,3.4409030174687447,6.060439413720434,-0.07553112648221338,1.1798599414945483,2015-12-03,,
PAG,Penske Automotive Group,Consumer Discretionary,2016-01-31,33.37848780412405,31.3700008392334,54.38999938964844,-0.42323954419452026,20106531.817832824,0.25789987995109565,0.18731235649101285,0.12457381564363862,0.28331974253846104,0.150887609825622,0.06209009940834612,0.7849407794538601,0.5851883478381636,0.43083648671017766,0.7619163645940852,0.24657624748240048,0.05920534873602845,0.6300538080060709,0.15149649703032053,-0.041332817254240206,-0.062480214292458536,-0.062480214292458536,3.63,327600000.0,18157200000.0,0.07862845737097235,0.17910013903821964,1.0,0.19801980198019797,0.5829181494661921,1.0716711956521738,1.0448940269749518,1.073846153846154,-0.0023668746099178017,2831077761.6894937,0.10040160642570282,0.10040160642570282,0.15592039310518657,6.206036241103886,8.641873509430688,0.032257330953165964,1.0504003584718191,2015-09-30,,
QCOM,Qualcomm,Information Technology,2016-01-31,33.82973844334664,45.34000015258789,100.0,-0.5465999984741211,781457172.368313,0.12470624798044594,0.05411872452036315,-0.008619816327011087,0.4065679718020714,0.27413583908923234,0.18533832867195646,0.2205756718453704,0.020823240229673967,-0.13352862089831202,0.6203613400426602,0.10502122293097549,-0.08234967581539654,0.22219799732730827,-0.2563593136484421,-0.44918862793300285,-0.0683721242226345,-0.0683721242226345,3.04,4797000000.0,23957000000.0,-0.11151906245364185,0.05865724381625448,1.0,-0.35729386892177595,0.8888271261812117,0.9100739897552647,0.9343836565096952,0.9440993788819876,-0.07443535596804496,71544730503.93556,0.017329036877909057,0.023809523809523808,2.9863810370219794,9.863446546641082,14.914473734403911,-0.05237134607017124,1.0219352831362787,2015-12-27,,
SBRA,Sabra Health Care REIT,Real Estate,2016-01-31,33.51944786237637,18.36000061035156,72.38999938964844,-0.7463737979672233,10390245.35689581,0.17939449819672726,0.10880697473664447,0.04606843388927023,0.3641195327570985,0.23168740004425947,0.1428898896269836,0.5036853924168923,0.3039329608011958,0.14958109967320982,0.1595062123444675,-0.3558339047672172,-0.5432048035135892,0.4428030294311973,-0.03575428154455307,-0.2285835958291138,-0.17102421197208262,-0.17102421197208262,1.15,76596000.0,227803000.0,0.37758520596986034,0.3175259539004549,1.0,0.742424242424242,,1.5697946839325267,,1.6794871794871795,0.16600205507177224,1222871831.9569461,0.02127659574468085,0.010638297872340425,5.368111183596994,,15.965217922044834,0.07528805350880097,1.1097820565540262,2015-09-30,TTM net income jumped 1.57x in one quarter,shares +17% y/y
SLM,SLM Corp,Financials,2016-01-31,34.64473115208223,6.400000095367432,20.85418128967285,-0.6931071037280778,24488090.677032772,0.057812557341306414,-0.012774966118776376,-0.07551350696615061,0.12343765043660349,-0.00899448227623556,-0.09779199269351144,0.8562504128574053,0.6564979812417089,0.502146120113723,0.7874996492061266,0.2721595320944419,0.08478863334806985,0.6734378015478102,0.1948804905720598,0.002051176287499068,-0.16562475874014593,-0.16562475874014593,0.43000000000000005,204156000.0,,,,1.0,-0.6143782051282052,,0.8458638205487284,,0.826923076923077,-0.6266429593855646,3038600975.51124,,0.625,,,14.883721152017282,,,2015-09-30,,
STX,Seagate Technology,Information Technology,2016-01-31,34.28647561674873,29.049999237060547,69.4000015258789,-0.5814121239431392,165907198.7883371,-0.23564278832893737,-0.30623031178902016,-0.3689688526363944,0.1611493259960195,0.028717193283180453,-0.06008031713409542,0.6928796169752631,0.4931271853595667,0.3387753242315807,1.202901053376776,0.6875609362650914,0.5001900375187194,0.8603657585352453,0.38180844755949495,0.1889791332749342,-0.3322391488015375,-0.3322391488015375,2.0,626000000.0,12169000000.0,-0.1423033549478433,0.015750286368843014,1.0,-0.6688741721854304,0.7245370370370371,0.948743223262691,0.9568345323741008,0.9552980132450328,-0.06825036964021702,9092649761.199951,0.673076923076923,0.6423076923076922,0.7471977780589983,7.0569868874999715,14.524999618530273,-0.05512850376582035,1.0215680559603615,2016-01-01,,
UNP,Union Pacific Corporation,Industrials,2016-01-31,32.65834536744062,72.0,124.5199966430664,-0.4217796182055299,527756198.8993448,0.21990529433046402,0.14931777087038123,0.08657923002300699,0.30998784370368515,0.1775557109908461,0.08875820057357023,0.5181904067464316,0.31843797513073513,0.16408611400274914,0.9451869255120535,0.4298468084003688,0.2424759096539968,1.3668300178095425,0.8882727068337921,0.6954433925492314,-0.02291631880752254,-0.02291631880752254,5.79,5086000000.0,22758000000.0,-0.030129980822501623,0.08719825788815272,1.0,0.07024029574861368,0.5978605854002587,1.0522039406865733,1.0478869867113612,1.0628465804066543,-0.03469352028141859,63245595854.92228,0.21754385964912282,0.20701754385964913,2.7790489434450425,7.195367062713018,12.435233160621761,-0.02652066044999568,1.0266450822541127,2015-09-30,,
WDC,Western Digital,Information Technology,2016-01-31,32.76912239322361,36.26606369018555,86.68933868408203,-0.5816548581325751,229441125.4073057,-0.13928032990666528,-0.20986785336674807,-0.2726063942141223,0.012029470055145097,-0.12040266265769395,-0.20920017307496983,0.7252041799053979,0.5254517482897014,0.37109988716171544,0.9711993068520743,0.45585918974038964,0.2684882909940176,0.031227543762373022,-0.44732976721337736,-0.6401590814979381,-0.2631128582123884,-0.2631128582123884,4.255479969765685,1325000000.0,13989000000.0,-0.08382998231711314,0.009854497354497394,1.0,-0.11893583724569612,0.9050546448087432,1.0057952350289763,1.0011723329425557,1.0125195618153364,-0.026625739364362522,11291918827.22966,0.3782771535580524,0.36329588014981273,0.8071998589770291,3.3631361691998656,8.522202888475217,-0.04000823497117756,1.0097883597883597,2015-10-02,,
AMP,Ameriprise Financial,Financials,2016-02-29,32.24118551653943,83.94999694824219,138.25999450683594,-0.39281064455639425,144088679.63635883,0.22073759074961785,0.1310380839427503,0.09085579253428105,0.22333112011326461,0.08860548849693473,0.021692025781748836,0.6153347008715497,0.3674118104690134,0.25115924688825275,0.9655018963144091,0.5040531798042363,0.36754854724703434,0.6994281745952715,0.17168021388086574,-0.007890143434779229,0.012626945844217197,0.012626945844217197,8.48,1562000000.0,12200000000.0,-0.007807417046193921,0.09492430988423872,1.0,0.02168674698795181,,1.0254342431761787,,1.0370370370370372,-0.05568601629237713,15463431041.645554,0.34750484496124034,0.2546584023879533,1.267494347675865,6.693785005947678,9.899763791066295,0.0013131976362441566,1.0279174614184152,2015-12-31,,
BKR,Baker Hughes,Energy,2016-02-29,34.878493382378906,42.869998931884766,100.29000091552734,-0.5725396496107974,173830038.01731533,0.08592633803460137,-0.003773168772266189,-0.04395546018073543,0.15447813432866808,0.019752502712338194,-0.047160960002847696,0.42479163985269275,0.1768687494501564,0.06061618586939577,-0.08696006344013252,-0.5484087799503053,-0.6849134125075073,-0.06390447443919023,-0.591652435153596,-0.771222792469241,-0.10986708857378291,-0.11704883277135059,,,,,,,,,,,,,,,,,,,,,,,
DOC,Healthpeak Properties,Real Estate,2016-02-29,33.101065753259434,26.939891815185547,51.05646514892578,-0.47235101888458175,156450679.8307207,0.12958676981649497,0.039887263009627416,-0.0002950283988418234,0.3717647998571876,0.2370391682408577,0.1701257055256718,0.28679246947205406,0.03886957906951771,-0.07738298451124292,-0.10295706760780154,-0.5644057841179744,-0.7009104166751763,0.34820856068870554,-0.17953940002570024,-0.3591097573413452,0.007099137207207784,-0.10378606755299025,-1.1020036429872495,-559235000.0,2544312000.0,0.12268259997996722,0.07924317507969514,1.0,-1.605,,0.8721917691499332,,0.858695652173913,0.0023013402261971017,13671216511.068834,0.53125,0.53125,5.373246878161497,57.372665502814016,,0.026013346216071875,1.0356527153099861,2015-12-31,,
IVZ,Invesco,Financials,2016-02-29,34.86765629581474,26.739999771118164,51.09999847412109,-0.4767123176205126,133857897.61441247,0.1853376978174086,0.09563819101054105,0.05545589960207181,0.18852928943581349,0.0538036578194836,-0.013109804895702293,0.24904858134527008,0.001125690942733737,-0.1151268726380269,0.3072871562353796,-0.15416156027479322,-0.29066619283199513,-0.18029400590303213,-0.7080419666174379,-0.8876123239330829,-0.13100423600882738,-0.13100423600882738,2.26,968100000.0,5122900000.0,-0.004701676672300925,0.10819015631055429,1.0,-0.00440528634361248,0.7126766784452296,1.07266471004959,1.073459158900462,1.0748898678414096,-0.015905648903365766,11454422025.849335,0.09722222222222221,0.09375,2.2359253598253597,8.041199742320478,11.831858305804499,-0.007170681602356677,1.0338672867415923,2015-12-31,,
SF,Stifel,Financials,2016-02-29,32.216481471639426,12.871110916137695,26.635555267333984,-0.516769566582946,27468675.508829527,0.3045575491786654,0.21485804237179784,0.1746757509633286,0.3587711380642238,0.2240455064478939,0.157132043732708,0.863259526132711,0.6153366357301746,0.49908407214941397,1.2182711741634051,0.7568224576532323,0.6203178250960304,0.9081775971112513,0.38042963639684557,0.2008592790812006,-0.05628459619313342,-0.05628459619313342,0.7244444444444444,126345000.0,2328384000.0,0.04262037861297041,0.18529330277576395,1.0,-0.30932203389830515,,0.9827690143675274,,0.9788135593220337,0.021071017421965044,2244755303.4194407,0.12257495590828923,0.1329986885542441,0.9640829448318837,8.869836066075964,17.76687089650909,0.030123943998460412,1.0773124777673166,2015-09-30,,
STWD,Starwood Property Trust,Financials,2016-02-29,30.497488385759965,17.540000915527344,24.790000915527344,-0.2924566249394096,48010578.1178429,0.20579066650416777,0.11609115969730022,0.07590886828883098,0.3719128071156812,0.2371871754993513,0.17027371278416542,0.4293303534991928,0.18140746309665645,0.06515489951589581,0.3809070165081603,-0.08054170000201255,-0.21704633255921446,0.6752791806576794,0.14753121994327367,-0.032039137372371296,-0.0011402783351426304,-0.0011402783351426304,1.91,450697000.0,735877000.0,0.046952872132313805,0.5478892653329384,1.0,,2.2580236274912573,1.0110890760374556,1.0201584531174326,1.0159574468085106,0.06105619817971997,4138861671.5316377,0.3524027459954233,0.15942028985507248,5.624393304222903,22.28832618076199,9.183246552632118,0.010220583390076143,1.1555078266557066,2015-12-31,net income 2.26x operating income,
THC,Tenet Health,Health Care,2016-02-29,34.472356386302835,24.81999969482422,210.0,-0.8818095252627418,71432234.81814672,0.16599520104315535,0.07629569423628779,0.03611340282781855,-0.037066885076787126,-0.17179251669311701,-0.2387059794083029,-0.22240131046072387,-0.4703242008632602,-0.5865767644440208,-0.1700241484787165,-0.6314728649888893,-0.7679774975460912,0.15149074436394594,-0.37625721635045983,-0.5558275736661048,-0.43352132987541214,-0.5064464081135938,0.19,18000000.0,,,,0.0,,0.016697588126159554,7.583333333333333,1.2251655629139073,7.666666666666666,-0.02667627974044695,2351368392.141242,0.6666666666666666,0.764367816091954,,8.733806183608413,130.6315773411801,,,2015-09-30,TTM net income jumped 7.58x in one quarter,
WEX,WEX Inc.,Financials,2016-02-29,33.565034083025694,65.30000305175781,119.11000061035156,-0.4517672511364025,28717451.37932187,0.41286367265716284,0.3231641658502953,0.28298187444182604,0.5208268440642965,0.3861012124479666,0.3191877497327807,0.7033690376518198,0.45544614724928345,0.3391935836685228,1.2901990208671523,0.8287503043569795,0.6922456717997776,1.7267992226196465,1.1990512619052407,1.0194809045895958,0.001990769484573107,0.001990769484573107,2.62,111317000.0,854637000.0,0.045239571599969164,0.1396364690583347,1.0,-0.4942084942084941,0.48654023505963906,0.9297911587401279,0.9565795231160078,0.9305019305019306,0.08839160938421142,2774427648.7452383,0.6587301587301587,0.5753968253968255,3.246322881814429,11.428459450236438,24.92366528693046,0.0009111574627660435,1.0404102147052572,2015-12-31,,
GEN,Gen Digital,Information Technology,2016-04-30,34.10559626643182,16.649999618530273,34.04999923706055,-0.5110132161057979,162325639.9854993,0.23238215483507574,0.17461517371719615,0.15753060377999745,0.5148212050121306,0.4740876589340104,0.4530628552617551,0.9253149180182054,0.7476037605351542,0.6786457784556315,0.7095756956426065,0.37614347296117523,0.27201195467484135,0.5100961342139494,-0.0008549497661161087,-0.1117341493912013,-0.024024203302008607,-0.024024203302008607,0.9000000000000001,619000000.0,,,-0.02706280335343436,1.0,-0.32330827067669166,,0.955386289445049,,0.9473684210526315,-0.004630637166001761,11451499737.633598,,0.45348837209302323,,,18.499999576144745,,,2016-01-01,,
HRB,H&R Block,Consumer Discretionary,2016-04-30,31.833135363021483,20.239999771118164,37.52999877929688,-0.46069809673739204,112015821.19248708,0.18641778465938064,0.12865080354150105,0.11156623360430233,0.15712678187618678,0.1163932357980666,0.0953684321258113,0.27332958763488646,0.09561843015183524,0.026660448072312465,0.47105484122075025,0.137622618539319,0.03349110025298513,0.5058989080967753,-0.005052175883290211,-0.1159313755083754,-0.05237180819657694,-0.05237180819657694,1.42,412446000.0,3042046000.0,-0.0892835865757281,0.255027865687125,1.0,-0.39574468085106385,,1.0349890111746114,,1.0348837209302324,0.05854204973022292,5878807708.168031,0.6418918918918919,0.5312143129044538,1.932517689794313,10.302208767347745,14.253520965576172,-0.011223837401111658,1.1363049719389355,2016-01-31,,
DINO,HF Sinclair,Energy,2016-05-31,33.64853585190559,26.76000022888184,59.20000076293945,-0.5479729749322197,89295504.2693668,-0.021046703810553513,-0.062366466303060974,-0.08347670018600084,0.10066006135526395,0.03963687010296124,-0.01368150168276644,-0.06352687871553786,-0.23788218406117712,-0.2893875353667592,2.1200228879254723,1.7770224323449202,1.6615434879880593,0.5717194594277901,0.18078463497426323,0.0893736385727959,-0.1752615132270725,-0.1752615132270725,,,,,,,,,,,,,,,,,,,,,,,
ANF,Abercrombie & Fitch,Consumer Discretionary,2016-10-31,34.715265561299546,14.609999656677246,85.7699966430664,-0.8296607178676122,53330290.937310174,-0.19466499462945908,-0.2714522520664876,-0.31200851527994683,-0.15416157808738873,-0.2857779864573454,-0.32249697526851795,-0.02252218970924269,-0.25683608662145097,-0.3215401080822887,0.48729889066524357,0.16456513746665702,0.13081861498687108,0.27783125047433743,-0.2341885412518736,-0.3190246207881401,-0.36900715958600716,-0.36900715958600716,0.65,50532000.0,3460145000.0,-0.027550640426623252,-0.1204529617499901,1.0,,0.5299243893998343,1.6383982987110661,1.6214688007835978,1.7586206896551728,244.49959514170075,1135803850.232638,0.09841269841269841,0.1322222222222222,0.3282532524598356,3.217426675113811,22.476922548734223,-0.009899446053369898,0.9981238444226213,2016-07-30,,shares +24450% y/y
MCK,McKesson Corporation,Health Care,2016-10-31,34.07529441700143,127.16999816894533,243.6100006103516,-0.4779771033605853,333012196.54742044,0.0963499017227456,0.01956264428571708,-0.020993618927742153,0.09159981284468577,-0.040016595525270926,-0.07673558433644342,0.09275904685433822,-0.14155485005787005,-0.2062588715187078,-0.001410655993876797,-0.32414440919246335,-0.3578909316722493,0.07768693328099463,-0.4343328584452164,-0.5191689379814829,-0.006841376531469767,-0.06200130920079194,8.34,1914000000.0,194267000000.0,0.03489846363655724,0.16448409128975627,1.0,0.09162303664921478,0.5958904109589042,1.1526288922919856,1.035450516986706,1.1602870813397128,-0.024289082923978023,29185057133.736374,0.15511551155115513,0.1716171617161716,0.15023167668073514,7.753485294454658,15.248201219298002,0.006194612344681438,1.078591323875162,2016-09-30,,
WSM,"Williams-Sonoma, Inc.",Consumer Discretionary,2016-10-31,34.780685033575764,23.11000061035156,44.68999862670898,-0.4828820469790781,94830888.05477203,0.05107999841368094,-0.025707259023347584,-0.06626352223680682,0.18681677764016857,0.05520036927021188,0.01848138045903938,0.15153790353030416,-0.08277599338190411,-0.14748001484274187,0.3662884630796577,0.04355470988107113,0.009808187401285196,0.5843128717419523,0.0722930800157413,-0.012542999520525178,-0.05455898813280846,-0.05455898813280846,1.66,302992000.0,5075232000.0,0.04795404327614894,0.0687852768209769,1.0,0.009118541033434235,0.6310177356070009,1.0179573006704188,1.0119769258888796,1.0243161094224922,-0.03269581646463515,4218159822.247976,0.05319865319865319,0.04814814814814814,0.8311265026402687,6.337434531135969,13.921687114669615,0.006345336947682911,1.0202180211259275,2016-07-31,,
CROX,Crocs,Consumer Discretionary,2016-12-31,34.74480628456554,6.860000133514404,75.20999908447266,-0.9087887220180717,6491526.418214374,0.030612249862943974,-0.028599513390128894,-0.03411743589159012,0.12390668922583692,0.03216834369911137,0.018643878793632176,0.8425656118533096,0.6255110944918505,0.5946798359852697,2.7871718712236637,2.625724738333036,2.60892557115161,5.106413786349014,4.582318294071355,4.487202614274334,-0.13556855496726328,-0.13556855496726328,-0.8400000000000001,-46023000.0,1057534000.0,-0.02838137675999719,-0.1081575814287341,0.0,,,,,,-0.24590876779043225,375854507.3151588,0.49401330376940134,0.49401330376940134,0.3554065470378813,152.94096552045283,,-0.025973212591666073,1.0155387253238954,2016-09-30,,
VFC,VF Corporation,Consumer Discretionary,2017-01-31,32.95742548243963,48.47457504272461,73.2862548828125,-0.33855843609095193,172020124.40430462,0.06972714299397209,0.0188079381517523,0.0223695849293686,0.22735781890446827,0.13276732815912728,0.13391905926629094,0.6224438190884842,0.35939981335891136,0.3603964207519284,0.7225535998685482,0.49016825768208583,0.46724119183849844,0.8439161683950818,0.34721907287128717,0.3048293866456425,-0.06662771953595659,-0.06662771953595659,2.4764595103578153,1121982000.0,12368797000.0,-0.013875963188881957,0.04581194657061394,1.0,0.09128630705394203,0.7055563136669457,1.1825355141936753,1.1491330631491994,1.182572614107884,-0.012824963974097492,21961837222.902126,0.4929606997364006,0.49158279415288764,1.7755839329323722,12.610400066597517,19.574143990636326,-0.003335966383128275,1.0240766588290227,2016-10-01,,
BBWI,"Bath & Body Works, Inc.",Consumer Discretionary,2017-02-28,32.342366336193905,42.53839874267578,81.73807525634766,-0.4795767014421799,194785608.22001365,-0.0077659192107562,-0.0332254302855044,-0.029435129337617747,-0.2927842437021564,-0.34906554293173,-0.35230220877768675,-0.01266945475248904,-0.18377443868203325,-0.18528353143852733,-0.4401834235224372,-0.6644160844215473,-0.7089622269412322,-0.5076717216115961,-0.8337766800014798,-0.8607026053092506,-0.3166054960504544,-0.4977678351018616,3.193209377526273,1162000000.0,12480000000.0,0.05512343591477853,0.05578862804605911,1.0,,0.5551839464882943,1.0600676818950932,1.0584258812168035,0.9657701711491441,0.2505058941232765,15479604841.09613,0.4842767295597484,0.4909404013177598,1.2403529520109078,7.925030791012777,13.321518796124037,0.007996123091834173,1.0275617179573893,2016-10-29,,shares +25% y/y
KIM,Kimco Realty,Real Estate,2017-04-30,34.13659409799544,20.290000915527344,53.59999847412109,-0.6214551960234911,92063355.77971746,0.009431038249804624,-0.032124283702540835,-0.033401571143855883,-0.07876414394378395,-0.1695170596691601,-0.18692236869917905,-0.23770903553994316,-0.3699325134351341,-0.3934555447781706,-0.022532610653596796,-0.3054881760990318,-0.3315463874038851,-0.34116487920886795,-0.6345727149796208,-0.5955554514488444,-0.3086320681502984,-0.3086320681502984,0.6300000000000001,314870000.0,1167178000.0,-0.011297611635599725,0.12520016012810253,1.0,-0.60625,1.0702546898209047,1.1054664962469944,1.003522170662542,1.11875,0.10377542322397004,10140813632.177925,0.09787492410443228,0.2397306397306397,8.688318004775557,15.186184514971586,32.20635065956721,-0.0030867993631661372,1.0458490602005415,2017-03-31,net income 1.07x operating income,
KRG,Kite Realty Group Trust,Real Estate,2017-04-30,34.48181002678166,20.36000061035156,87.19999694824219,-0.766513746297075,16940971.651722137,0.02475231477972728,-0.01680300717261818,-0.018080294613933227,-0.05296217570444195,-0.1437150914298181,-0.16112040045983705,-0.22615663197071967,-0.3583801098659106,-0.3819031412089471,-0.09887789102122391,-0.3818334564666589,-0.4078916677715122,-0.3620821143889654,-0.6554899501597182,-0.6164726866289418,-0.2841318420473746,-0.2841318420473746,0.01,1183000.0,354122000.0,,,0.0,-0.9444444444444444,0.018082325787567063,,,,-0.2147361433786923,2408588072.2045894,0.569767441860465,0.7547065337763013,6.801577061590608,17.166713497833587,2036.0000610351558,,,2016-12-31,,
MAT,Mattel,Consumer Discretionary,2017-04-30,34.96888703028486,22.420000076293945,48.47999954223633,-0.537541248185009,140677996.6710802,-0.09181061306077842,-0.13336593501312388,-0.13464322245443894,-0.3536951392075476,-0.4444480549329237,-0.4618533639629427,-0.3225699617190595,-0.45479343961425045,-0.4783164709572869,-0.44203569081348226,-0.7249912562589172,-0.7510494675637706,-0.6008655379341703,-0.8942733737049231,-0.8552561101741467,-0.4411202238747074,-0.58392979243363,0.92,318022000.0,5456650000.0,-0.04313163106105922,-0.058517519941617135,1.0,-0.11538461538461542,0.6124841834012861,1.0359384324431848,1.0311280476386653,1.0294117647058825,0.01373001583261213,7750057895.9382105,0.5849051260266213,0.5909657320872275,1.4202959500679373,11.939655240107292,24.369565300319504,-0.029410205702816494,1.001014247384732,2016-12-31,,
OXY,Occidental Petroleum,Energy,2017-04-30,34.290412739484054,61.540000915527344,112.94586181640624,-0.4551371787701194,337722223.61544657,0.018898241121648285,-0.022657080830697174,-0.023934368272012223,0.07572260508687756,-0.015030310638498579,-0.03243561966851753,0.3171318660574647,0.18490838816227373,0.1613853568192373,0.04747965621445638,-0.2354759092309786,-0.2615341205358319,-0.6788464302438071,-0.9722542660145599,-0.9332370024837835,-0.07052306792657181,-0.07052306792657181,-0.75,-574000000.0,10090000000.0,-0.19150641025641024,-0.3537696768848384,1.0,,,,,,4.598288414880969e-05,47098614034.01693,0.9143789378937894,0.9143789378937894,4.667850746681559,20.141662627630545,,-0.0017807677087455787,0.9982192322912544,2016-12-31,,
GILD,Gilead Sciences,Health Care,2017-05-31,34.00265757650294,64.88999938964844,123.37000274658205,-0.47402125358673375,523616777.1373083,0.3004082065349041,0.2703516437725946,0.2631906895190974,0.16894823202696552,0.06049938870421312,0.02726136039538149,0.06829661411990706,-0.0753099668417867,-0.1253359917848439,0.020579497731424423,-0.16384468643330208,-0.20194557921785808,0.3246152619145002,-0.011559407048265191,-0.0026609584602727,-0.014485967185470128,-0.02053858791795271,9.459999999999999,12637000000.0,29101000000.0,-0.11382807028228625,0.1947971620884119,1.0,-0.19006849315068497,0.7544928055406293,0.9426215327835765,0.9498667271593035,0.9708904109589042,-0.10025062503863247,86682338508.1382,0.006006006006006006,0.021021021021021023,2.9786721593119894,5.83997747050955,6.859407969307447,-0.042415268180322485,1.0771733917928341,2017-03-31,,
GWW,W. W. Grainger,Industrials,2017-05-31,34.3907349808169,172.27999877929688,276.3800048828125,-0.3766553450480433,201436800.95408607,-0.0490336198614455,-0.079090182623755,-0.08625113687725215,0.3026622195582005,0.1942133762354481,0.16097534792661647,0.8361253919874738,0.6925188110257801,0.6424927860827229,0.5837047863877061,0.39928060222297956,0.3611797094384236,0.9106716170639537,0.5744969481011883,0.5833953966891808,-0.09331481876404712,-0.09331481876404712,9.819999999999999,593959000.0,10171795000.0,0.013100655451088405,0.0021233683604939824,1.0,-0.1453437771975632,0.540998986240007,0.9909187712213449,0.9850695781853377,1.0117860380779689,-0.06677330450637331,10420290814.149939,0.14714714714714713,0.14114114114114115,1.0244298881514953,8.907541418232311,17.54378806306486,0.0034122821243411927,1.0067055474851865,2017-03-31,,
RRC,Range Resources,Energy,2017-05-31,33.44031708685466,23.059999465942383,95.41000366210938,-0.7583062720801435,142310075.81176454,-0.24653104856359698,-0.2765876113259065,-0.28374856557940364,-0.2170274962968778,-0.3254763396196302,-0.3587143679284618,-0.3099826069681183,-0.45358918792981207,-0.5036152128728693,-0.6573365259590626,-0.8417607101237891,-0.879861602908345,-0.7343020176570956,-1.070476686619861,-1.0615782380318683,-0.4809999562063719,-0.6665384877289539,-1.5,-257505000.0,1545181000.0,0.05352723236383827,-0.4601832546002278,1.0,,,,,,0.030334458076604953,3958710108.318329,0.05405405405405406,0.05405405405405406,2.5619717743865147,,,0.4047879018745586,1.4047879018745586,2017-03-31,,
TSCO,Tractor Supply,Consumer Discretionary,2017-05-31,33.71976273679772,11.029999732971191,19.450000762939453,-0.4329049202924431,144111181.9269468,0.08450715281386079,0.054450590051551284,0.04728963579805413,0.24892933473381507,0.14048049141106267,0.10724246310223104,0.3713555741870518,0.22774899322535802,0.17772296828230083,0.8853532991585937,0.7009291149938672,0.6628282222093113,1.3145082427261938,0.9783335737634284,0.9872320223514209,-0.09573888500891292,-0.09573888500891292,0.646,429763000.0,6875860000.0,0.08060849743955312,0.08594158399163598,1.0,0.04870129870129869,0.6299228871654987,1.027915409560046,1.031702618498347,1.0380952380952382,-0.024327320303239697,7337903676.843494,0.1919191919191919,0.1717171717171717,1.06719794714312,9.459402634065464,17.074302992215465,0.014201619304089474,1.0414664573977668,2017-04-01,,
AZO,AutoZone,Consumer Discretionary,2017-06-30,34.4468241767065,570.4600219726562,819.5399780273438,-0.3039265474934244,320972767.9456923,0.04321067634795228,-0.0009448138895438163,-0.014364814655691178,0.24701112736570607,0.13222522436229633,0.11891871145473423,0.17612096699729962,0.03322343736797673,-0.001029907659003071,0.9273392145888633,0.6685198571964794,0.6329177029414813,0.9775618828049295,0.6263049193881702,0.6458023388977867,-0.13906323674623122,-0.13906323674623122,43.1,1273737000.0,10774840000.0,0.023513031960393338,0.058379459499456665,1.0,0.10061287027579158,0.6136102182860843,1.021088946959624,1.0168257331956112,1.0393258426966292,-0.04778608991895972,16858840765.832603,0.16987179487179485,0.125,1.5646488268811976,9.115908909228416,13.235731368275086,0.0023567594641094036,1.024199950294733,2017-05-06,,
KR,Kroger,Consumer Staples,2017-06-30,33.49219155747613,23.31999969482422,42.75,-0.454502931115223,350713503.89970446,-0.13520787774743293,-0.17936336798492902,-0.19278336875107638,0.19009617927335687,0.07531027626994713,0.06200376336238503,0.24529457575053493,0.10239704612121203,0.06814370109423223,-0.030972215950881732,-0.28979157334326555,-0.3253937275982637,0.5463473336568845,0.1950903702401252,0.21458778974974174,-0.15115871597403086,-0.15115871597403086,1.6599999999999997,1582000000.0,117018000000.0,0.05059120332546252,0.026051310395651894,1.0,-0.22429906542056077,0.5535339398180545,0.9838095238095238,0.9834502103786816,0.985981308411215,-0.02883534136546173,22224240673.01923,0.4575757575757576,0.40303030303030307,0.18992155628210386,6.5973741742403105,14.048192587243507,0.014574681151755309,1.0145746811517553,2017-05-20,,
SAM,Boston Beer Company,Consumer Staples,2017-06-30,34.86772362024682,132.14999389648438,325.0,-0.5933846341646635,22482888.487340532,0.18199019419249196,0.13783470395499586,0.12441470318884851,0.4460841084352065,0.3312982054317968,0.31799169252423465,1.267877609149131,1.1249800795198082,1.0907267344928284,1.8585700129621774,1.5997506555697936,1.5641485013147953,3.0609159984860144,2.7096590350692553,2.7291564545788716,-0.02572829401072585,-0.02572829401072585,6.71,86028000.0,879314000.0,-0.07368281331313509,0.03330158436426767,1.0,-0.0103244837758113,0.6594710617094672,1.0744298752736845,1.0616102413819697,1.0812101910828023,-0.052097962916083373,1694277149.7655375,0.022860962566844917,0.019073083778966132,1.9268169843372647,9.044637855505403,19.694484932411978,-0.09254959267033647,1.074023868083781,2017-04-01,,
TGT,Target Corporation,Consumer Staples,2017-06-30,33.92405569814083,52.290000915527344,85.80999755859375,-0.3906304346434447,421543932.65106565,0.14122795437276636,0.09707246413527026,0.08365246336912291,0.2749951918377749,0.16020928883436514,0.14690277592680304,0.5125442535209677,0.36964672389164477,0.33539337886466497,0.7802997746745359,0.5214804172821521,0.485878263027154,1.5264103328243874,1.1751533694076282,1.1946507889172446,-0.04302945253930279,-0.04302945253930279,4.7,2737000000.0,70271000000.0,-0.047624856000542115,-0.0029830322933771525,1.0,-0.12639405204460952,0.5627055921052632,1.017949498022513,,1.035514018691589,-0.06756205673758886,30450581384.21241,0.3178451178451178,0.19350649350649352,0.43333069664886525,5.526051575567217,11.125532109686668,-0.002271726938422036,1.0064313081554461,2017-01-28,,
BKR,Baker Hughes,Energy,2017-07-31,31.78438124237735,36.88999938964844,100.29000091552734,-0.6321667259658289,166042190.55589947,-0.14384229375696955,-0.19107703274405707,-0.20577555981052115,-0.11916030995871973,-0.27305669075911077,-0.2731817007753998,-0.04249430433058732,-0.20386120803976648,-0.2384238049229799,-0.27659832304357856,-0.5287138502612688,-0.574500356194529,-0.5426280885636409,-0.9446460512257185,-0.9275211956211906,-0.2966323902800916,-0.4364378565164635,,0.0,12785000000.0,-0.21608341323106428,,0.0,,,,,,,3688.9999389648438,,,2.885412545142623e-07,,,-0.02270295061917138,0.9772970493808286,2017-03-31,,
DKS,Dick's Sporting Goods,Consumer Discretionary,2017-08-31,29.217420738134493,26.36000061035156,62.880001068115234,-0.5807888014855965,101061304.19828929,0.12460527877238814,0.048500447839397776,0.02382213438483735,0.22926863443064271,0.12056304172184418,0.1219942814397618,0.45637651894218645,0.2614253459838056,0.22568569260088386,0.36176342890966895,0.1341940000708508,0.09643778372980899,1.2516236125958113,0.7561124860608104,0.8213849221693326,-0.08840532665251655,-0.08840532665251655,2.79,309682000.0,8275945000.0,0.10186119385776204,0.061612999521693856,1.0,-0.021052631578947545,0.6714220361509259,1.0726255048248439,1.0267624791022483,1.0813953488372092,-0.025143750074763105,2925884483.5178823,0.0,0.0,0.35354083231798694,3.955900804975944,9.448028892599124,0.023377961119787738,1.0316961466538361,2017-07-29,,
FLG,Flagstar Bank,Financials,2017-08-31,32.66880192265094,36.150001525878906,106.70999908447266,-0.6612313575482067,46795180.32776449,0.1222065621436983,0.04610173121070793,0.021423417756147506,0.1602754931027257,0.05156990039392717,0.0530011401118448,-0.054368870295641525,-0.24932004325402235,-0.2850596966369441,0.0775552583682595,-0.15001417047055865,-0.18777038681160046,-0.10018167058159733,-0.5956927971165983,-0.5304203610080762,-0.10132316374223294,-0.23069043893047625,2.7600000000000002,458244000.0,,,,1.0,,,0.9761315925691608,,0.968421052631579,1.0661565217391313,6002000470.733643,0.6909090909090909,0.5137713771377138,,4.194651189250637,13.097826639811197,,,2017-06-30,,shares +107% y/y
FLR,Fluor,Industrials,2017-08-31,31.89664653848338,38.56999969482422,101.36499786376952,-0.6194939031453368,69697866.94122194,0.25512029456871055,0.17901546363572018,0.15433715018115976,0.4870351805744242,0.37832958786562565,0.3797608275835433,0.5122473574166571,0.31729618445827623,0.2815565310753545,-0.5260626307824134,-0.7536320596212316,-0.7913882759622735,-0.7374239505000665,-1.2329350770350676,-1.1676626409265454,-0.013741507692648258,-0.5641492454323623,0.7999999999999998,159106000.0,19308516000.0,0.07059583542252335,-0.10954525005194027,1.0,-0.6536796536796536,,1.25966793946095,,1.6949152542372872,0.18491442344147768,7670897964.305879,0.6194178628389154,0.7433545986177564,0.3972805556007452,13.753259538613566,48.21249961853029,-0.007199768866980816,1.0336078341794737,2017-06-30,TTM EPS jumped 1.69x in one quarter (no operating income reported),shares +18% y/y
GME,GameStop,Consumer Discretionary,2017-08-31,31.942606273326533,4.625,15.942500114440918,-0.7098949370048543,51903300.225297235,0.054351798372598514,-0.02175303256039185,-0.046431346014952274,-0.11771838477605578,-0.22642397748485432,-0.22499273776693668,-0.21508400016449558,-0.4100351731228764,-0.44577482650579814,-0.7444888299514554,-0.9720582587902735,-1.0098144751313154,-0.5700718993041468,-1.0655830258391479,-1.0003105897306257,-0.2972466869511948,-0.7972644321863858,0.8375,346400000.0,8682300000.0,-0.06387268590897821,-0.009145006036131331,1.0,-0.10187667560321712,0.6358296622613803,1.0065856129685917,1.0125600868351683,1.0080428954423593,-0.02306703564245638,1912955223.8805969,0.07314213564213563,0.03273809523809524,0.22032816464307808,3.417357499831161,5.522388059701492,0.008643223085770035,1.00864322308577,2017-04-29,,
ORLY,O'Reilly Automotive,Consumer Discretionary,2017-08-31,34.35823250021902,13.075332641601562,19.522666931152344,-0.33024864442381907,371933968.5748418,0.20435426039059168,0.12824942945760132,0.10357111600304089,0.24504160321155788,0.13633601050275934,0.13776725022067698,0.7101923492102391,0.5152411762518583,0.47950152286893655,0.9566614735589125,0.7290920447200944,0.6913358283790525,1.3740887262882118,0.8785775997532108,0.943850035861733,-0.03125470443047962,-0.03125470443047962,0.7613333333333334,1072278000.0,8767345000.0,0.056040453418246816,0.09548377238627692,1.0,0.13518886679920517,0.6248265710867706,1.0271758013218681,1.0272592732311399,1.04102096627165,-0.05353728676707403,18415575570.408806,0.21813725490196076,0.1952614379084967,2.1004734694949048,10.807174597485327,17.17425478318944,0.01319048837973913,1.0268298183103162,2017-06-30,,
SLB,Schlumberger,Energy,2017-08-31,34.964825738535254,63.5099983215332,118.76000213623048,-0.46522400489113824,471691926.01475793,-0.0025391587571839125,-0.07864398969017428,-0.1033223031447347,0.05727478033967426,-0.05143081236912428,-0.04999957265120665,0.0247471627167295,-0.17020401024165133,-0.2059436636245731,-0.4498898431387205,-0.6774592719775386,-0.7152154883185804,-0.660710781890975,-1.156221908425976,-1.0909494723174538,-0.03158201636398239,-0.47363807469472696,0.16999999999999993,177000000.0,28482000000.0,-0.04745660680244812,-0.32873114224137934,1.0,,0.05312124849939976,,1.0648769574944073,,-0.21572116391040363,66125115899.478714,0.4494284954811271,0.6550137598899209,2.321645807860358,14.235951798223837,373.5882254207837,0.010573374964518933,1.0134483998561667,2017-06-30,,
WBD,Warner Bros. Discovery,Communication Services,2017-08-31,34.50211814450944,22.209999084472656,46.37710952758789,-0.52109997128517,99486649.05475132,-0.14362894003625426,-0.21973377096924462,-0.24441208442380505,0.09500228263524324,-0.013703310073555297,-0.012272070355637668,0.2530392197612661,0.05808804680288526,0.022348393419963503,0.24268354431249395,0.015114115473675804,-0.02264210086736601,-0.006303439685700574,-0.5018145662207015,-0.4365421301121794,-0.2800540103445113,-0.2800540103445113,,1146000000.0,6549000000.0,0.020411343097538115,0.00574980574980577,1.0,,0.5573929961089494,1.116523400191022,1.0425531914893618,,0.0,15372732620.915602,0.08978328173374613,0.08075335397316821,2.347340452117209,9.755247003327282,,0.008003694012621132,1.0084138360860082,2017-03-31,,
CMG,Chipotle Mexican Grill,Consumer Discretionary,2017-09-30,34.54149153158306,6.156599998474121,15.172200202941896,-0.5942183786053421,508565723.8999625,-0.061072658222710796,-0.12871623566523183,-0.12740365632803044,0.04963781411762036,-0.007379017970001955,-0.013292545119274524,0.47652921163945505,0.2982160174186623,0.29808830962741284,1.7303057795922743,1.5035686504300865,1.486745295713772,3.040249622695608,2.6291683008336917,2.695916329720891,-0.19591984587795241,-0.19591984587795241,0.0944,136624000.0,,,,1.0,-0.29866270430906394,0.6205274010555288,4.162961025372744,4.4650678392686665,4.220779220779221,-0.08076602577919378,8910374133.384834,0.6650485436893203,0.6796116504854369,,22.180542318330055,65.21822032281908,,,2017-06-30,,
DOC,Healthpeak Properties,Real Estate,2017-10-31,34.590132483893754,25.84000015258789,51.05646514892578,-0.49389367091482717,97696545.11919174,-0.055139275687772216,-0.15699002398940842,-0.14122089827272222,-0.06827040964337583,-0.10629053461570825,-0.11257084030151798,0.13249684766961822,0.060862025678573906,0.0737254208850103,0.6238189593562447,0.39883089472477673,0.3822054420269755,0.2218287926906337,-0.12239363762962907,-0.09968610137693795,-0.1432557043662378,-0.1432557043662378,1.4700000000000002,690439000.0,,,0.08702044954514987,1.0,,,1.5496258843132664,,1.537313432835821,0.18135420322075646,12136696507.042604,,0.20192307692307693,,,17.57823139631829,,,2017-06-30,TTM net income jumped 1.55x in one quarter,shares +18% y/y
GE,GE Aerospace,Industrials,2017-10-31,26.486584507020538,96.61553955078124,289.9424743652344,-0.6667768675069087,1266931345.1827033,-0.19237874561575896,-0.29422949391739517,-0.27846036820070896,-0.2914489674425722,-0.32946909241490463,-0.33574939810071436,-0.4819688591722783,-0.5536036811633226,-0.5407402859568862,-0.4652604172749719,-0.6902484819064398,-0.7068739346042411,-0.6004161104111898,-0.9446385407314526,-0.9219310044787614,-0.4973559385257623,-0.6584072012383457,3.833949904364516,7714000000.0,119573000000.0,-0.029904510015495878,-0.14512113078518274,1.0,-0.30434782608695654,,,,1.089887640449438,-0.06722114737550466,194392803945.16785,0.5551398828887443,0.6457342809001885,1.6257249039931074,23.389738838997594,25.20000051142959,-0.03186028435404997,1.0358595535834343,2017-06-30,,
SYNA,Synaptics,Information Technology,2017-10-31,34.137107906095125,37.119998931884766,102.5,-0.6378536689572218,39822788.57805767,0.1675646928793515,0.06571394457771529,0.08148307029440148,0.17241383917124886,0.13439371419891644,0.1281134085131067,0.011314708936637663,-0.060320113054406654,-0.047456717847970266,0.13442892839580778,-0.09055913623566014,-0.10718458893346136,1.0654633721739817,0.7212409418537189,0.7439484781064101,-0.09132541721967957,-0.29040945822973174,1.37,48800000.0,1718200000.0,0.030775691403203576,-0.021197886083382245,1.0,-0.2827225130890052,0.7542503863987635,2.0418410041841004,2.9815668202764978,1.985507246376812,-0.05768647511980107,1322230618.887574,0.3707482993197279,0.3707482993197279,0.7695440687274904,11.965583441139673,27.094889731302747,0.06350581827184953,1.1099236641221375,2017-06-24,,
CAH,Cardinal Health,Health Care,2017-11-30,34.566231429298256,59.18999862670898,91.91000366210938,-0.3560004758098979,193742172.56740993,0.17804371071530767,0.1477485565270833,0.17245046733383315,-0.10676440188136938,-0.13848236329269636,-0.14870505497807882,-0.0423770762110639,-0.10151649129521279,-0.09298063083800183,0.0015946834193236725,-0.23008822657764494,-0.25440958061606717,0.03342523855816304,-0.4128121104023914,-0.4219865937694775,-0.17209795222626367,-0.2634882793665878,,,,,,,,,,,,,,,,,,,,,,,
PCG,PG&E Corporation,Utilities,2017-12-31,31.41050579282556,44.83000183105469,71.56999969482422,-0.3736202036857533,397715758.6788783,-0.020076025112216955,-0.010122567254722492,-0.01690110514257457,-0.05063584843945579,-0.07585291168915798,-0.09313332085005825,-0.4702208859715088,-0.4245307515711314,-0.414962415516589,-0.7575284661285147,-1.0098104884506178,-1.0340282971142114,-0.7220611695150831,-1.2039070438670993,-1.25234617496687,-0.6149899972987669,-0.9208119802546041,4.359999999999999,2224000000.0,17748000000.0,0.036682242990654146,0.008601390361729688,1.0,1.6265060240963853,0.6233183856502242,1.668263473053892,1.6234153616703952,1.6746987951807228,0.014074603087403048,22867413778.042576,0.364406779661017,0.2711864406779661,1.2884501790648284,,10.282110511709792,-0.016240784878887027,1.031892523364486,2017-09-30,,
KMI,Kinder Morgan,Energy,2018-02-28,34.15871292948057,16.200000762939453,44.709999084472656,-0.6376649274286039,289254561.6966066,0.042483828395871504,0.04110285788725676,0.007796611834892983,0.11873281550062975,0.040943381753058894,0.008954524739515968,0.2396436687209731,0.19427824230864554,0.1553835750344741,0.3021701868073119,0.16981657497291414,0.1598126156147226,0.07745695059414226,-0.4034899218091217,-0.5208769900257894,-0.09321007591127772,-0.09321007591127772,0.5599999999999999,1398000000.0,13462000000.0,0.011800075159714485,-0.09338332291883633,1.0,1.2399999999999998,0.381342062193126,1.6702508960573477,1.492063492063492,1.8064516129032253,-0.11849273607748179,40442144761.76671,0.36111111111111116,0.26266339869281047,3.004170610738873,13.20526093948762,28.92857279096331,-0.0036266745614684792,1.0175371419819268,2017-09-30,,
MTSI,MACOM Technology Solutions,Information Technology,2018-02-28,34.79249077896567,21.34000015258789,65.98999786376953,-0.676617656563008,34188506.64273519,0.05670098762046738,0.05532001711185264,0.02201377105948886,0.08013116552228738,0.0023417317747165267,-0.0296471252388264,-0.10543580055818991,-0.15080122697051745,-0.1896958942446889,0.1841612126089509,0.05180760077455315,0.041803641416361614,2.0154638244610044,1.5345169520577404,1.4171298838410729,-0.3875351639470711,-0.42221181651628037,-3.34,-191097000.0,677945000.0,0.1682342034339912,,1.0,-12.133333333333333,,-6.449002493765586,-0.11987475140693099,-5.900000000000001,0.0700998252870817,1220961080.5865533,0.5373181530676787,0.5373181530676787,1.8009736491699966,32.67297672138105,,-0.029805143880979768,1.090476567938847,2017-12-29,,
OHI,Omega Healthcare Investors,Real Estate,2018-02-28,33.87575209267143,25.479999542236328,45.459999084472656,-0.43950725791063006,69432680.82961734,0.23455965088437836,0.23317868037576361,0.19987243432339985,0.3613605096950341,0.2835710759474632,0.2515822189339203,0.5340550204667547,0.48868959405442713,0.4497949267802557,0.8098155646554579,0.6774619528210601,0.6674579934628686,0.8491789113234738,0.36823203892020984,0.25084497070354217,-0.009811508793688861,-0.009811508793688861,0.8299999999999998,162278000.0,,,,1.0,-0.47468354430379756,0.47910177643019314,1.2100971604832265,1.083743832700664,1.2025316455696202,0.020200750955923885,4981738994.837383,0.8518518518518519,0.7638888888888888,,15.442455551380586,30.6987946292004,,,2017-09-30,,
PPL,PPL Corporation,Utilities,2018-02-28,32.70617708606595,28.649999618530277,51.44122314453125,-0.443053685989656,208059839.330979,-0.03205369890302556,-0.033434669411640305,-0.06674091546400408,0.07078931735917449,-0.007000116388396371,-0.0389889734019393,0.18976183172022787,0.14439640530790032,0.10550173803372885,0.16921600241673196,0.036862390582334204,0.026858431224142665,0.07925334232582326,-0.4016935300774407,-0.5190805982941084,-0.09086758203340961,-0.09086758203340961,2.2100000000000004,1515000000.0,7353000000.0,-0.015003348961821872,,1.0,-0.18148148148148135,0.506858481097357,1.0359477124183007,1.0328702134869536,1.0333333333333332,0.008118179398455938,19640158109.535458,0.42576628352490425,0.375,2.6710401345757457,9.708205168733736,12.96380073236664,-0.005948357442206342,1.0069658405894173,2017-09-30,,
SBRA,Sabra Health Care REIT,Real Estate,2018-02-28,32.68169833091133,16.8799991607666,72.38999938964844,-0.7668186309837103,34483906.78770277,0.2569694101870943,0.25558843967847955,0.2222821936261158,0.45817323750519123,0.3803838037576204,0.34839494674407745,0.17160384191917255,0.126238415506845,0.08734374823267353,0.375807496017456,0.24345388418305824,0.2334499248248667,0.3144293448472817,-0.16651752755598226,-0.2839045957726499,-0.021919376020081427,-0.021919376020081427,1.4,158383000.0,405647000.0,0.5570307761989206,0.16551142873447677,1.0,0.4736842105263157,,2.04067617538299,,1.576086956521739,0.48922207309927646,1909646362.1997836,0.0,0.0,4.707655577878755,13.243844716580552,12.05714225769043,0.34781669690264017,1.3478166969026402,2017-12-31,TTM net income jumped 2.04x in one quarter,shares +49% y/y
VMRK,Vivmark Residential,Real Estate,2018-02-28,34.02132564507703,56.22999954223633,82.52999877929688,-0.3186719935304064,130163556.58964127,0.14838366461742813,0.1470026941088134,0.11369644805644961,0.22639694541172384,0.14860751166415298,0.11661865465061005,0.3556636350453597,0.31029820863303215,0.2714035413588607,0.4219580803450895,0.28960446851069177,0.27960050915250023,0.29147682361786775,-0.1894700487853962,-0.30685711700206386,-0.0129824981824892,-0.0129824981824892,1.63,603454000.0,2471406000.0,0.018800395745733445,-0.11627288508232347,1.0,-0.860445205479452,0.7120644836224485,0.9731202256212661,1.0099167338548076,0.9696969696969696,0.007449306570326053,20817311744.63846,0.7391141141141141,0.6918918918918919,8.42326665252025,18.751485492036586,34.49693223450082,0.010307862305110271,1.0103078623051103,2017-12-31,,
VTR,Ventas,Real Estate,2018-02-28,31.80254598321649,48.31999969482422,96.0488739013672,-0.4969227880334741,141427318.24153718,0.14920074727872867,0.14781977677011393,0.11451353071775015,0.27629210974094076,0.1985026759933699,0.16651381897982698,0.3759437574430542,0.33057833103072665,0.2916836637565552,0.23739773464617042,0.10504412281177267,0.09504016345358113,0.2928430434697886,-0.18810382893347533,-0.305490897150143,-0.021308204477680115,-0.021308204477680115,3.78,1356470000.0,3574149000.0,0.03793412674581442,0.047810399105646884,1.0,1.032258064516129,,1.6569662271390728,,1.6515151515151514,0.028092258501773992,17339849202.655613,0.14053030303030303,0.10202020202020201,4.851462320864523,14.855132845871038,12.78306870233445,0.0055069890231571605,1.014207347984024,2017-12-31,TTM net income jumped 1.66x in one quarter,
WELL,Welltower,Real Estate,2018-02-28,31.073159437982042,52.5,84.87999725341797,-0.38147971608368636,161498484.4823383,0.11536776872367471,0.11398679821505997,0.08068055216269619,0.3083504584387937,0.23056102469122286,0.19857216767767993,0.49313752205989747,0.4477720956475699,0.40887742837339847,0.5673929690886059,0.43503935725420817,0.42503539789601663,0.4893382150459875,0.008391342642723565,-0.1089957255739441,-0.05561907769905983,-0.05561907769905983,1.26,463595000.0,4316641000.0,0.008287707070046446,0.1091588066405067,1.0,-0.5516014234875445,,1.1616658287213415,,1.1565836298932384,0.021230245158704086,19316458333.333336,0.1989247311827957,0.2869374751095181,4.474881819760628,17.649048999643213,41.666666666666664,0.006044694286836405,1.0396061895018065,2017-12-31,,
EPR,EPR Properties,Real Estate,2018-03-31,33.116374635776296,55.400001525878906,84.66999816894531,-0.345695019204593,36574508.49015372,0.19068619597230008,0.1551620871449655,0.14795277071994556,0.2775275887970512,0.16277410668493708,0.17244956163739583,0.4814436686389709,0.3871618052332473,0.3939875872350996,-0.4987648532608684,-0.5176484102868903,-0.44424953258143407,-0.022544404594537992,-0.6143579466322389,-0.7120882041664599,-0.04693079624699148,-0.7441563233896233,3.29,262968000.0,575991000.0,0.16776551875144463,0.17154889232501302,1.0,0.03785488958990535,,1.1130305538497138,,1.0825396825396827,0.1262077055323494,4428093495.822895,0.17976201289853755,0.17650800859902505,7.687782440737607,15.150500683096002,16.83890623886897,0.030170517346840287,1.059074318984245,2017-12-31,,
EQT,EQT Corporation,Energy,2018-03-31,33.96805039148815,25.86281967163086,60.680458068847656,-0.5737866770503435,200026155.65146527,0.1621202554306067,0.12659614660327212,0.11938683017825219,-0.06793966342372348,-0.1826931455358376,-0.17301769058337885,-0.1944611648675061,-0.28874302827322973,-0.28191724627137743,-0.7219907406848046,-0.7408742977108266,-0.6674754200053703,-0.269389978555705,-0.8612035205934059,-0.9589337781276269,-0.3693950213620075,-0.8344527717448098,4.376701143168209,1858142000.0,3091020000.0,1.2284784874994052,,1.0,,1.9916182644662646,10.720729089918954,1.7647834360446861,42.315789473684205,3.7787249821712345,10980140041.158062,0.2836120401337793,0.09130434782608696,3.5522707847759194,8.158693207376158,5.90920394736143,,,2017-12-31,net income 1.99x operating income,shares +378% y/y
GIS,General Mills,Consumer Staples,2018-03-31,32.574297045982874,45.060001373291016,72.94999694824219,-0.3823166105783259,275362701.47871596,-0.007053691782846094,-0.04257780061018068,-0.04978711703520061,-0.026525167626782475,-0.1412786497388966,-0.13160319478643784,0.2011742214416632,0.10689235803593955,0.11371814003779186,0.27112560250969153,0.2522420454836696,0.32564092318912585,0.5274611454954898,-0.06435239654221103,-0.16208265407643208,-0.1647326897644057,-0.1647326897644057,3.74,2185500000.0,15656800000.0,-0.005355407182471406,-0.07044407700484234,1.0,0.3851851851851853,0.8545454545454545,1.3643173731194207,1.0309725625677901,1.3699633699633698,-0.030974462793794455,26331185294.472595,0.4310344827586207,0.2729885057471264,1.6817731142042176,10.7361986638515,12.0481287094361,0.005723388811449404,1.0057233888114494,2018-02-25,,
AYI,Acuity Brands,Industrials,2018-04-30,33.53615158512372,119.7699966430664,280.8900146484375,-0.5736053601158775,100211742.03924754,0.16194995208166896,0.09358500212822252,0.08898213953187933,0.051120435436970535,0.018736962120778466,0.04192246594278207,0.22667772739476777,0.09354845522099553,0.09780569983285758,-0.2707294726470175,-0.41309037667561466,-0.33807213872558506,0.5696047631122187,-0.09781425688114287,-0.19787913389784761,-0.13427307655704157,-0.4327277784036736,,341100000.0,3524100000.0,0.026596364483803203,0.16067081417365436,1.0,,0.6949877750611247,1.095024077046549,1.0351157222665603,,-0.07014948079815686,4910500515.537666,0.11437908496732026,0.14705882352941177,1.393405554762256,8.881524181131288,,0.007835959619069355,1.0567351906951583,2018-02-28,,
INCY,Incyte,Health Care,2018-04-30,33.292220565408414,61.93999862670898,153.14999389648438,-0.5955599014350934,189663700.92893934,0.07426545674534157,0.005900506791895133,0.0012976441955519502,0.04649662789745945,0.014113154581267384,0.037298658403270984,0.23990966668573832,0.10678039451196608,0.11103763912382814,0.5766872106451366,0.4343263066165395,0.5093445445665691,0.3784307256442445,-0.2889882943491171,-0.38905317136582185,-0.07975458082394615,-0.07975458082394615,-1.53,-313142000.0,1536216000.0,0.3893367121302971,0.4669552677210378,1.0,-3.833333333333333,,-1.0257719099614284,-0.16789886757058717,-0.9999999999999998,0.060435473147252505,12677134019.584904,0.0,0.0,8.252181997573846,,,0.08294197346883236,1.1382273456353624,2017-12-31,,
PM,Philip Morris International,Consumer Staples,2018-04-30,34.047035111395104,82.0,123.5500030517578,-0.3363011090687841,648951427.2582524,0.06732326265694533,-0.0010416872965011148,-0.005644549892844297,0.10464450623218235,0.07226103291599029,0.09544653673799389,0.1163831104134938,-0.016746161760278433,-0.012488917148416379,0.024536426728548166,-0.11782447730004897,-0.04280623935001937,0.38429137374524314,-0.2831276462481185,-0.3831925232648232,-0.17636640504775403,-0.2307738315683756,3.88,6035000000.0,78098000000.0,0.041959628033567675,0.018774541884816864,1.0,-0.1415929203539823,0.5246457445883682,1.0086120281326252,1.065388533851996,1.0089285714285712,0.000492944005375362,127543814432.98969,0.5601092896174863,0.5901639344262296,1.6331252328227315,12.355535177976222,21.1340206185567,0.03165041874719288,1.0316504187471929,2017-12-31,,
TAP,Molson Coors Beverage Company,Consumer Staples,2018-04-30,34.92606740599177,71.23999786376953,112.19000244140624,-0.36500582660227476,150417934.62503827,-0.05322073246593839,-0.12158568241938483,-0.12618854501572802,-0.09008221375904002,-0.12246568707523209,-0.09928018325322849,-0.07552098237578564,-0.20865025454955788,-0.20439300993769582,-0.3843618622179633,-0.5267227662465604,-0.45170452829653085,-0.17509593215801367,-0.8425149521513753,-0.94257982916808,-0.22501886601561227,-0.4894452327295358,6.53,1414200000.0,13471500000.0,1.0419407645436083,0.2866950111167452,1.0,-0.29481641468682496,0.8197785635615327,1.0749565649044428,1.0785084272115972,1.0745473908413208,0.0149477311868349,15428423427.096918,0.3724112595858015,0.22675299628047937,1.1452639592544942,10.372088509041694,10.909647452338366,0.0838240973160842,1.320721478189498,2017-12-31,,growth 104% vs 29% a year earlier
CCK,Crown Holdings,Materials,2018-05-31,33.11191439797186,43.34000015258789,62.27000045776367,-0.30399871793827227,85414618.25987801,-0.0122289591411876,-0.08853205006186593,-0.08278888949213256,0.18320244148961073,0.1566240017430438,0.1722553700652674,0.2789567983497443,0.24326480087216074,0.2505262033224835,0.5096906041725335,0.3413039481258926,0.40735811023976304,1.3912868502447728,0.7527505050004211,0.6644989466877915,-0.0989848609820081,-0.0989848609820081,2.38,323000000.0,8698000000.0,0.049975857073877306,-0.042273042273042294,1.0,-0.3670212765957448,0.2999071494893222,1.0564516129032258,1.0315270935960592,1.056179775280899,-0.02617230098146106,5881857163.5655,0.17567567567567569,0.5270270270270271,0.6762309914423431,,18.210084097726007,0.02898379273630658,1.0289837927363066,2017-12-31,,
COKE,Coca-Cola Consolidated,Consumer Staples,2018-05-31,34.58512873346271,12.741000175476074,24.95400047302246,-0.48942053642860783,9092925.528511168,0.3332336739158164,0.25693058299513805,0.2626737435648714,0.6735004893563503,0.6469220496097834,0.662553417932007,1.3828375992570847,1.3471456017795012,1.354407004229824,0.9279373401346516,0.7595506840880106,0.8256048462018811,2.219383518287384,1.580847173043032,1.4925956147304025,-0.010203377517095547,-0.010203377517095547,1.03,96535000.0,4287588000.0,0.3697729657891249,0.3703665002999603,1.0,0.7457627118644066,1.0037014317054658,2.4130130480427936,1.0094400863451145,2.4121779859484773,0.002915473970102056,1194128594.1160998,0.3822222222222222,0.12,0.27850824149057696,8.547447717591503,12.369903082986479,0.06152615484866719,1.0968320774969869,2017-12-31,net income 1.00x operating income,
KMB,Kimberly-Clark,Consumer Staples,2018-05-31,34.69728270602428,100.8499984741211,138.8699951171875,-0.2737812197010785,257564088.107651,0.15714720782362823,0.0808441169029499,0.08658727747268327,0.16543183156814223,0.1388533918215753,0.1544847601437989,0.3151552909615305,0.27946329348394694,0.2867246959342697,0.4984239272424831,0.33003727119584214,0.3960914333097126,0.4274442268122518,-0.21109211843209996,-0.2993436767447295,-0.011204835641150712,-0.011204835641150712,5.09,1808000000.0,18486000000.0,0.015212257674776186,-0.009087940792337879,1.0,-0.16006600660066017,0.670126019273536,1.051708217913204,1.005441354292624,1.0543657331136738,-0.014400138172240395,35822553485.50313,0.725,0.6293447293447293,1.9378207013687725,12.410001008828692,19.813359228707483,0.007521255722694464,1.0075212557226945,2018-03-31,,
XRAY,Dentsply Sirona,Health Care,2018-05-31,32.44624206654295,43.810001373291016,68.9800033569336,-0.36488838444094673,121264845.45127626,-0.08696518620700633,-0.16326827712768466,-0.1575251165579513,-0.13390617592499088,-0.1604846156715578,-0.14485324734933422,0.24009782067436758,0.20440582319678402,0.21166722564710677,0.079523273450671,-0.08886338259596993,-0.022809220482099477,0.5658114156289222,-0.07272492961542953,-0.16097648792805908,-0.22216609599754078,-0.26926190796464766,-6.76,-1550000000.0,3993400000.0,0.06624302459082054,0.38794524475023295,1.0,-5.506666666666666,,0.8483368225168644,1.025291400923686,0.7731958762886599,-0.05693745203563583,10045192622.574123,0.6016260162601627,0.6016260162601627,2.5154486459092813,,,0.024237605478468316,1.1161040636422275,2017-12-31,,
BEN,Franklin Resources,Financials,2018-06-30,32.8492424638646,32.04999923706055,59.43000030517578,-0.4607100946915307,116435592.56274511,-0.04416196250489668,-0.12067333738201269,-0.10100510250968711,-0.059368755287199204,0.009794351914040655,0.03496110214284179,0.12094724199437779,0.01951922700806663,0.023507782107593855,-0.30037707991896445,-0.48268514200307244,-0.4033281472244783,0.12835619443188717,-0.5373494356756496,-0.5917294851119798,-0.14065718797312,-0.5025570945969143,1.1999999999999997,695700000.0,6464100000.0,0.008833398361295375,-0.11578003173946039,1.0,-0.6129032258064517,0.3080090317439235,1.0334224598930482,1.0000885543502325,1.0169491525423728,0.010017421602787513,18580987057.685856,0.05601543396818987,0.3526033604773762,2.8744894196695374,4.664193366007299,26.70833269755046,0.0026679489366983056,1.0085573042145115,2018-03-31,,
KDP,Keurig Dr Pepper,Consumer Staples,2018-07-31,23.961681432091794,24.01000022888184,126.6500015258789,-0.8104224244799888,327710725.78063846,0.09004403504513259,0.12372304766981868,0.15042117908241315,0.14800390284042497,0.17855391870311388,0.18394084508347988,0.19933516758712866,0.1211956724640304,0.11782294768759467,0.33334222715378137,0.1261285910631489,0.19825352316564576,0.5654676539967427,-0.07994481092018457,-0.13192918287512445,-0.06968941699000042,-0.18229548999467216,5.81,1058000000.0,6774000000.0,0.04812006807983904,0.032557407989934006,1.0,0.3932853717026379,0.7773695811903012,2.8465608465608465,1.5473801560758083,12.53191489361702,-0.013823010036435157,4372216909.149223,0.0,0.0,0.645440937282141,6.059533726381723,4.132530159876393,0.6029342167534311,1.602934216753431,2018-03-31,,
F,Ford Motor Company,Consumer Discretionary,2018-08-31,32.37561228036488,9.479999542236328,37.30033493041992,-0.7458467984290134,407301330.8452788,0.010447447562283552,0.05664693504268892,0.06689979686296797,-0.041869375858754276,-0.011785570692375957,-0.020393613768048192,0.03309557353320347,0.005798846588550788,0.003127666976951618,-0.20576507251869536,-0.4572899551902724,-0.35411938386580566,0.517431179461006,-0.12453698624017373,-0.1786396252946354,-0.20431278566416455,-0.5388312751448071,1.6899999999999995,6788000000.0,158656000000.0,0.03294356623870409,-0.012866489286494698,1.0,0.7789473684210522,,1.7203428055931438,,1.727272727272727,-0.002160134683468873,38077063250.11847,0.19047619047619047,0.16666666666666666,0.2399976253663175,,5.609467184755226,-0.005846267599897259,1.017942797366944,2018-06-30,TTM net income jumped 1.72x in one quarter,
IVZ,Invesco,Financials,2018-08-31,33.97062428235475,24.100000381469727,51.09999847412109,-0.5283757123070199,106214779.6850477,-0.14380826331350194,-0.09760877583309657,-0.08735591401281752,-0.17251350078615657,-0.14242969561977825,-0.15103773869545048,-0.3053373575479087,-0.3326340844925614,-0.33530526410416056,-0.5170001489995645,-0.7685250316711415,-0.6653544603466748,0.23553658008289702,-0.40643158561828274,-0.4605342246727444,-0.3529126817133147,-0.7019995915726356,2.85,1169200000.0,5323500000.0,0.11409915660381298,-0.001649042524684119,1.0,0.2723214285714284,0.8723420129821682,1.192153130287648,1.0494871192545612,1.1904761904761902,-0.0003805336249357305,9886919454.741896,0.047619047619047616,0.042328042328042326,1.8572216501816279,6.63781716384997,8.45614048472622,0.031626068251845885,1.0363296782744909,2018-03-31,,
WHR,Whirlpool Corporation,Consumer Discretionary,2018-09-30,34.22855827056736,118.75,217.1100006103516,-0.4530422381918684,151664738.40149167,-0.09086647493087996,0.044454419467458095,0.05101258956637922,0.13965228973303456,0.15801654607749838,0.15182658088436932,0.3827508938972295,0.3416549143402685,0.3210726023424693,0.66306417189841,0.4655206590337757,0.535254246497593,0.8905083562529648,0.3343167987207114,0.24753452277527876,-0.15441285635514224,-0.4317069918439621,-7.859999999999999,-555000000.0,21171000000.0,0.006369729524171808,0.01869158878504673,1.0,-1.7883650952858572,-2.063197026022305,1.05,0.9652945924132365,1.0601805416248744,-0.07369927681799882,8385019083.969467,0.7797101449275363,0.6739130434782609,0.3960615504213059,13.118790120858396,,-0.009682851529609904,1.008205425234096,2018-06-30,,
AIG,American International Group,Financials,2018-10-31,30.92697732196156,41.290000915527344,2075.0,-0.9801012043780591,291082096.1626689,0.05599294569173141,0.0527548945649563,0.028544400369221137,0.17056192529332703,0.07297628830713276,0.050907919603973215,0.3184808417351823,0.1753786958423298,0.14261413208543317,-0.18393414309111,-0.4383002785837625,-0.4165351651760065,0.5728945377498282,-0.21611323481849998,-0.34872428990400617,-0.12424366309934576,-0.5923204743533205,-6.87,-6524000000.0,47729000000.0,-0.06410055296286132,-0.040597486643088265,0.0,-69.69999999999995,,,,-20.999999999999982,0.05118868358818007,39210475396.34649,0.4590909090909091,0.4590909090909091,0.8215230865165096,8.427051626528296,,-0.017921810699588425,1.016288884220979,2018-06-30,,
AMG,Affiliated Managers Group,Financials,2018-10-31,32.508032936842795,113.66000366210938,230.6300048828125,-0.5071759907395302,71846533.58684722,-0.07423054830057796,-0.07746859942735307,-0.10167909362308823,-0.018610939652009995,-0.11619657663820426,-0.1382649453413638,-0.2879547983165035,-0.43105694420935603,-0.46382150796625266,-0.3228678145517888,-0.5772339500444413,-0.5554688366366853,0.5087294038568413,-0.2802783687114869,-0.4128894237969931,-0.3663971498533125,-0.6014950962755858,12.6,710700000.0,,,,1.0,0.39380530973451333,,1.3145853193517636,,1.3019480519480517,0.0011762175909042494,6410965444.655645,,0.0,,,9.020635211278522,,,2018-06-30,,
ECHO,EchoStar,Communication Services,2018-10-31,34.594525963032766,32.86061477661133,50.64829635620117,-0.35119999801162105,12502626.31412612,0.010604218864799453,0.007366167738024343,-0.01684432645771082,-0.017262633278280926,-0.1148482702644752,-0.13691663896763473,0.18683111272033792,0.043728966827485394,0.010964403070588769,-0.29520491308956487,-0.5495710485822174,-0.5278059351744614,-0.28607546620915925,-1.0750832387774873,-1.2076942938629935,-0.17163993971358726,-0.3134638648939839,3.3711507293354948,403577000.0,2015030000.0,,,1.0,2.301587301587302,1.7430044786884396,3.3158182813355226,1.1424757976177553,3.3089430894308953,0.01248458894290505,3933905480.4928794,0.49827840629611414,0.4104241552839683,1.9522813459317625,5.133668338065204,9.74759582556211,0.03115473794475232,1.0364045127360901,2018-06-30,net income 1.74x operating income,
FBIN,Fortune Brands Innovations,Industrials,2018-10-31,34.925248529060156,38.31623840332031,62.92307662963867,-0.39106222302435534,94004271.7197391,0.015076255740097633,0.011838204613322523,-0.01237228958241264,0.18815206855506728,0.09056643156887301,0.06849806286571346,0.36378620247632143,0.2206840565834689,0.18791949282657228,0.8618852778813926,0.60751914238874,0.629284255796496,1.3599880743987924,0.5709803018304642,0.43836924674495803,-0.2096747456329301,-0.22460899631081666,2.5897435897435894,462200000.0,5414700000.0,0.05492129052369088,0.05998370008149956,1.0,0.05944055944055915,0.6798058538020297,1.054192685102587,1.027630023640662,1.0594405594405594,-0.027056229262533593,6838424259.510608,0.08643552829599342,0.07788851974898486,1.262936868064825,10.99315715314487,14.795379185440519,0.011885406738801452,1.0161086481173143,2018-06-30,,
FLEX,Flex Ltd.,Information Technology,2018-10-31,25.627186136416597,5.923134803771973,33.840431213378906,-0.8249686959830983,70283141.37842795,0.22391861541812985,0.22068056429135474,0.19647007009561956,0.40458023747769434,0.30699460049150007,0.28492623178834053,0.4949109277511945,0.35180878185834197,0.31904421810144534,0.8002544576376496,0.545888322144997,0.567653435552753,1.1501272690709188,0.36111949650259056,0.22850844141708437,-0.08905856309362781,-0.3180661702563753,0.5953278070836474,412286000.0,25831815000.0,0.07657714033441065,-0.006753350048582796,1.0,-0.21782178217821768,,1.6289717106040544,,1.6031746031746033,-0.01961729018331715,4101984699.271424,0.15873469387755101,0.16522906984576005,0.158795837585219,4.8450691049970285,9.94936694253849,0.015356392764142468,1.0262428035155255,2018-06-29,TTM net income jumped 1.63x in one quarter,
GEN,Gen Digital,Information Technology,2018-10-31,34.91768240314775,18.149999618530277,34.20000076293945,-0.46929826860710555,171870490.7121961,0.16186311123506036,0.15862506010828525,0.13441456591255008,0.34255415936478895,0.24496852237859468,0.22290015367543514,0.27791398919272225,0.13481184329986973,0.1020472795429731,1.033511073546037,0.7791449380533846,0.8009100514611406,1.5718806314639528,0.7828728588956246,0.6502618038101184,-0.03657109342371001,-0.03657109342371001,1.8199999999999998,1211000000.0,4815000000.0,0.11716937354988399,,1.0,,12.74736842105263,1.079696394686907,1.9387755102040816,1.0828025477707006,0.085252982311806,12076730515.406685,0.7641154226917896,0.48863604260248045,2.508147562908969,20.02732758366577,9.972527262928725,-0.003930492345883274,1.0724060711619805,2018-06-29,net income 12.75x operating income,
GPK,Graphic Packaging,Materials,2018-10-31,32.82024078232918,11.010000228881836,17.43055534362793,-0.36835057679864747,52435455.66434558,0.1037132527882485,0.10047520166147339,0.07626470746573823,0.2768612497785481,0.17927561279235382,0.1572072440891943,0.45615793890340695,0.3130557930105544,0.2802912292536578,0.2622056325915052,0.007839497098852677,0.029604610506608647,0.925059029981216,0.13605125741288782,0.003440202327381625,-0.07368536269069925,-0.07368536269069925,0.96,300500000.0,5232800000.0,0.21210998123740477,0.019972806976417123,1.0,0.882352941176471,0.8086652314316469,1.8622828784119108,1.076789336424225,1.882352941176471,-0.009673542183622819,3446359446.6447835,0.37058898197512063,0.22315308453922314,0.6586071408509371,8.244383341931655,11.468750238418579,0.08604873189157769,1.094125394554579,2018-06-30,TTM net income jumped 1.86x in one quarter,growth 21% vs 2% a year earlier
HL,Hecla Mining,Materials,2018-10-31,32.17925608731771,2.400000095367432,35.83333206176758,-0.9330232507758296,15493568.279927118,0.12630946865341142,0.1230714175266363,0.09886092333090114,-0.12283241453742832,-0.2204180515236226,-0.24248642022678213,-0.035428300840473215,-0.17853044673332574,-0.21129501049022237,0.9277067099847465,0.673340574492094,0.6951056878998499,1.44847795153014,0.6594701789618118,0.5268591238763056,-0.49349110634322313,-0.49349110634322313,-0.019999999999999997,-6023000.0,587920000.0,-0.052446487369875006,0.18726475659064246,1.0,-1.1538461538461537,-0.09955042808502199,0.5011971268954509,1.0374418231423528,,-0.19885607874434674,722760028.7199023,0.056285919540229885,0.029741379310344828,1.2293509809496228,5.365397018303299,,0.022576268828051527,1.1424654179032792,2018-06-30,,
IBM,IBM,Information Technology,2018-10-31,31.672475444459295,110.35372924804688,206.4053497314453,-0.4653543166801225,803767498.9442118,0.17934717085142915,0.17610911972465404,0.15189862552891886,0.24501154655624968,0.1474259095700554,0.12535754086689588,0.21521505436786237,0.07211290847500984,0.039348344718113215,0.06504498640658074,-0.18932114908607178,-0.1675560356783158,0.25470536219978857,-0.5343024103685396,-0.6669134654540458,-0.07052490404035627,-0.15866029262172332,5.994263862332695,5723000000.0,80372000000.0,0.025584748682481173,-0.02295282266108123,1.0,-0.47531380753138086,,1.0126715945089757,,1.0245901639344264,-0.03541987183284434,105359791792.81575,0.20703125,0.4479166666666667,1.3109017044843447,9.066047624214749,18.409888483804952,-0.004939891792846485,1.0115872073187682,2018-09-30,,
NXPI,NXP Semiconductors,Information Technology,2018-10-31,33.76639879934464,74.98999786376953,125.93000030517578,-0.404510460715949,594914626.3205755,0.1642043489275753,0.16096629780080018,0.136755803605065,0.41669896106510196,0.3191133240789077,0.29704495537574815,0.5341138744833378,0.3910117285904853,0.35824716483358865,0.8487700172249646,0.5944038817323121,0.6161689951400681,1.7781200148534952,0.989112242285167,0.8565011871996608,-0.09544369141849074,-0.20612753567948616,6.41,2215000000.0,9256000000.0,-0.025479048220678036,0.556793968201934,1.0,10.051724137931036,1.0537583254043768,,,,0.002106084243369555,25913080385.062325,0.14974747474747477,0.14624505928853757,2.7995981401320575,6.76750418364031,11.69890762305297,,,2017-12-31,net income 1.05x operating income,
OC,Owens Corning,Industrials,2018-10-31,34.1388959163185,47.27000045776367,96.5199966430664,-0.5102569197907307,88691942.74455479,0.11388596130311135,0.11064791017633624,0.08643741598060108,0.09509883864693602,-0.002486798339258245,-0.024555167042417794,0.31881220043741765,0.17571005454456512,0.1429454907876685,0.4305611547843269,0.17619501929167436,0.19796013269943033,1.0662426040605713,0.27723483149224304,0.14462377640673685,-0.1402578932676477,-0.3805437397114799,3.3100000000000005,370000000.0,6939000000.0,0.12627820159065095,0.1019495617957431,1.0,-0.011940298507462588,0.5196629213483146,1.2131147540983607,1.0470588235294118,1.2214022140221408,-0.011949078908560562,5283957755.097449,0.2025862068965517,0.18360116058475617,0.761486922481258,7.758098289443668,14.28096690566878,0.01685228604923794,1.0435088955434209,2018-09-30,,
OZK,Bank OZK,Financials,2018-10-31,28.29859465896388,27.36000061035156,56.86000061035156,-0.5188181442725737,53223076.68223305,0.11824732329224341,0.1150092721654683,0.09079877796973314,0.2125550651625041,0.11496942817630984,0.09290105947315029,0.06082508926367258,-0.08227705662917995,-0.11504162038607657,-0.01669248945729984,-0.27105862494995236,-0.2492935115421964,0.8243684577240791,0.03536068515575086,-0.09725036992975533,-0.23172508186119767,-0.4584735690141257,,,,,,,,,,,,,,,,,,,,,,,
RMBS,Rambus,Information Technology,2018-10-31,30.94761404090623,8.710000038146973,127.0,-0.9314173225342758,7057648.21584641,0.0355913224177955,0.03235327129102039,0.008142777095285228,0.31572904568953986,0.2181434087033456,0.19607504000018605,0.5901263284513458,0.4470241825584933,0.4142596188015967,0.5832376465507811,0.3288715110581286,0.3506366244658846,1.6716418318999566,0.8826340593316284,0.7500230042461222,-0.17680826120646698,-0.17680826120646698,-0.73,-79519000.0,303909000.0,-0.19915411676350847,0.23100208669109046,1.0,-9.11111111111111,,1.4768608656582298,1.387508925839029,1.5,-0.005809519443553013,948781497.3060399,0.13793103448275862,0.13793103448275862,3.1219262914426356,,,-0.11182128234128552,1.0732894232568917,2018-06-30,,
SLB,Schlumberger,Energy,2018-10-31,31.81092330354896,51.310001373291016,118.76000213623048,-0.5679521686566413,495560518.3921875,-0.12896819862628295,-0.13220624975305806,-0.15641674394879324,-0.14937768440657528,-0.24696332139276955,-0.2690316900959291,-0.32882267492131567,-0.4719248208141682,-0.5046893845710648,-0.6801286320957682,-0.9344947675884208,-0.9127296541806648,-0.2959543257135142,-1.0849620982818424,-1.2175731533673486,-0.37272766287251136,-0.7492420079156792,-0.5400000000000001,-755000000.0,32215000000.0,0.13106523418299276,0.03237599746897746,1.0,-2.3499999999999996,-0.17631947687996263,3.073446327683616,1.0961699748392508,2.35294117647059,0.02805010893246207,71738983401.54576,0.2900936447811448,0.36569602272727275,2.226881372079645,13.323577183119962,,0.026772908366533787,1.0365023154453827,2018-06-30,TTM net income jumped 3.07x in one quarter,
SLGN,Silgan Holdings,Materials,2018-10-31,34.314938532184485,24.030000686645508,32.5,-0.26061536348783054,12070008.023080371,0.15390541683025893,0.15066736570348382,0.12645687150774865,0.25562459626012224,0.15803895927392797,0.13597059057076843,0.3001123059465549,0.15701016005370239,0.12424559629680576,0.47706568819736384,0.2226995527047113,0.24446466611246728,0.7468038176834249,-0.04220395488490336,-0.17481500997040955,-0.07085922421713065,-0.07085922421713065,2.87,319569000.0,4334019000.0,0.14876767773152522,0.019519954082141355,1.0,1.3052208835341368,,1.831487078479981,,1.8403041825095061,-0.041443458730357485,2675694525.9340134,0.18965517241379312,0.12643678160919541,0.6173702805488424,8.98381495835654,8.372822538900873,0.008679164396527828,1.0505820012156912,2018-06-30,TTM net income jumped 1.83x in one quarter,
SMCI,Supermicro,Information Technology,2018-10-31,34.58067099435664,1.309999942779541,4.199999809265137,-0.6880952375546063,25268857.80185745,0.15267179879363835,0.14943374766686324,0.12522325347112806,0.7114505350586346,0.6138648980724404,0.5917965293692808,0.5786260828480938,0.4355239369552413,0.40275937319834465,0.7343512775778418,0.4799851420851893,0.5017502554929453,1.701526861767086,0.9125190891987578,0.7799080341132516,-0.14503812695444096,-0.14503812695444096,0.089,46165000.0,3360492000.0,0.35234930253540453,0.11681097984649136,1.0,-0.31007751937984507,0.4874147433325591,1.392777409038798,1.3414630691877345,1.4126984126984126,0.0008872259960746032,679507273.6900845,0.006802721088435374,0.04421768707482993,0.20220469910063302,5.836575786634218,14.719100480669,0.0992784424458244,1.0992784424458244,2018-06-30,,growth 35% vs 12% a year earlier
SNX,TD Synnex,Information Technology,2018-10-31,32.854501996837854,38.80500030517578,70.97000122070312,-0.45321967538791985,38872973.90468537,0.2519182163305329,0.2486801652037578,0.22446967100802262,0.4008296132066027,0.30324397622040844,0.2811756075172489,0.5400272117251828,0.3969250658323302,0.3641605020754336,0.7265511311019976,0.4721849956093451,0.4939501090171011,1.7751090716801823,0.9861012991118541,0.8534902440263479,-0.07447477800384594,-0.31719660598943344,3.5399999999999996,284076000.0,19113516000.0,0.2730586878664658,0.12150179928327454,1.0,0.01578192252510746,0.5484664424476683,1.0781609369900031,1.06090293425493,1.0759878419452888,0.0025214810438396462,3114002617.7099195,0.38412698412698415,0.3587301587301588,0.16292149585193638,6.488947602189941,10.96186449298751,0.057327182454850245,1.077876276419809,2018-05-31,,
SSB,South State Bank,Financials,2018-10-31,33.39355833196976,67.66999816894531,94.5,-0.28391536329158396,13217639.073653448,-0.014489766545994986,-0.017727817672770096,-0.04193831186850526,0.13020764398143725,0.03262200699524298,0.010553638292083431,0.1912007652107326,0.048098619317880065,0.01533405556098344,-0.04560730338277963,-0.29997343887543215,-0.27820832546767615,0.2445265602909894,-0.5444812122773388,-0.677092267362845,-0.16005125147296873,-0.37658873016293437,3.46,120252000.0,,,,1.0,-0.10594315245478025,,1.2748246796262879,,1.1774744027303754,0.3140174723362581,2351864919.0208125,0.49038461538461536,0.35096153846153844,,7.3787829410751895,19.557802939001537,,,2018-06-30,,shares +31% y/y
WDC,Western Digital,Information Technology,2018-10-31,31.126143028662526,32.5547981262207,86.68933868408203,-0.6244659537101943,296062343.38935375,0.05891520105143844,0.05567714992466333,0.031466655728928164,0.21659989844060745,0.11901426145441318,0.09694589275125363,0.2543476695578082,0.11124552366495566,0.07848095990805903,-0.06433312738471997,-0.3186992628773725,-0.2969341494696165,0.2967406352335633,-0.4922671373347649,-0.6248781924202711,-0.21453452414223562,-0.32929274154917454,1.6628873771730917,675000000.0,20647000000.0,0.08139108573822873,0.46937047868246884,1.0,0.6417910447761195,0.186618744816146,3.63727959697733,1.3444216990788127,3.619402985074627,0.03560796885733919,13214658453.03102,0.22131147540983606,0.390807962529274,0.6400280163234862,3.4124199635168377,19.577271782268173,0.013498920086393085,1.1147685156102771,2018-06-29,,
WY,Weyerhaeuser,Real Estate,2018-10-31,33.72823813700556,26.6299991607666,87.08999633789062,-0.6942243623774207,127326323.49442679,-0.002055010880044339,-0.005293062006819449,-0.029503556202554612,0.0328270053411126,-0.06475863164508167,-0.08682700034824122,0.15712466974784722,0.014022523854994695,-0.01874203990190193,0.10690288573334161,-0.1474632497593109,-0.12569813635155494,0.4993349998084362,-0.289672772759892,-0.4222838278453982,-0.21959498796371435,-0.46865424965528535,1.3,987000000.0,7625000000.0,0.12033499853070828,,1.0,0.12068965517241415,0.6322869955156951,1.4221902017291066,1.289623717217788,1.4285714285714284,0.02170265928966586,20218314747.443565,0.45751306686002596,0.47249989162945943,2.651582261959812,12.25901639021057,20.48461473905123,0.0348805646036916,1.0348805646036916,2018-06-30,,
CDE,Coeur Mining,Materials,2018-11-30,33.607001808046064,3.950000047683716,360.0,-0.989027777645323,14802178.49094338,0.21012668079729924,0.1932303989202271,0.1706813540919209,-0.28101264874311727,-0.28989025358865317,-0.29431721415920725,0.6607594321731143,0.4978502887161962,0.48035185352596277,0.794936792540563,0.4294533364785955,0.4332042254070212,0.4177215342852947,-0.3245928837096861,-0.4275403385458557,-0.29620251378249407,-0.49873414882103373,-0.22400000000000003,-41248000.0,696633000.0,-0.025130459241720082,0.06503248345273982,0.0,,,,,,0.17410817793382094,727364294.4949012,0.17094017094017094,0.17094017094017094,1.0441140378002494,,,-0.015718649594918088,1.2651369040229272,2018-09-30,,shares +17% y/y
VC,Visteon,Consumer Discretionary,2018-11-30,34.648350304676455,73.81999969482422,140.63999938964844,-0.47511376553477425,58421451.06302897,0.16039005240577153,0.14349377052869938,0.12094472570039319,-0.39704687686864415,-0.40592448171418005,-0.41035144228473414,0.2670007437039523,0.10409160024703423,0.08659316505680084,0.6370902160248408,0.2716067599628733,0.275357648891299,0.4348413804312934,-0.3074730375636874,-0.410420492399857,-0.4034136801600694,-0.47588732501376996,5.449999999999999,168000000.0,3134000000.0,-0.01135646687697156,0.0034876347495245152,1.0,0.1425576519916143,,1.1503267973856208,,1.1467505241090148,-0.03896384241770101,2275552284.1707287,0.5533333333333333,0.45660818713450296,0.7260856043939785,6.353887415435011,13.544954072444813,-0.005079365079365128,1.0025308446694083,2018-06-30,,
APA,APA Corporation,Energy,2018-12-31,34.504104372458514,26.25,149.22999572753906,-0.8240970263918879,166782568.49297416,0.33088020056130696,0.19562003607231615,0.17627365284644383,0.11999551168972356,-0.06327088385958946,-0.09143673037607317,0.011203162202347627,-0.3010352076014218,-0.3297663224918197,-0.4307550285615681,-0.9835482331261317,-1.0217603973651948,0.08588882401800313,-0.9130026504270345,-1.0570074572441326,-0.2756796146203849,-0.8486829417921347,,,,,,,,,,,,,,,,,,,,,,,
BG,Bunge Global,Consumer Staples,2018-12-31,34.62526464604372,53.43999862670898,135.0,-0.6041481583206743,95676985.505537,0.0025507280225425255,-0.13270943646644828,-0.1520558196923206,0.062391106584172684,-0.12087528896514033,-0.14904113548162404,0.11765075318021045,-0.19458761662355895,-0.22331873151395687,0.32916375623445226,-0.22362944833011134,-0.2618416125691744,0.9388738952071398,-0.060017579237897856,-0.2040223860549959,-0.1072066471053642,-0.43163994572503206,,,,,,,,,,,,,,,,,,,,,,,
BWXT,BWX Technologies,Industrials,2018-12-31,33.48456592460781,38.22999954223633,72.18000030517578,-0.4703519066140128,46638734.67738439,0.30137460695699136,0.16611444246800056,0.14676805924212824,0.37229714374249046,0.18903074819317744,0.16086490167669373,0.6447826723959371,0.3325443025921677,0.3038131877017698,0.6194219952212798,0.06662879065671623,0.02841662641765319,0.3052392494934222,-0.6936522249516155,-0.8376570317687135,-0.021710639624222705,-0.021710639624222705,1.88,189333000.0,1752029000.0,0.0545116945337234,0.09983119849071587,1.0,-0.045685279187817174,0.6708227040816327,1.1985680462884418,1.0468690689225095,1.197452229299363,0.00440860357516093,3850106650.70757,0.5698817072718507,0.5424024693627155,2.1975130838060157,13.332417573196055,20.335106139487408,0.003520856506911585,1.0408900451639491,2018-09-30,,
CDP,COPT Defense Properties,Real Estate,2018-12-31,31.903469253878384,21.030000686645508,56.45000076293945,-0.6274579202405942,23809695.57489062,0.31122391381807035,0.17596374932907954,0.15661736610320723,0.2799392273870034,0.09667283183769038,0.06850698532120666,0.45277078971811546,0.14053241991434606,0.11180130502394814,0.3499933484610238,-0.2027998561035398,-0.24101202034260283,0.5066744612988319,-0.4922170131462058,-0.6362218199633038,-0.02567801265724967,-0.24691271258052438,0.6499999999999999,66248000.0,604197000.0,0.023639376257954314,0.025330836497805986,1.0,-0.07142857142857151,0.4857105151252988,1.0288121772220713,1.0123702263472614,1.1964285714285712,-0.15933353757688584,2143377669.9829104,0.09158489443948854,0.1408345245388333,3.5474814836599826,14.533533176699063,32.35384721022386,-0.03142979434212401,1.0382485887192416,2018-09-30,,
CNO,CNO Financial Group,Financials,2018-12-31,33.05546062018412,14.880000114440918,26.46999931335449,-0.4378541556314379,20408206.95802295,0.09399622703684596,-0.04126393745214485,-0.060610320678017165,0.13547534930850103,-0.047791046240811985,-0.0759568927572957,0.25114980571998524,-0.06108856408378416,-0.08981967897418208,0.5751930644785899,0.022399859914026266,-0.015812304325036775,0.7248456040498157,-0.274045870395222,-0.41805067721232003,-0.04628242228486268,-0.3890868633434006,-2.4799999999999995,-414200000.0,4625400000.0,0.0981481481481481,0.06638310800546865,1.0,-1.9018181818181819,,1.1252847380410023,,1.1372549019607845,-0.04453015427769991,2485200019.1134796,0.6587388372516858,0.6587388372516858,0.5372940759963418,11.455433533225396,,0.09515804427607444,1.0951580442760744,2018-09-30,,
CRH,CRH plc,Materials,2018-12-31,33.636518091073114,26.350000381469727,53.2400016784668,-0.5050713833443186,26394198.0651583,0.19926443070854338,0.06400426621955257,0.04465788299368026,0.2669648464433425,0.0836984508940295,0.055532604377545786,0.5704525901125104,0.25821422030874097,0.22948310541834305,0.7083806788226172,0.15558747425805364,0.1173753100189906,1.1708524904591169,0.1719610160140792,0.027956209196981163,-0.020493496206217876,-0.292784033791762,,,,,,,,,,,,,,,,,,,,,,,
DVN,Devon Energy,Energy,2018-12-31,34.49124771710598,22.540000915527344,127.43000030517578,-0.8231185681429223,246550048.2058419,0.40400704065255577,0.26874687616356496,0.24940049293769265,0.2732640790341463,0.08999768348483328,0.06183183696834957,0.1681035507000559,-0.1441348191037135,-0.17286593399411143,-0.2446647216780763,-0.7974579262426399,-0.8356700904817029,1.2349739284219576,0.23608245397691996,0.09207764715982192,-0.11642349171751765,-0.7863121607254377,,,14208000000.0,0.043325011014833326,0.13577090258245983,0.0,,,,,,0.017065203357004677,11797436479.187012,0.046153846153846156,0.046153846153846156,0.8303375900328697,,,0.018567639257294433,1.1165040583750103,2018-03-31,,
DY,Dycom Industries,Industrials,2018-12-31,32.95943042033551,54.040000915527344,123.98999786376952,-0.5641583849779379,33383932.531399198,-0.14988901094727758,-0.2851491754362684,-0.30449555866214073,0.08937820012082232,-0.0938881954284907,-0.1220540419449744,-0.1274981360644043,-0.4397365058681737,-0.4684676207585716,0.3974832598747644,-0.1553099446897992,-0.19352210892886224,0.7350111130233228,-0.2638803614217149,-0.40788516823881293,-0.2586972484343435,-0.7735011183613574,4.75,151339000.0,2977873000.0,,0.14755165681212867,1.0,-0.03455284552845528,,1.1215031531831958,,1.1229314420803782,-0.0029364308064984135,1721759936.5378933,0.08080808080808081,0.05387205387205388,0.5781844748039602,7.039878041838946,11.376842298005757,-0.015211953416017554,0.9859766277128548,2018-01-27,,
EXP,Eagle Materials,Materials,2018-12-31,30.059872032932873,61.02999877929688,122.48999786376952,-0.5017552466024777,50280734.916777834,0.38128774020150247,0.24602757571251166,0.22668119248663934,0.5224567991687743,0.3391904036194613,0.3110245571029776,0.4922687920175757,0.18003042221380627,0.15129930732340835,0.6710468104418299,0.1182536058772663,0.08004144163820326,1.7583630131615906,0.7594715387165529,0.6154667318994549,-0.03080440845790211,-0.3114759522476914,5.75,277330000.0,1419339000.0,0.07241815981032018,0.14123529903777077,1.0,0.32183908045977017,0.7175049156576633,1.2133562845572405,1.0193531998666392,1.2114942528735633,-0.005101554836147937,2943556445.4717226,0.052639751552795024,0.04966356107660455,2.0738924566095363,7.080653094144343,10.613912831182066,0.003665793353628155,1.0566511451264016,2018-09-30,,
FHN,First Horizon,Financials,2018-12-31,31.3540307887439,13.15999984741211,46.46669006347656,-0.7167863725728112,62382556.9753662,0.07236582170558759,-0.06289434278340322,-0.08224072600927554,0.15628734899002672,-0.02697904655928629,-0.05514489307577,0.30477733388721595,-0.007461035916553449,-0.03619215080695137,0.06407634681237839,-0.4887168577521852,-0.5269290219912482,0.411083325636042,-0.5878081488089957,-0.7318129556260937,-0.01519748175856206,-0.4982941110658573,1.1,395856000.0,1901597000.0,0.4857584638595871,0.024905888222194195,1.0,-0.0265486725663715,,2.052034897283175,,1.9642857142857146,0.49697063400431674,4735877181.45197,0.3728813559322034,0.1864406779661017,2.4904736289823606,,11.963636224920098,0.2103148058216895,1.2103148058216895,2018-09-30,TTM net income jumped 2.05x in one quarter,shares +50% y/y
FLR,Fluor,Industrials,2018-12-31,34.23380649617033,32.20000076293945,101.36499786376952,-0.6823360978489343,94265170.55077629,0.14927607237795293,0.01401590788896212,-0.005330475336910195,0.05988865879635008,-0.12337773675296293,-0.15154358326944664,-0.39535666948865966,-0.7075950392924291,-0.736326154182827,-0.48334821461627886,-1.0361414191808425,-1.0743535834199056,-0.19865593321996,-1.1975474076649977,-1.3415522144820957,-0.49058521024164414,-0.9077985275860111,1.6599999999999997,295986000.0,19392861000.0,-0.004641157554223674,0.05786518522468054,1.0,0.1608391608391604,,1.7871628183303438,,2.2375,0.0015196711808644903,5741415316.758674,0.1528846153846154,0.25576923076923075,0.29605818949347773,7.3878014122289635,19.397590821047867,-0.014417067960986407,1.0336078341794737,2018-09-30,TTM net income jumped 1.79x in one quarter,
FNB,FNB Corporation,Financials,2018-12-31,33.622833657019,9.84000015258789,35.47999954223633,-0.722660646010604,32105861.187480744,0.08786643484638623,-0.047393729642604576,-0.06674011286847689,0.22060227432721358,0.037335878777900566,0.009170032261416855,0.3449092855809748,0.03267091577720538,0.003939800886807454,0.06502251079699684,-0.48777069376756677,-0.5259828580066298,0.4146469815886238,-0.5842444928564139,-0.7282492996735119,-0.015244016624307632,-0.4588085982020852,0.88,296857000.0,,,,1.0,0.09999999999999987,,1.3201893536274372,,1.26984126984127,0.1921685389783936,3319401051.4736176,0.211864406779661,0.1059322033898305,,9.39950106048577,11.181818355213512,,,2018-09-30,,shares +19% y/y
FTI,TechnipFMC,Energy,2018-12-31,32.37176879645506,14.568451881408691,47.55952453613281,-0.6936796146828492,104986630.95431955,0.20808092183332172,0.07282075734433091,0.053474374118458595,0.34013834318202174,0.15687194763270873,0.12870610111622502,0.12093047365780318,-0.19130789614596622,-0.22003901103636414,-0.49819239669984994,-1.0509856012644136,-1.0891977655034766,-0.5752530798313122,-1.57414455427635,-1.718149361093448,-0.036961655563029994,-0.7652529045988581,0.29761904761904767,183800000.0,12912900000.0,-0.037901591464505,-0.1980752970301345,0.0,,0.1372153788727137,1.0946992257296009,8.133314032654587,1.1111111111111116,-0.13372569705350257,8997009691.4978,0.3123249299719888,0.3447058823529412,0.6967458658781375,4.410958162589399,48.949998321533194,-0.07168224299065418,1.151436120929275,2018-09-30,,
GS,Goldman Sachs,Financials,2018-12-31,33.8171155868085,167.0500030517578,275.3099975585937,-0.3932294339721357,824252205.1967076,0.1539379792566038,0.018677814767612988,-0.0006685684582593276,0.23527167155627393,0.05200527600696092,0.02383942949047721,0.40478977888444523,0.09255140908067583,0.0638202941902779,0.6499777136884206,0.09718450912385701,0.05897234488479397,1.4355526339845852,0.43666115953954754,0.2926563527224495,-0.02214914431597137,-0.19566533352635807,14.11,5993000000.0,35918000000.0,0.10827239347094952,0.09080811820537837,1.0,-0.2635699373695197,,1.1509356364384125,,1.1997780244173142,-0.04942087761229286,70951854591.72108,0.0,0.16284987277353688,1.9753843363138561,6.825262856851909,11.839121406928266,0.00898926906005948,1.0626695351230007,2018-09-30,,
HAL,Halliburton,Energy,2018-12-31,32.692342868323536,26.57999992370605,74.33000183105469,-0.6424054988708332,388800031.6709942,0.10877452096603157,-0.026485643522959235,-0.04583202674883155,-0.1322385782693677,-0.3155049738186807,-0.3436708203351644,-0.048980161810384004,-0.3612185316141534,-0.38994964650455133,-0.2508606110013112,-0.8036538155658748,-0.8418659798049378,-0.08610781571916626,-1.084999290164204,-1.2290040969813019,-0.3524224476905037,-0.8330800935319891,0.1899999999999999,168000000.0,23999000000.0,0.2833003582696112,0.10343403351427893,1.0,-0.24000000000000044,0.07533632286995516,1.7142857142857142,1.424983476536682,1.8999999999999992,0.042701092353525816,23502315722.013783,0.3766750556224241,0.46204614099350944,0.9793039594155499,8.380434915159912,139.89473644055823,0.03128357182759656,1.1026148334313672,2018-09-30,,
HOG,Harley-Davidson,Consumer Discretionary,2018-12-31,34.34776869398908,34.119998931884766,75.87000274658203,-0.5502834098233655,101676491.45373996,0.05589183526857733,-0.07936832922041348,-0.0987147124462858,0.07278891267493481,-0.1104774828743782,-0.1386433293908619,0.13615572861916125,-0.17608264118460815,-0.20481375607500607,0.13832757365007264,-0.41446563091449096,-0.452677795153554,0.1871586385249806,-0.8117328359200571,-0.9557376427371551,-0.09667745339940226,-0.5570747299330485,3.2399999999999993,539270000.0,5799941000.0,0.049023349326881904,-0.08861742690546248,1.0,0.003095975232197734,0.659123743219558,1.0924711926486557,1.0720741969552832,1.0909090909090906,-0.041058558998984473,5678978958.02392,0.14501737433358722,0.09868946817112223,0.9791442633681825,9.754183494812278,10.530863867865671,0.02918551381810941,1.0291855138181094,2018-09-30,,
HOMB,Home BancShares,Financials,2018-12-31,33.069433187777975,16.34000015258789,29.690000534057617,-0.4496463503311777,18154745.260443006,0.08203820477142454,-0.05322195971756627,-0.07256834294343859,0.19472992908700637,0.01146353353769336,-0.01670231297879035,0.2369560789774654,-0.075282290826304,-0.10401340571670192,0.26540886552691423,-0.2873843390376494,-0.3255965032767124,0.6182975416367447,-0.380593932808293,-0.524598739625391,-0.014075632728613563,-0.3850052390443739,1.43,,,,,1.0,0.2654867256637168,,,,1.3364485981308412,0.22703559670499596,2845362838.3108635,,0.0,,,11.426573533278246,,,2018-09-30,,shares +23% y/y
JEF,Jefferies,Financials,2018-12-31,34.74919414193762,15.539849281311035,49.59511184692383,-0.6866657075141791,54282006.743403085,0.08896798831378527,-0.046292176175205535,-0.06563855940107785,0.12189592657118564,-0.06137046897812737,-0.08953631549461108,0.3495842886162237,0.037345918812454304,0.00861480392205638,0.6059616765270781,0.05316847196251451,0.014956307723451467,1.600864652463613,0.6019731780185753,0.45796837120147726,-0.020161324639194844,-0.2881209677582328,1.960384127870754,771088000.0,,,0.14468015777981935,1.0,0.42207792207792205,,64.75009552923194,,46.74999999999999,-0.058835934617811336,6112369066.9962225,,0.15178571428571427,,,7.926940980791067,,,2018-09-30,TTM net income jumped 64.75x in one quarter,
LEN,Lennar,Consumer Discretionary,2018-12-31,33.185527580171566,37.899322509765625,69.86447143554688,-0.45753082030070946,219042769.8765327,0.25504479862215623,0.11978463413316542,0.10043825090729311,0.23989003164979672,0.05662363610048371,0.028457789584,0.4295758624436068,0.11733749263983739,0.08860637774943947,0.9724382276826187,0.41964502311805507,0.38143285887899203,2.0374022409552284,1.0385107665101907,0.8945059596930927,-0.018390930553088825,-0.34739161037490585,4.09486931268151,1209273000.0,17897990000.0,0.46256213114167344,0.16337026354366513,1.0,0.23974351585014397,0.5591165825484042,1.2029849974184936,1.2243924093527618,1.1094674556213018,0.1978023014454111,11192207596.813337,0.04201680672268907,0.04201680672268907,0.6253332132163074,4.510438650421523,9.255319185008958,0.15568599700766406,1.1653283648845183,2018-08-31,,shares +20% y/y
MTDR,Matador Resources,Energy,2018-12-31,34.91440190749016,15.529999732971191,35.220001220703125,-0.5590573766407964,44397449.7592926,0.2446877871214035,0.10942762263241268,0.09008123940654036,0.28010318732437733,0.09683679177506432,0.06867094525858061,0.15711524400290022,-0.15512312580086918,-0.1838542406912671,-0.22343833259553747,-0.7762315371601011,-0.8144437013991641,1.3866315303044425,0.38774005585940485,0.2437352490423068,-0.21699937932585012,-0.9285254379733673,1.5699999999999998,187969000.0,763298000.0,0.6046594740958131,0.9390337360791796,0.0,-0.23039215686274517,0.7335862281595267,1.2033368633744161,1.2562268129808256,1.1865671641791045,0.27175201521631354,1859336636.8196573,0.0,0.0,2.435924942577679,3.6027731875709668,9.891719575140888,0.11855251627349439,1.3410873527921277,2018-09-30,,shares +27% y/y
NOV,NOV Inc.,Energy,2018-12-31,34.57583801270523,25.700000762939453,86.55000305175781,-0.7030618156354012,144098993.5642848,0.038491781504233824,-0.09676838298475698,-0.1161147662106293,-0.13130574464552536,-0.31457214019483837,-0.34273798671132205,-0.01690660800265631,-0.3291449778064257,-0.35787609269682363,-0.45857956998173655,-1.0113727745463001,-1.049584938785363,-0.4633902540262327,-1.4622817284712704,-1.6062865352883684,-0.2946500245558149,-0.6963629100704847,-0.15000000000000002,-57000000.0,8024000000.0,0.14188131492813438,-0.15143098659582177,0.0,,-4.384615384615385,,,,0.0017075773745995892,9766000289.91699,0.696241719361638,0.5495709123757905,1.2170987400195652,15.823197015441288,,0.041401687216093386,1.047159554226692,2018-09-30,,
OVV,Ovintiv,Energy,2018-12-31,33.151265719272686,28.899999618530277,496.7999877929688,-0.9418276966009633,191716102.2894475,0.25586850901779323,0.12060834452880242,0.10126196130293011,-0.10657860765509986,-0.28984500320441287,-0.31801084972089655,-0.17603546679132398,-0.4882738365950934,-0.5170049514854913,-0.4635849516984275,-1.016378156262991,-1.0545903205020541,0.27832856087588964,-0.720562913569148,-0.8645677203862461,-0.34078861120520143,-0.9237402687141479,4.25,827000000.0,4443000000.0,,,,,0.7743445692883895,,,,,5623599925.77048,,,1.265721342734747,2.5800104817309206,6.799999910242418,,,2017-12-31,,
PVH,PVH Corp.,Consumer Discretionary,2018-12-31,34.780649322355984,92.9499969482422,169.22000122070312,-0.45071506749953694,137281131.37869456,0.31242691368901787,0.17716674920002706,0.15782036597415475,0.01888138662316874,-0.16438500892614427,-0.19255085544262798,0.13306013718399723,-0.17917823261977217,-0.2079093475101701,0.0128837921736622,-0.5399094123909014,-0.5781215766299644,0.1509050553526654,-0.8479864190923723,-0.9919912259094703,-0.2742731888470532,-0.6936213019733604,8.85,692300000.0,9504200000.0,0.12998608947912826,0.038462944236649976,1.0,0.3169642857142856,0.850073673870334,1.2709832134292567,1.2073055028462998,1.2800000000000002,-0.008153501758874082,7271105410.990744,0.04785788923719958,0.04785788923719958,0.7650412881663626,8.480879507703008,10.502824513925672,0.0285485476819185,1.0458961002393354,2018-08-05,,
R,Ryder,Industrials,2018-12-31,32.90406682815572,48.150001525878906,100.63999938964844,-0.5215619851163127,40926098.78647214,0.29844244700049116,0.16318228251150035,0.14383589928562804,0.23214033184802396,0.04887393629871095,0.02070808978222724,0.17417434784961405,-0.13806402195415535,-0.16679513684455327,0.4107374156907151,-0.1420557888738485,-0.18026795311291155,0.9410355510647377,-0.05785592338029999,-0.20186073019739803,-0.03950211796568048,-0.5047977959932599,15.200000000000001,807048000.0,8114557000.0,0.13983609624646864,0.05771852844117231,1.0,3.1416893732970035,,4.038218512634789,,4.051771117166212,-0.004645190048099268,2556537002.0695734,0.20338983050847456,0.13559322033898305,0.315055646546025,4.733809719302253,3.1677632582815067,0.040675646334614735,1.0406756463346147,2018-09-30,TTM net income jumped 4.04x in one quarter,
STT,State Street Corporation,Financials,2018-12-31,33.785360305696116,63.06999969482422,114.2699966430664,-0.4480615949274106,231361551.49326628,0.05089695043667852,-0.08436321405231229,-0.1037095972781846,-0.09717257290098924,-0.28043896845030225,-0.30860481496678593,0.29347370304314513,-0.01876466676062427,-0.047495781651022195,0.23190848514569318,-0.3208847194188704,-0.35909688365793346,0.6142209765247415,-0.3846704979202962,-0.5286753047373942,-0.21699095581058125,-0.31156451187062384,6.270000000000001,2530000000.0,11842000000.0,0.09102634973281742,0.06255506607929506,1.0,0.08477508650519039,,1.0730362884703721,,1.0896946564885497,-0.028216374269006028,25449298122.472923,0.2076923076923077,0.12503259452411997,2.1490709443061076,,10.059011115601946,0.008946067990116768,1.0314234556848703,2018-09-30,,
T,AT&T,Communication Services,2018-12-31,34.10697850544267,21.555891036987305,45.270015716552734,-0.5238373414324768,1285194280.5308125,0.12305190825153778,-0.01220825623745303,-0.031554639463325346,0.22559706390824008,0.04233066835892707,0.01416482184244336,0.4848110478032399,0.17257267799947051,0.1438415631090726,0.19305417007877512,-0.3597390344857885,-0.3979511987248515,0.12265255675340758,-0.8762389176916301,-1.0202437245087281,-0.008409363339135001,-0.008409363339135001,3.972809667673716,33549000000.0,164439000000.0,0.02319691869256002,-0.02043714647942263,1.0,1.516746411483254,1.581232030918603,2.291828793774319,1.023295070898042,2.277511961722488,0.03737790534242702,182032024912.82327,0.4461538461538462,0.21794871794871795,1.1069881531316978,7.460231357688773,5.425855462542051,0.038334764598908944,1.038334764598909,2018-09-30,net income 1.58x operating income,
TCBI,Texas Capital Bancshares,Financials,2018-12-31,32.35383852298807,51.09000015258789,103.0500030517578,-0.5042212650209483,49007594.83714028,0.06850662285566322,-0.06675354163332758,-0.0860999248591999,0.20121353920746454,0.017947143658151532,-0.01021870285833218,0.11117639411790203,-0.20106197568586737,-0.2297930905762653,0.164611463982548,-0.3881817405820156,-0.42639390482107864,0.17929144388434515,-0.8196000305606925,-0.9636048373777906,-0.01937760138541167,-0.6261498910759231,5.25,273675000.0,,,,1.0,0.36010362694300513,,1.1492060914529871,,1.1554959785522787,0.0025374586550828138,2663248722.239903,0.06796116504854369,0.03398058252427184,,-0.19495757232758187,9.731428600492931,,,2018-09-30,,
THO,Thor Industries,Consumer Discretionary,2018-12-31,30.536675083206845,52.0,161.47999572753906,-0.6779786885321806,69398049.2972601,0.19942287732204056,0.06416271283304975,0.044816329607177435,0.13888681533408853,-0.04437958021522448,-0.07254542673170819,0.4647309853231065,0.15249261551933713,0.1237615006289392,0.874372885996531,0.32157968143196736,0.2833675171929043,1.122893982228272,0.1240025077832343,-0.020002299033863746,-0.18066392368928175,-0.36316053324550945,5.970000000000001,315698000.0,7853217000.0,0.010698461755071165,0.4771212320532776,1.0,-0.25653798256537974,,1.0513232395730088,,1.0505415162454874,0.0016921275679238068,2749798324.9581237,0.0,0.006006006006006006,0.35014928594971,4.3858356247177275,8.710217755443885,-0.0571133626264857,1.1244810381654229,2018-10-31,,
UNM,Unum,Financials,2018-12-31,33.41250821946409,29.3799991607666,62.5,-0.5299200134277344,90243511.44734943,0.1602869899147672,0.02502682542577639,0.005680442199904073,0.15894815479063795,-0.024318240758675058,-0.05248408727515877,0.02630085351383249,-0.2859375162899369,-0.31466863118033483,-0.14015757376625138,-0.692950778330815,-0.731162942569878,-0.03805615223937997,-1.0369476266844178,-1.1809524335015156,-0.13894052105101562,-0.6593014748326049,2.4200000000000004,541200000.0,11556900000.0,0.02781903398226615,0.024762130436367658,1.0,-0.431924882629108,,1.043854355260511,,1.0526315789473684,-0.023181678364699088,6570436175.953257,0.4576923076923077,0.5358974358974359,0.5685292921071616,10.287429929959359,12.140495520977932,0.009494942436365506,1.0094949424363655,2018-09-30,,
VMI,Valmont Industries,Industrials,2018-12-31,34.80213323670367,110.9499969482422,176.35000610351562,-0.37085345558130745,16410534.307643345,0.17600832252572407,0.04074815803673326,0.021401774810860946,0.1498180558629687,-0.03344833968634431,-0.06161418620282802,0.36519837259184396,0.052960002788074556,0.024228887897676632,0.6194297849115407,0.06663658034697706,0.02842441610791402,1.3389476603563266,0.34005618591128894,0.1960513790941909,-0.026769052604565857,-0.2471265882367849,3.2299999999999995,73078000.0,2774759000.0,0.02557507418046656,0.09054471127549402,1.0,-0.6140979689366788,0.31880327711516143,1.0025980729525121,1.029458131124231,1.0,-0.00287335649344167,2510217918.570788,0.39548022598870053,0.4943502824858757,0.9046616007266893,9.439080522834235,34.34984425642174,-0.0007515721073476644,1.0282875142826815,2018-09-29,,
WAL,Western Alliance Bancorporation,Financials,2018-12-31,34.68492470336247,39.4900016784668,64.05999755859375,-0.3835466252969104,49966364.13296896,0.03925041642594307,-0.09600974806304774,-0.11535613128892006,0.13243835742818932,-0.050828038121123686,-0.0789938846376074,0.4590149677069486,0.1467765979031792,0.11804548301278128,0.5723520176054933,0.019558813040929657,-0.018653351198133383,1.8573094355565032,0.8584179611114655,0.7144131542943675,-0.02380343034942156,-0.46270955489037047,3.8499999999999996,406048000.0,,,,1.0,0.3230240549828176,,1.0846656753468595,,1.0838709677419356,0.003016503343969301,4164892519.8800225,0.14285714285714285,0.07142857142857142,,5.724951613344652,10.25714329310826,,,2018-09-30,,
AA,Alcoa,Materials,2019-05-31,33.716891303269705,21.190000534057617,117.1943130493164,-0.8191891740929385,90879972.1954376,-0.15384626314361127,-0.22142489192137882,-0.22449544471344818,-0.03964133529286673,-0.19231747546248135,-0.20579496583149823,-0.56536101624193,-0.6934827540676867,-0.6285875789776976,0.872109471167531,0.2900403335909265,0.12326856412201315,1.9272981220401566,1.351541711982763,1.1802545651437986,-0.7564888861681713,-0.7564888861681713,,,13032000000.0,0.07818317200297842,0.2504829362524146,1.0,,,,,,991797.4176958525,3931480476846222.0,0.9743589743589743,0.9743589743589743,301678.9807279176,,,-0.027680370066403004,1.061175337186898,2019-03-31,,shares +99179742% y/y
ALB,Albemarle Corporation,Materials,2019-05-31,34.27855914657793,63.29999923706055,144.99000549316406,-0.5634181885726945,113267119.28478423,-0.019805278027138606,-0.08738390680490615,-0.09045445959697553,0.043698274289958094,-0.10897786587965652,-0.1224553562486734,0.23520317625368192,0.10708143842792528,0.17197661351791443,1.734559702107617,1.1524905645310124,0.985718795062099,3.2947618639275555,2.719005453870162,2.5477183070311975,-0.21080654913308783,-0.21080654913308783,6.42,695371000.0,3385385000.0,0.06742556144613565,0.1474572529613929,1.0,12.10204081632653,0.7865556046969078,2.47069728280538,1.3889684537674956,2.4754098360655736,-0.03238855899834436,6856228001.475706,0.18975647797369033,0.18097225220039811,2.025243215018589,7.57624372438292,9.859812965274228,0.0030918976577429813,1.0553564913519868,2019-03-31,,
AVNT,Avient,Materials,2019-05-31,34.28944150758578,25.1299991607666,47.47999954223633,-0.47072452815817845,20491728.61635723,0.2823222558324383,0.21474362705467076,0.2116730742626014,0.27017019567798695,0.11749405550837233,0.10401656513935545,0.015709456753631112,-0.11241228107212553,-0.04751710598213639,1.1834847757013667,0.6014156381247622,0.4346438686558488,1.1042200655138377,0.5284636554564441,0.3571765086174796,-0.64380489833307,-0.64380489833307,1.9,151100000.0,3531700000.0,0.0590440206309224,-0.03290616204563146,1.0,,0.5740881458966566,1.0651428571428572,1.0175374497625136,1.074766355140187,-0.03520934050898483,1998496249.0483334,0.24872868914924987,0.25983332525388597,0.5658737290959972,9.500556576994706,13.226315347771896,-0.00048112299767932853,1.0324777856899594,2019-03-31,,
CNX,CNX Resources,Energy,2019-05-31,33.6268331625858,7.71999979019165,99.25,-0.9222166267990766,35942279.65390644,0.03238342056921151,-0.03519520820855604,-0.03826576100062541,-0.10492227523226816,-0.2575984154018828,-0.2710759057708997,0.31994816804656057,0.19182643022080392,0.2567216053107931,0.7642487377866838,0.18217960021007928,0.015407830741165918,1.813471490109365,1.2377150800519714,1.0664279332130069,-0.44818648385273074,-0.44818648385273074,0.9199999999999999,181633000.0,1513136000.0,0.1891946498287782,-0.28190438591080136,0.0,-0.4424242424242424,,0.22802947272743251,,0.24797843665768193,-0.1444322950501994,1524137741.1868262,0.05,0.05238095238095238,1.0072708211203925,4.365997742043751,8.391304119773533,-0.12557427789791464,0.8744257221020854,2019-03-31,,
DD,DuPont,Industrials,2019-05-31,34.72121499452183,81.07856750488281,137.705810546875,-0.41121898064509266,585829063.949909,0.05600336297395958,-0.011575265803807966,-0.014645818595877338,0.01216805780679553,-0.1405080823628191,-0.15398557273183597,-0.19779891839486163,-0.3259206562206183,-0.2610254811306291,0.36187439270619826,-0.22019474487040624,-0.3869665143393196,0.11136248055036768,-0.46439392950702585,-0.6356810763459904,-0.5547308234183537,-0.5547308234183537,,3260000000.0,84116000000.0,0.1886835113899723,0.29747913119315594,1.0,,,1.825261158594492,,,1.5014040690632355,182133909587.0021,0.6748251748251748,0.6748251748251748,2.1652706926982037,17.039286494224058,,-0.02164532374937478,1.14712283081793,2019-03-31,TTM net income jumped 1.83x in one quarter,shares +150% y/y
DVA,DaVita,Health Care,2019-05-31,32.11087838096566,43.41999816894531,85.16999816894531,-0.4901960889700111,90207661.18222192,0.2982496846856504,0.23067105590788284,0.22760050311581348,0.6529249117840239,0.5002487716144093,0.4867712812453924,0.8645785927825433,0.7364568549567867,0.8013520300467758,1.7653156323875718,1.1832464948109673,1.016474725342054,1.245278718908283,0.6695223088508895,0.49823516201192497,0.0016122411900871825,0.0016122411900871825,0.8400000000000001,129997000.0,11298519000.0,0.01835918667321268,0.015798974678138178,1.0,-0.7579250720461095,0.08930542817788678,1.355480262641058,0.9540058355354222,1.402777777777778,-0.19078232256107186,6719606549.96236,0.2630000197343753,0.4236609312724798,0.5947333938158055,8.146540747951486,51.690474010649176,-0.009323401068545345,1.020060709958614,2019-03-31,,
GAP,Gap Inc.,Consumer Discretionary,2019-05-31,33.249542530955736,18.68000030517578,53.75,-0.6524651106013808,139671567.29380593,-0.143447960516366,-0.21102658929413354,-0.2140971420862029,-0.08555543765019535,-0.23823157781980997,-0.2517090681888269,-0.5034196453036582,-0.6315413831294149,-0.5666462080394258,0.8814705284767461,0.2994013909001416,0.13262962143122825,-0.36338444377665413,-0.9391408538340477,-1.110428000673012,-0.7065153119855463,-0.7065153119855463,2.59,1003000000.0,16580000000.0,0.0457269000315359,0.021848414539829886,1.0,0.21028037383177556,0.7364170337738619,1.0761802575107295,0.9892933618843683,1.088235294117647,-0.022719822248124077,7233992396.174251,0.02506265664160401,0.010025062656641603,0.43630834717576905,3.670099173285696,7.2123553301837,-0.009262025694651954,1.0225074164839416,2019-02-02,,
INGR,Ingredion,Consumer Staples,2019-05-31,30.98982007193767,76.16000366210938,146.27999877929688,-0.4793546329117938,44002952.35251775,0.02248326116220145,-0.045095367615566095,-0.04816592040763547,0.10923753004315695,-0.043438610126457666,-0.05691610049547455,0.1403106408971999,0.012188903071443269,0.07708407816143241,0.32625821031328184,-0.25581092726332266,-0.42258269673223603,0.36134164777068634,-0.2144147622867072,-0.3857019091256717,-0.20628898935709994,-0.20628898935709994,5.75,403000000.0,5792000000.0,-0.009575923392612817,0.02244039270687237,1.0,-0.18555240793201133,0.6041979010494752,0.9888392857142857,0.9799054373522459,1.004885993485342,-0.04660132361564895,5337822865.3617525,0.4390243902439024,0.41192411924119243,0.9215854394616285,7.895524550342209,13.245218028192935,-0.008388974490669443,1.0066689466484269,2019-03-31,,
M,Macy's,Consumer Discretionary,2019-05-31,33.33039736906635,20.56999969482422,73.61000061035156,-0.7205542789802462,207412380.22770956,-0.26957869502834086,-0.3371573238061084,-0.34022787659817777,-0.2254546781225487,-0.37813081829216333,-0.39160830866118024,-0.6568517648361285,-0.7849735026618851,-0.720078327571896,-0.013718186055552084,-0.5957873236321566,-0.76255909310107,0.30162799079855906,-0.27412841925883447,-0.445415566097799,-0.763680886830399,-0.763680886830399,3.56,1108000000.0,24971000000.0,0.005395176551113323,-0.0365039956552099,1.0,-0.2936507936507936,0.6375143843498274,1.039431157078216,1.0157011369788846,1.0376984126984128,0.013981392038232787,6402123500.523942,0.09260957271226848,0.08447949141145546,0.25638234353946343,3.7004161113051635,5.778089801916916,-0.008615213593774818,1.0090133397428194,2019-02-02,,
NLY,Annaly Capital Management,Financials,2019-05-31,33.58950682870176,35.2400016784668,86.0,-0.5902325386224792,148971332.74219906,-0.031834730084091656,-0.0994133588618592,-0.10248391165392857,0.11954844395732711,-0.033127696212287505,-0.046605186581304386,-0.20912805355846953,-0.33724979138422617,-0.272354616294237,0.3364500130944301,-0.24561912448217438,-0.41239089395108774,0.06030353740683769,-0.5154528726505558,-0.6867400194895203,-0.5677358480082626,-0.5677358480082626,-7.24,-2122542000.0,,,,1.0,-1.8701923076923077,,1.2365976051867134,,1.2355769230769231,-0.007215907533287935,10331268458.9249,,,,,,,,2019-03-31,,
OXY,Occidental Petroleum,Energy,2019-05-31,34.00464884376578,49.77000045776367,112.94586181640624,-0.5593464013877292,561267900.1826998,-0.1122617353122316,-0.17984036408999915,-0.1829109168820685,-0.19858269879374257,-0.3512588389633572,-0.3647363293323741,-0.7170374149757694,-0.8451591528015261,-0.780263977711537,-0.4313938185375563,-1.0134629561141608,-1.180234725583074,0.5233595298504752,-0.05239688020691835,-0.22368402704588286,-0.8033464669368285,-0.8135452512416979,5.31,4054000000.0,18065000000.0,0.36391090977727436,0.239643211100099,0.0,2.123529411764706,,1.7485510477039679,,1.7491408934707906,-0.009999411038855488,37997661366.435776,0.08315774687456104,0.08938911520032465,2.103385627812664,4.90412441984579,9.372881442140052,0.013521095152603246,1.1645867363606663,2019-03-31,TTM net income jumped 1.75x in one quarter,
SYNA,Synaptics,Information Technology,2019-05-31,31.339087413306885,26.450000762939453,102.5,-0.7419512120688834,31494514.442201644,0.21058599373005116,0.1430073649522836,0.13993681216021425,1.1610585330304457,1.008382392860831,0.9949049024918142,1.4090737006701608,1.2809519628444042,1.3458471379343933,3.776181405940168,3.1941122683635634,3.02734049889465,4.599999653864908,4.024243243807515,3.8529560969685503,-0.0030245716974853787,-0.0030245716974853787,0.6400000000000001,21800000.0,1565600000.0,-0.061559671521908554,0.032619460262441224,1.0,,1.1912568306010929,15.571428571428571,1.8673469387755102,10.666666666666659,0.01082418893129744,900953150.9876249,0.34426514426514426,0.3315667315667316,0.5754682875495816,10.28793495521613,41.32812619209289,-0.03690944881889768,1.0635058182718495,2019-03-31,net income 1.19x operating income,
VTRS,Viatris,Health Care,2019-05-31,29.455889527222936,16.799999237060547,76.69000244140625,-0.7809362537196903,175364581.7122081,0.15892826234299906,0.09134963356523151,0.08827908077316214,0.11785695118600747,-0.03481918898360714,-0.04829667935262402,0.016071160104904614,-0.11205057772085203,-0.04715540263086289,-0.08641096332490894,-0.6684801009015134,-0.8352518703704268,-0.23866066202042302,-0.8144170720778166,-0.9857042189167811,-0.2410714897761782,-0.2410714897761782,0.68,352500000.0,11268700000.0,,,,,0.3892446996466431,,,,,8708823133.917416,,,0.7728329917308487,2.759317902144724,24.70588123097139,,,2018-12-31,,
GEF,"Greif, Inc.",Materials,2019-06-30,33.50653947368568,32.54999923706055,73.44999694824219,-0.556841380674291,8596894.902317109,0.17721167948548922,0.15966750130709872,0.15822881111903458,0.38694113585296286,0.2779445694503624,0.279684472242568,0.11237642968372974,0.03894444321042201,0.1174435466141417,1.0286782263383274,0.5163636606622051,0.39921671262780567,1.1537539272261244,0.8019987519375713,0.6960923055112197,-0.25789239040896905,-0.25789239040896905,,151100000.0,4110100000.0,0.08049633271116496,0.11195884124060917,1.0,,0.4028259130898427,1.133109619686801,1.2268211920529801,,,,,,,,,0.06338775193397317,1.0633877519339732,2019-04-30,,
CHRD,Chord Energy,Energy,2019-08-31,33.15104856507769,3.119999885559082,58.09000015258789,-0.9462902413950143,49247331.16414434,-0.24999996857235918,-0.3297107356277772,-0.34005620032968814,-0.47435891069785574,-0.497068301198364,-0.47491124089791514,-0.8205127991581416,-1.038782895660654,-0.9328863747701586,28.346439078586826,27.748100329290253,27.58887805921629,57.12441700154913,56.70575255757663,56.459505128712976,-0.9230768977996575,-0.9775641034727552,0.72,212193000.0,2379521000.0,0.4188603303986429,,0.0,0.714285714285714,0.5723854044999285,,6.56473234049335,,0.230887222680761,919502966.272831,0.07411764705882352,0.0718954248366013,0.3864235559479538,3.5429146879112903,4.333333174387614,-0.018295558295896575,1.2101257840329587,2019-06-30,,shares +23% y/y
CPRI,Capri Holdings,Consumer Discretionary,2019-08-31,34.36331028263544,26.3799991607666,101.04000091552734,-0.738915291748452,95429627.45985304,0.40788478283519214,0.3281740157797741,0.3178285510778632,-0.021228183614775742,-0.043937574115283984,-0.02178051381483512,-0.399545085045121,-0.6178151815476334,-0.511918660657138,1.142153150845325,0.5438144015487514,0.3845921314747902,0.7884761867371013,0.3698117427646008,0.12356431390094191,-0.7945413097527771,-0.7945413097527771,2.66,402000000.0,5381000000.0,,,1.0,-0.37264150943396224,0.6883561643835616,0.9662978723404255,0.9880966989814701,0.9765625,-0.018409995577178262,3986751752.8677344,0.2656124815517605,0.18823529411764706,0.740894211646113,8.10589605293748,9.91729291758143,0.027300496372661298,1.0322809506917348,2019-06-29,,
IDCC,InterDigital,Information Technology,2019-08-31,31.166038146823738,49.16999816894531,102.3000030517578,-0.5193548709468936,22085111.109966703,0.16300408778337094,0.08329332072795292,0.072947856026042,0.0899772673599395,0.06726787685943125,0.08942493715988012,0.27761308513972494,0.059342988637212546,0.16523950952770794,0.538565326841888,-0.059773422454685754,-0.21899569252864692,0.09363814130992854,-0.32502630266257193,-0.5712737315262308,-0.3603158467170068,-0.3603158467170068,0.8,27612000.0,294645000.0,-0.3589489761285213,-0.35489358357521006,1.0,-0.7790055248618784,1.081551116333725,0.8954759202205286,0.8797163621030166,0.9195402298850576,-0.0011647613718123173,1697102486.8011475,0.8915343915343915,0.8915343915343915,5.759821095898954,13.010691068831397,61.46249771118164,0.020977785170015695,1.0209777851700157,2019-06-30,net income 1.08x operating income,
MO,Altria,Consumer Staples,2019-08-31,34.49369830708213,43.7400016784668,90.5,-0.5166850643263337,425912809.0175084,0.15814107260864207,0.07843030555322406,0.06808484085131312,-0.04368963246392232,-0.06639902296443057,-0.044241962663981706,0.08789830486448946,-0.13037179163802293,-0.02447527074752752,0.34634770554153493,-0.2519910437550388,-0.41121331382899995,0.30159117463935714,-0.11707326933314333,-0.36332069819680224,-0.2668366480588874,-0.2668366480588874,3.3499999999999996,6309000000.0,25198000000.0,-0.0017826724240384006,-0.006210939016342509,1.0,-0.40071556350626125,0.6816119273984442,1.0193892389723704,1.0242337058758437,1.021341463414634,-0.017493679525842576,82374827041.62598,0.5144927536231884,0.463768115942029,3.269101795445114,11.578157832538322,13.056716918945314,0.0126185500723357,1.0126185500723357,2019-06-30,,
TPR,"Tapestry, Inc.",Consumer Discretionary,2019-08-31,30.733593128622914,20.649999618530277,79.69999694824219,-0.7409033825692546,126372694.15308937,0.32298769327613286,0.24327692622071484,0.2329314615188039,0.16921326541227844,0.1465038749117702,0.16866093521221906,-0.2552178384459267,-0.4734879349484391,-0.3675914140579437,1.0386704347688092,0.44033168547223545,0.2811094153982743,0.802352286693151,0.3836878427206505,0.13744041385699157,-0.4852760934315896,-0.4852760934315896,2.21,643400000.0,6027100000.0,0.02501700680272112,0.22643099509880016,1.0,0.8728813559322037,0.7903205994349588,1.3564651162790697,1.2675909361955873,1.3494623655913978,0.01788101223395322,6011859617.449041,0.07828282828282829,0.03535353535353535,0.9974713572778021,6.546942939095474,9.343891230104198,0.0050024178352869875,1.0977508650519032,2019-06-29,,
PSKY,Paramount Skydance Corporation,Communication Services,2019-10-31,33.76068430970467,36.040000915527344,70.0999984741211,-0.4858772938656728,209096208.17608303,-0.04763860974643419,-0.11351378513888577,-0.09623309361047241,-0.5111083240775296,-0.4791125378328789,-0.3916731797087852,-0.1756766326687913,-0.2730117570927719,-0.20952967294719138,0.06743418494316433,-0.49761210509854736,-0.6547964165342194,-0.4406498212933273,-0.7767037043451598,-1.0497081063831195,-0.713916183550694,-0.713916183550694,,,,,,,,,,,,,,,,,,,,,,,
NFG,National Fuel Gas,Utilities,2020-01-31,34.15358845497626,43.18999862670898,78.79000091552734,-0.45183401288427427,28154116.07463776,-0.039137292047173866,0.052684868649144456,0.12203542229396597,-0.038480311388847,-0.0638284158073934,0.005942948785900022,-0.025152926715416246,-0.19688364007454107,-0.33620615063522613,0.519663794567869,0.07615192889509848,-0.061070027574650854,0.49498073585127966,0.16965354768998564,-0.17556846216476463,-0.26881223771985696,-0.26881223771985696,3.33,288221000.0,1647273000.0,-0.009611846614480002,0.008093647559531458,1.0,-0.26490066225165565,0.5785874020869384,1.0314810357860769,1.0665042696928906,1.0323529411764705,0.001439063098590987,3738217595.852459,0.12798642695458995,0.12951221273426647,2.269337016907616,7.44145478770029,12.969969557570263,-0.027200218267888432,1.0443231106545745,2019-12-31,,
OLN,Olin Corporation,Materials,2020-01-31,34.921461994723956,14.869999885559082,38.84000015258789,-0.6171472753053452,41042218.143351115,-0.09106689850839522,0.0007552621879231003,0.07010581583274461,-0.22099914986569602,-0.24634725428424242,-0.176575889690949,0.7031899616930777,0.5314592483339529,0.3921367377732678,2.6764728646195812,2.232960998946811,2.0957390424770614,3.7540925625736774,3.428765374412383,3.083543364557633,-0.4035764319015531,-0.4035764319015531,0.7200000000000002,119200000.0,6357900000.0,-0.08268648102726883,0.14861953531536898,1.0,-0.8410596026490066,0.33681831025713477,1.0634339737724916,1.015216427832767,1.0666666666666667,-0.01823973469476836,2461811092.164781,0.3233142493638677,0.36765185620147456,0.3872050664786771,5.830925867888017,20.652777618832054,-0.04445646782992918,1.048007862705073,2019-09-30,,
SPG,Simon Property Group,Real Estate,2020-01-31,33.1550769324092,133.14999389648438,229.1000061035156,-0.4188127876508112,241887461.40546042,-0.49085269315102975,-0.39903053245471143,-0.3296799788098899,-0.5149608000953914,-0.5403089045139378,-0.47053753992064434,-0.25197688745801783,-0.42370760081714265,-0.5630301113778278,0.23778973482514898,-0.2057221308476216,-0.3429440873173709,0.14721965526606917,-0.17810753289522485,-0.5233295427499751,-0.6778272799724554,-0.6778272799724554,7.449999999999999,2300849000.0,5741231000.0,0.02068705955640926,0.015885202479214877,1.0,0.006756756756756577,0.7971742631284265,1.0617331019358696,1.0166278094746053,1.0635135135135134,-0.004197720039561648,41121883262.64861,0.42191142191142195,0.256512344103585,7.162555079676921,15.152335564954628,17.87248240221267,0.0021879320899673704,1.0103663555452103,2019-09-30,,
AAL,American Airlines Group,Industrials,2020-02-29,32.759997565920784,19.049999237060547,63.27000045776367,-0.6989094499884269,266747067.81453934,-0.44881887556336875,-0.48206516129377397,-0.4291049949902347,-0.314960592473572,-0.5061788484302302,-0.41075606889090516,0.0992126704824321,-0.20863574093752169,-0.3652332697616351,-0.09448815271124866,-0.6158307514350918,-0.8695598586371057,-0.16115484607745978,-0.564236038935123,-0.979584006862717,-0.5669291165140755,-0.5669291165140755,3.79,1686000000.0,45768000000.0,0.02754765272445603,0.04502369668246442,1.0,0.250825082508251,0.5500815660685155,1.073018080667594,1.0565464895635674,1.0935483870967742,-0.045389312862983755,8474485148.729309,0.10247048801265668,0.056976010101010104,0.1851617975163719,5.714579977953103,5.02638502297112,0.008261185645363822,1.0233774650495324,2019-12-31,,
BEN,Franklin Resources,Financials,2020-02-29,31.746854871654904,21.76000022888184,59.43000030517578,-0.6338549534386129,109889523.95742507,-0.1191041740633828,-0.15235045979378803,-0.09939029349024875,-0.003977945886911249,-0.19519620184356945,-0.0997734223042444,0.26856302388045883,-0.039285387539494954,-0.19588291636360838,0.49347344321637543,-0.027869155507467713,-0.28159826270948163,0.5502229386316975,0.14714174577403427,-0.2682062221535597,-0.3039662860491259,-0.3039662860491259,2.51,1270300000.0,5775700000.0,-0.0555019541789995,-0.05146659634863271,1.0,-0.1605351170568563,0.8256206941375276,1.0623902316634608,0.9879285989469628,1.0680851063829786,-0.06798109361028393,11012640753.286297,0.0022675736961451248,0.011337868480725622,1.9067196622550162,3.49913991656167,8.669322800351331,0.01874977951811485,1.0187497795181149,2019-12-31,,
CCL,Carnival Corporation,Consumer Discretionary,2020-02-29,33.59107793631394,33.459999084472656,72.69999694824219,-0.5397524004259029,296201759.117405,-0.5295875873069749,-0.5628338730373801,-0.5098737067338408,-0.5074716062282403,-0.6986898621848985,-0.6032670826455734,-0.2005379598186644,-0.5083863712386182,-0.6649839000627316,-0.3924088471453899,-0.9137514458692331,-1.1674805530712469,-0.6826061106628757,-1.085687303520539,-1.5010352714481328,-0.7668858381306447,-0.7668858381306447,4.32,2990000000.0,20825000000.0,0.10296064827074836,0.07829811536264986,1.0,-0.027027027027027084,0.9126984126984127,1.0240963855421688,1.0292397660818713,1.044811320754717,-0.025045826283135897,23158656773.743805,0.03432950191570881,0.025134099616858238,1.1120603492794143,6.2383474565385955,7.745370158442744,0.01590321479096546,1.0351461899712164,2019-11-30,,
F,Ford Motor Company,Consumer Discretionary,2020-02-29,33.15454129423077,6.960000038146973,37.30033493041992,-0.813406500206227,480379266.42170256,-0.17959764007489243,-0.21284392580529765,-0.15988375950175837,-0.020114913266651935,-0.21133316922331014,-0.11591038968398508,0.6810345463835186,0.3731861349635648,0.21658860613945136,1.5487293929062669,1.0273867941824237,0.7736576869804098,0.9132106907959427,0.5101294979382796,0.09478153001068557,-0.4310343950920299,-0.4310343950920299,0.01,84000000.0,155900000000.0,-0.02767902805323752,0.037422779421689256,1.0,-0.9935483870967742,0.14634146341463414,0.8479025710419485,0.34515935057125674,0.8478260869565217,1.0993227990970649,58464000320.43457,0.6666666666666666,0.774904214559387,0.37500962360766243,2.1941809271197767,696.0000038146973,-0.01315373026623956,1.017942797366944,2019-12-31,,shares +110% y/y
FANG,Diamondback Energy,Energy,2020-02-29,34.68323474800083,62.0,140.77999877929688,-0.5595965297797848,178845863.94168913,-0.3026480758666088,-0.335894361597014,-0.28293419529347474,-0.3565056321763601,-0.5477238881330183,-0.45230110859369327,0.15768251919168308,-0.1501658922282707,-0.30676342105238413,1.3561374145323444,0.8347948158085012,0.5810657086064873,1.5594489708645183,1.156367778006855,0.7410198100792611,-0.7638945174318594,-0.7638945174318594,7.03,1033672000.0,3493000000.0,0.7970963491624954,,1.0,0.06676783004552345,0.8114945344123198,1.2939252200602536,1.1223197853193676,1.2230652503793626,0.48258659228602574,9116310668.5633,0.006410256410256411,0.0,2.6098799509199253,5.398998705070249,8.819345661450924,0.14337152209492632,1.2033825726141079,2019-09-30,,shares +48% y/y
NJR,New Jersey Resources,Utilities,2020-02-29,34.188149418393124,35.310001373291016,51.83000183105469,-0.3187343213224715,27943873.063042052,0.004143016347070372,-0.02910326938333485,0.02385689692020443,-0.1296257097350686,-0.3208439656917268,-0.22542118615240175,0.15988625506663712,-0.14796215635331667,-0.3045596851774301,0.3334347649412679,-0.18790783378257525,-0.44163694098458917,0.6126941587951369,0.2096129659374737,-0.2057350019901203,-0.39557005420359914,-0.39557005420359914,1.89,172618000.0,810312000.0,,,1.0,-0.13698630136986323,1.0355692337226812,1.254069130833654,1.3059131736526945,1.268456375838926,0.020576485647792353,3224942760.346428,0.7222222222222222,0.5703703703703704,3.979877825265364,18.039390797429224,18.682540409148686,0.03576619103678613,1.0357661910367861,2019-12-31,net income 1.04x operating income,
R,Ryder,Industrials,2020-02-29,34.98370566510572,38.040000915527344,100.63999938964844,-0.622019066512037,42756394.13868132,-0.08265197004151348,-0.1158982557719187,-0.06293808946837942,0.11100828964830223,-0.08020996630835597,0.015212813230969083,0.874935082377142,0.5670866709571882,0.4104891421330748,1.2458441851443358,0.7245015864204927,0.47077247921847876,1.8684374020196808,1.4653562091620176,1.0500082412344236,-0.4053630223407857,-0.4053630223407857,-0.47,-24410000.0,8925801000.0,0.06143094212717837,0.14729537045614638,1.0,-1.0909090909090908,,1.107575391867333,,1.1069418386491556,-0.017519337865626428,1975651962.4426012,0.16287878787878787,0.16287878787878787,0.2213416994668155,4.728908342164223,,0.002372349089399872,1.0406756463346147,2019-12-31,,
SWX,Southwest Gas Corp,Utilities,2020-02-29,33.4566778255262,64.68000030517578,92.94000244140624,-0.3040671550880031,26464284.40651061,0.18395504713941535,0.15070876140901013,0.2036689277125494,-0.012135316117980244,-0.20335357207463844,-0.10793079253531339,-0.0031363180280394864,-0.31098472944799327,-0.4675822582721067,0.17355648314912187,-0.3477861155747213,-0.6015152227767352,0.07809705881248141,-0.3249841340451818,-0.7403321019727758,-0.2937539710975209,-0.2937539710975209,3.59,191522000.0,3058434000.0,0.07927257893310458,0.17473251502162035,1.0,-0.024456521739130488,0.5197890685852777,1.0862313950745295,1.0305511802211884,1.0625,0.07706066693345592,3450596941.0718317,0.20138888888888892,0.13194444444444445,1.1282234441128471,9.042063597180128,18.016713176929187,0.01901944125143684,1.0711222170606687,2019-09-30,,
UGI,UGI Corp,Utilities,2020-02-29,31.385654021427968,36.040000915527344,59.310001373291016,-0.3923453029667744,68951362.96403673,-0.1068649476425173,-0.14011123337292253,-0.08715106706938325,-0.021170280389554486,-0.2123885363462127,-0.11696575680688763,0.10732016490361329,-0.2005282465163405,-0.3571257753404539,0.14581019461019906,-0.3755324041136441,-0.629261511315658,0.1527407078196399,-0.2503404850380233,-0.6656884529656173,-0.3898966788866649,-0.3898966788866649,2.0500000000000003,404000000.0,7126800000.0,-0.07758018171934455,0.25005309850180546,1.0,-0.49507389162561566,0.4887490926687636,1.5768930523028883,1.3394911683681736,1.4539007092198584,0.11328380850247899,7102517253.596608,0.8197530864197531,0.674074074074074,0.996592756019056,9.840608974664127,17.58048825147675,-0.02644664225998583,1.0971917641325537,2019-12-31,,
VNO,Vornado Realty Trust,Real Estate,2020-02-29,34.684588028284054,53.58000183105469,99.9011688232422,-0.4636699203604393,83733695.26789226,-0.3121429899712326,-0.3453892757016378,-0.2924291093980985,-0.30911918577556696,-0.5003374417322252,-0.4049146621929001,-0.14679084393746533,-0.4546392553574191,-0.6112367841815325,-0.0962399663921697,-0.6175825651160128,-0.8713116723180268,-0.5553431001962708,-0.958424293053934,-1.373772260981528,-0.48413598511942346,-0.48413598511942346,16.21,3147937000.0,1924700000.0,-0.11046715841236388,0.03819058924460417,1.0,7.064676616915424,,4.608187660019928,,4.927868852459016,-0.13249705500775077,10405087614.068155,0.0,0.0,5.406082825410794,2.5719531604299295,3.305367170330332,-0.041077667876176616,0.9991824265616623,2019-12-31,TTM net income jumped 4.61x in one quarter,
XOM,ExxonMobil,Energy,2020-02-29,30.009403832983963,51.43999862670898,104.76000213623048,-0.508972913537973,1152720429.6741788,-0.09891820011642516,-0.13216448584683038,-0.0792043195432911,-0.1928922736518589,-0.3841105296085171,-0.28868775006919206,0.14432606838971118,-0.1635223430302426,-0.32011987185435603,0.7418398953513898,0.2204972966275467,-0.033231810574467224,1.5296198290040448,1.1265386361463816,0.7111906682187876,-0.41465784301424236,-0.41465784301424236,,,,,,,,,,,,,,,,,,,,,,,
AFG,American Financial Group,Financials,2020-03-31,30.079063581529397,70.08000183105469,121.69000244140624,-0.42411044107918217,46647579.14805336,-0.08918497618188037,-0.29080266242917197,-0.3441854445218338,-0.031296597860065556,-0.3415207071225629,-0.3709651516967269,0.7104675092291188,0.14815596630464478,-0.4822618237308216,1.735861605830646,0.9320925063927556,-0.15318880160387294,1.5704053010554553,0.9076736337681632,-0.30477121467049995,-0.26012405754627277,-0.26012405754627277,9.85,897000000.0,8237000000.0,0.15202797202797202,0.04151493080844859,1.0,0.6837606837606838,0.8095667870036101,1.365296803652968,1.374021909233177,1.3623789764868606,0.005162340771956542,6381904735.274726,0.18546365914786966,0.16040100250626566,0.774785083801715,4.053331920464321,7.114720998076618,0.05643196101064518,1.0566433566433566,2019-12-31,,growth 15% vs 4% a year earlier
AFL,Aflac,Financials,2020-03-31,30.968831721389236,34.2400016784668,57.18000030517578,-0.401189200844277,196214523.41252887,0.06082562046085771,-0.14079206578643388,-0.19417484787909572,0.078307164045883,-0.23191694521661432,-0.26136138979077833,0.5389547354177153,-0.023356807506758726,-0.6537745975422251,0.9824419844481878,0.17867288501029743,-0.9066084229863312,1.0374758117609728,0.37474414447368076,-0.8377007039649824,-0.11448609708032531,-0.11448609708032531,4.43,3304000000.0,22307000000.0,0.02523209853846864,0.004199935385609477,1.0,0.17506631299734732,0.7406411118583277,1.083989501312336,1.0214171793119162,1.091133004926108,-0.037069791892142545,25537012538.52242,0.17675441971550798,0.16688412550481516,1.1447981592559475,4.584853962355046,7.729120017712596,0.021850664223545646,1.0218506642235456,2019-12-31,,
AGCO,AGCO,Industrials,2020-03-31,34.509294429531735,47.25,81.38999938964844,-0.4194618459966535,37422139.88780673,0.177891879036997,-0.023725807210294603,-0.07710858930295644,0.5808340138961414,0.2706099046336441,0.24116546005948009,2.0671046939648803,1.5047931510404062,0.8743753610049398,2.218839004322166,1.4150699048842759,0.3297885968876473,2.1165529949860065,1.4538213276987144,0.24137647926005124,-0.09227530827409336,-0.09227530827409336,1.63,125200000.0,9041400000.0,-0.03321214713430287,0.12586528622163362,1.0,-0.5446927374301677,0.3596667624245906,1.151394422310757,1.0856850715746422,1.1650485436893205,-0.03685064411805783,3629263803.680982,0.3684210526315789,0.4761904761904762,0.4014050704184067,7.855391419822867,28.987730061349694,-0.008618421052631553,1.045735267561548,2019-12-31,,
AIG,American International Group,Financials,2020-03-31,25.654668434065584,24.25,2075.0,-0.9883132530120482,289114860.2247904,0.29892268052446047,0.09730499427716888,0.04392221218450704,0.15969589841319198,-0.15052821084930534,-0.17997265542346935,0.9754507183594949,0.4131391754350209,-0.2172786146004455,1.7469645129993157,0.9431954135614253,-0.14208589443520325,1.257031539528163,0.594299872240871,-0.6181449761977922,-0.1793814887427917,-0.1793814887427917,3.74,3348000000.0,49746000000.0,0.0497372808035621,-0.04303311793214859,0.0,,,1.8631051752921537,,1.8423645320197044,0.4919786096256684,21708288770.053474,0.1565804274465692,0.11588120450460933,0.4363825990040099,3.462108349278691,6.483957219251336,-0.01475510487017484,1.0291054358681695,2019-12-31,TTM net income jumped 1.86x in one quarter,shares +49% y/y
ALK,Alaska Air Group,Industrials,2020-03-31,28.447460541288464,28.46999931335449,101.43000030517578,-0.7193138200956732,106475094.29942237,0.27362132757497615,0.07200364132768455,0.018620859235022713,0.2866175606450794,-0.023606548617417955,-0.05305099319158196,1.4309800053984603,0.8686684624739862,0.23825067243851983,1.0375834113323044,0.23381431189441404,-0.8514669961022145,0.4738321073576697,-0.18889955992962237,-1.4013444083682856,-0.1784334403311052,-0.1784334403311052,6.19,769000000.0,8781000000.0,0.06256050338818975,0.04172444220345395,1.0,0.7585227272727273,0.7234242709313264,1.2585924713584289,1.2403733955659277,1.2581300813008132,0.0006839110841654339,3536902984.163102,0.031746031746031744,0.031746031746031744,0.402790454864264,1.4905134482928009,4.599353685517688,0.019032145758384633,1.0209715639810426,2019-12-31,,
ALLY,Ally Financial,Financials,2020-03-31,30.564835155328353,14.43000030517578,35.41999816894531,-0.5926030194482798,139889883.20968717,0.38886429906201614,0.18724661281472454,0.1338638307220627,0.7717223748200752,0.4614982655575779,0.4320538209834139,2.233984325963757,1.6716727830392828,1.0412549930038164,2.173790381066794,1.3700212816289037,0.2847399736322751,0.9301608445689507,0.2674291772816586,-0.9450156711570046,-0.17498253273673448,-0.17498253273673448,4.34,1715000000.0,6394000000.0,0.10165403170227427,0.006764960971378908,1.0,0.471186440677966,,1.1679884643114635,,1.196969696969697,-0.07701836385462157,5702177539.948493,0.02054794520547945,0.0136986301369863,0.8918013043397706,4.658619129420282,3.324884862943728,0.033123283244465895,1.0335975189524467,2019-12-31,,
ALV,Autoliv,Consumer Discretionary,2020-03-31,33.27402664628367,46.0099983215332,115.43948364257812,-0.6014362082215421,48242392.45217338,0.4020872221442775,0.2004695358969859,0.14708675380432407,0.5840038976157993,0.27377978835330197,0.24433534377913796,1.0169534355004437,0.45464189257596965,-0.17577589745949673,0.7085731573748022,-0.09519594206308812,-1.1804772500597167,1.153204861357695,0.490473194070403,-0.7219716543682602,-0.13431846877829645,-0.13431846877829645,5.29,461500000.0,8547600000.0,-0.015049203751930085,-0.1641592664650473,1.0,1.426605504587156,0.6358500964453018,2.14751046998604,1.402512077294686,2.150406504065041,-0.0011377897094565492,4013915732.587443,0.14536340852130325,0.09833176691729323,0.46959564469411796,5.2614415947486455,8.697542215790776,-0.0001871520142235905,1.0039448872641454,2019-12-31,,
AN,AutoNation,Consumer Discretionary,2020-03-31,33.131972264852536,28.059999465942383,67.5,-0.584296304208261,35846253.66901822,0.3392730772025543,0.1376553909552627,0.08427260886260085,0.8863150859792133,0.5760909767167159,0.546646532142552,2.32216689219286,1.7598553492683862,1.1294375592329198,2.5488240814800855,1.7450549820421952,0.6597736740455666,3.788310875537614,3.125579208250322,1.9131343598116588,-0.17605127301249135,-0.17605127301249135,4.97,450000000.0,21335700000.0,-0.003600650078457779,-0.0056560140425175875,1.0,0.14516129032258052,0.5463817387081107,1.1688311688311688,1.0490383390650873,1.1666666666666667,-0.007682458386683799,2540643814.823757,0.0,0.0,0.11907946844133341,,5.645875144052794,0.006472156048777045,1.006472156048777,2019-12-31,,
ARMK,Aramark,Consumer Discretionary,2020-03-31,30.413768502412864,14.41877269744873,34.09386444091797,-0.5770859967360007,118457288.18785654,0.13540124619695004,-0.06621644005034155,-0.11959922214300339,0.3366361669004676,0.026412057637970277,-0.0030323869361937317,0.9208825351406047,0.35857099221613065,-0.27184679781933574,0.9356250825505668,0.13185598311267643,-0.9534253248839522,0.8648654914089455,0.20213382412165348,-1.0103110243170097,-0.1842764199191509,-0.1842764199191509,,343628000.0,16215589000.0,0.00781392558694094,0.08465043524241733,1.0,,0.44506210415884156,1.0196527347751905,1.0022195453950615,,0.1495005243010019,4079352481.251663,0.039473684210526314,0.019736842105263157,0.251569799977766,8.066387357202087,,-0.0007242098381984308,1.024969195140125,2019-12-27,,
ASB,Associated Bank,Financials,2020-03-31,30.117566684666258,12.789999961853027,35.459999084472656,-0.6393118924965355,25734999.086319454,0.08290920020665538,-0.11870848604063622,-0.17209126813329806,0.012067971650120413,-0.2981561376123769,-0.3276005821865409,0.7457697615941621,0.18345821866968803,-0.44695957136577835,0.9274407284324884,0.12367162899459805,-0.9616096790020305,0.5801849864782851,-0.08254668080900696,-1.2949915292476701,-0.12978867225311352,-0.12978867225311352,1.91,326790000.0,1216498000.0,-0.015099405091535623,0.1501517832200392,1.0,0.010582010582010692,,1.0516545649684317,,1.0529100529100528,-0.030560689817047182,2188295333.787409,0.13052422501241398,0.08701615000827599,1.7988482790661462,6.580606059660388,6.696335058561795,-0.012120926667013143,1.0475518964207942,2019-12-31,,
ASH,Ashland Global,Materials,2020-03-31,32.67457671714844,50.06999969482422,86.62999725341797,-0.4220246879570493,45636357.723332964,0.3856889597865776,0.18407127353928598,0.13068849144662414,0.4273901499405264,0.11716604067802905,0.08772159610386504,0.7987592273723108,0.2364476844478367,-0.3939701055876297,1.0196489927915047,0.21587989335361435,-0.8694014146430142,1.1347941445413148,0.4720624772540227,-0.7403823711846405,-0.06870407961669867,-0.06870407961669867,9.319999999999999,585000000.0,2450000000.0,-0.34456928838951306,0.1481595092024539,1.0,7.472727272727271,3.0789473684210527,4.855769230769231,1.144578313253012,4.866666666666666,-0.013641937461679743,3142805774.83607,0.15303030303030302,0.06818181818181818,1.2827778672800285,10.167332842780109,5.3723175638223415,-0.017248295226634625,0.9827517047733654,2019-12-31,net income 3.08x operating income,
ATI,ATI Inc.,Industrials,2020-03-31,31.605666587864278,8.5,119.6999969482422,-0.9289891377050297,33274781.642909277,0.19882348004509431,-0.0027942062021972802,-0.05617698829485912,0.0258823843563305,-0.2843417249061668,-0.31378616948033083,1.4776469959932217,0.9153354530687476,0.28491766303328125,2.1576470767750457,1.3538779773371554,0.26859666934052684,3.6423528334673714,2.9796211661800793,1.7671763177414161,-0.26941176021800317,-0.26941176021800317,1.85,257600000.0,4122500000.0,0.018756486927296923,0.14793906555842384,0.0,0.14906832298136652,0.7036328871892925,1.332966428178316,1.0695296523517381,1.3082706766917291,0.008010888586428289,1183567567.5675676,0.09252681167785308,0.06334154020952978,0.28709947060462526,4.044214167764053,4.594594594594595,-0.004659809744555488,1.0401061712010617,2019-12-31,,
AVT,Avnet,Information Technology,2020-03-31,33.661335935949666,25.100000381469727,51.5,-0.5126213518161218,33985076.0044552,0.11967459038710904,-0.08194309586018256,-0.1353258779528444,0.04516669781718097,-0.26505741144531636,-0.29450185601948037,0.6997711352518419,0.13745959232736782,-0.49295819770809857,0.7021638162234558,-0.10160528321443452,-1.186886591211063,0.943689574067246,0.2809579067799539,-0.9314869416587093,-0.06294820515393074,-0.06294820515393074,0.9800000000000002,101632000.0,18544547000.0,-0.07245603286681912,0.09666539373473948,1.0,,0.4375842278165997,0.7619784843793418,1.646641014434729,0.79874213836478,-0.19281140983345224,2603023713.0301332,0.40060046487603307,0.45807291666666666,0.14036599076969275,,25.612245287214,-0.02697846161982953,1.0270908075423248,2019-12-28,,
AXTA,Axalta,Materials,2020-03-31,31.866398876220188,17.270000457763672,38.20000076293945,-0.5479057562082948,78278768.8694848,0.3057324052891539,0.10411471904186231,0.050731936949200473,0.2837289802344791,-0.026495129028018205,-0.05593957360218221,0.7127967075651385,0.15048516464066442,-0.47993262539480197,0.4232773174395714,-0.3804917819983189,-1.4657730899949475,0.7539085183932681,0.09117685110597606,-1.1212679973326871,-0.10654314440163937,-0.10654314440163937,1.06,249000000.0,4482200000.0,-0.04015247232156238,0.07277906682901047,1.0,0.24705882352941178,0.5100368701351905,1.3851053405193532,1.1740337884748901,1.3837209302325582,-0.035877299272068175,4056820862.2482586,0.027322404371584702,0.02185792349726776,0.9050959042988396,8.17097106781771,16.2924532620412,-0.009086286560696877,1.0419030990833698,2019-12-31,,
BA,Boeing,Industrials,2020-03-31,30.918135056537253,149.13999938964844,446.010009765625,-0.6656128873250615,3345371847.977254,0.22904655895070603,0.02742887270341443,-0.02595390938924741,0.10808632951024655,-0.20213777975225078,-0.2315822243264148,0.707925454359247,0.14561391143477298,-0.4848038786006934,0.28402843491825647,-0.5197406645196339,-1.6050219725162624,0.4243663238912798,-0.23836534339601223,-1.4508101918346754,-0.2363551035554493,-0.2363551035554493,-1.12,-636000000.0,76559000000.0,-0.24294204317343537,0.07576192755704492,1.0,-1.0627450980392157,,0.9686424474187381,0.9562025527654959,0.9775910364145659,-0.030951242829827863,84690213939.12178,0.796551724137931,0.796551724137931,1.1062084658775817,344.4669389835195,,-0.11990021726885014,1.0431593823174443,2019-12-31,,
BNY,BNY Mellon,Financials,2020-03-31,33.848171399783354,33.68000030517578,62.93724822998047,-0.4648637928670649,274597120.6656017,0.15760031303730604,-0.044017373209985555,-0.0974001553026474,0.03731281713782675,-0.2729112921246706,-0.3023557366988346,0.4517141792010706,-0.11059736372340345,-0.7410151537588698,0.5619135949291547,-0.2418555045087356,-1.3271368125053642,0.47797315554105757,-0.18475851174623448,-1.3972033601848977,-0.06828980322852429,-0.06828980322852429,4.51,4441000000.0,16462000000.0,0.0042703757930697694,0.05462265971820113,1.0,0.11633663366336622,,1.1439979392065946,,1.1714285714285715,-0.0674658491886031,33164718704.05447,0.2086376404494382,0.13909176029962547,2.0146226888624996,6.075042835823575,7.4678492916132555,,,2019-12-31,,
BRX,Brixmor Property Group,Real Estate,2020-03-31,28.361238679485496,9.5,29.13999938964844,-0.6739876390191437,57901748.57434772,0.39997919857743036,0.19836151233013877,0.14497873023747693,0.27658020845554954,-0.03364390080694779,-0.0630883453811118,1.2396087072117696,0.6772971642872956,0.0468793742518292,1.9704662855494428,1.1666971861115525,0.0814158781149239,1.592947914099005,0.930216246811713,-0.2822286016269502,-0.18210524160690222,-0.18210524160690222,0.92,274773000.0,1168258000.0,-0.053536302801497127,-0.03806169048769459,1.0,-0.23966942148760328,,1.0051271690819146,,1.0082644628099173,-0.013371514287084496,2837329891.3043475,0.0,0.0,2.428684324271135,3.5361444797219845,10.326086956521738,-0.003842205251866515,0.9961577947481335,2019-12-31,,
BXP,"BXP, Inc.",Real Estate,2020-03-31,31.85955907326,92.2300033569336,147.8300018310547,-0.37610767628659525,122454083.26494731,-0.00892564654380923,-0.21054333279110082,-0.26392611488376266,-0.1089032160374166,-0.4191273252999139,-0.44857176987407793,0.14652160475865728,-0.4157899381658168,-1.0462077282012832,0.5073999766089934,-0.29636912282889694,-1.3816504308255255,-0.32934780336412395,-0.992079470651416,-2.204524319090079,-0.22664345052245205,-0.22664345052245205,3.3,521534000.0,2960562000.0,0.08961324600416032,0.044195480839145374,1.0,-0.10810810810810823,,1.0706334132782498,,1.0721003134796239,0.0032654237291132038,14576085627.501516,0.06206896551724138,0.11554152501214182,4.923418468352129,,27.948485865737453,0.017998650720131737,1.024897436524245,2019-12-31,,
BYD,Boyd Gaming,Consumer Discretionary,2020-03-31,34.303178111169245,14.420000076293944,59.25,-0.7566244712861782,39526782.21528795,0.44937572181123997,0.24775803556394838,0.19437525347128654,1.1282939451459564,0.818069835883459,0.7886253913092951,3.088765214628263,2.526453671703789,1.8960358816683227,3.5723983270366677,2.7686292275987774,1.6833479196021488,3.5078123654632725,2.8450806981759804,1.6326358497373172,-0.24479881757236577,-0.24479881757236577,1.38,157636000.0,3326119000.0,0.26625842777902564,0.09409747257081857,1.0,0.3799999999999999,0.33357315772544904,1.214305148516391,1.1072594659421886,1.2123893805309731,-0.007118893790014735,1647181979.7294726,0.14786967418546365,0.20669320359722834,0.4952264124432928,6.891310908057502,10.449275417604309,0.01263711288794922,1.084199746452814,2019-12-31,,
C,Citigroup,Financials,2020-03-31,34.84776966275756,42.119998931884766,591.25,-0.9287611011722879,1272880710.1383936,0.22607764704145095,0.024459960794159352,-0.028922821298502488,0.04484324798334316,-0.26538086127915417,-0.2948253058533182,0.8002877246748614,0.23797618175038737,-0.392441608285079,0.36092544432334406,-0.44284365511454626,-1.5281249631111748,0.24550354941838837,-0.4172281178689037,-1.6296729663075669,-0.12939204919702096,-0.12939204919702096,8.04,19401000000.0,74286000000.0,0.019655749855876037,0.019664375988467375,1.0,0.2035928143712573,,1.0355484387510008,,1.0677290836653386,-0.10671993316873651,101638072049.43985,0.17515212981744424,0.11977108954796584,1.3681995537441758,3.5375041171416,5.2388058372991,0.017170555372987284,1.0171705553729873,2019-12-31,,
CAR,Avis Budget Group,Industrials,2020-03-31,34.65336894918907,13.899999618530272,69.76000213623047,-0.80074542441404,66388057.94335471,0.6467626501398143,0.44514496389252267,0.39176218179986083,0.893525199182063,0.5833010899195656,0.5538566453454017,4.218705447115178,3.6563939041907036,3.0259761141552373,17.942446383447617,17.138677284009727,16.0533959760131,13.014389505379436,12.351657838092144,11.13921298965348,-0.320863301697524,-0.320863301697524,3.98,302000000.0,9172000000.0,0.005260850504164916,0.03119349005424965,1.0,0.9320388349514563,,1.745664739884393,,1.7456140350877192,-0.052657225521546946,1054723589.1447594,0.0,0.0,0.11499384966689484,,3.4924622157111234,0.01236203090507737,1.0145795660036165,2019-12-31,TTM net income jumped 1.75x in one quarter,
CB,Chubb Limited,Financials,2020-03-31,32.81099708496447,111.69000244140624,167.74000549316406,-0.33414809357474384,329028623.6707173,0.14053249893380948,-0.061085187313482114,-0.11446796940614395,0.05287853378920504,-0.2573455754732923,-0.2867900200474563,0.44612650561767975,-0.1161850373067943,-0.7466028273422607,0.9919195405622261,0.18815044112433577,-0.8971308668722928,0.8388267747554989,0.1760951074682069,-1.0363497409704563,-0.16644294238116186,-0.16644294238116186,9.71,4454000000.0,34186000000.0,0.04490020478650236,0.014700865304096977,1.0,0.14369846878680814,,1.224972497249725,,1.2275600505689002,-0.017066352802707074,51232468679.09612,0.3586206896551724,0.403448275862069,1.4986388778767952,,11.502574916725667,0.03362157586019232,1.0336215758601923,2019-12-31,,
CBT,Cabot Corp,Materials,2020-03-31,32.19311385112428,26.1200008392334,68.62999725341797,-0.6194083945131945,14587433.294520302,0.43173845899850605,0.23012077275121445,0.1767379906585526,0.4050956578100786,0.09487154854758129,0.06542710397341728,1.0752180402904892,0.5129064973660151,-0.11751129266945126,1.7714035156852446,0.9676344162473542,-0.11764689174927434,2.1675392581228796,1.5048075908355876,0.2923627423969244,-0.04249614539381008,-0.04249614539381008,2.1900000000000004,129000000.0,3243000000.0,-0.029913251570445665,0.18294409058740269,1.0,0.7244094488188981,0.4417808219178082,3.5128205128205128,0.954248366013072,3.5118110236220477,-0.040920266947664596,1538575391.9000492,0.12177141012589081,0.1548971352281684,0.4744296613937864,5.55760223400912,11.926941022481001,-0.028169014084507005,1.050236008091706,2019-12-31,TTM net income jumped 3.51x in one quarter,
CF,CF Industries,Materials,2020-03-31,33.97655898916645,27.200000762939453,70.31999969482422,-0.6131968020338108,112508135.19664946,0.047336153228545896,-0.1542815330187457,-0.20766431511140754,0.15288131701169005,-0.15734279225080727,-0.18678723682497128,0.732778716297084,0.17046717337260997,-0.4599506166628564,3.0162542105500485,2.212485111112158,1.1272038031155296,1.8719178519956827,1.2091861847083907,-0.003258663730272504,-0.14210745475180342,-0.14210745475180342,2.23,493000000.0,4590000000.0,0.036351320839918655,0.07239709443099263,1.0,0.7983870967741935,0.4915254237288136,1.4258675078864353,1.261038961038961,1.467153284671533,-0.05470852017937211,6013273711.268678,0.3024931196373644,0.3068879094287443,1.310081418577054,5.156162785553076,12.197309759165675,-0.017761609244596577,1.0451598479767494,2019-12-31,,
CFG,Citizens Financial Group,Financials,2020-03-31,32.364235665188474,18.809999465942383,48.22999954223633,-0.6099937871765901,177423676.976596,0.36558325674852443,0.16396557050123284,0.110582788408571,0.38954618030413224,0.07932207104163491,0.049877626467470904,1.4866597451719352,0.9243482022474612,0.2939304122119948,1.6396403507570825,0.8358712513191922,-0.24941005667743643,0.8427721257607133,0.1800404584734212,-1.032404389965242,-0.11855431982336773,-0.11855431982336773,3.81,1791000000.0,6491000000.0,0.05923629242819839,0.07376905554582103,1.0,0.08238636363636354,,1.0296339337594422,,1.0397727272727273,-0.038537382129964826,8842180851.313072,0.0,0.0,1.3622216686663182,4.435339953198715,4.937007733843145,0.00682487978904911,1.0205613577023498,2019-12-31,,
CFR,Frost Bank,Financials,2020-03-31,30.826521140880843,55.790000915527344,121.66000366210938,-0.5414269337811719,42967010.99224393,0.3512733584705081,0.14965567222321652,0.09627289013055468,0.1682068999883728,-0.14201720927412453,-0.17146165384828854,1.0165171170871887,0.4542055741627147,-0.1762122158727517,1.628209225453881,0.8244401260159906,-0.260841181980638,1.0515582279952826,0.3888265607079906,-0.8236182877306726,-0.07223530029900493,-0.07223530029900493,6.84,443599000.0,1367907000.0,0.04485944615629034,0.08835872214629403,1.0,-0.008695652173913104,,1.022017154739975,,1.0260869565217392,-0.016327735331981508,3618185470.194008,0.0,0.0,2.6450522368801446,-0.24877151901833952,8.156432882387039,0.007383563066277521,1.0240952637477014,2019-12-31,,
CHRW,C.H. Robinson,Industrials,2020-03-31,34.87136058574053,66.19999694824219,101.1999969482422,-0.3458498128008881,136090089.54579186,0.201571287901386,-4.6398345905585e-05,-0.053429180438567425,0.5610940650442684,0.25086995578177107,0.22142551120760706,0.4739746934793674,-0.08833684944510667,-0.718754639480573,0.700137085382103,-0.10363201405578737,-1.188913322052416,0.603630364115241,-0.05910130317205109,-1.2715461516107143,-0.022658613620959778,-0.022658613620959778,4.19,576968000.0,15309508000.0,-0.07946908371821304,0.11848456357965165,1.0,-0.11416490486257924,0.7303614287016315,1.0293316077380907,1.0361425440447853,1.0317124735729388,-0.019831838148083092,9115818577.382671,0.027586206896551724,0.020689655172413793,0.5954351098273486,11.121985094064824,15.799521944687871,-0.02201226644282739,1.0368032759277852,2019-12-31,,
CNH,CNH Industrial,Industrials,2020-03-31,30.375757621570372,4.882506847381592,13.620539665222168,-0.6415335245600966,22596001.433568567,0.25311922280390386,0.05150153655661227,-0.0018812455360495695,0.39393923643500406,0.08371512717250673,0.05427068259834272,1.7878784728700081,1.225566929945534,0.5951491399100677,2.275403848712261,1.4716347492743709,0.3863534412777423,2.214811253055967,1.5520795857686749,0.3396347373300117,-0.062388658519471174,-0.062388658519471174,1.05,1422000000.0,28079000000.0,-0.0547700801184946,0.13520330174258643,1.0,0.34615384615384626,,1.3618134263295554,,1.352941176470588,-0.010914927768860383,6612309273.3110695,0.0,0.0,0.2354894858545913,0.6610765880179108,4.6500065213158015,-0.017735954663121833,1.040946443751771,2019-12-31,,
CNO,CNO Financial Group,Financials,2020-03-31,34.94482958493657,12.390000343322754,26.46999931335449,-0.5319229065082816,25157564.291726977,0.2653903965030304,0.06377271025573883,0.010389928163076989,0.31305140174013,0.0028272924776326924,-0.026617152096531316,1.0082707163505549,0.4459591734260808,-0.18445861660938556,1.1200884933196353,0.316319393881745,-0.7689619141148836,0.9255679778649877,0.26283631057769563,-0.9496085378609675,-0.16142057630259,-0.16142057630259,2.61,409400000.0,4015800000.0,-0.06901588037556505,0.003793167644047246,1.0,,1.1115938093945152,2.5635566687539137,1.0794255568581477,2.61,-0.05387094812382176,1943473617.0713928,0.11106469878399701,0.11753719069338213,0.48395677500657225,2.0257365876633022,4.747126568322894,0.07806711409395972,1.0951580442760744,2019-12-31,net income 1.11x operating income,
CNP,CenterPoint Energy,Utilities,2020-03-31,27.77337693751288,15.449999809265137,42.52935028076172,-0.63672147100131,153314200.5727783,0.21914603027139634,0.017528344024104747,-0.03585443806855709,0.27298421461583233,-0.037239894646664995,-0.066684339220829,0.5102340162731231,-0.0520775266513509,-0.6824953166868173,1.0950906919799275,0.29132159254203716,-0.7939597154545914,1.0625941173681888,0.3998624500808967,-0.8125823983577665,-0.15469266875431475,-0.15469266875431475,1.33,791000000.0,12301000000.0,0.16167721220134101,0.10141460370293331,1.0,0.7972972972972974,0.6451876019575856,1.7258064516129032,1.1794594594594594,1.7812500000000002,0.1959382151029747,9188684097.089264,0.6528735632183907,0.4618921308576481,0.7469867569375875,9.246989294504283,11.616541209973786,0.016023787891302543,1.0558139534883721,2019-12-31,TTM net income jumped 1.73x in one quarter,shares +20% y/y
COF,Capital One,Financials,2020-03-31,30.62081588901664,50.41999816894531,107.58999633789062,-0.5313690874140443,280891357.8594026,0.2495907653883287,0.0479730791410371,-0.00540970295162474,0.43692495627026195,0.12670084700776463,0.09725640243360062,1.556032134236053,0.993720591311579,0.3633028012761126,1.6843888681423511,0.8806197687044608,-0.2046615392921678,1.009378543241429,0.346646875954137,-0.8657979724845262,-0.20864743363918314,-0.20864743363918314,11.05,5546000000.0,28593000000.0,0.018414304031913353,0.030803686162205857,1.0,-0.06514382402707275,,1.0109725685785536,,1.0203045685279186,-0.013721804087067468,25305819895.47246,0.14225972120322816,0.09985234546380624,0.8850354945431561,4.371104893765271,4.562895761895503,0.014691791759821049,1.0176741153887943,2019-12-31,,
COP,ConocoPhillips,Energy,2020-03-31,30.293777611310716,30.799999237060547,87.08999633789062,-0.6463428575933898,444031282.3683845,0.3779283552904378,0.17631066904314618,0.12292788695048434,0.08788231745428976,-0.22234179180820757,-0.2517862363823716,0.7926138787225241,0.23030233579805004,-0.40011545423741635,2.494705515790159,1.6909364163522689,0.6056551083556403,2.650783657546497,1.9880519902592049,0.7756071418205417,-0.07680676956967392,-0.07680676956967392,6.4,7189000000.0,36670000000.0,-0.0531153975262737,0.33055040197897334,0.0,0.19402985074626855,,1.167320078409409,,1.1848874598070738,-0.03775171807575517,34597061643.00442,0.20344827586206896,0.13563218390804596,0.9434704565858854,2.5241618864692787,4.8124998807907104,-0.05710832840502944,1.160379303236446,2019-12-31,,
CRS,Carpenter Technology,Industrials,2020-03-31,32.38307823981053,19.5,79.66000366210938,-0.7552096522275801,13760250.329906221,0.25686386492238933,0.055246178675097735,0.0018633965824358945,-0.05072429753201191,-0.36094840679450924,-0.39039285136867324,1.188511205542814,0.6261996626183399,-0.0042181274171264604,1.2877987952786465,0.48402969584075617,-0.6012516121558724,1.4888561753595844,0.8261245080722923,-0.38632034036637086,-0.15979202344964671,-0.15979202344964671,3.6900000000000004,180000000.0,2409700000.0,0.039066879392867904,0.19001436781609193,1.0,0.27681660899654004,0.7036747458952306,1.1492857142857142,1.1348700343305542,1.1453287197231834,0.006968641114982299,951219512.1951218,0.0,0.0,0.39474603153717136,4.206291676877636,5.284552845528455,0.00689453451445754,1.0538732050405393,2019-12-31,,
CTSH,Cognizant,Information Technology,2020-03-31,30.43004800296751,46.470001220703125,85.0999984741211,-0.45393652110540694,259690131.3418676,0.2278077148675659,0.026190028620274308,-0.027192753472387532,0.5050275181680672,0.1948034089055699,0.1653589643314059,0.7038690572585731,0.14155751433409902,-0.48886027570136736,0.9804143522736075,0.1766452528357172,-0.9086360551609114,0.36828535578008337,-0.2944463115072087,-1.5068911599458719,-0.09317869096252418,-0.09317869096252418,3.29,1842000000.0,16783000000.0,0.04080620155038761,0.088791357191087,1.0,-0.08611111111111114,0.7509172441907868,1.0262116716122651,0.9807329051756706,1.0343839541547275,-0.040665249866541964,26017550835.42102,0.0,0.0,1.5502324277793613,7.882280687642236,14.124620431824658,0.009321626172720698,1.024713031735314,2019-12-31,,
CVX,Chevron Corporation,Energy,2020-03-31,27.563483464599926,72.45999908447266,135.10000610351562,-0.4636565817106423,1112751198.308545,0.24951664760845937,0.04789896136116778,-0.00548382073149406,0.0227746391581638,-0.2874494701043335,-0.31689391467849753,0.5318175126446161,-0.030494030279857975,-0.6609118203153244,1.4960209846729513,0.692251885235061,-0.3930294227615676,1.5869196153760656,0.9241879480887736,-0.2882569003498896,-0.074389011217603,-0.074389011217603,1.54,2924000000.0,146516000000.0,-0.1191722927275023,0.17369921395407917,1.0,-0.8010335917312661,,1.0647632815323456,,1.0677731673582296,-0.008638150839985759,137579894365.58316,0.4379310344827586,0.6056795131845841,0.9390093530097953,4.706595813613387,47.05194745744978,-0.039352732136534674,1.0530996474172458,2019-12-31,,
CXT,Crane NXT,Information Technology,2020-03-31,32.28035687001723,17.082319259643555,35.65473937988281,-0.5208962523147267,26026177.291106813,0.21784108439060246,0.016223398143310863,-0.03715938394935098,0.03443173394872856,-0.27579237531376877,-0.3052368198879328,0.9590993336666456,0.3967877907421715,-0.23362999929329487,1.299208219372698,0.4954391199348076,-0.589842188061821,1.4545738245371918,0.7918421572498997,-0.4206026911887635,-0.10065065442591081,-0.10065065442591081,0.7641542202153526,133300000.0,3283100000.0,-0.018651920490210694,0.20082555635319443,1.0,-0.6,0.6335551330798479,1.0408224076281287,1.0439610242465442,1.041818181818182,-0.007002383790226663,2979860736.316767,0.5288220551378445,0.5037593984962406,0.9076362999350513,10.58339220844942,22.354544158415358,-0.000669649651477755,1.0522531943400542,2019-12-31,,
DAL,Delta Air Lines,Industrials,2020-03-31,30.37506490020732,28.530000686645508,63.43999862670898,-0.5502837121021935,728151776.8959773,-0.01682447614109006,-0.21844216238838166,-0.2718249444810435,0.07185394624575858,-0.23837016301673875,-0.26781460759090275,0.6922535517087975,0.1299420087843235,-0.5004757812511429,0.386960873422439,-0.4168082260154513,-1.50208953401208,0.2239745270027247,-0.43875714028456736,-1.6512019887232305,-0.38626010772164343,-0.38626010772164343,7.3,4767000000.0,47007000000.0,0.05781088257797373,0.08021780349068997,1.0,0.28747795414462085,0.7203082502266546,1.0988315481986368,1.0816176470588235,1.1206030150753772,-0.05906285356216601,18630481270.306732,0.07575757575757576,0.10474308300395256,0.39633419002077847,2.810575200598623,3.9082192721432203,0.015050744979486108,1.0236520978171033,2019-12-31,,
DINO,HF Sinclair,Energy,2020-03-31,34.42827609607484,24.51000022888184,83.27999877929688,-0.7056916355890372,104378123.8909131,0.20495912956794893,0.0033414433206573335,-0.05004133877200451,-0.1753428716444364,-0.48556698090693373,-0.5150114254810978,0.5342550296319855,-0.028056513292488594,-0.658474303327955,0.7087776383651205,-0.09499146107276979,-1.1802727690693984,1.1402312696765042,0.4774996023892122,-0.734945246049451,-0.29667732424859206,-0.29667732424859206,4.61,772388000.0,17486578000.0,,,,,0.6048248924860851,,,,,4106557496.0489335,,,0.23484054433342724,1.8027148182475092,5.316702869605605,,,2019-12-31,,
DRI,Darden Restaurants,Consumer Discretionary,2020-03-31,29.180547530769786,54.459999084472656,128.41000366210938,-0.5758897474391829,214496896.2470645,0.39129631290099476,0.18967862665370316,0.13629584456104132,0.8497981266251848,0.5395740173626875,0.5101295727885236,1.6231787089786187,1.0608671660541447,0.4304493760186783,1.5256913179083638,0.7219222184704734,-0.36335908952615514,2.0569479507253003,1.3942162834380083,0.18177143499934512,-0.20840969590346803,-0.20840969590346803,5.130000000000001,635600000.0,8765900000.0,0.041649832450032065,0.08732914859321972,1.0,-0.042910447761193904,0.7307426994711428,1.0492719517576115,1.0149358226371061,1.0517560073937153,-0.014839510221266838,6747519574.676572,0.089058524173028,0.10334423845874226,0.7697463551576645,6.032086265318711,10.615984226992719,0.011539482338822182,1.0253153313199503,2020-02-23,,
DTE,DTE Energy,Utilities,2020-03-31,34.83115922011336,80.82553100585938,115.46382904052734,-0.2999926325196618,188303681.31652734,0.1429636046027849,-0.058654081644506695,-0.11203686373716853,0.2338256648973116,-0.07639844436518572,-0.10584288893934973,0.45312545609864774,-0.10918608682582631,-0.7396038768612927,0.7462119120628325,-0.05755718737505777,-1.1428384953716864,0.49241397679100474,-0.1703176904962873,-1.3827625389349505,-0.09939970031771173,-0.09939970031771173,5.370212765957446,1169000000.0,,,,1.0,0.02269043760129663,0.6848271821909784,1.069533394327539,1.0511083743842364,1.060504201680672,0.020592313787638705,17594283478.82303,0.7620689655172415,0.5413793103448276,,11.489321036640751,15.050712984450836,,,2019-12-31,,
DVN,Devon Energy,Energy,2020-03-31,30.422572822248142,6.909999847412109,127.43000030517578,-0.9457741518412957,143929982.94304135,0.6560315910965497,0.45441390484925814,0.4010311227565963,0.42852313346989357,0.11829902420739624,0.08885457963323223,2.3637168654194967,1.8014053224950226,1.1709875324595562,8.709667712331068,7.9058986128931785,6.820617304896549,7.990670592735178,7.327938925447886,6.115494077009223,-0.09985545296124365,-0.09985545296124365,-0.89,-355000000.0,2865000000.0,-0.73309111235327,-0.23048247186178217,1.0,-1.1459016393442623,,1.3125,,1.3449477351916377,-0.2058922756476077,2756235894.1924706,0.044167176974892836,0.044167176974892836,0.9620369613237244,3.3897062464760137,,-0.1583431257344301,0.8416568742655699,2019-12-31,,
EOG,EOG Resources,Energy,2020-03-31,29.369323949445075,35.91999816894531,133.52999877929688,-0.7309967910033822,341031557.0419584,0.42299225018786957,0.22137456394057797,0.16799178184791613,0.01756165363954687,-0.29266245562295046,-0.32210690019711447,1.0871460194166191,0.5248344764921451,-0.10558331354332129,2.6686669800850753,1.864897880647185,0.7796165726505564,2.7936166105400098,2.1308849432527177,0.9184400948140545,-0.10717513254212241,-0.10717513254212241,4.71,2734910000.0,17379973000.0,0.0060533478850473,0.5413013725518185,1.0,-0.200339558573854,0.7393624944613574,1.0442375413400424,1.0370899839151493,1.0441426146010184,0.00030685535796592944,20857316813.636993,0.019250645994832043,0.019250645994832043,1.2000776303643852,3.2226750269861304,7.626326575147624,-0.014420222722095088,1.153675185669813,2019-12-31,,
EPR,EPR Properties,Real Estate,2020-03-31,19.717867730455836,24.21999931335449,84.66999816894531,-0.713948271676735,59167575.72482275,0.3867053252221706,0.185087638974879,0.13170485688221717,0.15105318580229787,-0.15917092346019945,-0.18861536803436346,0.950093886600853,0.387782343676379,-0.2426354463590874,1.3979382769975293,0.5941691775596389,-0.49111213043698965,0.803774006118888,0.141042338831596,-1.0714025096070672,-0.20933086884713525,-0.20933086884713525,2.32,202243000.0,651969000.0,-0.0695873309443995,0.2165658838419351,1.0,-0.290519877675841,,1.1341321357539618,,1.143730886850153,0.0677010204834172,2111347121.1770482,0.059278195488721805,0.061024173336567226,3.238416429580315,10.445363696545082,10.439654876445902,-0.05728836057253661,1.0915265839989232,2019-12-31,,
ESNT,Essent Group Ltd.,Financials,2020-03-31,32.659775908899206,26.34000015258789,55.84000015258789,-0.5282951274962135,38829441.28436134,0.38369141293275644,0.18207372668546484,0.128690944592803,0.41825246367404656,0.10802835441154923,0.07858390983738522,0.8332247049027321,0.2709131619782581,-0.3595046280572083,0.6180030600836885,-0.18576603935420177,-1.2710473473508304,0.6075215516169106,-0.05521011567038148,-1.2676549641090447,-0.20652992351014277,-0.20652992351014277,5.66,555713000.0,867567000.0,0.2060379257471645,0.24776977369035458,1.0,0.1865828092243187,,1.0562630734630325,,1.055984555984556,0.0020702690153244774,2586127297.666974,0.0,0.0,2.9808963430685744,3.268168488660117,4.653710274308814,0.04283779024411949,1.0691591313955848,2019-12-31,,
ESS,Essex Property Trust,Real Estate,2020-03-31,34.603809412537515,220.2400054931641,334.1700134277344,-0.3409342650644748,161332646.23783657,0.05025558304163957,-0.15136210320565202,-0.20474488529831386,-0.07049881683742354,-0.38072292609992087,-0.4101673706740849,0.27906280875821876,-0.2832487341662553,-0.9136665242017217,0.6676227550123601,-0.1361463444255302,-1.2214276524221588,0.04975658861071208,-0.61297507867658,-1.8254199271152431,-0.14397938553865086,-0.14397938553865086,6.66,439286000.0,1460155000.0,0.0429283748543805,0.026507827925674743,1.0,0.12881355932203387,0.9130639019604583,1.0716129313371934,1.0656755164332767,1.0728813559322035,-0.002552159621309391,14526779437.397911,0.27613388309483383,0.22600856981162584,9.948792722278053,15.998508011920784,33.06906989386848,0.015443534814888915,1.015443534814889,2019-12-31,,
EVR,Evercore,Financials,2020-03-31,32.546073267513236,46.060001373291016,117.48999786376952,-0.6079666166417169,46296116.21205769,0.2917034156699383,0.0900857294226467,0.03670294732998486,0.4482982495732344,0.13807414031073706,0.10862969573657305,1.9483857501901651,1.386074207265691,0.7556564172302247,1.5408615636633387,0.7370924642254484,-0.3481888437711802,1.7031329176755765,1.0404012503882845,-0.17204359805037872,-0.07273163509146918,-0.07273163509146918,6.89,297436000.0,2028837000.0,-0.025757319652183308,0.20769103630653962,1.0,-0.1728691476590637,,1.0367152056722142,,1.0464516129032257,-0.046761498495142884,1988374828.5146859,0.025108558621655695,0.016739039081103798,0.9800564700440133,1.4616246026752726,6.685050997574893,-0.05108021378368788,1.1244744067755426,2019-12-31,,
EWBC,East West Bancorp,Financials,2020-03-31,31.67188899754629,25.739999771118164,73.9800033569336,-0.6520681454023516,70837103.5232332,0.41905274215433086,0.21743505590703927,0.16405227381437743,0.2922563137392218,-0.017967795523275543,-0.04741224009743955,1.9505314483301959,1.3882199054057218,0.7578021153702554,2.2153396069505837,1.4115705075126934,0.32628919951606483,1.3103628485140275,0.6476311812267355,-0.5648136672119277,-0.12393192957473387,-0.12393192957473387,4.61,674035000.0,55316000.0,0.031168443814779012,-0.02286016138727487,1.0,-0.04158004158004147,,1.023066368363695,,1.0221729490022171,-0.0006021032381072766,3763483892.7821326,0.0,0.0,68.03608165417117,0.4871543287894274,5.583514050134092,0.022325718932505456,1.0274776399992405,2019-12-31,,
EXP,Eagle Materials,Materials,2020-03-31,33.292849739899694,58.41999816894531,122.48999786376952,-0.5230631138232311,29714394.957545448,0.2040174752898689,0.002399789042577316,-0.050982993050084524,0.4800739467954589,0.16984983753296157,0.14040539295879756,1.3046425454891053,0.7423310025646312,0.11191321252916486,1.2161557332256225,0.4123866337877322,-0.6728946742088964,1.5538927636467315,0.8911610963594394,-0.32128375207922377,-0.1698048551235688,-0.1698048551235688,-2.7200000000000006,-129332000.0,1420073000.0,0.019249913691196108,0.009259889747694539,1.0,-1.553971486761711,-0.3533139919246887,0.9815173987450085,1.0250967740086931,1.1650485436893199,-0.000863289702074832,2777785001.1713357,0.05719765798505957,0.0739854633555421,1.9560860611893442,7.438397583687041,,0.012090293769051463,1.0241058564377898,2019-12-31,,
EXPE,Expedia Group,Consumer Discretionary,2020-03-31,28.28039092844203,56.27000045776367,161.0,-0.6504968915666853,326965355.68779236,0.46081377708544236,0.25919609083815076,0.20581330874548892,0.6294650736840601,0.3192409644215628,0.2897965198473988,2.0588232544815006,1.4965117115570266,0.8660939215215602,2.4773413473672403,1.67357224792935,0.5882909399327214,0.7243646773995773,0.06163301011228528,-1.150811838326378,-0.17984712646131362,-0.17984712646131362,3.77,565000000.0,12067000000.0,0.07520270872315771,0.11560636182902595,1.0,0.4226415094339624,0.6256921373200443,1.4136363636363636,1.2058823529411764,1.4216027874564459,-0.02180162287177745,8433037203.882355,0.048484848484848485,0.022589531680440773,0.698851181228338,5.900951829029322,14.925729564393547,0.01582624800067345,1.0317097415506957,2019-12-31,,
FDX,FedEx,Industrials,2020-03-31,32.268995563921806,97.7115249633789,221.32151794433597,-0.5585086986979997,426781332.48536754,0.1619069602559684,-0.03971072599132319,-0.09309350808398503,1.090134908999051,0.7799107997365538,0.7504663551623898,1.3718211678434624,0.8095096249189884,0.17909183488352198,0.9550233655120755,0.15125426607418513,-0.9340270419224435,0.9750125514310037,0.3122808841437117,-0.9001639642949515,-0.14728690403774913,-0.14728690403774913,-0.9750201450443194,-349000000.0,69666000000.0,0.00673410404624275,0.1023662468917943,1.0,-1.0659041394335511,-0.10712093308778392,0.8333333333333334,0.9789520824003582,0.87192118226601,0.06529274752240655,34974992450.7141,0.3385416666666667,0.203125,0.5020381886532039,7.665442227057267,,0.006894159476217299,1.0268143621084798,2020-02-29,,
FFIV,"F5, Inc.",Information Technology,2020-03-31,34.56308842471037,106.62999725341795,199.7100067138672,-0.4660758416267484,103241224.29550414,0.3080746442865365,0.10645695803924493,0.05307417594658309,0.1513645297325663,-0.15885957952993102,-0.18830402410409502,0.9564850463362486,0.3941735034117746,-0.2362442866236918,0.9595798774302644,0.15581077799237408,-0.9294705300042545,0.366313478327847,-0.29641818895944505,-1.5088630373981082,-0.04886053848515526,-0.04886053848515526,6.539999999999999,395356000.0,2267982000.0,0.039411801908903143,0.04039147960638423,1.0,-0.18959107806691466,0.8192514432780336,1.013001723217075,0.9990710207900276,1.019826517967782,-0.016763493425768106,6445995289.621149,0.00980392156862745,0.007352941176470587,2.8421721555202595,9.502051532677086,16.304280925599077,0.011387114165908985,1.0124974715184616,2019-12-31,,
FHI,Federated Hermes,Financials,2020-03-31,34.07312519792414,19.049999237060547,45.0099983215332,-0.5767607210074734,24427800.891897414,0.2595033364207455,0.05788565017345393,0.0045028680807920884,0.1551329195693747,-0.15509118969312263,-0.18453563426728664,0.7878150932410499,0.22550355031657587,-0.4049142397188905,1.0111779538746224,0.20740885443673207,-0.8778724535598965,1.4455486870756227,0.7828170197883306,-0.42962782865033255,-0.09921223520396738,-0.09921223520396738,2.69,272339000.0,1326894000.0,0.16837269751874873,0.029696515807072776,1.0,0.23394495412844019,0.7827475303727506,1.1114250018646976,1.04454351676724,1.1132075471698113,0.0018563820221546568,1928646000.82596,0.010025062656641603,0.005012531328320802,1.4535041991492612,4.608527910462068,7.081784102996486,0.039816313176630036,1.0555495705651574,2019-12-31,,growth 17% vs 3% a year earlier
FHN,First Horizon,Financials,2020-03-31,27.571484545202253,8.0600004196167,46.46669006347656,-0.8265424025553314,84932458.31035282,0.25305537542718426,0.051437689179892665,-0.0019450929127691752,0.2054093799658192,-0.10481472929667812,-0.13425917387084213,1.205643180259877,0.643331637335403,0.01291384729993661,2.1675047884819687,1.3637356890440784,0.2784543810474498,1.4678771293223063,0.8051454620350142,-0.40729938640364893,-0.14019856193348557,-0.14019856193348557,1.38,440908000.0,1817267000.0,-0.061379935489035975,0.45295088376798165,1.0,-0.1636363636363637,,1.0501397589316528,,1.0615384615384615,-0.03278534737570293,2575158452.907507,0.2133217659533449,0.14221451063556326,1.4170501378760012,4.531761196507514,5.840580014215,0.04479481738324531,1.2103148058216895,2019-12-31,,
FITB,Fifth Third Bancorp,Financials,2020-03-31,31.094948757521962,14.850000381469728,69.69999694824219,-0.7869440311095417,160936677.10212222,0.3172750943022409,0.11565740805494928,0.062274625962287444,0.45665456048612785,0.14643045122363052,0.11698600664946651,1.6365827876447656,1.0742712447202916,0.4438534546848252,2.113979560679767,1.3102104612418768,0.2249291532452482,1.008618448221109,0.34588678093381686,-0.8665580675048463,-0.11447838165215751,-0.11447838165215751,3.33,2512000000.0,565000000.0,0.02914389799635697,-0.009025270758122761,1.0,0.08823529411764697,,1.1244404655326767,,1.1026490066225167,0.05258747119212237,11202162449.925512,0.045112781954887216,0.0377674956622325,19.826836194558428,4.461929925925846,4.459459574014933,0.023550724637681153,1.0235507246376812,2019-12-31,,
FLS,Flowserve,Industrials,2020-03-31,31.73048427094602,23.88999938964844,82.23999786376953,-0.709508754739729,44652039.06120724,0.20229867863739104,0.0006809923900994441,-0.052701789702562396,0.15828857460352097,-0.15193553465897636,-0.18137997923314036,0.6651745166849743,0.10286297376050024,-0.5275548162749661,0.5761376375808256,-0.22763146185706473,-1.3129127698536933,0.5354678809387114,-0.1272637863485806,-1.3397086347872438,-0.11887839429989866,-0.11887839429989866,1.93,253668000.0,3944850000.0,0.029270486914330762,0.04693879613672425,1.0,1.120879120879121,0.6247364791646143,1.35194825814107,1.18504633632008,1.3516483516483515,-0.0005505162404887409,3139962883.5095034,0.09885057471264369,0.08029073698444895,0.7959650895495402,7.744210582128791,12.378238025724581,0.021043616138227472,1.0258626607801336,2019-12-31,,
FNB,FNB Corporation,Financials,2020-03-31,33.02571881917024,7.369999885559082,35.47999954223633,-0.7922773398915736,24718972.198011003,0.03362309948490472,-0.16799458676238688,-0.22137736885504872,-0.05051333340242725,-0.3607374426649246,-0.3901818872390886,0.8201817032346326,0.2578701603101585,-0.37254762972530786,0.8552093442639941,0.051440244826103765,-1.0338410631705248,0.7940157741457399,0.13128410685844782,-1.0811607415802154,-0.20488441712853245,-0.20488441712853245,1.16,387000000.0,,,,1.0,0.03571428571428559,,1.0263157894736843,,1.026315789473684,0.001756494406952136,2458784444.5787625,0.09022556390977443,0.045112781954887216,,7.583669556239672,6.353448177206106,,,2019-12-31,,
FNF,Fidelity National Financial,Financials,2020-03-31,33.78896460634273,23.06950569152832,45.693939208984375,-0.4951298554931246,100286903.6761421,0.24520878869779206,0.04359110245050046,-0.009791679642161377,0.2841900386663385,-0.02603407059615881,-0.05547851517032282,0.6979338869965526,0.13562234407207852,-0.49479544596338787,1.1103841460195816,0.30661504658169125,-0.7786662614149373,0.6476407708597298,-0.015090896427562228,-1.2275357448662254,-0.07073965967231077,-0.07073965967231077,3.551294414360953,1062000000.0,8469000000.0,0.11522254411377397,-0.009004306407412233,1.0,0.6946902654867262,,1.3864229765013054,,,-0.0021286857028821604,6898840869.213532,0.17669172932330826,0.11779448621553884,0.8145992288597865,3.9904898803096187,6.496083680992026,0.08576923076923082,1.0857692307692308,2019-12-31,,
FRT,Federal Realty Investment Trust,Real Estate,2020-03-31,23.559528088846974,74.61000061035156,171.0800018310547,-0.563888240520183,72897637.76196676,0.15583968056211073,-0.04577800568518087,-0.09916078777784271,0.009272566133125215,-0.3009515431293721,-0.3303959877035361,0.4253215163402668,-0.13699002658420723,-0.7674078166196736,0.7765842162165335,-0.027184883221356815,-1.1124661912179854,0.5028513094175076,-0.1598803578697845,-1.3723252063084477,-0.14073204372141124,-0.14073204372141124,4.61,353866000.0,935788000.0,0.022232029328101532,0.06775311775381754,1.0,0.449685534591195,0.7514498493345877,1.3557149315372887,1.280989622295064,1.359882005899705,0.0090590827526833,5727102489.367172,0.07017543859649122,0.040100250626566414,6.120085413968946,12.621854181577039,16.184381911139166,0.00404821810807765,1.0210136374027816,2019-12-31,,
FTI,TechnipFMC,Energy,2020-03-31,27.908039555086148,5.014881134033203,47.55952453613281,-0.8945556924097674,80652247.68897992,0.014836812536587196,-0.1867808737107044,-0.24016365580336624,-0.06379829390732505,-0.3740224031698224,-0.4034668477439864,0.539418177158318,-0.022893365766156082,-0.6533111558016225,0.5454007628585547,-0.25836833657933567,-1.3436496445759643,1.7218993216985594,1.0591676544112674,-0.1532771940273958,-0.24183989147332807,-0.24183989147332807,-4.010416666666666,-2415200000.0,13409100000.0,0.06820734650957139,-0.16630249254494622,0.0,,,,,,-0.02062134368545676,3020120332.0312505,0.061224489795918366,0.061224489795918366,0.22522916019951006,,,0.031048880071970597,1.0383527676712019,2019-12-31,,
GD,General Dynamics,Industrials,2020-03-31,33.71686475077895,132.30999755859375,230.0,-0.42473914104959243,328182393.3830503,0.138941587795524,-0.06267609845176758,-0.11605888054442942,0.06270995644535393,-0.2475141528171434,-0.2769585973913074,0.4146732792992416,-0.14763826362523247,-0.7780560536606989,0.9256734873455861,0.12190438790769575,-0.9633769200889328,0.8624877193472869,0.1997560520599948,-1.0126887963786684,-0.0728287009370241,-0.0728287009370241,11.98,3484000000.0,39350000000.0,0.08722681181443925,0.6568093385214009,1.0,0.07155635062611809,0.7495697074010327,1.03290839015713,1.0224373075230972,1.0390286209887252,-0.027998333046357793,38478132845.921585,0.40831499144044997,0.38608643629653433,0.97784327435633,9.680510920203673,11.044240196877608,0.010139905018611284,1.0476887795982648,2019-12-31,,
GHC,Graham Holdings,Consumer Discretionary,2020-03-31,25.17369543858993,341.1700134277344,756.260009765625,-0.548872069100325,17888230.240788534,0.008409652210475516,-0.19320803403681608,-0.24659081612947792,0.19422522511856966,-0.11599888414392767,-0.14544332871809168,0.672302252923324,0.10999070999884997,-0.5204270800366164,0.8362856495814985,0.032516550143608214,-1.0527647578530204,0.8085439080026076,0.1458122407153155,-1.0666326077233477,-0.12778308717265174,-0.12778308717265174,61.21,327855000.0,2932099000.0,0.0875875289228425,0.04017213985707491,1.0,0.2193227091633465,2.268170686148354,1.3737382625419532,0.9828933096631879,1.371806364858808,-0.00856589229366056,1827385962.2994585,0.37171551203809267,0.23177557209815272,0.6232347414938781,10.500787355676223,5.57376267648643,0.02603170092955609,1.0296001382798206,2019-12-31,net income 2.27x operating income,
GLW,Corning Inc.,Information Technology,2020-03-31,33.28267462648384,20.540000915527344,113.33333587646484,-0.818764701870981,177869688.05716982,0.27295793863104056,0.07134025238374897,0.01795747029108713,0.6036808188486245,0.29345670958612713,0.2640122650119631,1.1797073587899702,0.6173958158654962,-0.013021974169970196,0.8947210585483951,0.0909519591105048,-0.9943293488861238,0.8697066227620149,0.2069749554747229,-1.0054698929639403,-0.13242449847668414,-0.13242449847668414,1.07,960000000.0,11503000000.0,0.018866253321523363,0.11605377619612489,1.0,-0.05309734513274322,0.7350689127105666,2.020637898686679,1.1434920634920636,2.1238938053097347,-0.04893829671582128,18428412036.36098,0.28045977011494255,0.3941156287527878,1.602052685070067,8.80356529538612,19.19626253787602,-0.01859909564030371,1.0382232389667334,2019-12-31,TTM net income jumped 2.02x in one quarter,
GM,General Motors,Consumer Discretionary,2020-03-31,30.11448821504831,20.780000686645508,46.7599983215332,-0.5556030489189256,425799809.3546943,0.2175167079995477,0.015899021752256104,-0.037483760340405736,0.4239654226837315,0.11374131342123417,0.08429686884707016,1.7651589142895836,1.2028473713651096,0.5724295813296432,1.1049083007603673,0.30113920132247696,-0.7841421066741516,0.7772546354769325,0.11452296818964047,-1.0979218802490227,-0.14388808300279765,-0.14388808300279765,4.57,6732000000.0,137237000000.0,-0.06672605730062764,0.010035167733604355,1.0,-0.17359855334538876,1.2282430213464697,1.1386323933117046,1.195736434108527,1.1374321880650995,0.016491380783847154,30610714359.408657,0.009174311926605505,0.03539154039102498,0.22305001099855473,0.3770387574540022,4.547046102110614,-0.05229611214695118,1.0150349868582564,2019-12-31,net income 1.23x operating income,
GPC,Genuine Parts Company,Consumer Discretionary,2020-03-31,32.732198404531715,67.33000183105469,115.1999969482422,-0.4155381630669214,92723301.90260752,0.30309757901078105,0.10147989276348945,0.048097110670827614,0.4375625721894574,0.12733846292696005,0.09789401835279604,0.7734576556913229,0.2111461127668488,-0.4192716772686176,0.9855220636742272,0.1817529642363369,-0.9035283437602917,1.6970049138330467,1.0342732465457547,-0.17817160189290848,-0.14050186778849605,-0.14050186778849605,4.24,621085000.0,19392305000.0,0.035080300994823954,0.14877071588524493,1.0,-0.229090909090909,,1.009171229121558,,1.0130111524163565,-0.0059487259749839705,9862654289.443537,0.33448275862068966,0.2850574712643678,0.5085859720875645,10.876679901465717,15.879717412984595,0.005308319770109815,1.0424903001591457,2019-12-31,,
H,Hyatt,Consumer Discretionary,2020-03-31,33.784326287516905,47.900001525878906,94.9800033569336,-0.49568330350683043,86228361.55849639,0.049895478730691556,-0.15172220751660004,-0.20510498960926188,0.11419600338599922,-0.1960281058764981,-0.2254725504506621,0.7265135498572073,0.16420200693273324,-0.46621578310273315,0.9926930891327224,0.18892398969483204,-0.8963573183017965,1.333820315236116,0.6710886479488241,-0.5413562004898391,-0.24592911392468542,-0.24592911392468542,7.21,766000000.0,5020000000.0,0.12707678491243835,-0.0017929179740027168,1.0,0.0793413173652695,,1.5664621676891615,,1.5538793103448276,-0.07712341441683546,5088959940.197398,0.0,0.0,1.01373703987996,4.0786949930478,6.643550835766838,0.028056522629531067,1.0340165721761885,2019-12-31,TTM net income jumped 1.57x in one quarter,
HBAN,Huntington Bancshares,Financials,2020-03-31,32.32272398445188,8.210000038146973,30.888429641723636,-0.7342046800897568,154150208.52116328,0.11766215050413842,-0.08395553574315318,-0.13733831783581502,0.15099958597237984,-0.1592245232901175,-0.1886689678642815,1.015849964298972,0.45353842137449796,-0.17687936866096843,0.952442634523365,0.14867353508547465,-0.9366077729111539,0.5704154030417605,-0.09231626424553152,-1.3047611126841947,-0.16930573770819002,-0.16930573770819002,1.27,1411000000.0,939000000.0,0.06583427922814988,,1.0,0.05833333333333335,,1.0229720028715004,,1.0333333333333334,-0.0429085811509744,9121503979.390062,0.19291338582677164,0.12860892388451442,9.71406174588931,6.728158252354125,6.464566959170845,0.016233766233766156,1.0202474690663668,2019-12-31,,
HIG,Hartford (The),Financials,2020-03-31,30.654151778566543,35.2400016784668,106.2300033569336,-0.6682669625825001,147419131.64136976,0.10306579724521292,-0.09855188900207867,-0.15193467109474051,0.06303118727214807,-0.24719292199034926,-0.27663736656451327,0.9531340613383625,0.3908225184138885,-0.2395952716215779,1.145909494110918,0.3421403946730277,-0.7431409133236009,1.1296822863006963,0.4669506190134043,-0.7454942294252589,-0.1410328963882752,-0.1410328963882752,5.66,2085000000.0,20740000000.0,0.094170403587444,0.11670790620949689,1.0,0.14343434343434347,,1.2031159838430467,,1.204255319148936,0.009105735254145042,12981520052.93344,0.2585806098728292,0.20633769053250342,0.6259170710189701,5.372330291416954,6.226148706442896,0.03637817309614233,1.0363781730961423,2019-12-31,,
HOG,Harley-Davidson,Consumer Discretionary,2020-03-31,28.495990864821053,18.93000030517578,75.87000274658203,-0.7504942715185471,67557997.269143,0.25678345875063946,0.055165772503347865,0.001782990410686025,0.2984209313915853,-0.011803177870912007,-0.041247622445076015,1.131739881744505,0.569428338820031,-0.06098945121543542,1.1264284525488355,0.3226593531109452,-0.7626219548856834,1.0809679608837723,0.4182362935964803,-0.7942085548421829,-0.22609632557814618,-0.22609632557814618,2.68,423635000.0,5361789000.0,-0.06211190554280088,0.012333670490138227,1.0,-0.15987460815047017,0.7624710227354538,1.031660797693323,1.0158184570605313,1.0307692307692309,-0.05117855040454311,2992317417.6429634,0.4473756128928543,0.19921084234002404,0.558081904685724,12.193141385967003,7.063432949692455,-0.013539255765006364,1.0291855138181094,2019-12-31,,
HOMB,Home BancShares,Financials,2020-03-31,31.353258771923393,11.989999771118164,29.690000534057617,-0.5961603383144319,14765213.547711145,0.29475805557823875,0.09314036933094716,0.03975758723828532,0.2856109953181827,-0.024613113944314646,-0.054057558518478654,1.3277790150844693,0.7654674721599952,0.13504968212452884,0.991837550128913,0.18806845069102263,-0.897212857305606,0.9686983903572857,0.3059667230699936,-0.9064781253686696,-0.10008363031435719,-0.10008363031435719,1.73,289539000.0,,,,1.0,0.0,,1.0077686934185384,,1.1560693641618498,-0.03616475201645797,2006689331.6357121,,0.0,,,6.930635705848649,,,2019-12-31,,
HRB,H&R Block,Consumer Discretionary,2020-03-31,28.95583936287032,14.079999923706056,37.52999877929688,-0.6248334563902738,78667243.48530693,0.03226581228847358,-0.169351873958818,-0.22273465605147985,0.1978800839530117,-0.11234402530948562,-0.14178846988364963,0.646589508792186,0.08427796586771197,-0.5461398241677544,1.0542956600476332,0.2505265606097429,-0.8347547473868857,1.862821675248611,1.200090007961319,-0.012354840477344142,-0.15767031230370532,-0.15767031230370532,1.9,409980000.0,3162811000.0,0.002384569137450887,0.03821409058762715,1.0,-0.2962962962962964,,1.0057347890814161,,1.0,0.025103385839955417,3038167562.4847417,0.17768595041322313,0.11845730027548208,0.9605909308158919,7.208203624169771,7.4105262756347665,0.0163307080035604,1.0209803111279268,2020-01-31,,
HST,Host Hotels & Resorts,Real Estate,2020-03-31,30.46554476358672,11.039999961853027,38.16079330444336,-0.7106978391728677,167563486.1819116,-0.022644946907535712,-0.2242626331548273,-0.27764541524748915,-0.022644946907535712,-0.33286905617003304,-0.36231350074419705,0.5262683248540905,-0.036043218070383576,-0.66646100810585,0.7626315384844007,-0.04113756095348964,-1.1264188689501182,0.5555045218059063,-0.10722714548138579,-1.319671993920049,-0.20018123532481336,-0.20018123532481336,1.26,920000000.0,5469000000.0,-0.009956553222302711,0.02543159457954336,1.0,-0.1428571428571428,1.1514392991239049,1.0754901960784313,1.3868243243243243,1.0797101449275361,-0.012572830420116587,8060952353.099035,0.13342008241162437,0.10351378026812547,1.4739353360941736,4.7003066800671425,8.761904731629386,-0.004912663755458513,1.0142989786443826,2019-12-31,net income 1.15x operating income,
HWC,Hancock Whitney,Financials,2020-03-31,30.992930232539635,19.520000457763672,68.41999816894531,-0.7147032888021404,23442863.25952742,0.09857006981599659,-0.10304761643129501,-0.15643039852395685,-0.011912206003322767,-0.3221363152658201,-0.3515807598399841,1.24258096497221,0.6802694220477359,0.0498516320122695,1.8452651305501364,1.041496031112246,-0.043785276884382496,1.03048715728027,0.367755489992978,-0.8446893584456852,-0.23770501015028855,-0.23770501015028855,3.72,327380000.0,,,,1.0,0.0,,1.0517462075476838,,1.0500000000000003,0.011149890354263947,1717864986.5222235,0.0,0.0,,6.4721127389877555,5.247311951011739,,,2019-12-31,,
HXL,Hexcel,Industrials,2020-03-31,29.982571416334025,37.18999862670898,87.0,-0.5725287514171382,76896956.39149499,0.2159182883334858,0.014300602086194214,-0.039082180006467626,-0.09787552316542758,-0.4080996324279249,-0.4375440770020889,0.505781421334808,-0.05653012158966608,-0.6869479116251325,0.6020287964267919,-0.20174030301109847,-1.287021611007727,0.8513379018342093,0.18860623454691727,-1.023838613891746,-0.3401450670009629,-0.3401450670009629,,306600000.0,2355700000.0,0.07610433511488734,0.10935995540465204,1.0,,0.7210724365004704,1.0421309192200556,1.0549568965517242,,-0.014150943396226467,3109083885.1928706,0.09273182957393483,0.09398496240601503,1.3198131702648346,7.240754780724767,,0.0014028226492093232,1.0318852496459732,2019-12-31,,
IP,International Paper,Materials,2020-03-31,32.44154054401858,29.479167938232425,63.39015197753906,-0.5349566609545637,128633109.913658,0.14912379068666004,-0.052493895560631554,-0.1058766776532934,0.34182106494592945,0.031596955683432126,0.002152511109268118,0.8284261778443727,0.2661146349198986,-0.36430315511556777,0.7083497572982462,-0.09541934213964409,-1.1807006501362727,0.3961727456801829,-0.26655892160710914,-1.4790037700457723,-0.06328312165578076,-0.06328312165578076,2.9071969696969693,1225000000.0,22376000000.0,-0.039903887410967176,0.0718852044336109,1.0,-0.36701030927835043,,0.9338019917984769,,0.9423076923076924,-0.038140861670368675,12421580340.357481,0.24073409851745578,0.23818363460060957,0.5551296183570558,6.175379014346861,10.140065583965292,-0.019843181917736263,1.022489996780573,2019-12-31,,
IRM,Iron Mountain,Real Estate,2020-03-31,31.574212624241042,23.799999237060547,41.52999877929688,-0.42692030010544846,108824968.49922907,0.12178848449250523,-0.07982920175478636,-0.1332119838474482,0.17585325875022018,-0.13437085051227715,-0.16381529508644116,0.6864160894134372,0.12410454648896319,-0.5063132435465032,1.658437066318454,0.8546679668805637,-0.2306133411160649,1.6613733583813501,0.9986416910940581,-0.2138031573446051,-0.11764675117946011,-0.11764675117946011,0.93,267377000.0,4262584000.0,0.008713933419329578,0.09886238167578454,1.0,-0.26771653543307083,0.3422040141398473,1.1177192770032636,1.0371821738195504,1.120967741935484,0.0048898480609538275,6842550963.448964,0.24060150375939848,0.19059649122807018,1.6052589141818587,10.637832641872825,25.59139702909736,0.004264594769257002,1.0281115477721845,2019-12-31,,
JCI,Johnson Controls,Industrials,2020-03-31,31.241165066146507,26.959999084472656,131.6091766357422,-0.7951510694494315,251349571.9637886,0.27587766065840347,0.07425997441111187,0.020877192318450033,0.5364028105767273,0.22617870131423,0.196734256740066,1.266820466416478,0.7045089234920039,0.0740911334565375,1.5348629714531232,0.7310938720152329,-0.3541874359813957,1.3887831555644272,0.7260514882771352,-0.486393360161528,-0.08123142291659802,-0.08123142291659802,6.32,5478000000.0,24080000000.0,,,1.0,1.5795918367346942,,2.4674280879864634,,2.5254901960784313,-0.07145090854748659,23368176421.636265,0.4211248855978035,0.28074992373186897,0.970439220167619,12.970467618057524,4.265822639948205,0.004672897196261738,1.0071283954783194,2019-12-31,TTM net income jumped 2.47x in one quarter,
KEX,Kirby Corporation,Industrials,2020-03-31,32.35503654198216,43.470001220703125,124.12000274658205,-0.6497744097745746,40349421.84070405,0.23211409867139365,0.03049641242410206,-0.02288636966855978,-0.16793197255032732,-0.47815608181282465,-0.5076005263869887,0.38670340663776637,-0.17560813628670768,-0.8060259263221741,0.6606855397792091,-0.14308355965868125,-1.2283648676553098,0.6034045316531231,-0.059327135634168915,-1.271771984072832,-0.19254664162732327,-0.19254664162732327,2.37,142347000.0,2838399000.0,-0.04453432982226058,0.3415249514770924,1.0,0.8091603053435115,0.5881451243043132,1.2363701110889145,1.1714252525301414,1.2408376963350787,0.002922209307053558,2610896313.824231,0.3684210526315789,0.2832080200501253,0.9198482362149335,8.568901101948041,18.341772666963344,-0.022578095810383392,1.1336401827462332,2019-12-31,,
KEY,KeyCorp,Financials,2020-03-31,33.398189879613696,10.369999885559082,44.875,-0.768913651575285,197144818.55642077,0.19316949003895445,-0.008448196208337144,-0.061830978300998984,0.18585892486289635,-0.12436518439960098,-0.153809628973765,1.0274206775428039,0.4651091346183298,-0.16530865541713657,1.3475370489335772,0.5437679494956869,-0.5415133585009417,0.37037570654933094,-0.2923559607379611,-1.5048008091766243,-0.13596933404878053,-0.13596933404878053,1.62,1717000000.0,6400000000.0,-0.008520526723470145,0.02330374128091317,1.0,-0.05263157894736836,,0.9941050375133976,,1.0000000000000002,-0.028730498987733832,10990919631.793175,0.045454545454545456,0.057625434674615006,1.7173311924676835,5.758978944597843,6.4012344972586925,-0.002338269680436489,1.0075447972335743,2019-12-31,,
KIM,Kimco Realty,Real Estate,2020-03-31,28.091575894860128,9.670000076293944,53.59999847412109,-0.8195895456795065,85022153.66444814,0.36741178885364056,0.16579410260634897,0.11241132051368713,0.20900950908680338,-0.10121460017569395,-0.13065904474985796,1.0525895574131385,0.4902780144886645,-0.1401397755468019,1.788623846761681,0.9848547473237907,-0.10042656067283784,1.2975367628650547,0.6348050955777627,-0.5776397528609005,-0.20660293708627386,-0.20660293708627386,,410605000.0,1158884000.0,-0.005046524526040486,-0.030039122809647267,1.0,,0.8597491137740348,1.054599110818884,,,-0.11519551216866386,4175650609.1148653,0.08908045977011493,0.1336206896551724,3.603165294468528,11.75897209022625,,0.010400582411690174,1.0104005824116902,2019-12-31,,
KMI,Kinder Morgan,Energy,2020-03-31,32.12287219735383,13.920000076293944,44.709999084472656,-0.6886602468947887,339287026.1187054,0.10894881062704642,-0.09266887562024517,-0.146051657712907,-0.08179568713359009,-0.3920197963960874,-0.4214642409702514,0.2906604185973314,-0.27165112432714267,-0.902068914362609,0.5596902609551451,-0.24407883848274525,-1.3293601464793738,0.53506430832024,-0.12766735896705206,-1.3401122074057152,-0.14360508731264277,-0.14360508731264277,0.96,2190000000.0,13209000000.0,-0.06610576923076927,0.03203210507114185,1.0,0.45454545454545436,0.44941514467473836,1.4015843997562463,1.21825,1.4558823529411762,-0.06424798011187072,31755000174.04556,0.045662100456621,0.045662100456621,2.404042711336631,8.928747964586156,14.500000079472859,-0.03145622525296965,1.0171524093320736,2019-12-31,,
KRG,Kite Realty Group Trust,Real Estate,2020-03-31,31.38988723418626,9.470000267028809,87.19999694824219,-0.8913990757058197,11957850.004610939,0.21858499624484562,0.016967309997554025,-0.036415472095107815,0.228343724535226,-0.08188038472727133,-0.11132482930143534,1.080443033838248,0.518131490913774,-0.11228629912169241,1.5413878821357394,0.7376187826978491,-0.3476625252987795,1.440910469762534,0.7781788024752418,-0.43426604596342133,-0.27455138585822236,-0.27455138585822236,-0.01,-534000.0,315173000.0,-0.11014331533891986,-0.012917376170158201,1.0,,-0.007441782683222543,,,,-0.3578285051646015,505698014.2593384,0.09301868239921336,0.08643067846607669,1.6045093147551928,7.951445950598898,,-0.03581141645685404,0.9990273647716537,2019-12-31,,
L,Loews Corporation,Financials,2020-03-31,31.43167099146912,34.83000183105469,56.880001068115234,-0.3876582071553606,60314910.13532063,-0.013556335852130674,-0.21517402209942227,-0.2685568041920841,0.0013910503104019867,-0.30883305895209534,-0.33827750352625935,0.4817643192224501,-0.08054722370202394,-0.7109650137374903,0.8811721677575213,0.07740306831963095,-1.0078782396769976,0.6909053625101829,0.028173695222890816,-1.1842711532157724,-0.21533168155907878,-0.21533168155907878,3.07,932000000.0,14931000000.0,0.061495805488411825,0.024099017109574072,1.0,0.5427135678391959,,1.6945454545454546,,1.6684782608695652,-0.05010960195030012,10573798601.479794,0.0,0.0058997050147492625,0.7081775233728346,6.5731589729600435,11.345277469398921,0.041068191326174786,1.0410681913261748,2019-12-31,TTM net income jumped 1.69x in one quarter,
LAMR,Lamar Advertising Company,Real Estate,2020-03-31,33.63446307065094,51.27999877929688,96.81999969482422,-0.47035737511948994,50070318.93383208,0.3108214366388302,0.10920375039153862,0.05582096829887678,0.3084824751648869,-0.0017416340976104117,-0.03118607867177442,0.8828052678261682,0.32049372490169414,-0.30992406513377224,1.4222419637769548,0.6184728643390645,-0.46680844365756413,1.2002409463856347,0.5375092790983427,-0.6749355693403205,-0.29641168781851934,-0.29641168781851934,3.71,372111000.0,1753644000.0,0.07769191911122153,0.055773847371630936,1.0,0.20454545454545459,0.7187203640430254,1.118601588300047,1.0540716004134134,1.1168831168831168,0.012090277633542756,5143356233.359283,0.07518796992481203,0.06073053002877563,2.9329534576911183,10.546513643243324,13.822102096845521,0.020223016924363124,1.023391353272664,2019-12-31,,
LEA,Lear,Consumer Discretionary,2020-03-31,33.97308751951036,81.25,206.3600006103516,-0.6062705962410999,83862672.70245022,0.3417841833569635,0.14016649710967188,0.08678371501701004,0.3421534835625024,0.03192937430000509,0.0024849297258410785,1.237589410297879,0.675277867373405,0.04486007733793862,0.785116185097843,-0.018652914340047344,-1.103934222336676,0.7853916353235912,0.1226599680362992,-1.089784880402364,-0.14867729898049975,-0.14867729898049975,12.75,753600000.0,19810300000.0,-0.06327635529706599,0.03329750329799186,1.0,-0.259581881533101,0.7041674453373201,0.9582382473756276,0.9532975231274247,0.9827213822894169,-0.1147997094123786,4802352941.176471,0.039755351681957186,0.07951070336391437,0.24241697203860976,3.5474672116805714,6.372549019607843,-0.006260314721270532,1.0359212390677677,2019-12-31,,
LYB,LyondellBasell,Materials,2020-03-31,30.670940820466853,49.630001068115234,121.9499969482422,-0.5930299113563806,220458482.1589697,0.3432717911579064,0.1416541049106148,0.08827132281795297,0.4630571134829642,0.15283300422046686,0.12338855964630285,1.2071268144501666,0.6448152715256925,0.014397481490226127,1.2806653866887734,0.47689628725088307,-0.6083850207457455,1.292661628257627,0.629929960970335,-0.5825148874683281,-0.1067899316825135,-0.1067899316825135,9.58,3397000000.0,34727000000.0,-0.10965541995692751,0.13107528128987367,1.0,-0.20233139050791005,0.8253158406219631,0.9769916594765603,1.0009727626459144,1.0031413612565445,-0.09196998900516806,17598446098.9966,0.044673539518900345,0.020618556701030927,0.506765516716002,5.1881809320185335,5.1805846626425085,-0.01967592592592593,1.0503336031936574,2019-12-31,,
MAR,Marriott International,Consumer Discretionary,2020-03-31,33.467560177263266,74.80999755859375,153.38999938964844,-0.5122889506729973,479191066.0012139,0.14597032304582314,-0.05564736320146846,-0.1090301452941303,0.23753552074343331,-0.07268858851906401,-0.10213303309322802,0.9798163777155091,0.41750483479103506,-0.21291295524443132,1.3492855108769297,0.5455164114390394,-0.5397648965575892,1.2384068580232972,0.5756751907360051,-0.636769657702658,-0.2380695305627275,-0.2380695305627275,3.8,1273000000.0,20972000000.0,0.010309278350515427,-0.09329955446841964,1.0,-0.2936802973977696,0.7072222222222222,0.9764027267960147,1.0056788848735156,0.986988847583643,-0.054902988987939216,25061349182.128906,0.43385483184333756,0.33755853554704124,1.194990901303114,16.671178556444037,19.68684146278783,0.003925323121110491,1.011279469429249,2019-12-31,,
MET,MetLife,Financials,2020-03-31,32.153813583055,30.56999969482422,63.48484802246094,-0.5184677817294521,325456504.4098385,0.2115385610623115,0.009920874815019909,-0.04346190727764193,0.24827233875052235,-0.06195177051197498,-0.09139621508613899,1.086050958813662,0.5237394158891879,-0.10667837414627845,1.4842150925607163,0.6804459931228259,-0.40483531487380264,1.1089666134440845,0.4462349461567925,-0.7662099022818707,-0.12266924787956446,-0.12266924787956446,6.06,5899000000.0,69620000000.0,0.024712618301172995,0.0904057263914746,1.0,0.23421588594704668,,1.208490411407966,,1.2293729372937292,-0.06704024882285209,29757826435.605293,0.017241379310344827,0.014272030651340995,0.4274321521919749,1.1995508904870293,5.044554405086505,0.021734982902596123,1.0941608070926323,2019-12-31,,
MGM,MGM Resorts,Consumer Discretionary,2020-03-31,29.24937256362101,11.800000190734863,100.5,-0.8825870627787575,314419241.8528239,0.4239085878709721,0.22229090162368048,0.16890811953101864,0.8436917248203291,0.5334676155578317,0.5040231709836678,2.2208935259908267,1.6585819830663526,1.0281641930308862,2.5568106425712394,1.753041543133349,0.6677602351367204,2.7680987726550925,2.1053671053678005,0.8929222569291373,-0.15254242470156731,-0.15254242470156731,3.88,2049146000.0,12899672000.0,0.09662218177935467,0.08942985672859383,1.0,3.7901234567901234,0.5200594383809005,143.88049431259654,2.994364214892425,387.99999999999534,-0.08352336039732766,6231938966.712264,0.04918818786095674,0.11133508051632397,0.4831083276157924,2.8735233109404295,3.041237162560532,0.010360294243196622,1.040260300840859,2019-12-31,,
MIDD,Middleby,Industrials,2020-03-31,29.2227473724913,45.76025772094727,121.37570190429688,-0.6229866686412358,62629000.765212834,0.3878340686059767,0.1862163823586851,0.13283360026602326,0.5771800359409813,0.266955926678484,0.23751148210432,1.9140294955466408,1.3517179526221668,0.7213001625867004,1.8822082971365668,1.0784391976986765,-0.00684211029795212,1.5775315763205664,0.9147999090332743,-0.29764493940538883,-0.1805555405039625,-0.1805555405039625,5.092518101367658,352240000.0,2959446000.0,0.08686044560071471,0.16586685231950438,1.0,0.11052631578947358,0.6852345037282873,1.0418774143550973,1.0615105372417315,1.0428336079077432,9.755066537708856e-05,3165151867.6580887,0.06060606060606061,0.030303030303030304,1.0695082348716918,8.006516690918422,8.985782045361368,0.01056994521412391,1.0485261191771924,2019-12-28,,
MMM,3M,Industrials,2020-03-31,33.68946723796991,114.1387939453125,217.1989898681641,-0.4744966631079053,715067397.6420165,0.1540340057430225,-0.04758368050426909,-0.10096646259693093,0.1958185314845835,-0.11440557777791382,-0.14385002235207783,0.46284594940657997,-0.09946559351789408,-0.7298833835533605,0.16783922553309272,-0.6359298739047976,-1.7212111819014262,-0.13749818624643662,-0.8002298535337287,-2.012674701972392,-0.04029007922873684,-0.04029007922873684,6.530100334448161,4570000000.0,32136000000.0,-0.019197314207233362,0.03500015794295108,1.0,-0.12148481439820036,0.7402008422416586,1.0540287904281174,1.0178992646038574,1.0596175478065242,-0.02748943225114886,79878449275.6432,0.5517241379310346,0.45287356321839084,2.4856375801482202,12.89963296969785,17.478872926836587,0.005192367844854662,1.018732033989323,2019-12-31,,
MOG-A,Moog Inc.,Industrials,2020-03-31,34.212349440399734,50.52999877929688,98.5199966430664,-0.48710921131712137,15224143.544169834,0.04848596392243132,-0.15313172232486028,-0.20651450441752212,0.262338497981357,-0.04788561128114033,-0.07733005585530434,0.6627307056051488,0.10041916268067475,-0.5299986273547916,0.7781960991747379,-0.025573000263152457,-1.110854308259781,1.0654411724142507,0.4027095051269587,-0.8097353433117045,-0.2521273129125262,-0.2521273129125262,5.330000000000001,187006000.0,2979830000.0,0.07901951362412274,0.0892249670563372,1.0,0.37017994858611836,0.5625289527671326,1.2038671137373722,1.1202622664027695,1.213367609254499,-0.020062156695820788,1772872974.0565085,0.12921396628826967,0.08883728930168559,0.5949577573406901,6.486063230254502,9.480299958592283,0.025878045060649058,1.025878045060649,2019-12-28,,
MOS,Mosaic Company (The),Materials,2020-03-31,31.622601704275283,10.81999969482422,163.25,-0.9337212882399741,100651160.48114565,0.16078416492810477,-0.04083352131918683,-0.09421630341184867,0.6997908246932778,0.3895667154307805,0.36012227085661647,1.952407494356183,1.390095951431709,0.7596781613962427,5.265492547077126,4.461723447639235,3.3764421396426068,3.396890513395621,2.734158846108329,1.5217139976696659,-0.11552664716141137,-0.11552664716141137,-2.78,-1067400000.0,8906300000.0,-0.07103146871381938,0.29393743083110646,1.0,-3.278688524590164,,1.1882978723404256,1.1307766885705053,1.1885245901639345,-0.003346089086177839,4154412832.465962,0.0,0.0,0.4664577694964196,,,-0.04750548099032137,1.114820946028191,2019-12-31,,
MPC,Marathon Petroleum,Energy,2020-03-31,30.48754021364742,23.6200008392334,88.44999694824219,-0.7329564538814514,384764632.45667046,0.6092630118523106,0.407645325605019,0.35426254351235714,0.28237376977436934,-0.027850339488127984,-0.05729478406229199,1.399256918317279,0.8369453753928049,0.2065275853573385,2.9741152014537886,2.1703461020158983,1.0850647940192697,5.420487071301184,4.757755404013892,3.545310555575229,-0.22650305100543022,-0.22650305100543022,3.97,2637000000.0,123949000000.0,0.2945065274151435,0.2921029903918817,1.0,-0.24810606060606055,0.4729196556671449,1.128453534266236,1.1012885336812919,1.0086956521739132,0.26156243770726495,15689154209.838406,0.22006472491909382,0.1095744031263357,0.1265774972758022,4.666828110466509,5.9496223776406545,-0.003913658426821787,1.1333641087556077,2019-12-31,,shares +26% y/y
MSM,MSC Industrial Direct,Industrials,2020-03-31,34.22641538765765,54.970001220703125,105.6999969482422,-0.47994320900860465,47611828.428734675,0.3412475619966002,0.13962987574930863,0.08624709365664679,0.17937749453261076,-0.13084661472988657,-0.16029105930405058,0.7850614458026917,0.2227499028782176,-0.4076678871572488,0.7454836233426796,-0.05828547609521073,-1.1435667840918393,0.7883102926067909,0.12557862531949882,-1.0868662231191644,-0.04547935136360781,-0.04547935136360781,5.05,280051000.0,3355821000.0,0.027214368054990112,0.09995845165408879,1.0,-0.16940789473684215,0.7230966655822192,1.0018049684130528,0.9949985268988274,1.0095419847328246,-0.019483197512760175,3048396794.427551,0.0,0.0,0.90839076173239,7.5439435814201845,10.885148756574877,-0.0023770615345602986,1.0278139363562893,2019-11-30,,
MTB,M&T Bank,Financials,2020-03-31,32.501378373796044,103.43000030517578,197.3699951171875,-0.47595884448512704,133051123.37063986,0.01546202864578694,-0.18615565760150465,-0.2395384396941665,-0.09117262033080908,-0.4013967295933064,-0.4308411741674704,0.5206279439473516,-0.04168359897712248,-0.6721013890125889,0.7510637926603123,-0.05270530677757801,-1.1379866147742066,0.27149361033688346,-0.3912380569504086,-1.6036829053890718,-0.1773183862537947,-0.1773183862537947,13.75,1929149000.0,6191943000.0,0.04447158731117273,0.0525754915452914,1.0,0.07927786499215062,,1.067844928261595,,1.0879120879120878,-0.06810756741590074,14511409575.180332,0.0,0.006896551724137931,2.3435954715959646,,7.522181840376421,,,2019-12-31,,
MTDR,Matador Resources,Energy,2020-03-31,29.037925384844257,2.4800000190734863,35.220001220703125,-0.9295854647041952,40564705.93624872,2.4274194732653047,2.225801787018013,2.1724190049253513,2.330645367690959,2.0204212584284615,1.9909768138542978,8.465715588774192,7.903404045849717,7.272986255814251,20.467308270828116,19.663539171390227,18.5782578633936,18.440894755016046,17.778163087728753,16.565718239290092,-0.18951621861039158,-0.18951621861039158,0.75,87777000.0,1026204000.0,0.23685082759726206,0.5243938736964335,1.0,-0.6887966804979253,0.3727577713606251,1.150069989444215,1.060780362703792,1.1600000000000001,0.028627132057168492,290249282.23228455,0.0,0.0,0.28283780050777874,0.4269910280063557,3.306666692097982,0.11016584268204288,1.136114357637328,2019-12-31,,
MTG,MGIC Investment Corporation,Financials,2020-03-31,29.7854703066551,6.349999904632568,78.94999694824219,-0.9195693457873662,47650975.48132321,0.30023494130406436,0.09861725505677277,0.04523447296411093,0.41648606939872,0.10626196013622269,0.07681751556205868,1.2375053505168445,0.6751938075923705,0.04477601755690408,1.2334574273927204,0.42968832795483003,-0.6555929800417986,1.2740089617327532,0.6112772944454612,-0.601167553993202,-0.218897833373066,-0.218897833373066,1.85,673763000.0,1213977000.0,0.08019678817776077,0.05421301359968633,1.0,0.0393258426966292,,1.029590509765449,,1.0393258426966292,-0.032573993220586184,2312645938.240515,0.2153846153846154,0.19053810039725536,1.9050162715113343,3.1424536723489416,3.432432380882469,0.021880784489340277,1.024083548483033,2019-12-31,,
MTN,Vail Resorts,Consumer Discretionary,2020-03-31,34.00187090801144,147.7100067138672,302.760009765625,-0.5121218062180218,106194790.85511707,0.23315960115545376,0.03154191490816216,-0.02184086718449968,0.44858174964019115,0.13835764037769382,0.10891319580352982,0.9745451010536099,0.41223355812913587,-0.21818423190633052,0.7843253988416707,-0.019443700596219582,-1.1047250085928482,0.6588464497836164,-0.003885217503675653,-1.2163300659423388,-0.12314673666231579,-0.12314673666231579,7.369999999999999,302504000.0,2394401000.0,0.12640059086140631,0.08499984687471285,1.0,0.12519083969465616,0.6338892625817497,1.1323346093986266,1.1272466773055014,1.141984732824427,-0.008479422397528302,6062804324.419496,0.2671957671957672,0.23015873015873015,2.532075589852951,10.998302159551963,20.042063326169227,0.032362640939818776,1.0571953049350302,2020-01-31,,
MUR,Murphy Oil,Energy,2020-03-31,29.906199069712343,6.130000114440918,87.62521362304688,-0.9300429652495749,54569425.017523386,1.2763817786592226,1.074764092411931,1.0213813103192693,0.4837486342430475,0.17352452498055015,0.14408008040638615,1.7960958157347253,1.2337842728102513,0.6033664827747849,6.02954078105067,5.22577168161278,4.140490373616151,5.59694439763145,4.934212730344158,3.721767881905495,-0.11908655804961543,-0.11908655804961543,6.98,1149732000.0,2829053000.0,0.10054061245552104,0.2254417348565927,0.0,1.9576271186440684,2.5819673787820605,4.017378462956674,,4.115183246073299,-0.054389989347454204,1009721675.0109434,0.01639344262295082,0.01639344262295082,0.35691154425560195,2.2009074403681694,0.8782235120975527,,,2019-12-31,net income 2.58x operating income,
NCLH,Norwegian Cruise Line Holdings,Consumer Discretionary,2020-03-31,26.044519641015356,10.960000038146973,64.2699966430664,-0.829469416359004,215074797.19769537,0.4990876138677123,0.2974699276204207,0.24408714552775884,0.5611314371167084,0.2509073278542111,0.2214628832800471,1.517335771583864,0.95502422865939,0.3246064386239236,0.9963502814426899,0.19258118200479957,-0.892700125991829,0.2271897593477703,-0.43554190793952174,-1.647986756378185,-0.26277373215482625,-0.26277373215482625,4.3,930228000.0,6462376000.0,0.06725706451030078,0.12211446070596299,1.0,0.0117647058823529,0.7896156193525551,1.0157114834585372,1.013656899423616,1.0253456221198158,-0.037107257058137,2370999747.787298,0.0,0.0,0.36689288085176386,4.889540032718546,2.548837218173715,0.015625611449781696,1.036141817512666,2019-12-31,,
NNN,NNN Reit,Real Estate,2020-03-31,31.008648787068537,32.189998626708984,59.2599983215332,-0.45680054778178825,56295807.99446712,0.12028625924709169,-0.08133142700019991,-0.13471420909286175,0.10534990973777303,-0.2048741995247243,-0.2343186440988883,0.4535666848736364,-0.10874485805083767,-0.739162648086304,0.5519172409252369,-0.25185185851265346,-1.337133166509282,0.600188049106414,-0.06254361818087806,-1.2749884666195412,-0.19229558663958346,-0.19229558663958346,1.56,299180000.0,670487000.0,0.07680905018942896,0.06449969483684459,1.0,-0.05454545454545445,0.717836748404434,1.1421045599435018,,1.1223021582733812,0.08204353135913367,6173463967.396663,0.10461637965882448,0.10541616638236488,9.207432757677125,10.191268515030377,20.63461450430063,0.021945193411259778,1.0219451934112598,2019-12-31,,
NUE,Nucor,Materials,2020-03-31,32.88331846837377,36.02000045776367,83.55999755859375,-0.5689324855172978,120676465.91191368,0.16116498241405908,-0.04045270383323252,-0.09383548592589436,0.2689574646445305,-0.04126664461796681,-0.07071108919213082,1.3002278373567413,0.7379162944322673,0.10749850439680086,3.328003016861289,2.5242339174233988,1.4389526094267702,3.572481357767324,2.909749690480032,1.6973048420413688,-0.054692057906737146,-0.054692057906737146,4.14,1271143000.0,22588858000.0,-0.09887076295755914,0.23774405325829884,1.0,-0.4420485175202157,,1.0625334901750152,,1.0714285714285716,-0.03496103592746824,11059558319.295433,0.06481481481481481,0.10085398681889908,0.4896023658785864,5.228202771682033,8.700483202358376,-0.04901015434010936,1.0705235299442777,2019-12-31,,
NWS,News Corp (Class B),Communication Services,2020-03-31,32.86706484076983,8.989999771118164,18.26000022888184,-0.5076670504692172,12505992.941361383,0.32925498316439716,0.12763729691710557,0.07425451482444373,0.5653599259312079,0.25513581666871055,0.22569137209454654,1.6375175949876675,1.0752060520631934,0.44478826202772703,1.5556048773558473,0.751835777917957,-0.3334455300786716,1.0017661521565686,0.33903448486927656,-0.8734103635693866,-0.12347015261517502,-0.12347015261517502,-0.31,-183000000.0,9742000000.0,-0.019623628861829556,0.1978061716489874,0.0,,,-1.1161290322580646,,-1.153846153846154,0.014829302106800668,5306999864.885883,0.2187168610816543,0.2187168610816543,0.5447546566296328,8.996563341728322,,-0.014964610717896898,1.0728807513969802,2019-12-31,,
NWSA,News Corp (Class A),Communication Services,2020-03-31,33.0318065652488,8.979999542236328,18.530000686645508,-0.5153805067741755,39438774.879656896,0.32071274605313094,0.11909505980583934,0.0657122777131775,0.5715118742011958,0.26128776493869843,0.23184332036453442,1.8614260710581179,1.2991145281336438,0.6686967380981774,1.5157149948418094,0.7119458954039191,-0.3733354125927095,0.9853917155593761,0.32266004827208405,-0.8897848001665791,-0.12026721572025634,-0.12026721572025634,-0.31,-183000000.0,9742000000.0,-0.019623628861829556,0.1978061716489874,0.0,,,-1.1161290322580646,,-1.153846153846154,0.014829302106800668,5301096503.965316,0.2295864262990456,0.2295864262990456,0.5441486865084496,8.98642010990604,,-0.014964610717896898,1.0728807513969802,2019-12-31,,
OGE,OGE Energy,Utilities,2020-03-31,34.35119721815647,30.729999542236328,46.43000030517578,-0.3381434559497364,65687922.886575975,0.0009973102443310289,-0.20062037600296057,-0.2540031580956224,0.0014173567766402329,-0.3088067524858571,-0.3382511970600211,0.10788801166819861,-0.45442353125627544,-1.0848413212917418,0.46415564268858933,-0.339613456749301,-1.4248947647459296,0.41137838215735756,-0.2513532851299345,-1.4637981335685977,-0.14188100301887607,-0.14188100301887607,2.16,433600000.0,2231600000.0,-0.01704620534731094,0.004068816062978264,1.0,0.018867924528301883,0.859805671227444,1.112503070498649,1.1056179775280899,1.1138613861386137,0.00016538277407840418,6168762871.071144,0.581453634085213,0.42857142857142855,2.7642780386588743,10.89719873277219,14.226851639924226,-0.01730591395481973,1.0255611254120942,2019-12-31,,
OKE,Oneok,Energy,2020-03-31,25.63996049260105,21.809999465942383,78.4800033569336,-0.7220948199154797,212625314.93146232,0.573540220530945,0.3719225342836534,0.31853975219099157,0.2715408518274347,-0.038683257435062623,-0.06812770200922663,1.616225390241719,1.053913847317245,0.4234960572817785,2.8966244638228176,2.0928553643849273,1.0075740563882987,2.719589820524736,2.056858153237444,0.844413304798781,-0.12012847261737647,-0.12012847261737647,3.07,1278577000.0,10164367000.0,-0.1928683552610473,0.03444161352637254,1.0,0.10431654676258995,0.6678898823780149,1.063123913022715,1.0267196741532387,1.0611510791366907,0.005293350870993585,9083310647.285412,0.3795217347248962,0.2973621103117506,0.8936425305467042,9.013286965882722,7.104234353727161,-0.044474334618007094,1.0382038267770957,2019-12-31,,
OMC,Omnicom Group,Communication Services,2020-03-31,31.607792272253505,54.900001525878906,89.66000366210938,-0.38768682485477257,175759822.59167868,0.005783818111011474,-0.19583386813628012,-0.24921665022894196,-0.07696730908063243,-0.38719141834312976,-0.41663586291729376,0.4097990209066251,-0.15251252201784893,-0.7829303120533153,0.674737902394549,-0.12903119704334132,-1.21431250503997,0.9317122586025588,0.26898059131526675,-0.9434642571233964,-0.17020286757448533,-0.17020286757448533,6.06,1339100000.0,14953700000.0,-0.02200756039816354,0.0010868426566101874,1.0,0.039451114922812947,0.6309664043726146,1.0119398473513186,1.0091293804384005,1.02020202020202,-0.028742406056045722,12131450832.228456,0.06896551724137931,0.0528735632183908,0.8112675011688383,5.503887684692181,9.05940619238926,0.003657914518900407,1.0045312683633894,2019-12-31,,
ORI,Old Republic International,Financials,2020-03-31,27.98607748597938,15.25,24.100000381469727,-0.36721992702848305,40859827.76628676,0.08293273849631011,-0.11868494775098148,-0.17206772984364332,-0.008488961004993967,-0.3187130702674913,-0.3481575148416553,0.5822619931149031,0.01995045019042907,-0.6104673398450373,1.0632254302149797,0.2594563307770894,-0.8258249772195392,1.1639121272277255,0.5011804599404335,-0.7112643884982297,-0.14229508446720174,-0.14229508446720174,3.51,1056400000.0,7213700000.0,0.19793085124049292,-0.03852724689051745,1.0,1.8306451612903225,,2.101754385964912,,2.0967741935483875,0.0072905252392434505,4589772079.77208,0.08646616541353383,0.05764411027568922,0.6362576874242178,3.239709910781442,4.344729344729345,0.09876167121075952,1.0987616712107595,2019-12-31,TTM net income jumped 2.10x in one quarter,
OZK,Bank OZK,Financials,2020-03-31,30.38539664502906,16.700000762939453,56.86000061035156,-0.7062961557566505,28315417.30499873,0.4265173127388817,0.22489962649159012,0.17151684439892828,0.3126154331456097,0.0023913238831123618,-0.027053120691051646,1.5656091609603342,1.0032976180358602,0.37287982800039376,1.7547213490884221,0.9509522496505318,-0.13432905834609676,1.2794846952550434,0.6167530279677513,-0.5956918204709118,-0.09161680824962681,-0.09161680824962681,,,,,,,,,,,,,,,,,,,,,,,
PAG,Penske Automotive Group,Consumer Discretionary,2020-03-31,31.634731435838788,28.0,56.04999923706055,-0.5004460235302509,15004493.543845888,0.3824997993717041,0.1808821131244125,0.12749933103175065,0.7021430889687263,0.391918979706229,0.362474535132065,1.90644361271708,1.344132069792606,0.7137142797571396,2.460101324983198,1.6563322255453077,0.5710509175486791,4.334264890426964,3.6715332231396722,2.4590883747010093,-0.1975001025360248,-0.1975001025360248,5.28,435800000.0,23179400000.0,0.017305168728686704,0.06537646877294034,1.0,-0.0452079566003617,0.6676880649609315,1.0080962294702753,1.0254516889238021,1.0173410404624277,-0.03092469278775023,2311060606.060606,0.00776735226495992,0.00776735226495992,0.09970321087088561,6.09111977707019,5.303030303030303,0.019901351250269483,1.0311312064862135,2019-12-31,,
PB,Prosperity Bancshares,Financials,2020-03-31,34.454147746909484,48.25,79.19999694824219,-0.3907828048082912,54437956.4926753,0.24000913162790316,0.038391445380611566,-0.014991336712050274,0.09201668309734501,-0.21820742616515232,-0.24765187073931633,0.5995913039706757,0.037279761046201676,-0.5931380289892647,0.524724263520729,-0.27904483591716134,-1.36432614391379,0.39590881969899594,-0.2668228475882961,-1.4792676960269593,-0.09471521257313431,-0.09471521257313431,4.52,332552000.0,,,,1.0,-0.01952277657266832,,1.024986638161411,,1.0238611713665942,0.05394954389354378,3549919026.5486727,0.24812030075187969,0.13157894736842105,,6.156352419412675,10.674778761061948,,,2019-12-31,,
PBF,PBF Energy,Energy,2020-03-31,30.884323861518766,7.079999923706055,53.90999984741211,-0.8686700066083208,57501329.934409305,0.44632740749054034,0.24470972124324875,0.1913269391505869,-0.19632778460608324,-0.5065518938685806,-0.5359963384427446,0.9985874760229938,0.43627593309851975,-0.19414185693694663,2.44209043894439,1.6383213395064997,0.5530400315098711,5.179049029244254,4.516317361956962,3.303872513518299,-0.4265536523185749,-0.4265536523185749,2.64,319400000.0,24508200000.0,-0.09850254357925559,0.24783582569102114,1.0,1.4,0.4921417565485362,2.549312239410825,8.13079428714608,2.4727272727272727,0.03716115289197175,856572718.0423158,0.17918179617526023,0.1242798353909465,0.03495045405383977,3.192744343804662,2.68181815291896,0.0003510261392023484,1.1062782735579775,2019-12-31,,
PEG,Public Service Enterprise Group,Utilities,2020-03-31,34.20986725770527,44.90999984741211,63.880001068115234,-0.29696306987339305,192557856.41641164,0.10475570056027972,-0.09686198568701188,-0.15024476777967372,0.24559469791268795,-0.06462941134980937,-0.09407385592397338,0.39021855575958386,-0.1720929871648902,-0.8025107772003566,0.6694841426702756,-0.13428495676761476,-1.2195662647642433,0.5419752285047446,-0.12075643878254749,-1.3332012872212107,-0.07303508838582184,-0.07303508838582184,3.33,1693000000.0,10076000000.0,0.03919141914191426,0.06737120211360637,1.0,0.1766784452296819,0.8713329902213073,1.1635738831615121,1.0030975735673722,1.1643356643356642,0.0005534045867843229,22832621544.044655,0.7482758620689656,0.5931034482758621,2.266040248515746,,13.486486440664297,0.0009934432743889943,1.0397855227882038,2019-12-31,,
PFG,Principal Financial Group,Financials,2020-03-31,31.324608915242564,31.34000015258789,75.58000183105469,-0.5853400450737916,77277496.35858081,0.3439087066359625,0.14229102038867092,0.08890823829600908,0.31948968697821933,0.009265577715722007,-0.020178866858442,1.0062497284413463,0.44393818551687225,-0.18647960451859413,1.550539393074168,0.7467702936362777,-0.3385110143603509,1.6701546177385218,1.0074229504512298,-0.20502189798743342,-0.17677083295861806,-0.17677083295861806,4.96,1394200000.0,16222100000.0,0.13941645829236093,0.01021769363948577,1.0,-0.0746268656716419,,1.048428335087983,,1.0486257928118392,-0.0257772493559858,8809320204.181057,0.02413793103448276,0.029885057471264367,0.5430443779893513,6.35776129416487,6.318548417860462,0.01734658681132606,1.0604262074003314,2019-12-31,,
PII,Polaris,Consumer Discretionary,2020-03-31,33.08874689047339,48.150001525878906,159.3300018310547,-0.6977970189385005,70477770.27960278,0.9350989574817619,0.7334812712344703,0.6800984891418085,0.9843283582089553,0.6741042489464579,0.644659804372294,1.841102001728447,1.278790458803973,0.6483726687685065,1.2882541517763295,0.4844850523384392,-0.6007962556581894,1.4593174580929467,0.7965857908056546,-0.41585905763300857,-0.22429910669249264,-0.22429910669249264,5.2,323960000.0,6782518000.0,0.1158136657815858,0.11975053039738404,1.0,-0.007633587786259555,0.6697941369236526,1.0235605981617868,1.026055810661795,1.0236220472440944,-0.02626343372397888,2999745095.062256,0.07769423558897243,0.042606516290726815,0.4422760241937074,6.316194867975694,9.259615678053635,0.016294533286423274,1.0440964976021854,2019-12-31,,
PRU,Prudential Financial,Financials,2020-03-31,31.026714846871585,52.13999938964844,127.13999938964844,-0.5899008994812565,233833519.31723338,0.19072108600365278,-0.01089660024363881,-0.06427938233630065,0.26255008757437315,-0.04767402168812418,-0.07711846626228819,0.86381391076778,0.301502367843306,-0.3289154221921604,1.5233967294167652,0.7196276299788749,-0.3656536780177537,0.8524911265297015,0.18975945924240945,-1.0226853891962537,-0.1361717795519387,-0.1361717795519387,10.11,4186000000.0,64807000000.0,0.02881318262636534,0.055336829231516615,1.0,0.0642105263157895,,1.1402690090584684,,1.143356643356643,-0.034503621673617646,21588332091.50033,0.010344827586206896,0.029623824451410655,0.3331172881247447,2.8715055801973692,5.157269969302517,0.012356285928517785,1.035626798191533,2019-12-31,,
PSX,Phillips 66,Energy,2020-03-31,32.13419686641639,53.650001525878906,123.97000122070312,-0.5672340001806881,311381291.8247465,0.35719188174657956,0.15557419549928797,0.10219141340662613,-0.007430104494676959,-0.3176542137571743,-0.3470986583313383,0.6035424027837506,0.04123085985927655,-0.5891869301761898,0.7781694222176558,-0.025599677220234485,-1.110880985216863,1.1717997037901222,0.5090680365028302,-0.703376811935833,-0.17151831634503834,-0.17151831634503834,6.77,3076000000.0,107293000000.0,-0.037394245520854796,0.08897551634523326,1.0,-0.4262711864406781,,1.0161137440758294,,1.0277529095792302,-0.04174834304209685,24376278389.01086,0.1597222222222222,0.16741338112305856,0.2271935577252091,5.776355761922514,7.924667876791567,0.00025171070050156175,1.0474795012372033,2019-12-31,,
PVH,PVH Corp.,Consumer Discretionary,2020-03-31,30.720502007121453,37.63999938964844,169.22000122070312,-0.7775676686081752,83743514.13001409,0.2765677067958119,0.07495002054852029,0.02156723845585845,0.5844845373795324,0.2742604281170351,0.2448159835428711,1.8081835985567527,1.2458720556322787,0.6154542655968123,1.0370107830315112,0.23324168359362085,-0.8520396244030077,1.376197463944897,0.713465796657605,-0.49897905178105817,-0.2290115165018085,-0.2290115165018085,8.55,643400000.0,9792200000.0,0.012459029953369116,0.08323237761923985,1.0,-0.11398963730569944,0.8163938586473798,1.072105716748061,1.0927696078431373,1.0782122905027933,-0.0270945763837962,2832464983.309919,0.0,0.0,0.28925726428278825,4.55008546275861,4.402339109900402,0.006496042758762366,1.0458961002393354,2019-11-03,,
RCL,Royal Caribbean Group,Consumer Discretionary,2020-03-31,28.02935103849009,32.16999816894531,135.64999389648438,-0.7628455612501206,527967260.79047674,0.5635686511675431,0.3619509649202515,0.30856818282758963,1.012123167981668,0.7018990587191707,0.6724546141450067,1.6611752037327228,1.0988636608082487,0.4684458707727823,1.6042901732190415,0.8005210737811512,-0.28476023421547736,1.0298416914392727,0.3671100241519807,-0.8453348242866825,-0.3083617781509733,-0.3083617781509733,8.95,1878887000.0,10950661000.0,0.15344798511120206,0.08156945127192383,1.0,0.04556074766355134,0.9021395774045339,1.0394075532631362,1.060200486108175,1.0420932878270763,-0.007745976221510187,6753496240.184934,0.07268170426065163,0.045112781954887216,0.6167204189943359,5.270806824338006,3.5944132032341134,0.017194849979318194,1.0473483372468417,2019-12-31,,
REG,Regency Centers,Real Estate,2020-03-31,23.714961305674677,38.43000030517578,93.48999786376952,-0.5889399809252891,71045245.62208994,0.21390192843959466,0.012284242192303063,-0.04109853990035878,0.019613412452013312,-0.290610696810484,-0.320055141384648,0.5560870465413306,-0.006224496383143485,-0.6366422864186099,1.0286179820460117,0.22484888260812141,-0.8604324253885072,0.8153731739486205,0.15264150666132847,-1.0598033417773347,-0.17252133642692036,-0.17252133642692036,,239430000.0,1133138000.0,0.010850375788933775,0.13882494214315177,1.0,,,1.1516736443661264,,,0.0012520973260037316,6445321396.442825,0.0,0.0,5.688028639444468,14.479505369708548,,0.003695416868178425,1.008531858426816,2019-12-31,,
RF,Regions Financial Corporation,Financials,2020-03-31,32.86960211374104,8.970000267028809,39.150001525878906,-0.7708812281629296,183844329.3347442,0.25549595624147226,0.05387826999418066,0.0004954879015188207,0.31912900080634765,0.008904891543850324,-0.020539553030313684,1.4043098870843567,0.8419983441598826,0.21158055412441623,1.6706720953464607,0.8669029959085703,-0.21837831208805825,1.307706198009153,0.6449745307218611,-0.5674703177168021,-0.1192865093041281,-0.1192865093041281,1.5,1582000000.0,79000000.0,0.11267605633802824,0.18333333333333335,1.0,-0.025974025974025983,,1.0086256469235193,,1.0320512820512822,-0.07664203145726745,9460360281.626383,0.0,0.03398058252427184,119.75139596995422,4.682820441945549,5.980000178019206,,,2019-12-31,,
RGA,Reinsurance Group of America,Financials,2020-03-31,24.651434626502663,84.13999938964844,169.25999450683594,-0.5028949419808102,79875610.09063116,-0.06008216405381661,-0.2616998503011082,-0.31508263239377005,0.14906453286494248,-0.16115957639755485,-0.19060402097171886,0.5403369183706361,-0.021974624553837918,-0.6523924145893043,0.37093954494220815,-0.43282955449568217,-1.5181108624923108,0.7025608399112868,0.03982917262399477,-1.1726156758146684,-0.19728348438722643,-0.19728348438722643,13.62,870000000.0,14300000000.0,0.11062233372974006,0.028755324582932174,1.0,0.23818181818181805,,1.1677711275971163,,1.171109200343938,-0.018438186350944186,5374581458.8101425,0.15,0.13856749311294767,0.37584485725945055,5.10087256928371,6.177679837712808,0.036718540775880104,1.03671854077588,2019-12-31,,
SBRA,Sabra Health Care REIT,Real Estate,2020-03-31,30.1644596220021,10.920000076293944,72.38999938964844,-0.849150432817168,48219311.70619177,0.3558409280110013,0.15422324176370972,0.10084045967104788,0.32177719864998733,0.011553089387490001,-0.017891355186674007,0.7243299749118286,0.16201843198735455,-0.46839935804811184,0.6006380119345298,-0.2031310875033605,-1.288412395499989,0.35241774074740273,-0.3103139265398893,-1.5227587749785525,-0.21428564869375266,-0.21428564869375266,0.37,68996000.0,661736000.0,0.06147970273127279,0.5368263539481373,1.0,-0.7549668874172185,,6.9968563026062265,,7.400000000000026,0.008944576397869719,2036314392.605343,0.1527777777777778,0.2564910271095838,3.0772307878146923,11.356743188397141,29.513513719713362,0.02565787638216821,1.2549901761876705,2019-12-31,TTM net income jumped 7.00x in one quarter,
SNA,Snap-on,Industrials,2020-03-31,34.00669515573138,108.81999969482422,189.4600067138672,-0.4256307619624964,79162888.73108153,0.2832667963869666,0.08164911013967502,0.02826632804701318,0.3728986899535729,0.06267458069107557,0.03323013611691156,1.1824288582379738,0.6201173153134998,-0.010300474721966602,0.9901356143086557,0.1863665148707654,-0.8989147931258632,1.4548709218716516,0.7921392545843595,-0.42030559385430366,-0.1361881598139244,-0.1361881598139244,12.41,693500000.0,3708300000.0,-0.0030379610710828953,-0.07016973726970477,1.0,0.04549283909014323,0.7206692299698638,1.0219149874981615,1.0155841439180002,1.0286436394271272,-0.024380748033880573,6081117630.004883,0.18686868686868688,0.1691919191919192,1.6398666855445576,6.8252786032592825,8.768734866625643,0.0007016218258357743,1.0136489763267755,2019-12-28,,
ST,Sensata Technologies,Industrials,2020-03-31,32.88227960852991,28.93000030517578,59.040000915527344,-0.5099932273617687,51943861.67502327,0.2868994761277128,0.08528178988042123,0.03189900778775939,0.49118549561353175,0.18096138635103443,0.15151694177687042,1.0031111248352462,0.4407995819107722,-0.1896182081246942,0.757690798121029,-0.0460783013168613,-1.13135960931349,0.745818753574349,0.08308708628705697,-1.1293577621516062,-0.10473561066709935,-0.10473561066709935,1.75,282714000.0,3450631000.0,-0.020159999909132864,0.06498680117203293,1.0,-0.5042492917847026,0.5076703448647387,0.9909431631315787,0.9928464751083516,1.0,-0.047947769657032846,4673666346.444266,0.0,0.05345911949685534,1.3544381727412367,10.589511876595907,16.531428745814733,-0.0003566191232442506,1.0238973028666059,2019-12-31,,
STWD,Starwood Property Trust,Financials,2020-03-31,22.029339608670156,10.25,26.32999992370605,-0.610710215355091,57539374.46400476,0.5072992525994866,0.305681566352195,0.25229878425953317,0.5675722906090177,0.2573481813465204,0.22790373677235637,1.685783317117712,1.1234717741932378,0.49305398415777146,1.8318801970497258,1.0281110976118355,-0.057170210384793085,1.2905672959695775,0.6278356286822855,-0.5846092197563777,-0.1658537673180951,-0.1658537673180951,1.79,509664000.0,1196419000.0,0.07855455791143795,0.26070590802465765,1.0,0.26056338028169024,,1.1854663698720946,,1.1776315789473686,0.04790829666059837,2918467039.106145,0.0,0.0,2.439335248860261,3.72686739079774,5.726256983240224,-0.005808499022360691,1.0703123579364646,2019-12-31,,
SYF,Synchrony Financial,Financials,2020-03-31,30.46858541375643,16.09000015258789,40.59000015258789,-0.6035969427912888,233789175.57142046,0.39273601466561314,0.19111832841832155,0.1377355463256597,0.6605273074012263,0.350303198138729,0.320858753564565,1.6183807152951077,1.0560691723706337,0.4256513823351673,1.2852190425138423,0.481449943075952,-0.6038313649206766,0.9580744508814072,0.29534278359411514,-0.917102064844548,-0.1932876918382881,-0.1932876918382881,5.56,3747000000.0,,,,1.0,0.4866310160427805,,1.1673835125448029,,1.1951871657754012,-0.09660787499033019,10843386793.479645,0.11940298507462686,0.05970149253731343,,2.4602235644108212,2.8938849195301963,,,2019-12-31,,
SYY,Sysco,Consumer Staples,2020-03-31,32.5582004247311,45.630001068115234,85.9800033569336,-0.4692951932243029,280699792.4995967,0.21091057658728185,0.009292890339990256,-0.044089891752671584,0.3898332905525461,0.07960918129004879,0.05016473671588478,0.7923083535420195,0.2299968106175454,-0.400420979417921,0.9026351169830147,0.09886601754512436,-0.9864152904515042,0.8335775527913911,0.17084588550409907,-1.041598962934564,-0.17588978427446578,-0.17588978427446578,3.49,1813040000.0,60460983000.0,0.013656935785357316,0.04629710272562226,1.0,0.24642857142857144,0.7337492098104111,1.074452006348841,1.0424405398746504,1.0785714285714285,-0.015463986154351295,23704589437.402763,0.2446043165467626,0.06115107913669064,0.3920642414530833,,13.074498873385453,0.00430777243838909,1.0154733337226187,2019-12-28,,
TCBI,Texas Capital Bancshares,Financials,2020-03-31,26.088149381884875,22.170000076293945,103.0500030517578,-0.784861723243629,27767720.794777643,0.3924221935542722,0.19080450730698062,0.13742172521431878,0.40414967710547445,0.09392556784297712,0.06448112326881311,2.1989175055842893,1.6366059626598153,1.006188172624349,1.5850246876659102,0.7812555882280199,-0.3040257197686087,1.20838967725751,0.545658009970218,-0.6667868384684452,-0.10058634938539412,-0.10058634938539412,6.21,322866000.0,,,,1.0,0.07253886010362698,,1.0362138659149536,,1.0379965457685667,0.0006836295438963358,1152647221.3579261,0.0,0.0,,-3.943201101951849,3.5700483214644034,,,2019-12-31,,
TEL,TE Connectivity,Information Technology,2020-03-31,34.75277231130313,62.97999954223633,108.2300033569336,-0.4180911245605944,187566478.22469077,0.30283743589526435,0.10121974964797276,0.047836967555310916,0.5694873254493003,0.2592632161868029,0.22981877161263892,1.0900147209753093,0.5277031780508352,-0.10271461198463117,1.1490806431307172,0.3453115436928269,-0.7399697643038017,1.1896301715399273,0.5268985042526353,-0.6855463441860279,-0.08653536921783178,-0.08653536921783178,4.7,1594000000.0,13269000000.0,-0.05214658189870702,0.034663710273466375,1.0,-0.42542787286063566,0.8111959287531807,1.1070671378091872,0.993427704752275,1.1174289245982694,-0.03705716838863582,21359599844.749935,0.35173471343684115,0.40726277985060766,1.6097369692327934,9.241112305430265,13.399999902603474,-0.013310529446757924,1.0382852919438286,2019-12-27,,
TEX,Terex,Industrials,2020-03-31,31.18342827535396,14.359999656677246,96.94000244140624,-0.8518671415821667,19128632.50493549,0.30710308928272556,0.10548540303543397,0.052102620942772127,0.34818960009055355,0.037965490828056225,0.008521046253892217,2.2171499085198696,1.6548383655953955,1.0244205755599292,1.5173324696156807,0.7135633701777904,-0.3717179378188382,2.4589981692569167,1.7962665019696247,0.5838216535309615,-0.19637881323296513,-0.19637881323296513,0.76,54400000.0,4353100000.0,-0.15061463414634146,0.1745427877343355,1.0,-0.4864864864864865,0.16238805970149253,-0.028144239226033423,,37.999999999999964,-0.06827755404341995,1027873659.635845,0.09978310002916302,0.22672519042464323,0.23612452267024533,4.374603197786694,18.8947363903648,-0.036263809249706624,1.0582114864555163,2019-12-31,,
TFC,Truist Financial,Financials,2020-03-31,32.583906325467396,30.84000015258789,56.91999816894531,-0.4581869089129077,336840218.2297086,0.23514658855152826,0.03352890230423666,-0.019853879788425177,0.26554818979615447,-0.04467591946634286,-0.07412036404050687,0.9743185689735656,0.41200702604909156,-0.21841076398637482,0.9790473342157557,0.17527823477786542,-0.9100030732187632,0.24243717162627365,-0.4202944956610184,-1.6327393440996816,-0.1436447399011399,-0.1436447399011399,3.71,3028000000.0,,,,1.0,-0.051150895140664954,,1.0218454515813498,,1.0253807106598987,0.04186565502700268,25170760232.35475,,0.041379310344827586,,,8.312668504740671,,,2019-12-31,,
THG,Hanover Insurance,Financials,2020-03-31,33.42247412094429,90.58000183105467,144.7100067138672,-0.3740584781385776,33342503.79419478,0.12532886578909097,-0.07628882045820062,-0.12967160255086246,0.04171841513359076,-0.26850569412890657,-0.2979501387030706,0.46398267554303363,-0.09832886738144042,-0.7287466574169068,0.7270879319736918,-0.07668116746419851,-1.161962475460827,0.51887617695343,-0.14385549033386202,-1.3563003387725252,-0.10808109161355572,-0.10808109161355572,10.46,425100000.0,4890700000.0,0.0882006096611263,-0.13311087107476272,1.0,0.1507150715071508,0.9371693121693122,1.1398976982097186,1.0398899587345254,1.154015401540154,-0.055185507572386494,3681219768.4876995,0.40489144736842103,0.30664583333333334,0.7526979304573373,8.667760455571758,8.65965600679299,0.03275192161500118,1.0327519216150012,2019-12-31,,
TKO,TKO Group Holdings,Communication Services,2020-03-31,34.36199580164512,33.93000030517578,100.4499969482422,-0.6622199966550668,112513951.86174484,0.2840843824867554,0.08246669623946379,0.029083914146801948,0.1994928097341393,-0.11073129952835803,-0.14017574410252204,0.6159159063739701,0.05360436344949604,-0.5768134265859703,0.8758951071725531,0.07212600773466282,-1.0131553002619658,1.7603572703202306,1.0976256030329385,-0.11481924540572463,-0.04715596330649685,-0.04715596330649685,,,,,,,,,,,,,,,,,,,,,,,
TNL,Travel + Leisure Co.,Consumer Discretionary,2020-03-31,31.445870780702762,21.700000762939453,57.769752502441406,-0.6243708892119213,32721703.76684098,0.31995592861308464,0.11833824236579304,0.0649554602731312,0.45465304303317544,0.14442893377067811,0.1149844891965141,1.9263427916311624,1.3640312487066883,0.733613458671222,1.8414718411989828,1.0377027417610925,-0.047578566235536135,1.0039962198163939,0.3412645525291018,-0.8711802959095614,-0.20092116937258986,-0.20092116937258986,5.48,507000000.0,4043000000.0,0.028491477995421066,-0.22557131599684788,1.0,-0.19054652880354495,0.624384236453202,1.124168514412417,1.143661971830986,1.1392931392931394,-0.06793372002085518,2007646055.9872813,0.2631864988558352,0.14144736842105263,0.4965733504791693,7.709159759900624,3.959854153821068,0.006472491909385036,1.0108203321590337,2019-12-31,,
TOL,Toll Brothers,Consumer Discretionary,2020-03-31,30.297833576520446,19.25,58.66999816894531,-0.6718936321666831,103910318.83442591,0.7020225428949538,0.5004048566476622,0.44702207455500037,1.5495776908112684,1.239353581548771,1.2099091369746071,1.987061808820557,1.424750265896083,0.7943324758606165,1.5037478835550013,0.699978784117111,-0.3853025238795176,2.250841412691492,1.5881097454042,0.37566489696553673,-0.12987042060160148,-0.12987042060160148,3.6800000000000006,534833000.0,7192216000.0,-0.0189272335138142,0.22840700815021964,1.0,-0.24123711340206166,0.8857035924425065,1.0240545863583548,1.0315198200594964,1.0313807531380754,-0.057843919760908746,2797699796.1956515,0.0,0.0,0.38898995750345255,3.374686734176474,5.2309782608695645,-0.004395092667933365,1.026278345259264,2020-01-31,,
TRGP,Targa Resources,Energy,2020-03-31,24.10159061729763,6.909999847412109,160.97000122070312,-0.9570727477479612,83722286.06977463,1.9284505302195094,1.7268328439722178,1.673450061879556,1.0579009820797065,0.7476768728172092,0.7182324282430452,3.703552991135928,3.141241448211454,2.5108236581759877,10.32828251144042,9.52451341200253,8.439232104005901,10.16853494048046,9.50580327319317,8.293358424754505,-0.20405198780405842,-0.20405198780405842,-1.44,-209200000.0,8671100000.0,-0.07269888459934337,0.19871038867808433,1.0,,-1.0844997407983412,-37.625,1.4194260485651213,,-0.3732367850499423,1003869422.2768148,0.2996561488673139,0.12135922330097088,0.11577186542385796,7.284645274604393,,0.14721369602032186,1.1472136960203219,2019-12-31,,
TRV,Travelers Companies (The),Financials,2020-03-31,31.55536263897298,99.3499984741211,155.08999633789062,-0.3594042116187186,257031074.9334063,0.15563587833538173,-0.04598180791190987,-0.0993645900045717,0.10451247292918509,-0.20571163633331224,-0.23515608090747625,0.553623372322201,-0.008688170602273004,-0.6391059606377394,0.9298494849106744,0.1260803854727841,-0.9592009225238445,0.8490628377689695,0.18633117048167747,-1.0261136779569857,-0.14343251703991333,-0.14343251703991333,9.92,2622000000.0,31581000000.0,0.04289677035862893,0.04774756072244135,1.0,0.06896551724137945,,1.1063291139240505,,1.1146067415730339,-0.027808676307007785,26259646774.10741,0.0,0.12873563218390804,0.8315014335868849,6.210988639365703,10.015120813923497,0.008526537650890953,1.0134737127187785,2019-12-31,,
TXT,Textron,Industrials,2020-03-31,30.496608068890183,26.670000076293945,74.4000015258789,-0.6415322643909195,85116102.5742213,0.2346692226699778,0.03305153642268621,-0.02033124566997563,0.3546749328901404,0.04445082362764308,0.015006379053479069,1.1066946422295572,0.5443830993050831,-0.08603469073038328,1.7972884092835617,0.9935193098456714,-0.0917619981509572,1.6593319690970727,0.9966003018097807,-0.21584454662888253,-0.17810285678419768,-0.17810285678419768,,815000000.0,13630000000.0,-0.02447752648153445,-0.015917734892238355,1.0,,,0.9942244224422442,,,-0.09899551554828145,6079586537.391663,0.09811227024341779,0.09811227024341779,0.4460445001754705,3.088676610458903,,0.021356313225927348,1.0213563132259273,2020-01-04,,
UAL,United Airlines Holdings,Industrials,2020-03-31,28.6220702970585,31.549999237060547,97.8499984741211,-0.6775677084409486,517723114.54102045,0.09698895237045058,-0.10462873387684102,-0.15801151596950286,0.10142633408309365,-0.20879777517940368,-0.23824221975356769,0.8237718639288385,0.26146032100436445,-0.36895746903110194,0.46941368403883477,-0.33435541539905556,-1.4196367233956841,0.4025356916022127,-0.26019597568507935,-1.4726408241237425,-0.4237717672011717,-0.4237717672011717,11.58,3009000000.0,43259000000.0,0.04735733481829407,0.09313466017361849,1.0,0.5038961038961038,0.6996047430830039,1.1621265377855887,1.0927659574468085,1.1903030303030304,-0.060214603659797916,8198095656.676614,0.045112781954887216,0.059147869674185456,0.18951190865892908,2.7023972767759314,2.724524977293657,0.009262283607857746,1.029454629132469,2019-12-31,,
UBSI,United Bankshares,Financials,2020-03-31,31.641721352524485,23.07999992370605,49.34999847412109,-0.5323201491929306,20822312.419794478,0.21288393516620796,0.011266248918916366,-0.042116533173745474,-0.04541281519617091,-0.35563692445866824,-0.38508136903283224,0.7499793211447254,0.18766777822025138,-0.442750011815215,0.6466052113734893,-0.15716388806440107,-1.2424451960610297,0.72613333876861,0.06340167148131792,-1.1490431769573453,-0.08542816200688608,-0.08542816200688608,2.55,260099000.0,276625000.0,0.15412376295455688,,1.0,0.04081632653061207,,1.0075524104516622,,1.0159362549800794,-0.025134237792923897,2354150941.237655,,0.022556390977443608,8.51026097148723,,9.050980362237668,,,2019-12-31,,
UMBF,UMB Financial Corp.,Financials,2020-03-31,33.462502840743156,46.380001068115234,82.13999938964844,-0.43535425599284583,13986659.705092415,0.11708200064751217,-0.08453568559977942,-0.13791846769244126,0.06830951011090525,-0.24191459915159208,-0.2713590437257561,1.0288725078537944,0.4665609649293203,-0.16385682510614608,1.1669237311028255,0.3631546316649352,-0.7221266763316934,0.309733416313819,-0.35299825097347304,-1.5654430994121362,-0.1371281326064393,-0.1371281326064393,4.96,243600000.0,,,,1.0,0.2620865139949109,,1.202731325818731,,1.1980676328502413,-0.012783243684975631,2277856504.0711436,0.022556390977443608,0.011278195488721804,,-1.687440324832662,9.350806666958716,,,2019-12-31,,
UNM,Unum,Financials,2020-03-31,30.439827173187183,15.010000228881836,62.5,-0.7598399963378906,59202678.59832068,0.1269202343406628,-0.0746974519066288,-0.12808023399929064,0.16141969926195832,-0.148804410000539,-0.17824885457470302,0.9769296778523753,0.4146181349279012,-0.21579965510756516,1.337746311560596,0.5339772121227058,-0.5513040958739228,2.0397348223300606,1.3770031550427686,0.16455830660410542,-0.16055945292958884,-0.16055945292958884,5.24,1100300000.0,11998900000.0,0.03452170539293875,0.02761633058085544,1.0,1.2016806722689077,,2.000379867046534,,1.98,-0.04517657594063473,3151813597.679138,0.0034482758620689655,0.0022988505747126436,0.2626752117010008,3.830027310540931,2.864503860473633,0.01298427197744223,1.0129842719774422,2019-12-31,TTM net income jumped 2.00x in one quarter,
USB,U.S. Bancorp,Financials,2020-03-31,32.70600478026496,34.45000076293945,61.11000061035156,-0.43626247064537116,438409057.99114287,0.08139041415942083,-0.12022727208787076,-0.1736100541805326,0.06529573206594907,-0.24492837719654825,-0.27437282177071226,0.6712836022568158,0.10897205933234178,-0.5214457307031246,0.6569965706415986,-0.14677252879629177,-1.2320538367929204,0.1767846495647174,-0.48594701772257465,-1.6983918661612378,-0.17677799745136402,-0.17677799745136402,4.16,6914000000.0,,,0.0262955070952533,1.0,0.004830917874396157,,1.012932832707551,,1.0211267605633803,-0.030332635937906693,57256563768.020035,,0.013793103448275862,,,8.281250183398907,,,2019-12-31,,
VLO,Valero Energy,Energy,2020-03-31,34.499957194926026,45.36000061035156,126.9800033569336,-0.6427783949347743,336572299.1049327,0.3171157200172492,0.1154980337699576,0.06211525167729576,-0.012758922323680033,-0.32298303158617736,-0.35242747616034137,0.6865563937061057,0.12424485078163161,-0.5061729392538348,1.5167115170477063,0.712942417609816,-0.37233889038681256,2.569372552256423,1.9066408849691308,0.6941960365304676,-0.1923404066474408,-0.1923404066474408,5.84,2422000000.0,108324000000.0,-0.0744149086155187,0.2452968716748245,1.0,-0.19890260631001377,0.6313868613138686,1.0466724286949005,1.1295641931684335,1.0579710144927534,-0.03159745684624349,18811972855.86841,0.24600847181492344,0.20546372819100092,0.17366394202455973,4.252335060887934,7.767123392183487,-0.007794824822532687,1.0888116212353138,2019-12-31,,
VLY,Valley Bank,Financials,2020-03-31,33.21577563617235,7.309999942779541,20.36188507080078,-0.6409959138183046,24097367.36669162,0.08497073422153223,-0.11664695202575937,-0.1700297341184212,-0.035069875945008766,-0.3452939852075061,-0.3747384297816701,0.9734137345874359,0.4111021916629618,-0.21931559837250458,0.9330314681203358,0.12926236868244545,-0.9560189393141831,0.42808736031062233,-0.23464430697666971,-1.447089155415333,-0.1559505749896679,-0.1559505749896679,0.87,309793000.0,,,,1.0,0.15999999999999992,,1.2729814709977507,,1.28,0.02155442811972219,2602973347.4408073,0.09022556390977443,0.045112781954887216,,3.4955440864086573,8.40229878480407,,,2019-12-31,,
VNOM,Viper Energy,Energy,2020-03-31,26.96425330468081,6.630000114440918,44.0,-0.8493181792172518,15818736.699348783,0.5805549160282184,0.3789372297809268,0.32555444768826497,0.1504273569056267,-0.15979675235687063,-0.18924119693103464,1.2750527596894181,0.7127412167649441,0.08232342672947768,3.9275662389781543,3.123797139540264,2.038515831543635,4.059767645769861,3.3970359784825686,2.1845911300439056,-0.07541472427025331,-0.07541472427025331,,,,,,,,,,,,,,,,,,,,,,,
VTR,Ventas,Real Estate,2020-03-31,24.860811437359473,26.799999237060547,96.0488739013672,-0.7209753935836716,186444540.18134162,0.38338070667475854,0.18176302042746695,0.1283802383348051,0.6020381514172888,0.29181404215479145,0.26236959758062744,1.0725033731102238,0.5101918301857498,-0.12022595984971662,1.477203849221575,0.6734347497836848,-0.4118465582129438,0.8102418238827678,0.14751015659547573,-1.0649346918431875,-0.19850727191241269,-0.19850727191241269,1.17,433016000.0,3872750000.0,0.03388853145247617,0.048028495734229404,1.0,0.026315789473684292,,1.1149836250540337,,1.1140350877192982,0.030395674476882517,9918656811.653856,0.051181102362204724,0.10768395329894108,2.5611404845791377,12.139012588270193,22.905982253897903,0.01914232308397157,1.0191423230839716,2019-12-31,,
WAB,Wabtec,Industrials,2020-03-31,34.7033042316626,48.130001068115234,115.4000015258789,-0.5829289390665919,114229581.13687304,0.1988492924531211,-0.0027683937941704873,-0.05615117588683233,0.290816683860343,-0.019407425402154344,-0.04885186997631835,0.6565858090650107,0.09427426614053669,-0.5361435238949297,1.0240603384884182,0.22029123905052783,-0.8649900689461008,1.1408575659926492,0.47812589870535716,-0.734318949733306,-0.12549336199565464,-0.12549336199565464,1.84,326700000.0,8200000000.0,0.8792051512221595,0.12411676571118835,1.0,-0.3967213114754098,0.49268586940129694,1.4497834422039193,1.250101331543614,1.2602739726027399,0.8360799367661831,8545690950.518068,0.33583959899749366,0.3408521303258145,1.0421574329900083,11.621222123549149,26.157609276149582,0.17995000177711984,1.2294647996413783,2019-12-31,,shares +84% y/y
WCC,WESCO International,Industrials,2020-03-31,30.177805378841867,22.850000381469727,94.75,-0.7588390461058604,51368965.553256445,0.5365428430103827,0.3349251567630911,0.28154237467042925,0.9264771390833066,0.6162530298208093,0.5868085852466454,2.786871241855385,2.224559698930911,1.5941419088954447,4.695405142581395,3.8916360431435044,2.8063547351468756,5.779956424007709,5.117224756720417,3.9047799082817543,-0.10897135621447185,-0.10897135621447185,5.14,223426000.0,8358917000.0,0.02229728465410008,0.06479732247118486,1.0,0.0663900414937757,0.6453351510757704,1.0245149606508914,1.0193384296634993,1.045643153526971,-0.07841362999198775,993245950.4339018,0.06015037593984962,0.03258145363408521,0.11882471741661052,5.206884607404663,4.445525366044694,0.01064030181919473,1.0288219032087553,2019-12-31,,
WELL,Welltower,Real Estate,2020-03-31,30.173556669462172,45.77999877929688,93.16999816894533,-0.5086401236556437,249659438.49181524,0.1476278407629692,-0.053989845484322396,-0.10737262757698424,0.23497146765333654,-0.07525264160916079,-0.1046970861833248,0.6382588621957117,0.07594731927123766,-0.5544704707642287,1.265377939612717,0.4616088401748266,-0.623672467821802,0.7438487692245157,0.08111710193722366,-1.1313277465014395,-0.21188274595299128,-0.21188274595299128,3.05,1232432000.0,5121306000.0,0.08952389948386341,0.08892516194883937,1.0,0.5099009900990099,,1.8992314918913924,,1.871621621621621,0.07647036262316709,18498601788.7103,0.07627118644067797,0.06337878594792065,3.6120867975298294,14.883195291471797,15.00983566534324,0.004231402975100496,1.0398283023082056,2019-12-31,TTM net income jumped 1.90x in one quarter,
WEX,WEX Inc.,Financials,2020-03-31,34.66708683033295,104.5500030517578,236.5200042724609,-0.5579654948284176,104012170.7724435,0.5782878019156752,0.3766701156683836,0.32328733357572176,0.3292204415518343,0.018996332289336948,-0.01044811228482706,1.0011477294470104,0.4388361865225363,-0.19158160351293008,0.7068387540830579,-0.09693034535483247,-1.182211653351461,0.7588712962410258,0.09613962895373374,-1.1163052194849294,-0.14452415274317398,-0.14452415274317398,2.26,156323000.0,1723691000.0,0.15479429386475907,0.19547212546763237,1.0,-0.4145077720207254,0.40514875298374203,1.3957909211043251,1.043738386287695,1.5066666666666666,0.5864651382541246,7231668197.814132,0.6361872422992966,0.6286684453068155,4.1954551006033745,17.71106247633983,46.26106329723797,0.03534809909889347,1.0525809219082978,2019-12-31,,shares +59% y/y
WFC,Wells Fargo,Financials,2020-03-31,28.51084352436756,28.700000762939453,66.30999755859375,-0.5671844092954585,1258039191.1277165,-0.08988996062310295,-0.29150764687039454,-0.3448904289630564,-0.1607524610170592,-0.47097657027955653,-0.5004210148537205,0.40553741710147473,-0.15677412582299932,-0.7871919158584657,0.7694334301399426,-0.034335669297947735,-1.1196169772945763,0.39954319803811367,-0.2631884692491784,-1.4756333176878416,-0.2589203844771626,-0.2589203844771626,4.05,19549000000.0,85063000000.0,-0.015565688362188634,-0.022412291122198447,1.0,-0.053738317757009435,,1.0441233724099148,,1.070796460176991,-0.07742642238838959,138532423435.72925,0.041379310344827586,0.029885057471264367,1.6285861471583327,6.583250342857442,7.086419941466532,-0.012995602380979965,1.0010528002197148,2019-12-31,,
WHR,Whirlpool Corporation,Consumer Discretionary,2020-03-31,34.368729963475076,85.80000305175781,217.1100006103516,-0.6048086094120395,143132155.1983909,0.5273390448281079,0.3257213585808163,0.27233857648815446,1.1828774139661262,0.8726533047036289,0.8432088601294649,1.649740915940721,1.087429373016247,0.4570115829807806,1.1350631201864667,0.3312940207485764,-0.7539872872480522,0.7071973271986829,0.04446565991139084,-1.1679791885272723,-0.08205137487936598,-0.08205137487936598,18.45,1184000000.0,20419000000.0,-0.02937681228312017,-0.010163271067613944,1.0,,0.7536600891152132,4.731958762886598,2.661654135338346,4.151975683890577,-0.0461652376086602,5506081496.654811,0.05263157894736842,0.05012531328320802,0.26965480663376323,3.8244121856602464,4.650406669471968,-0.013431898342754933,1.0058815226085729,2019-12-31,,
WLK,Westlake Corporation,Materials,2020-03-31,32.45328875041058,38.16999816894531,124.3000030517578,-0.6929203762525127,43003972.28145902,0.41403533192001496,0.21241764567272337,0.15903486358006153,0.6742303448502369,0.3640062355877396,0.3345617910135756,1.367523062312734,0.8052115193882599,0.17479372935279347,2.3304570212687046,1.5266879218308143,0.44140661383418567,2.1677311613047587,1.5049994940174667,0.2925546455788035,-0.10872367349947132,-0.10872367349947132,3.25,421000000.0,8118000000.0,-0.05987261146496814,0.0738714090287278,1.0,-0.5734908136482939,0.6417682926829268,0.8919491525423728,0.8620236530880421,0.8928571428571427,-0.008952734012974917,4944482839.73107,0.3074660316570948,0.1697249848251389,0.609076476931642,5.596408210176092,11.744614821213942,-0.013608748481166444,1.0310378273520853,2019-12-31,,
WMB,Williams Companies,Energy,2020-03-31,29.44023622678563,14.149999618530272,61.380001068115234,-0.7694688925986236,283124061.8705068,0.37140715721549,0.1697894709681984,0.11640668887553657,0.44431706056652387,0.13409295130402654,0.10464850672986253,0.8032248173239918,0.2409132743995177,-0.3895045156359487,1.6989793509344553,0.895210251496565,-0.19007105650006362,1.54097367856749,0.8782420112801979,-0.3342028371584653,-0.06855106243681552,-0.06855106243681552,0.7,850000000.0,8140000000.0,-0.053928405392840495,0.07134852446768769,0.0,,0.4424778761061947,5.483870967741935,1.8243114909781577,,0.2534562211981568,17182142393.92962,0.3376544810301616,0.3585979287583931,2.1108283039225575,10.778856229416677,20.21428516932896,-0.009852815959129013,1.049650518197156,2019-12-31,,shares +25% y/y
WTFC,Wintrust Financial,Financials,2020-03-31,27.498496191344145,32.86000061035156,99.95999908447266,-0.6712684982861721,24960923.214031402,0.3372722944797102,0.1356546082324186,0.08227182613975675,0.23606778592506217,-0.07415632333743516,-0.10360076791159917,1.362612106564653,0.800300563640179,0.1698827736047126,1.9400428920970043,1.136273792659114,0.050992484662485404,1.344756073178372,0.68202440589108,-0.5304204425475831,-0.11107746518225792,-0.11107746518225792,6.03,355697000.0,161465000.0,0.058696635696629196,0.09726319121688709,1.0,0.029010238907849706,,1.0209603847850925,,1.0205479452054795,0.007294015267007126,1938342228.374829,0.045112781954887216,0.03007518796992481,12.004720703402155,1.8609238692656045,5.449419670041718,0.0188287554975044,1.0334834597176856,2019-12-31,,
WWD,"Woodward, Inc.",Industrials,2020-03-31,32.55604243367897,59.43999862670898,129.05999755859375,-0.5394390225389321,80845606.95771717,0.30659218657319376,0.10497450032590216,0.051591718233240325,0.35185967244626126,0.041635563183763935,0.012191118609599927,1.0389726501943182,0.4766611072698441,-0.15375668276562227,1.1233363215456862,0.31956722210779587,-0.7657140858888327,0.668418904283343,0.005687236996051004,-1.2067576114426122,-0.16638623556640386,-0.16638623556640386,4.08,263855000.0,2967741000.0,0.1830569702806737,0.17996612320485217,1.0,0.23636363636363655,,1.185051931944063,,1.1818181818181819,0.010292335436527411,3844005107.2672296,0.17279411764705882,0.14460784313725492,1.2952629987816422,10.078842727519568,14.568627114389455,0.0232894524061642,1.083951356488406,2019-12-31,,
WY,Weyerhaeuser,Real Estate,2020-03-31,30.6948947088878,16.950000762939453,87.08999633789062,-0.8053737343474323,125315580.92686638,0.3250736591706602,0.12345597292336863,0.07007319083070679,0.6825955948578222,0.37237148559532485,0.34292704102116084,1.1234930799011953,0.5611815369767212,-0.06923625305874515,1.4188631733858443,0.615094073947954,-0.4701872340486746,1.0178114062232448,0.3550797389359528,-0.8573651095027104,-0.10855472498351948,-0.10855472498351948,-0.1,-76000000.0,6554000000.0,-0.12332798287854463,0.03891050583657596,1.0,-1.101010101010101,-0.11674347158218126,0.2540106951871658,0.8809201623815968,0.25252525252525254,0.00588235294117645,12882000579.833984,0.5994397759103641,0.503921568627451,1.9655173298495552,16.270457002440985,,-0.013249021379102666,1.0348805646036916,2019-12-31,,
WYNN,Wynn Resorts,Consumer Discretionary,2020-03-31,34.78835678341956,60.18999862670898,249.30999755859372,-0.7585736664549005,434004066.8464237,0.23758097068205686,0.035963284434765264,-0.017419497657896577,0.19305528071007716,-0.11716882855242017,-0.14661327312658418,1.0829041529511199,0.5205926100266458,-0.10982518000882058,0.32480491736125305,-0.47896418207663727,-1.5642454900732659,0.8592789690764848,0.19654730178919277,-1.0158975466494704,-0.23226463947616316,-0.23226463947616316,1.15,122985000.0,6611099000.0,-0.015862815325574653,0.10666934644226833,1.0,-0.7850467289719626,0.14002538981333365,1.5401166954911518,1.4574437423186104,1.555140186915888,-0.0004933202388900382,6436927809.657221,0.11324465008675534,0.3025062656641604,0.9736547296685802,9.638801669295901,52.33912924061651,-0.005135566495405919,1.0869876576564703,2019-12-31,,
YUM,Yum! Brands,Consumer Discretionary,2020-03-31,33.270698316185005,68.52999877929688,119.72000122070312,-0.4275810384184492,233812326.37184384,0.274843646619658,0.0732259603723664,0.019843178279704554,0.345788973291945,0.035564864029447696,0.006120419455283688,0.6094521470148897,0.04714060409041565,-0.5832771859450507,0.7927260750171634,-0.01104302442072691,-1.0963243324173555,1.035982633706657,0.37325096641936506,-0.8391938820192981,-0.09295194782423433,-0.09295194782423433,4.14,1294000000.0,5597000000.0,-0.015998593530239136,-0.03232391970057846,1.0,-0.11727078891258014,0.6704663212435233,1.1350877192982456,1.010110294117647,1.143646408839779,-0.0493461656547427,21419762903.480717,0.6114942528735632,0.4762506070908208,3.827007844109472,15.370598875357844,16.55313980176253,0.024903863761216005,1.024903863761216,2019-12-31,,
ZION,Zions Bancorporation,Financials,2020-03-31,33.40524060655126,26.76000022888184,88.55999755859375,-0.6978319674051856,129153764.42452082,0.28517675009398635,0.08355906384669476,0.03017628175403292,0.11521005131992546,-0.19501405794257187,-0.22445850251673588,1.1298939121265845,0.5675823692021105,-0.06283542083335591,1.6015510318486075,0.7977819324107172,-0.28749937558591143,0.2236614442098801,-0.43907022307741195,-1.6515150715160751,-0.08781765629998206,-0.08781765629998206,4.16,816000000.0,2838000000.0,0.01976284584980248,,1.0,0.019607843137254832,,1.0024271844660195,,1.0297766749379653,-0.09467455621301779,5249076967.972976,0.18518518518518517,0.09259259259259259,1.849569051435157,5.036366203373473,6.432692362711981,,,2019-12-31,,
ACGL,Arch Capital Group,Financials,2020-04-30,33.17914768534533,24.030000686645508,48.31999969482422,-0.5026903799997442,74265573.1269231,0.2796504081918332,0.15063353501564825,0.14336313693811564,0.2571785093341594,0.12357277825278845,0.08791823262317772,0.6525177025865296,0.192892277632718,-0.23157429931303763,0.9005408083736692,0.4404897978347688,-0.13196398432818057,2.1240114694213177,1.6250600985188282,0.9496704019872875,-0.12900543169515521,-0.12900543169515521,3.87,1636319000.0,6928200000.0,0.2710968838477017,-0.03141908971767471,1.0,1.2369942196531793,,1.393293410961633,,1.4277456647398843,-0.034948430270850483,10160399662.42147,0.11940298507462686,0.1044776119402985,1.4665280538121692,,6.209302503009175,0.05989811931648337,1.0805220666910311,2019-12-31,,
CINF,Cincinnati Financial,Financials,2020-04-30,33.07959093580766,65.80000305175781,118.19000244140624,-0.44326929780394275,96227346.004147,0.19593124376405457,0.06691437058786964,0.05964397251033704,0.09404286451156141,-0.03956286656980956,-0.0752174121994203,0.7661229402265359,0.3064975152727243,-0.11796906167303134,0.9639787362597101,0.5039277257208097,-0.06852605644213972,0.7496959981915547,0.2507446272890652,-0.42464506924247547,-0.2998482861883316,-0.2998482861883316,0.3200000000000003,76000000.0,5666000000.0,-0.1065909807631662,0.1673108779679735,1.0,-0.948051948051948,,2.1730141458106638,,2.176258992805755,0.4442250740375113,15627500724.792467,0.9812284730195178,0.9849980864906239,2.758118730108095,101.83121480759533,205.625009536743,-0.28495709237758704,1.2224622030237582,2020-03-31,TTM net income jumped 2.17x in one quarter,shares +44% y/y
EG,Everest Group,Financials,2020-04-30,33.42999511832069,173.1300048828125,294.3099975585937,-0.41174269879043324,91269877.13191925,0.27332803993655985,0.14431116676037492,0.13704076868284232,0.1551138450238707,0.02150811394249974,-0.014146431687110994,0.6443443721170494,0.18471894716323778,-0.23974762978251785,0.6693113808703233,0.20926037033142286,-0.36319341183152654,1.3475251520422287,0.8485737811397391,0.17318408460819845,-0.09131869431938744,-0.09131869431938744,24.7,766386000.0,8231169000.0,0.11575696815298375,0.11639327119820586,1.0,8.762845849802371,,13.20531046500963,,2.4700000000000006,-0.551634731953524,5371838539.357051,0.1044776119402985,0.15728082277687194,0.6526215825913733,,7.009311938575405,0.054107882031985355,1.0541078820319854,2019-12-31,TTM net income jumped 13.21x in one quarter,
LUV,Southwest Airlines,Industrials,2020-04-30,32.57805750963129,31.25,66.98999786376953,-0.5335124496712208,455662034.55416363,-0.011520206999668381,-0.1405370801758533,-0.14780747825338592,0.2649601072228496,0.1313543761414786,0.09569983051186787,1.0089601019042558,0.5493346769504441,0.12486810000468851,0.4950399459630874,0.03498893542418702,-0.5374648467387624,-0.020498392122630937,-0.5194497630251205,-1.1948394595566612,-0.28096000254302755,-0.28096000254302755,3.3899999999999997,1819000000.0,21513000000.0,-0.029634641407307205,0.04275433893043612,1.0,-0.19285714285714295,0.7766865926558497,1.0179316096747288,1.0067939178259464,1.0348837209302326,-0.05666457991457885,16768067846.607672,0.14555004532608115,0.13176558417319895,0.7794388437971307,4.561137859190958,9.218289085545724,-0.04079721776350986,1.020725870161253,2020-03-31,,
BCO,Brink's,Industrials,2020-05-31,32.44533715396368,40.09999847412109,97.12000274658205,-0.5871087588541863,32928023.4862373,0.21062809368044078,0.057739114152600246,0.09416108670433047,0.6852154124281238,0.4854620015436648,0.3269849874888755,0.9026998205236658,0.5003076100644059,-0.040746241116543125,0.5534051306715093,0.15660870593957488,-0.6374485401136598,0.721838015667843,0.2844518602925785,-0.5068302382732801,-0.07175145537635175,-0.07175145537635175,0.32999999999999996,17100000.0,3651000000.0,0.038750426766814616,0.022427786019722395,1.0,,0.08357771260997067,0.8471337579617835,0.9677155700858193,0.8506493506493507,0.0017357344326320856,2077909011.8408203,0.6240187726063432,0.6953918094590877,0.5691342130487046,9.43228803474876,121.51514689127603,-0.008742397914856648,1.0212343885334303,2020-03-31,,
COLB,Columbia Banking System,Financials,2020-05-31,33.72047361993681,24.36000061035156,48.060001373291016,-0.4931335848049009,13678726.377708193,0.1569046807426,0.004015701214759471,0.0404376737664897,0.3236638753108667,0.12391046442640774,-0.03456654962838157,0.8308974738766788,0.4285052634174189,-0.11254858776353016,0.3237586885081407,-0.07303773622379373,-0.8670949822770284,-0.07890063034832262,-0.5162867857235871,-1.3075688842894457,-0.0623723882330145,-0.0623723882330145,2.2500000000000004,163208000.0,,,,1.0,-0.07786885245901598,,1.0557938953927386,,1.0532786885245904,-0.010028868019393178,1766998657.6063364,0.28448275862068967,0.15125038831935383,,5.557001972431896,10.826666937934023,,,2020-03-31,,
KRC,Kilroy Realty Corp,Real Estate,2020-05-31,32.33576513816274,57.119998931884766,90.1500015258789,-0.3663893736542243,68880703.3385746,0.03308798106949329,-0.11980099845834724,-0.08337902590661701,0.08989483735406711,-0.10985857353039186,-0.26833558758518117,0.27181702248759887,-0.130575187971661,-0.6716290391526101,0.1320596247049799,-0.26473680002695454,-1.0587940460801892,-0.46582657094031665,-0.9032127263155811,-1.6944948248814398,-0.19309300256504658,-0.19309300256504658,1.87,198357000.0,857580000.0,0.1200269565012968,0.05973993619509632,1.0,-0.2666666666666666,,1.056528687005929,,1.0549019607843138,0.04406040861929572,6058904613.974259,0.0,0.21705426356589147,7.065118839028731,,30.545453974269925,0.024032364762721192,1.0371750408806082,2020-03-31,,
SSB,South State Bank,Financials,2020-06-30,32.96531163885872,47.65999984741211,94.5,-0.4956613772760623,19473331.856046405,0.018175442692204724,-0.07220806635416155,-0.04612983234544635,0.5392776532795323,0.31675600427035544,0.16744117744836357,0.7605778983611542,0.3517186648621271,-0.05713197517738455,0.7032257448027772,0.4439422575185401,-0.016937707995151596,0.49068598965206767,-0.013172371207126998,-0.664368780940249,-0.10302142111099144,-0.10302142111099144,4.82,166226000.0,,,,1.0,-0.02822580645161299,,1.024643648337392,,1.043650793650794,-0.05448980123574876,1643637164.8622253,,0.04838709677419355,,,9.887966773322013,,,2020-03-31,,
FCFS,FirstCash,Financials,2020-07-31,33.5732541824933,57.63999938964844,106.8000030517578,-0.4602996466047409,21423189.882623583,-0.09324060041746951,-0.09730507280420775,-0.11878106585783536,0.030505006767927112,-0.1122588100370876,-0.3947903241731823,0.39779681180726345,0.03481314783430545,-0.3663520479655379,0.31267866009305556,0.013918217851111692,-0.5933990337642716,0.7325541682637591,0.2658470491647169,-0.4832914620294584,-0.10874816684110822,-0.10874816684110822,3.4799999999999995,147706000.0,1830057000.0,0.002933626495037034,0.02202041123811105,1.0,-0.027932960893854886,,1.0383438775317115,,1.0495867768595042,-0.03279743042872296,2446486709.7262683,0.0,0.072,1.336836344292155,,16.56321821541622,-0.017854104893134548,1.0144785401592962,2020-06-30,,
FE,FirstEnergy,Utilities,2020-07-31,31.303004743335805,29.0,84.0,-0.6547619047619048,291007123.92644733,0.03882695728566565,0.034762484898927415,0.013286491845299803,0.08980464265220078,-0.052959174152813926,-0.33549068828890866,0.38848686955394274,0.025503205580984734,-0.3756619902188586,0.5476132666523172,0.24885282441037337,-0.35846442720500993,0.5440526475920848,0.07734552849304266,-0.6717929827011326,-0.07281555050613009,-0.07281555050613009,1.23,666000000.0,10861000000.0,-0.03731607870944864,,0.0,2.96774193548387,0.2760049730625777,3.7211538461538463,1.0427918570835064,7.749999999999995,-0.4620075046904315,15702439024.390244,0.42799510315074935,0.5192577030812325,1.4457636520016797,10.060892150120516,23.577235772357724,-0.015768010874490312,1.0018648432643638,2020-03-31,TTM net income jumped 3.72x in one quarter,
SR,Spire,Utilities,2020-07-31,33.26235314719234,61.65999984741211,88.0,-0.29931818355213513,21568842.886049785,-0.0808361974911882,-0.08490066987792644,-0.10637666293155405,0.01370858719195911,-0.1290552296130556,-0.41158674374915033,0.1966342156488048,-0.16634944832415322,-0.5675146441239965,0.3203575422268883,0.021597099984944412,-0.5857201516304389,0.1631350618732974,-0.30357205722574476,-1.05271056841992,-0.170390888859426,-0.170390888859426,2.9299999999999997,163300000.0,,,,1.0,-0.20596205962059622,0.5434276206322796,0.9983748645720477,1.0261371350984385,0.9772727272727272,0.06558382995278422,3436545383.987167,0.675,0.6571428571428571,,11.867997925657752,21.04436854860482,,,2020-03-31,,
VMRK,Vivmark Residential,Real Estate,2020-07-31,32.84820500141019,53.630001068115234,89.55000305175781,-0.4011167030656789,185326730.6682829,-0.11356808437973831,-0.11763255676647655,-0.13910854982010415,0.17505831878248745,0.032294501977472745,-0.250237012158622,0.6298347579044405,0.26685109393148254,-0.1343141018683608,0.5645441585270952,0.2657837162851513,-0.341533535330232,0.37255527358077756,-0.09415184551826461,-0.8432903567124399,-0.1428140151061057,-0.1428140151061057,3.1500000000000004,1174444000.0,2720910000.0,0.043328916006368345,0.04303045767705127,1.0,1.1283783783783785,0.7486810600477852,1.3550398444385887,1.1563826901302132,1.3513513513513513,0.0027936727167094944,19995375547.441753,0.12696540101120254,0.20353648093798715,7.3487824100913866,8.6849112770494,17.025397164481024,0.007343372546115834,1.0122375428463757,2020-03-31,,
POR,Portland General Electric,Utilities,2020-08-31,34.50906923473458,38.150001525878906,63.08000183105469,-0.39521242202790463,30230267.705602493,0.0974740346769094,0.05682447328044993,-0.10783902275783583,0.12921746963141634,0.03130916871335265,-0.299927418554694,0.4000484825714108,0.08807443520278002,-0.3322087756692662,0.45870694504078235,0.29421604269877055,-0.41053916281429803,0.28685173291461274,-0.06188137775583047,-0.8818893867436839,-0.16225388333331403,-0.16225388333331403,2.6400000000000006,236000000.0,2122000000.0,0.022157996146435543,0.05273833671399597,1.0,0.18385650224215278,0.6066838046272494,1.063063063063063,1.066465256797583,1.064516129032258,-0.0032575757575759035,3410378924.2831135,0.24154589371980675,0.17874396135265702,1.60715312171683,7.330914510251378,14.450758153742006,0.003309692671394693,1.0377263581488934,2020-06-30,,
BKH,Black Hills Corporation,Utilities,2020-09-30,34.42814073011559,53.4900016784668,87.12000274658203,-0.3860192838370249,23535804.333211504,0.15919061438275395,0.038005601158942026,-0.24023451213739871,0.27113410205259925,0.07873386160528195,-0.42512058213876636,0.21434028155729767,-0.08514615949042659,-0.7752483820341601,0.35496900122684916,0.2570193244316752,-0.816507526714364,0.05344326205230643,-0.2812903093570689,-1.6239601265598647,-0.012151846455892623,-0.012151846455892623,3.1499999999999995,195059000.0,1653078000.0,-0.055622522768535076,0.016515660260557175,1.0,-0.16445623342175086,0.47341200112613707,1.0338304818842885,1.0324032313027443,1.0294117647058822,0.05200063574464253,3312287694.4127164,0.6227429820849203,0.5220132164944736,2.0037092589779286,10.794777774209084,16.980952913798987,-0.003347941766432716,1.0235148123650029,2020-06-30,,
ECHO,EchoStar,Communication Services,2020-09-30,34.50597272530581,24.88999938964844,50.64829635620117,-0.5085718339941554,8140224.2035790095,-0.14865403560956392,-0.26983904883337584,-0.5480791621297165,-0.035757308616832906,-0.2281575490641502,-0.7320119928081985,0.024909636578426486,-0.2745768044692978,-0.9646790270130313,-0.3382884806255062,-0.4362381574206802,-1.5097650085667194,-0.3270389549721646,-0.6617725263815399,-2.0044423435843357,-0.20650861854926872,-0.38690234619980135,-1.392933549432739,-137134000.0,1896400000.0,,,1.0,,,,,,-0.18066869574969735,2450414937.3744884,0.5403225806451613,0.5403225806451613,1.2921403382063321,,,-0.000508600084854538,1.0059827759253182,2020-06-30,,
HII,Huntington Ingalls Industries,Industrials,2020-09-30,34.42797603054808,140.75,279.7099914550781,-0.4968002420371005,61651260.27367002,0.2193605918296726,0.09817557860586068,-0.18006453469048006,0.48132253063892927,0.288922290191612,-0.21493215355243633,0.40453216816279225,0.10504572711506799,-0.5850564954286656,0.649351775890276,0.5514020990951021,-0.5221247520509371,0.558541850177503,0.2238082787681277,-1.118861538434668,-0.025151052849802014,-0.025151052849802014,12.89,528000000.0,8921000000.0,0.04339181286549709,0.10279891654843287,1.0,-0.201363073110285,0.7857142857142857,1.098360655737705,1.0733695652173914,1.1040723981900455,-0.037661638113564155,5765399534.522885,0.3768115942028985,0.2508082497212932,0.6462727871901004,8.60673581245399,10.919317300232738,-0.017727372825368848,1.0283761124725912,2020-06-30,,
NWE,NorthWestern Energy,Utilities,2020-09-30,34.09464494323308,48.63999938964844,80.5199966430664,-0.3959264602895778,17208133.853863914,0.21179858891225511,0.0906135756884432,-0.18762653760789755,0.3686663312938607,0.17626609084654343,-0.3275883528975049,0.22651750470740195,-0.07296893634032231,-0.7630711588840559,0.1027418726002296,0.004792195805055632,-1.0687346553409836,0.12577495158811192,-0.2089586198212634,-1.5516284370240592,-0.008634830884366673,-0.008634830884366673,,,,,,,,,,,,,,,,,,,,,,,
UDR,"UDR, Inc.",Real Estate,2020-09-30,32.0513634718137,32.61000061035156,51.25,-0.36370730516387195,61490595.27730185,0.1906467471233224,0.06946173389951049,-0.20877837939683025,0.3720300799109675,0.1796298394636502,-0.3242246042803981,0.6828609130789898,0.3833744720312655,-0.30672775051246803,0.3620940617228112,0.26414438492763725,-0.8093824662184019,0.2122559977670737,-0.12247757364230161,-1.4651473908450974,-0.09098186640632333,-0.09098186640632333,0.63,187835000.0,1228949000.0,0.13184569420294134,0.07981307500370449,1.0,0.0862068965517242,0.8014498504495048,1.1337011039153082,1.1293966277461605,1.125,0.07494489570811602,9722697562.929184,0.18559373116335143,0.3578523593852824,7.91139222451801,59.93170121127425,51.76190573071676,0.021569391879142197,1.0440967789250586,2020-06-30,,
CUZ,Cousins Properties,Real Estate,2020-10-31,32.0677525406432,25.479999542236328,115.03175354003906,-0.7784959477874297,25605197.626132056,0.2489688217883428,0.11083093499649421,-0.43926038504271414,0.46470926263518697,0.17711395067302593,-0.9020994384489371,0.6084400910467036,0.18221554468194134,-1.4398599232092704,0.003964037605026283,-0.213580041058419,-2.7776460390973003,-0.19995443959927128,-0.5391030494016814,-3.434114082380703,0.00431722976086979,-0.08223506338699116,2.3899999999999997,335530000.0,756575000.0,0.46584711364274844,0.2552330664655158,1.0,3.8775510204081627,0.6825875383476145,2.7021521215822943,1.1135265011214537,2.387755102040816,0.23577532885544072,3577114747.4504423,0.15075787794176307,0.15350868700325174,4.7280372037807785,6.891292238851316,10.661087674575871,0.05272861356932146,1.1348813779340676,2020-06-30,TTM net income jumped 2.70x in one quarter,shares +24% y/y
HAE,Haemonetics,Health Care,2021-05-31,34.80949263342889,56.459999084472656,142.11000061035156,-0.6027021402998995,72661185.53467402,0.11140632337093304,0.03284897731829539,0.07794875264250738,-0.09227770401975588,-0.18387534966520624,-0.12587268530503223,0.120439237465922,0.12442940917793754,0.10285459225787556,0.49840594838740193,0.4734529112448578,0.47643105872339886,0.48919594747527984,0.1768661871005872,0.15490883209544065,-0.2295430268265245,-0.2295430268265245,1.55,79469000.0,870463000.0,-0.11939150958189304,0.02160030343775543,1.0,0.04729729729729737,0.8854780661192018,1.248360034498079,1.2420586157850433,1.2567567567567568,-0.00844056373840485,2894722365.9638433,0.5300925925925926,0.5115740740740741,3.325497311159513,19.59401821462383,36.4258058609501,-0.015230912994979251,1.0117590121376818,2021-04-03,,
T,AT&T,Communication Services,2021-10-31,34.673095230117084,19.07855033874512,45.270015716552734,-0.5785609959095033,987459779.9852298,0.03684115893686091,0.05373703428886567,0.0526289648125583,0.029955513336017425,0.12689242856186467,0.07697967425634833,0.026728433165608134,0.17304513219677609,0.07369953310879454,-0.07439520083500861,-0.013341745553863693,-0.06960430091172612,0.43864235459048895,0.14466189606133684,0.0761604991712958,-0.18560101167128595,-0.20793198531338697,-0.23413897280966767,-1947000000.0,176015000000.0,0.005007479815916538,-0.04565269513284942,1.0,-1.1890243902439024,-0.3082159252809878,0.926241134751773,1.0273224043715847,0.9207317073170734,-0.1405708748839276,158649100847.18277,0.6300813008130081,0.4725609756097561,0.9013385270981608,10.238371609204375,,0.017898450150358514,1.0178984501503585,2021-06-30,,
PYPL,PayPal,Financials,2022-02-28,34.16580684583751,111.93000030517578,310.1600036621094,-0.639121746893216,3010752639.94797,-0.23872056714810064,-0.1873791526543619,-0.2137298861900135,-0.16519249835534078,-0.07699423382823734,-0.11068756813385994,-0.3424461983646798,-0.26471130422224154,-0.36258688923249577,-0.4609130417252363,-0.6614033742161791,-0.7118657291411268,-0.3652282690466008,-0.7871640465560176,-0.7684277936099014,-0.4069061138419471,-0.5510586725797824,3.52,4169000000.0,25371000000.0,0.18257667567819524,0.20717983344586988,1.0,-0.005649717514124353,0.9781792585640544,1.241075678248453,1.1958041958041958,1.2401129943502824,-0.0022162065683006826,132567094111.44257,0.25416666666666665,0.17297008547008544,5.225142647567797,23.72283229807175,31.79829554124312,0.032642761203142134,1.065955066654237,2021-12-31,,
IPGP,IPG Photonics,Information Technology,2022-03-31,34.00910252824944,109.76000213623048,264.1099853515625,-0.5844155532774478,68778824.40764412,-0.1424016452132817,0.018700897905204017,-0.006150593341242461,-0.23150513089979108,-0.029035223716162628,-0.07195674274718586,0.12345112207218678,0.20164152470994667,0.13757814493290932,-0.17374270520836177,-0.36857742213554534,-0.46393697851925614,-0.4247449147160077,-0.7188075362519005,-0.7312703859952827,-0.272230359887625,-0.272230359887625,5.16,278416000.0,1460860000.0,0.2166492882627482,-0.08661086688458153,1.0,0.7373737373737372,0.7568058322890702,1.198806808211967,1.2217166098691727,1.1952861952861953,0.004255569695446937,5922275340.069912,0.08196535535049378,0.11992876801036101,4.053965020652158,9.568726726890269,21.271318243455518,0.01942536860887789,1.0802374234212024,2021-12-31,,
CVNA,Carvana,Consumer Discretionary,2022-04-30,31.68923829744851,11.592000007629396,75.36599731445312,-0.8461905843392008,583514028.7893159,-0.4970669496317306,-0.5013623084382035,-0.5081413830306843,-0.7665631394181847,-0.7118828134942541,-0.7596261229939466,-0.8802622489190334,-0.906905400482095,-0.9319418705239644,0.430641789412882,0.17365814351339703,0.12686422384429658,3.2158384143996255,2.8095684508980203,2.826076176372344,-0.9387508645552938,-0.9387508645552938,-0.32599999999999996,-135000000.0,12814000000.0,1.2937171589339784,0.41794732652841593,0.0,,,,,,0.2727713327659844,4800368101.318922,0.0,0.0,0.3746190183642049,,,0.176939012534024,1.329394607462763,2021-12-31,,shares +27% y/y
NFLX,Netflix,Communication Services,2022-04-30,28.981881241264304,19.035999298095703,70.0989990234375,-0.7284412108119969,3344412753.94915,0.18144571340512639,0.17715035459865347,0.17037128000617263,0.5333053583513039,0.5879856842752345,0.5402423747755419,0.7331898112550406,0.7065466596919789,0.6815101896501096,1.8926245643187118,1.6356409184192269,1.5888469987501264,4.945156610802872,4.538886647301267,4.555394372775591,-0.1452510764656857,-0.1452510764656857,1.102,5006960000.0,30402329000.0,0.15196785558703474,0.233073259417097,1.0,0.33414043583535125,0.8067571567440007,1.1683452410626853,1.087652000961537,1.168280871670702,-0.0016213595948680881,86490460113.96848,0.14705882352941177,0.12352941176470589,2.844862974608573,14.723066477804545,17.2740465499961,0.023721755693780322,1.0572425193941115,2022-03-31,,
NLY,Annaly Capital Management,Financials,2022-04-30,34.25347446334736,25.68000030517578,86.0,-0.7013953452886537,176988364.687109,0.11114208586726737,0.10684672706079446,0.10006765246831363,-0.21547880792257923,-0.16079848199864866,-0.20854179149834123,-0.0888381775290028,-0.11548132909206443,-0.1405177991339338,-0.02476379096866188,-0.28174743686814685,-0.3285413565372473,0.16786257085531497,-0.23840739264629018,-0.22189966717196657,-0.36096423131731226,-0.36096423131731226,6.4,2389896000.0,,,,0.0,,,0.8517261184906727,,0.8458149779735683,0.2235584848114205,9589457813.959122,,0.16279069767441862,,,4.012500047683716,,,2021-12-31,,shares +22% y/y
TWLO,Twilio,Information Technology,2022-04-30,32.65634826789122,111.81999969482422,457.2999877929688,-0.7554777986448407,633782418.9240471,-0.24163831798254842,-0.24593367678902134,-0.2527127513815022,-0.3349132270653693,-0.28023290114143873,-0.3279762106411313,-0.5295117085142802,-0.5561548600773418,-0.5811913301192112,-0.4644965012382585,-0.7214801471377434,-0.768274066806844,-0.13512788992657232,-0.5413978534281775,-0.5248901279538538,-0.6333392942953321,-0.6333392942953321,-5.45,-949900000.0,2841839000.0,0.613053532344634,0.552953454835218,0.0,,,,,,0.1892229326275301,19489507836.71808,0.18309859154929578,0.18309859154929578,6.858061922831687,,,0.11567828799243096,1.1403745201985875,2021-12-31,,shares +19% y/y
VTRS,Viatris,Health Care,2022-04-30,34.892269999572775,10.329999923706056,76.69000244140625,-0.8653018699328048,158684514.82554692,-0.05231829163262047,-0.05661365043909339,-0.06339272503157421,0.002335360920484364,0.05701568684441494,0.009272377344722365,-0.05616854484853151,-0.08281169641159314,-0.10784816645346251,0.22579805223011618,-0.031185593669368794,-0.07797951333846925,-0.06872665577414183,-0.474996619275747,-0.4584888938014234,-0.16686453524281974,-0.16686453524281974,-1.05,-1269100000.0,17813600000.0,0.507085508337634,0.03954161279825508,1.0,,,,,,1.0027168234064785,12485526574.452719,0.4210526315789474,0.4210526315789474,0.7008985592161449,7.450760553259412,,-0.2959663586565595,1.3722620326737114,2021-12-31,,shares +100% y/y
VZ,Verizon,Communication Services,2022-04-30,33.36432865170643,46.29999923706055,62.50293350219727,-0.25923478078940276,1327605378.9232588,0.01017537474263075,0.005880015936157834,-0.0008990586563229954,-0.16894447714962146,-0.11426415122569089,-0.16200746072538347,-0.10838485988851354,-0.13502801145157517,-0.16006448149344454,-0.025875349914803558,-0.2828589958142885,-0.329652915483389,0.16010492019494582,-0.24616504330665934,-0.22965731783233573,-0.23165701015062856,-0.28049890475908823,5.140000000000001,21400000000.0,134300000000.0,0.036673382272344845,-0.013711457936810056,1.0,0.12472647702407014,0.6589887294450946,1.1025512756378189,1.0398467184100282,1.1014492753623188,0.007244481155491478,192766533788.53998,0.47023172905525845,0.37371096586782865,1.4353427683435591,7.067570755991547,9.007781952735513,0.005141715252258372,1.0256042115338597,2022-03-31,,
BA,Boeing,Industrials,2022-05-31,32.77618289123623,131.39999389648438,446.010009765625,-0.7053877917100244,1655096365.659175,0.21955865634395222,0.25841019956136346,0.2502662571613394,0.3613395220073785,0.3657157908572788,0.3145015394584124,0.5654490601444824,0.5363899002521453,0.5457388627632447,0.3516743444468573,0.03408718506066677,0.004757603246012487,0.5777779068052578,0.08649767213783921,0.1106093374647738,-0.13987821999365957,-0.13987821999365957,-8.290000000000001,-4884000000.0,61060000000.0,0.0813395434501567,-0.19961729270021267,0.0,,,,,,0.03457647053764612,77413458406.56569,0.6491228070175439,0.6491228070175439,1.2678260466191564,,,-0.019683395947725058,1.0919297997060229,2022-03-31,,
GAP,Gap Inc.,Consumer Discretionary,2022-05-31,33.88625617102744,11.029999732971191,53.75,-0.7947907026423964,148053823.629956,-0.15644716361517164,-0.11759562039776039,-0.12573956279778448,0.36572540654407915,0.3701016753939794,0.31888742399511305,-0.22517732523969336,-0.25423648513203045,-0.24488752262093108,1.9253963245248396,1.607809165138649,1.5784795833239946,1.3210670863277292,0.8297868516603106,0.8538985169872453,-0.30246633030037595,-0.30246633030037595,-0.19999999999999996,-72000000.0,16156000000.0,0.030094363682733993,-0.157663431605933,1.0,,-0.19302949061662197,1.7390300230946882,1.540192926045016,1.7068965517241386,-0.03639097744360875,3970799903.8696294,0.48241288625904005,0.23643984220907296,0.2457786521335497,5.198196058477597,,-0.030833833233353314,1.1365217391304347,2022-04-30,,
NTNX,Nutanix,Information Technology,2022-05-31,34.11564696592886,16.200000762939453,64.87000274658203,-0.7502697691223232,52886928.76579648,0.06790113718003932,0.10675268039745056,0.09860873799742648,0.7444443764182964,0.7488206452681967,0.6976063938693303,0.8283950274246108,0.7993358675322737,0.8086848300433731,2.414505927262203,2.0969187678760126,2.067589186061358,3.7339505450425072,3.2426703103750887,3.266781975702023,-0.17037043534406326,-0.17037043534406326,-4.75,-1016735000.0,1526826000.0,0.1697279440550441,0.04503316560384607,0.0,,,,,,0.06318462855829488,3467601636.990999,0.043478260869565216,0.043478260869565216,2.2711177547349854,,,0.04568027301734712,1.0471987611132556,2022-01-31,,growth 17% vs 5% a year earlier
OKTA,"Okta, Inc.",Information Technology,2022-05-31,31.417995929667242,83.05000305175781,294.0,-0.7175169964225925,383973291.0720462,0.10054182019616875,0.13939336341358,0.1312494210135559,-0.35797714948192694,-0.35360088063202666,-0.40481513203089303,0.09452135082076851,0.06546219092843142,0.0748111534395308,0.0677904520955801,-0.24979670729061043,-0.2791262891052647,0.24226362887245756,-0.249016605794961,-0.2249049404680264,-0.4687537951757976,-0.4687537951757976,-5.73,-848411000.0,1300201000.0,0.556336662580917,0.425475244298007,0.0,,,,,,0.1619156583396979,12296777685.714642,0.045454545454545456,0.045454545454545456,9.457597468171953,,,0.12871920592121366,1.1308636642532826,2022-01-31,,shares +16% y/y
PEGA,Pegasystems,Information Technology,2022-05-31,30.252636323299853,24.770000457763672,74.4000015258789,-0.667069893148486,39945566.06490725,-0.2605498743172946,-0.22169833109988335,-0.22984227349990743,-0.2671557829021597,-0.2627795140522594,-0.3139937654511258,-0.020843578075544378,-0.04990273796788147,-0.040553775456782085,0.16618440972811577,-0.15140274965807476,-0.18073233147272905,0.9953207529979131,0.5040405183304946,0.5281521836574292,-0.41271372925450667,-0.41271372925450667,-0.34500000000000003,-56802000.0,1274461000.0,0.19619963864185652,0.10472217729058042,0.0,,,-1.4136118860702005,,-1.4444444444444455,0.0044418871797382575,4078219031.889542,0.46938775510204084,0.46938775510204084,3.1999559279487895,,,0.05183662319162341,1.092288992655513,2022-03-31,,
SMG,Scotts Miracle-Gro Company,Materials,2022-05-31,34.984872149664724,94.62000274658205,254.33999633789065,-0.6279782806126986,60372280.58739314,-0.28605671692515433,-0.2472051737077431,-0.25534911610776717,-0.3965073450123132,-0.39213107616241294,-0.4433453275612793,-0.3057156746828783,-0.3347748345752154,-0.325425872064116,-0.19810574652395663,-0.5156929059101472,-0.5450224877248014,-0.28698455924860167,-0.7782647939160202,-0.7541531285890857,-0.5834707474998139,-0.5834707474998139,7.11,404500000.0,4591900000.0,-0.07428836384162563,0.4518527190774455,1.0,-0.25079030558482607,0.6551668286362163,1.043068391866913,1.0233980324381813,1.0389884088514227,-0.0020291121042191884,5383092983.261946,0.38993710691823896,0.27735849056603773,1.1723018757512023,13.46594215330488,13.30801726393559,-0.031734986504723395,1.1050013372559508,2022-04-02,,
SWK,Stanley Black & Decker,Industrials,2022-05-31,34.79059941270735,118.69000244140624,225.0,-0.4724888780381945,316969716.7152647,-0.2525748122176642,-0.21372326900025296,-0.22186721140027704,-0.2932952550624721,-0.28891898621257184,-0.3401332376114382,-0.3456696456566216,-0.3747288055489587,-0.3653798430378593,-0.21042563026268513,-0.5280127896488757,-0.5573423714635299,-0.38538874605326134,-0.8766689807206799,-0.8525573153937454,-0.3986087245077137,-0.3986087245077137,10.16,1689200000.0,15617200000.0,0.07448433393419829,0.006397917214828741,1.0,0.3075933075933077,,1.287080564110877,,1.2702702702702702,0.04704083026256489,19733381114.569233,0.41202112498952137,0.2873389778411155,1.26356716406073,9.962962810305484,11.682086854469118,-0.09037323517077489,1.073931407548887,2022-01-01,,
VFC,VF Corporation,Consumer Discretionary,2022-05-31,34.9213961803612,50.459999084472656,100.25,-0.4966583632471555,181733935.19566855,-0.1702277153085574,-0.13137617209114616,-0.13952011449117024,-0.33521152422486744,-0.33083525537496716,-0.38204950677383354,-0.6403902156149321,-0.6694493755072692,-0.6601004129961698,-0.7108496073614986,-1.028436766747689,-1.0577663485623434,-0.7230227450003369,-1.2143029796677554,-1.190191314340821,-0.6458198689236728,-0.7604928831737952,3.53,1386941000.0,11841840000.0,0.28174671468140455,-0.11915138747411946,1.0,2.3942307692307687,0.849735082134341,2.495230086130596,1.740075802584134,2.490384615384615,0.0018343597337746598,19825790818.758526,0.3055987506645401,0.22626386453617572,1.674215393786652,12.435567285363803,14.29461730438319,0.020861652669931452,1.121039568863157,2022-04-02,,
ALGN,Align Technology,Health Care,2022-06-30,33.41656048733205,236.6699981689453,737.4500122070312,-0.6790697752371821,329104880.1142132,-0.12489963995137443,-0.07558805398123658,-0.0982466172481994,-0.10888580923579994,-0.13145500653210573,-0.20483335458767915,0.4942325490533612,0.3000150626457483,0.26932374424545946,0.020112369728578994,-0.4665501859139727,-0.4700795298129607,-0.2000253378296698,-0.9088469408279342,-0.9066542655504682,-0.2730383893908638,-0.2730383893908638,8.879999999999999,705942000.0,4031032000.0,0.43160203555075394,0.16894845042403062,1.0,0.5551663747810853,0.7438516557854497,1.524555096445792,1.6300030035065478,1.5288966725043782,-0.0091667143041958,18814785117.94838,0.1255013582614254,0.18105691381698094,4.6674859236911,16.7664860080361,26.652026820827178,0.01984726953304472,1.233861043722292,2022-03-31,,
BBY,Best Buy,Consumer Discretionary,2022-06-30,33.93984103060818,65.19000244140625,141.97000122070312,-0.5408184695296054,283860660.31220454,-0.016461826779233246,0.032849759190904604,0.010191195923941788,0.2590368720423024,0.23646767474599661,0.1630893266904232,0.31741609620008737,0.12319860979247443,0.09250729139218561,0.4209245483253168,-0.06573800731723489,-0.0692673512162229,0.18565952108696915,-0.5231620819112952,-0.5209694066338293,-0.056058203037285814,-0.056058203037285814,9.01,2200000000.0,50771000000.0,0.008621888471700645,0.16905104742440424,1.0,0.05380116959064307,0.8052708638360175,1.135183527305282,1.07813033094507,1.1461988304093564,-0.06549670762715643,15917647654.949362,0.2647058823529412,0.21793852676205616,0.3135184978619559,4.561553797436786,7.2352943886133465,-0.019126369274164,1.0650628411831915,2022-04-30,,
BURL,Burlington Stores,Consumer Discretionary,2022-06-30,33.29044800347292,136.22999572753906,357.3399963378906,-0.618766448973924,185583706.0927376,-0.17866840711476484,-0.129356821144627,-0.1520153844115898,0.4883652709815638,0.465796073685258,0.3924177256296846,0.15532558412781228,-0.03889190227980066,-0.06958322068008949,0.7617265472135937,0.275063991571042,0.271534647672054,0.7077002619520745,-0.0011213410461898832,0.0010713342312760332,-0.218454051531765,-0.218454051531765,3.7300000000000004,253983000.0,9041525000.0,0.2655734460287573,0.11095539951221434,1.0,-0.13657407407407407,,1.51805841274687,,1.509259259259259,0.02046164973752429,9276167025.433659,0.31490015360983103,0.45235767816412986,1.0259515983679366,16.586580960351114,36.52278705832146,-0.028477150875152568,1.2421387589865047,2022-04-30,TTM net income jumped 1.52x in one quarter,
CCL,Carnival Corporation,Consumer Discretionary,2022-06-30,30.734344700999415,8.649999618530273,72.69999694824219,-0.8810178819582547,596986803.052548,-0.1872831513257035,-0.13797156535556565,-0.16063012862252846,-0.06820788391541277,-0.09077708121171857,-0.16415542926729199,1.1768788398710743,0.9826613534634614,0.9519700350631726,1.1641617559483128,0.6774992003057612,0.6739698564067731,2.250867394697186,1.5420457916989216,1.5442384669763876,-0.29364156836162547,-0.29364156836162547,-8.32,-9419000000.0,3505000000.0,3.212740384615385,-0.991628569732233,1.0,,,,,,0.17724598674117864,9792589712.372192,0.7669902912621359,0.7669902912621359,2.7938915013900694,,,0.8370020964360587,4.6453900709219855,2022-02-28,,shares +18% y/y
CGNX,Cognex,Information Technology,2022-06-30,34.764056851256385,42.52000045776367,101.81999969482422,-0.5824003085326559,63244492.17862326,-0.02382411900128545,0.0254874669688524,0.0028289037018895853,0.11102306907692361,0.08845387178061781,0.015075523725044407,0.32486346168401736,0.13064597527640442,0.0999546568761156,0.11366488460101376,-0.3729976710415379,-0.37652701494052593,-0.23786547109404121,-0.9466870740923056,-0.9444943988148397,-0.05302684468382002,-0.188081343552705,1.5499999999999998,277366000.0,1080478000.0,0.22390497637095996,0.22719134360890547,1.0,0.22047244094488172,0.8577198060462125,1.3490913604986765,1.4329367498278742,1.3464566929133857,0.007555403705264752,7608775772.237471,0.33197167755991286,0.3450435729847494,7.042045994677792,21.46252985798873,27.432258359847534,0.041828255381844315,1.113343497822866,2022-04-03,,
DIS,Walt Disney Company (The),Communication Services,2022-06-30,32.73661420222817,94.4000015258789,203.0200042724609,-0.5350211824486499,1494629990.9287226,-0.0007415436227456995,0.04857004234739215,0.025911479080429334,-0.0796610072006253,-0.1022302044969311,-0.17560855255250452,-0.054237380817243386,-0.24845486722485632,-0.27914618562514515,0.05522866192804532,-0.43143389371450636,-0.43496323761349437,0.335564910615902,-0.37325669238236237,-0.37106401710489645,-0.10942795409720574,-0.16599576219068846,1.4500000000000002,2651000000.0,76624000000.0,0.3132241036539385,-0.25397637191223854,1.0,,0.24263225334065533,1.7717584369449377,1.248004120525367,1.7868852459016398,0.008731862741352625,172589244169.03787,0.34191113398524614,0.40957282552753477,2.2524175737241316,13.18980491599812,65.10344932819234,0.04981640817668653,1.0898574072804552,2022-04-02,TTM net income jumped 1.77x in one quarter,
GE,GE Aerospace,Industrials,2022-06-30,34.63874981992784,39.66748428344727,289.9424743652344,-0.863188432911423,539719368.628992,-0.026435641417218325,0.022875944552919525,0.00021738128595670883,0.3189107733074228,0.296341576011117,0.22296322795554357,1.2170459950251518,1.0228285086175388,0.99213719021725,3.0357006074951656,2.549038051852614,2.545508707953626,5.57789551287266,4.869073909874396,4.8712665851518615,-0.0587402260293568,-0.0587402260293568,-2.828496541944922,-4760000000.0,74165000000.0,-0.03989798956593782,,0.0,,,,,,0.14481326636549818,66755331812.91256,0.1419753086419753,0.1419753086419753,0.9000921164014368,,,-0.0004178122809854745,1.0190945926702655,2022-03-31,,
ILMN,"Illumina, Inc.",Health Care,2022-06-30,32.410477102311816,179.33851623535156,540.63232421875,-0.6682800709437643,323047282.7541782,0.03487743561735779,0.08418902158749564,0.06153045832053282,0.09676725236317929,0.07419805506687349,0.0008197070113000887,0.016977691642795723,-0.17723979476481722,-0.20793111316510604,-0.4179722268001994,-0.9046347824427511,-0.908164126341739,-0.4679893328831837,-1.176810935881448,-1.1746182606039821,-0.05917768791612854,-0.5172488534755297,4.464980544747082,701000000.0,4656000000.0,0.34062769939533544,-0.08580299181484619,1.0,0.03146067415730336,,1.2206349206349207,1.1575342465753424,1.2196261682242993,0.03600417131622291,28156068905.805866,0.528125,0.36874999999999997,6.047265658463459,513.9446963359597,40.16557618517242,0.028722934158197155,1.1419522027065938,2022-04-03,,
INTC,Intel,Information Technology,2022-06-30,34.300990402439595,37.40999984741211,75.828125,-0.5066474365888368,1531969485.2363768,-0.30419229263198755,-0.2548807066618497,-0.2775392699288125,-0.2767335775411912,-0.299302774837497,-0.3726811228930704,-0.06995908830942843,-0.26417657471704137,-0.2948678931173302,-0.12663884658716862,-0.6133014022297203,-0.6168307461287084,-0.36430766509335655,-1.073129268091621,-1.070936592814155,-0.33605317316737726,-0.33605317316737726,6.02,24620000000.0,77704000000.0,-0.00010294420424128425,0.02614482649342409,1.0,0.35280898876404443,1.2246928319156345,1.2391785786188847,1.0332545230263157,1.2386831275720163,-0.02149742269928756,152995713661.67545,0.03488372093023256,0.007751937984496124,1.968955441955053,4.9770670190047435,6.214285688938889,-0.016703786191536785,1.0425579675698515,2022-04-02,net income 1.22x operating income,
LII,Lennox International,Industrials,2022-06-30,34.930507310555456,206.58999633789065,356.3599853515625,-0.4202772341735229,75845482.77985103,0.08255151284341289,0.13186309881355074,0.10920453554658792,0.16823154387903028,0.14566234658272448,0.07228399852715107,0.6047018249650822,0.41048433855746924,0.3797930201571804,1.658783829985886,1.1721212743433342,1.1685919304443462,1.8724558044941535,1.1636342014958891,1.165826876773355,-0.013223777218623223,-0.013223777218623223,12.48,463400000.0,4277000000.0,0.11357008956467407,0.026759697382842784,1.0,0.12331233123312324,0.7879612310831491,1.1637043966323668,1.1438331535418913,1.171017101710171,-0.0352432929169364,7670977908.89251,0.37971997649149963,0.323538961038961,1.793541713559156,13.963254130370917,16.553685603997646,0.01976586156743987,1.0774838575296812,2022-03-31,,
META,Meta Platforms,Communication Services,2022-06-30,32.9388098444489,161.25,384.3299865722656,-0.5804386708459968,6267296253.83451,-0.15857357468527356,-0.1092619887151357,-0.1319205519820985,-0.25370528090719546,-0.27627447820350126,-0.3496528262590747,0.7797209915523637,0.5855035051447508,0.554812186744462,2.1333717700389543,1.6467092143964026,1.6431798704974145,3.602414825040542,2.893593222042278,2.895785897319744,-0.45370536087683144,-0.45370536087683144,13.189999999999998,37338000000.0,119666000000.0,0.26766173370480617,0.28684379132189153,1.0,0.1292808219178081,0.850543292557917,1.1545893719806763,1.1678372995072859,1.1541095890410962,-0.020078810671641967,456463419257.01294,0.01639344262295082,0.01092896174863388,3.8144787931159474,7.926482598597751,12.22517058377559,0.014729201468680397,1.1100753185944767,2022-03-31,,
MMM,3M,Industrials,2022-06-30,32.10768332064218,108.20233917236328,217.1989898681641,-0.5018285341104018,416631485.59482366,-0.13736192672449876,-0.08805034075436091,-0.11070890402132373,-0.05286097998884742,-0.07543017728515322,-0.14880852534072664,-0.18683786207276887,-0.3810553484803818,-0.41174666688067063,0.04788615478259817,-0.4387764008599535,-0.4423057447589415,0.5934258349554822,-0.11539576804278218,-0.11320309276531626,-0.2494761327280708,-0.29621996170153553,8.035117056856187,5596000000.0,35333000000.0,0.07199635922330105,0.018919253122295032,1.0,-0.016376663254861867,0.7976054732041049,1.0382456140350877,1.0308328884143085,1.0348004094165815,-0.0019000675465979944,75356747851.21954,0.25193798449612403,0.17054263565891473,2.1327582670936387,9.9426369374266,13.466180816872683,-0.0006222599349455793,1.0538228155339806,2022-03-31,,
NCLH,Norwegian Cruise Line Holdings,Consumer Discretionary,2022-06-30,32.99631587049723,11.119999885559082,64.2699966430664,-0.8269799211704373,342885009.06451243,0.021582713452168223,0.07089429942230607,0.04823573615534325,0.10071941520553107,0.07815021790922527,0.0047718698536518694,0.9577338742633574,0.7635163878557445,0.7328250694554557,0.6897483011604038,0.20308574551785208,0.19955640161886407,0.8237410877118805,0.11491948471361613,0.11711215999108204,-0.05845320370680862,-0.05845320370680862,-10.52,-4119109000.0,1166826000.0,31.298787576814483,-0.9942708323421553,0.0,,,,,,0.24227701711522087,4354039126.293288,0.8421052631578947,0.8421052631578947,3.7315239172706884,,,0.8006963113400598,7.219520475281137,2022-03-31,,shares +24% y/y
PVH,PVH Corp.,Consumer Discretionary,2022-06-30,33.828301414701414,56.900001525878906,169.22000122070312,-0.663751323038535,118588402.18042041,-0.21210536316603057,-0.16279377719589272,-0.18545234046285552,0.24221821829289358,0.21964902099658778,0.14627067294101437,0.49671811139230515,0.3025006249846922,0.2718093065844034,0.8676227444448859,0.3809601888023342,0.37743084490334616,0.21227186319751956,-0.4965497398007448,-0.4943570645232789,-0.23514420397537983,-0.23514420397537983,13.809999999999999,985500000.0,9198100000.0,0.16906671411685448,-0.11563838277113991,1.0,16.481012658227904,0.9042943659387044,4.84983498349835,1.8157512351060738,5.12658227848103,-0.06971200378546483,4060459920.6193824,0.012658227848101266,0.012658227848101266,0.44144550729165616,3.968095215445613,4.120202862120124,0.004740734267643987,1.1030900372935535,2022-05-01,,
RCL,Royal Caribbean Group,Consumer Discretionary,2022-06-30,33.552280228898525,34.90999984741211,135.64999389648438,-0.7426465063164528,258676039.8829203,0.0856490144666513,0.13496060043678915,0.11230203716982633,0.4159268238620455,0.3933576265657397,0.3199792785101663,1.9716414659506905,1.7774239795430775,1.7467326611427887,3.5668862919867976,3.080223736344246,3.076694392445258,8.0686958808921,7.359874277893836,7.362066953171302,-0.10942423133537715,-0.10942423133537715,-20.81,-5295919000.0,2549350000.0,10.690565830081304,-0.9793174921308041,1.0,,,,,,0.15071469986956498,8884215832.86434,0.8875,0.8875,3.4848945154115127,,,0.6639221268649653,6.2544068195934805,2022-03-31,,shares +15% y/y
RH,RH,Consumer Discretionary,2022-06-30,33.534052166376014,212.25999450683597,744.5599975585938,-0.7149188847066257,342799070.6063891,0.15928584609613705,0.2085974320662749,0.1859388687993121,0.2587864381236533,0.23621724082734752,0.1628388927717741,0.5527654992343645,0.3585480128267515,0.3278566944264627,0.15160656161014785,-0.3350559940324038,-0.33858533793139184,-0.10953547819512088,-0.8183570811933852,-0.8161644059159193,-0.010647293721489204,-0.023556016816155045,30.099999999999998,758601000.0,3855320000.0,0.1948837804658452,0.2743429765106278,1.0,1.1019553072625694,0.8031084681991274,1.3163134762856714,1.2204662210456831,1.360144600090375,-0.11038289613276175,5349523059.564129,0.15959272103353764,0.18111202057725448,1.3875691407105322,2.9862868139553314,7.051827060027773,0.02567295055363128,1.1326593943887333,2022-04-30,,
ROST,Ross Stores,Consumer Discretionary,2022-06-30,34.48726807563517,70.2300033569336,134.22000122070312,-0.47675456177763187,355157232.66881305,0.20413181555692428,0.25344340152706213,0.23078483826009932,0.6628530256517571,0.6402838283554513,0.5669054802998779,0.6168334850587138,0.4226159986511009,0.39192468025081206,1.1171944789911756,0.630531923348624,0.6270025794496359,0.8790809497792964,0.17025934678103205,0.17245202205849797,-0.014096327220529004,-0.014096327220529004,4.5,1584555000.0,18733264000.0,0.23204856937585938,0.07950725816436988,1.0,0.8367346938775508,,1.544208098854101,,1.5428571428571427,-0.0057633007300116335,24729622882.054646,0.22784810126582278,0.17932489451476794,1.3200915164626221,9.457318493606373,15.606667412651909,-0.009673167675358862,1.213333849363587,2022-04-30,TTM net income jumped 1.54x in one quarter,
SAM,Boston Beer Company,Consumer Staples,2022-06-30,34.360023095844696,302.9700012207031,1349.97998046875,-0.7755744488036751,56394241.04309082,0.06825755880931794,0.11756914477945579,0.09491058151249297,0.08763239821102942,0.06506320091472362,-0.008315147140849785,0.018054596820357816,-0.17616288958725512,-0.20685420798754395,0.0068653218598708765,-0.4797972337826808,-0.4833265776816688,-0.370201680728135,-1.0790232837263993,-1.0768306084489334,-0.012245408588738571,-0.16031292579636336,-4.25,-52967000.0,2072229000.0,-0.004356898606974413,0.4721567945088818,1.0,-1.2202072538860103,,0.9960466544918112,1.0044641514603723,0.9932642487046631,0.005188219020552554,3775861659.91929,0.4999301025163094,0.4999301025163094,1.8221256723650185,944.9843327266374,,-0.05664124917487989,1.1239239599246793,2022-03-26,,
SWKS,Skyworks Solutions,Information Technology,2022-06-30,31.854302265112025,92.63999938964844,204.0,-0.5458823559330959,241307782.2252546,-0.07406074071411561,-0.024749154743977764,-0.04740771801094058,-0.0038801637544612078,-0.026449361050767006,-0.09982770910634041,0.2242452527830321,0.03002776637541915,-0.0006635520248696736,0.21161808248228642,-0.27504447316026526,-0.27857381705925327,-0.12262536187279749,-0.8314469648710618,-0.8292542895935959,-0.17298519634039722,-0.17298519634039722,8.24,1369700000.0,5273300000.0,0.20524306904669398,0.34351777927900273,1.0,0.13812154696132595,0.9252229127262902,1.1716763005780346,1.1414289914730962,1.1726519337016574,-0.0062144741167132755,15399151354.854548,0.13991769547325103,0.10493827160493825,2.920211509842897,9.102139336683566,11.24271837253015,0.03205793130443291,1.1829424561194386,2022-04-01,,
VNO,Vornado Realty Trust,Real Estate,2022-06-30,31.709356702148256,28.59000015258789,99.9011688232422,-0.7138171606062693,56913680.00491914,-0.17453805622654783,-0.12522647025640998,-0.1478850335233728,-0.24052473452126844,-0.26309393181757423,-0.33647227987314765,-0.32665530626613815,-0.5208727926737511,-0.5515641110740399,-0.014006080193424197,-0.5006686358359759,-0.5041979797349638,0.4583371436770969,-0.2504844593211675,-0.24829178404370156,-0.5430610047134992,-0.5430610047134992,0.65,197456000.0,1651363000.0,0.1284457522092448,-0.20231946119077882,1.0,,,1.1219154654287808,,1.2264150943396226,0.901528391764453,8685026261.73753,0.3385557704706641,0.46473893469974087,5.259307772874607,10.741546603339565,43.98461561936598,0.03910936880588478,1.0391093688058848,2022-03-31,,shares +90% y/y
WBD,Warner Bros. Discovery,Communication Services,2022-06-30,34.809180232127616,13.420000076293944,78.13999938964844,-0.8282569723430053,461450724.45311624,-0.14307004958111513,-0.09375846361097728,-0.1164170268779401,-0.29359169237394545,-0.31616088967025124,-0.38953923772582466,-0.06557377864664937,-0.2597912650542623,-0.29048258345455114,-0.44560357563909314,-0.9322661312816448,-0.9357954751806328,-0.14605067265306926,-0.8548722756513336,-0.8526796003738677,-0.3427720085930176,-0.482861399570349,2.02,1322000000.0,12558000000.0,0.16493506493506493,-0.030575539568345356,1.0,,0.6714068054850177,1.4083503054989817,1.0290806754221389,1.3116883116883116,-0.028249092341555704,8782792129.138908,0.014583333333333332,0.0,0.69937825522686,5.119728702325412,6.6435643942049225,0.03010417521122144,1.052119281479515,2022-03-31,,
XRAY,Dentsply Sirona,Health Care,2022-06-30,33.648827534217176,35.72999954223633,69.54000091552734,-0.4861950090331635,99522021.27898079,-0.20320460139204977,-0.15389301542191192,-0.17655157868887472,-0.101490396277515,-0.12405959357382079,-0.1974379416293942,0.13757626264064093,-0.056641223766972004,-0.08733254216726083,-0.27810691956928,-0.7647694752118317,-0.7682988191108198,-0.523512779984561,-1.2323343829828253,-1.2301417077053594,-0.25576208345208173,-0.28526574182570075,1.68,368000000.0,4174000000.0,0.19427753934191694,-0.11671047310958349,1.0,1.1538461538461537,0.6630630630630631,2.1149425287356323,1.9700374531835205,2.141025641025641,-0.01806239737274218,7826571328.299386,0.21195146997636352,0.24305897833587312,1.8750769833012424,14.30705817795767,21.26785687037877,-0.018113385085862133,1.1648068669527898,2022-03-31,,
XYZ,"Block, Inc.",Financials,2022-06-30,32.85903996236546,61.459999084472656,289.2300109863281,-0.7875047652389784,1675748373.2145278,-0.10527168080678428,-0.055960094836646435,-0.07861865810360925,0.02245364608968692,-0.00011555120661888019,-0.07349389926219228,0.08314351914207174,-0.1110739672655412,-0.14176528566583002,0.04930033882903806,-0.4373622168135136,-0.44089156071250163,0.1052717428747525,-0.6035498601235119,-0.601357184846046,-0.1646599264991121,-0.3678815643858966,-0.13,-76923000.0,16564578000.0,0.25739381962858077,1.5653549486393068,1.0,-1.1710526315789473,,1.6019457883152144,2.0634800910860647,1.5657894736842104,0.2561415300043919,36366826996.72992,0.3254360465116279,0.3254360465116279,2.195457499534846,748.2763334849147,,-0.06209231613497679,1.38706299648184,2022-03-31,TTM EPS jumped 1.57x in one quarter (no operating income reported),shares +26% y/y
BAX,Baxter International,Health Care,2022-07-31,34.68870414795232,58.65999984741211,95.19000244140624,-0.3837588156012497,203766288.7462616,-0.06877447891832977,-0.010051032460814069,-0.05110891136838773,-0.21311715255545705,-0.20834546419703082,-0.2903979890256051,-0.20986436550643695,-0.33917741770194865,-0.3609122472633484,-0.35477580148945353,-0.7325638397271972,-0.7561901335341066,-0.5988569409440774,-1.1996250549231298,-1.174705039983517,-0.3521691400991658,-0.4545084214423707,2.0,1011000000.0,14193000000.0,0.1636467983930474,0.06897458369851006,1.0,-0.08256880733944938,0.7226590421729807,1.0839285714285714,1.0254437869822486,1.091743119266055,-0.01608035714285727,29652629922.86682,0.07450980392156863,0.30665266106442574,2.089243283510662,10.835059931476527,29.329999923706055,0.04784053156146184,1.0595275344180226,2022-06-30,,
BALL,Ball Corporation,Materials,2022-08-31,33.86434750615527,55.810001373291016,102.76000213623048,-0.45688983833123264,154308868.73262194,0.00852278560115538,-0.027346048317504534,-0.07058867181144461,0.014477168419612774,0.0030016798593299754,-0.07143315239632476,-0.009854159081780334,-0.1680711172030379,-0.17191687096509106,0.17169635604466404,-0.2982612067556456,-0.29393164030764646,-0.019876185736432683,-0.7229810873383509,-0.6848187365285535,-0.1757749106962152,-0.22152178803888478,2.29,748000000.0,15077000000.0,0.17982627748650137,0.13510392609699773,1.0,-0.12260536398467425,0.6672613737734165,1.2801822323462415,1.2401239349341595,1.290566037735849,-0.02008733624454173,18229642369.965797,0.5592049072132929,0.5345135491886016,1.209102763810161,14.638845348945363,24.37117963899171,0.04686849048743236,1.054285950004125,2022-06-30,,
NEU,NewMarket Corporation,Materials,2022-08-31,34.7629892914474,287.2099914550781,505.1600036621094,-0.43144748322714266,11199731.083315894,0.10815185445584818,0.07228302053718827,0.029040397043248192,0.2125909584664647,0.2011154699061819,0.12668063765052717,0.6775908472234375,0.51937388910218,0.5155281353401269,1.0864122002591214,0.6164546374588118,0.620784203906811,2.0636117602209,1.3605068586189817,1.3986692094287791,-0.024128630791383054,-0.024128630791383054,17.080000000000002,180514000.0,2452047000.0,0.21501004147901348,0.06670232069896143,1.0,-0.3428241631396691,0.7147059638675858,1.1162091395506775,1.1479266526046308,1.1130620985010706,-0.03397517044858256,3035446393.2975388,0.3868312757201646,0.3292181069958848,1.237923413905826,11.241063383543628,16.815573270203636,0.040718387511618825,1.089120665725531,2022-03-31,,growth 22% vs 7% a year earlier
BXP,"BXP, Inc.",Real Estate,2022-09-30,34.697547856554095,74.97000122070312,147.8300018310547,-0.49286342222750246,112048776.58443148,-0.08505686074550878,-0.16066605320610583,-0.2107368221326316,-0.25352367327861924,-0.40935416251695256,-0.43351719405543565,-0.15106012689273796,-0.3667201882038852,-0.3694117271744816,0.21730871883211567,-0.4364037047831686,-0.4324922845085988,0.18428337701109276,-0.7591491437416669,-0.7013131216269085,-0.3747843987785565,-0.3747843987785565,4.2,658895000.0,2989353000.0,0.0730453335936958,-0.042127876555460575,1.0,1.176165803108809,,1.5264395113653189,,1.553921568627451,-0.0405941256628386,11761275941.503616,0.03428571428571429,0.07818936877076411,3.934388458473662,,17.8500002906436,0.020524144033608804,1.0233730962461831,2022-06-30,TTM net income jumped 1.53x in one quarter,
CHTR,Charter Communications,Communication Services,2022-09-30,30.59605840078504,303.3500061035156,825.6199951171875,-0.6325791430711916,544735317.5127302,0.11785066517453968,0.04224147271394263,-0.007829296212583131,0.17886922088780555,0.023038731649472233,-0.001124299889010888,0.4498763753910522,0.23421631407990495,0.23152477510930852,0.06833683880552188,-0.5853755848097624,-0.5814641645351926,-0.09309385259190162,-1.0365263733446612,-0.9786903512299029,-0.018757218812992527,-0.22175705593856365,30.759999999999998,5501000000.0,53156000000.0,0.0633964830856022,0.07164755064851547,1.0,0.5946086054950752,0.46300816429593467,1.1036789297658862,1.0813840681254716,1.1316744427164334,-0.11249051973117019,54249947450.43692,0.050359712230215826,0.09797875984926345,1.020579943006188,7.143713210132932,9.861833748488806,0.015202444614209387,1.0226263783474152,2022-06-30,,
CLX,Clorox,Consumer Staples,2022-09-30,33.154965951901616,128.38999938964844,239.8699951171875,-0.4647517321750725,149567850.37684366,0.10238669605802175,0.0267775035974247,-0.02329326532910106,0.25343509570726774,0.09760460646893443,0.07344157493045131,0.053326614837682085,-0.16233344647346515,-0.16502498544406158,0.3561594360645517,-0.29755298755073256,-0.29364156727616275,0.06207661629927119,-0.8813559044534884,-0.8235198823387301,-0.029675168181787615,-0.0690812039193488,3.73,462000000.0,7107000000.0,-0.03187576624438082,0.09224817735456026,1.0,-0.3315412186379928,,1.854251012145749,,1.8275862068965514,-0.02656043499603522,15902461050.406857,0.625054788516327,0.7263678866242969,2.237577184523267,19.41671403458576,34.42091136451701,-0.00014068655036580946,1.0610028269602738,2022-06-30,TTM net income jumped 1.85x in one quarter,
CMCSA,Comcast,Communication Services,2022-09-30,29.517969652680335,27.488285064697266,57.91939926147461,-0.5254045205026627,915044687.5837427,0.20289784191427507,0.12728864945367802,0.07721788052715226,0.31417477643009306,0.15834428719175975,0.13418125565327663,0.559778738035142,0.34411867672399477,0.34142713775339834,0.5121401911819987,-0.14157223243328554,-0.13766081215871573,0.17677701954526515,-0.7666555012074945,-0.7088194790927361,-0.023440886886775147,-0.023440886886775147,2.8772258669165884,14037000000.0,121660000000.0,0.116238955510088,0.03261044633298282,1.0,0.14552238805970164,0.632097987121178,1.161719878068346,1.0741100323624595,1.16044776119403,-0.017022457436017602,134105932346.09673,0.08761904761904761,0.10095238095238096,1.1023009398824324,7.09196334116972,9.553745981769376,0.012230634828188647,1.0463805683563747,2022-06-30,,
COLM,Columbia Sportswear,Consumer Discretionary,2022-09-30,34.185020372527916,67.30000305175781,114.9800033569336,-0.41468080460184253,26371674.95969742,0.306077375431276,0.23046818297067895,0.1803974140441532,0.3503028681439939,0.1944723789056606,0.17030934736717748,0.11765541032983928,-0.09800465098130795,-0.10069618995190438,0.27364441671971274,-0.3800680068955715,-0.3761565866210017,-0.18519634485953917,-1.1286288656122987,-1.0707928434975404,0.003417486240805845,-0.004366415392346501,5.050000000000001,331524000.0,3273999000.0,0.16566720938686386,0.022644100726051608,1.0,0.32198952879581166,0.7578245723115747,1.2089326500582105,1.2423275579173205,1.2113636363636362,-0.01691329644311368,4418131923.115041,0.10264900662251655,0.10264900662251655,1.34946037647386,,13.326733277575803,0.003584274436548851,1.0976028280548291,2022-06-30,,growth 17% vs 2% a year earlier
CUZ,Cousins Properties,Real Estate,2022-09-30,32.080881225933155,23.350000381469727,115.03175354003906,-0.7970125668531838,26458408.50708674,0.09781314982727696,0.022203957366679905,-0.027866811559845855,-0.060022418086393636,-0.21585290732472695,-0.24001593886321007,-0.07810672840070665,-0.2937667897118539,-0.2964583286824503,0.41286779328685386,-0.2408446303284304,-0.2369332100538606,0.44812114060002406,-0.49531138015273557,-0.4374753580379772,-0.2059870245064609,-0.2059870245064609,1.9,283359000.0,751464000.0,0.011781116284330206,-0.01832072167333043,1.0,1.9230769230769225,0.5776364848363772,2.2760294117647057,1.0084854882133447,2.253012048192771,0.0045763626139456726,3482333030.5752,0.13099380393775364,0.13736850910763954,4.634065012529144,7.444670018245379,12.289473884984067,-0.0012718943251185388,1.009366820574655,2022-06-30,TTM net income jumped 2.28x in one quarter,
DLR,Digital Realty,Real Estate,2022-09-30,34.42895701160195,99.18000030517578,178.22000122070312,-0.44349680380512513,193468019.4170755,0.022216043766926097,-0.053393148693670955,-0.10346391762019672,0.013911818583346669,-0.14191867065498665,-0.16608170219346977,0.27493660728897407,0.05927654597782683,0.0565850070072304,0.7625767443333691,0.10886432071808483,0.11277574099265464,0.9381913588828101,-0.0052411618699494955,0.05259486024480886,-0.13530960638130318,-0.13530960638130318,4.58,1338793000.0,4510947000.0,0.05621613091146127,0.2523545851769118,1.0,1.647398843930636,2.133640068274289,2.4448021855422377,1.0585255406677962,2.5169491525423733,-0.1045207931864407,28991591735.49502,0.24724061810154527,0.09492273730684327,6.426941335266192,13.535982777818651,21.655021900693402,0.010332795572849385,1.0758299037360999,2022-06-30,net income 2.13x operating income,
GRMN,Garmin,Consumer Discretionary,2022-09-30,34.59205244827261,80.30999755859375,178.80999755859375,-0.5508640531563276,101735558.82976471,0.15789889199213536,0.08228969953153831,0.03221893060501255,0.27588228597567066,0.12005179673733735,0.09588876519885423,0.34844678595786394,0.1327867246467167,0.13009518567612027,1.3008339239840274,0.6471215003687432,0.651032920643313,2.267839486565175,1.3244069658124156,1.382242987927174,-0.049059828990535626,-0.049059828990535626,5.260000000000002,1014639000.0,4997059000.0,0.028237407481331633,0.29161827358282455,1.0,-0.14471544715447127,0.9066675840820098,0.9922038440214378,0.9826828707882687,0.9910873440285205,0.001966624670656447,15491569508.147144,0.42857142857142855,0.41333333333333333,3.10013740244955,11.25698981999194,15.268060372356222,-0.016932677307092248,1.103806402846194,2022-06-25,,
GWRE,Guidewire Software,Information Technology,2022-09-30,33.8798279066726,61.58000183105469,134.22000122070312,-0.5412010037923013,39695333.85835678,0.015914249969088523,-0.05969494249150853,-0.10976571141803429,0.3324131310821128,0.17658264184377948,0.15241961030529635,0.46151343494460817,0.24585337363346094,0.2431618346628645,1.970769681743496,1.3170572581282118,1.3209686784027816,2.732705322760052,1.7892728020072926,1.847108824122051,-0.15427086257748646,-0.15427086257748646,-2.16,-180431000.0,812614000.0,0.09330025414824017,0.0012932654548589717,0.0,,,,,,-0.007759069081561654,5143954310.360661,0.023255813953488372,0.023255813953488372,6.330132523388301,,,0.019015612264091875,1.0438237103551187,2022-07-31,,
HR,Healthcare Realty Trust,Real Estate,2022-09-30,32.267156184134194,20.850000381469727,44.18999862670898,-0.5281737716808226,142140377.2568718,-0.061560890766198195,-0.13717008322679525,-0.187240852153321,-0.043635125826132826,-0.19946561506446614,-0.22362864660294926,-0.21928745184497822,-0.43494751315612545,-0.4376390521267219,0.007727221668144102,-0.6459852019471402,-0.6420737816725703,0.07437632442936581,-0.8690561963233938,-0.8112201742086355,-0.2514976095004672,-0.3173589357868254,0.31000000000000005,70458000.0,789100000.0,0.045924724170656406,0.05379516103349724,1.0,-0.16216216216216206,,1.3506749190958423,,1.3513513513513513,0.03477380376360606,4738868796.379334,0.039735099337748346,0.13828860230045312,6.005409702673089,,67.25806574667652,0.014812585682281831,1.0172109875436142,2022-06-30,,
IDCC,InterDigital,Information Technology,2022-09-30,33.158840930425484,40.41999816894531,102.3000030517578,-0.6048876152183968,13059168.534493824,0.23329146555825164,0.1576822730976546,0.10761150417112883,0.8280411224806541,0.6722106332423208,0.6480476017038377,1.029222986529264,0.8135629252181167,0.8108713862475203,2.640353410452495,1.9866409868372106,1.9905524071117804,7.974436040869515,7.031003520116755,7.088839542231513,0.08535364278507163,0.08535364278507163,2.8000000000000003,87169000.0,481286000.0,0.3814932502059527,-0.019727512155591542,1.0,1.9473684210526319,0.6119226962253688,1.7243583746530702,1.7788033564392558,1.735294117647059,-0.0016137316081616948,1258346721.5674264,0.12883435582822086,0.13292433537832313,2.6145508524399763,4.342448975612451,14.435713631766182,0.08308953920659645,1.1607521650147397,2022-06-30,,
IP,International Paper,Materials,2022-09-30,33.610348730464494,31.700000762939453,63.39015197753906,-0.49992231010628174,119235238.48820338,0.10641405909344592,0.03080486663284887,-0.01926590229367689,0.16584389459720916,0.010013405358875849,-0.014149626179607272,0.17931395532328454,-0.0363461059878627,-0.03903764495845913,0.7050036423478718,0.051291218732587573,0.055202639007157384,0.6785908810151151,-0.2648416397376445,-0.20700561762288616,-0.04807772067674876,-0.04807772067674876,4.829999999999999,1842000000.0,20626000000.0,-0.033503584649266616,0.002678068032324843,1.0,0.7833846153846153,,1.5799648506151143,,1.6561118881118884,-0.09238357221088178,12089317061.145855,0.32515337423312884,0.1901840490797546,0.586120288041591,,6.563147155888086,0.030939171290048417,1.0332593089913753,2022-06-30,TTM net income jumped 1.58x in one quarter,
KRC,Kilroy Realty Corp,Real Estate,2022-09-30,32.07875709600046,42.11000061035156,90.1500015258789,-0.5328896295330261,44841023.59393286,-0.06849181678032046,-0.1441010092409175,-0.19417177816744327,-0.2058748423730874,-0.3617053316114207,-0.3858683631499038,-0.19716209232708715,-0.4128221536382344,-0.4155136926088308,0.04356420765824076,-0.6101482159570435,-0.6062367956824737,0.20757018578791042,-0.7358623349648492,-0.6780263128500909,-0.3629842513085926,-0.3629842513085926,1.6500000000000004,194907000.0,1030096000.0,0.12055260939327184,0.04878889141151688,1.0,-0.708994708994709,,1.0613479560664558,,1.0645161290322578,0.01305521867188042,4974262963.007146,0.0,0.1464968152866242,4.82893144231911,,25.521212491122153,0.045894232380101485,1.0458942323801015,2022-06-30,,
KTOS,Kratos Defense & Security Solutions,Industrials,2022-09-30,32.653403610600094,10.15999984741211,1635.0,-0.9937859328150385,10606384.806145562,0.015748016714081547,-0.059861175746515505,-0.10993194467304127,0.32677162841393814,0.17094113917560483,0.1467781076371217,0.47834652395093014,0.2626864626397829,0.2599949236691865,1.2933070459637235,0.6395946223484392,0.643506042623009,7.9931106416163225,7.049678120863563,7.107514142978321,-0.12401577242176587,-0.12401577242176587,-0.19999999999999998,-25600000.0,832600000.0,0.030828277825925454,0.14001411432604094,1.0,-1.2857142857142856,-1.5421686746987953,0.9425149700598803,1.0072202166064983,0.9428571428571428,0.07305389221556924,1300479980.4687502,0.5930200777882897,0.49508567223799016,1.561950492996337,33.84335618808276,,0.02347879532882602,1.044890038809832,2022-06-26,,
LUV,Southwest Airlines,Industrials,2022-09-30,33.927486624460556,30.84000015258789,66.98999786376953,-0.5396327640537631,212724519.55584875,0.0917638402654124,0.016154647804815347,-0.03391612112171041,0.06625007814487316,-0.08958041109346015,-0.11374344263194328,-0.10316315625525452,-0.31882321756640175,-0.3215147565369982,0.0052809092614070074,-0.6484315143538772,-0.6445200940793074,0.10727835958282483,-0.8361541611699348,-0.7783181390551764,-0.12337262495689472,-0.2741155555391752,1.6199999999999999,996000000.0,21152000000.0,1.1439286438272855,-0.4060562278008548,1.0,,0.5147286821705427,977.0,4.807262569832402,1.7052631578947364,0.07842049290239061,18960888982.702183,0.1319652986319653,0.29012345679012347,0.896411165974952,4.047348709415355,19.037037131227095,0.14756944444444442,1.4369356248179435,2022-06-30,,
MDT,Medtronic,Health Care,2022-09-30,33.56235383295514,80.75,135.88999938964844,-0.40576936961741417,495885007.7786037,-0.028961161547198633,-0.10457035400779569,-0.15464112293432145,0.015913269934982655,-0.13991721930335066,-0.16408025084183378,0.0037092401631659833,-0.21195082114798125,-0.21464236011857768,0.19224406118887805,-0.4614683624264062,-0.4575569421518364,0.30269896708593813,-0.6407335536668215,-0.5828975315520631,-0.06167206681201576,-0.11823193254277586,3.8699999999999997,5205000000.0,31070000000.0,-0.016678798620122115,0.13141404375693777,1.0,0.3531468531468529,0.8649052841475573,1.2117465224111283,1.1355460385438971,1.2132867132867133,-0.009121806469133742,108605620155.03877,0.12204437447155896,0.10907023528382752,3.495514005633691,14.095691372969362,20.865633074935403,-0.019440762481853224,1.0784573515720117,2022-07-29,,
MMS,Maximus Inc.,Industrials,2022-09-30,34.50789941593145,57.869998931884766,96.0500030517578,-0.3975013316688729,22249946.522425093,0.27284216153104923,0.19723296907045218,0.14716220014392642,0.370610858296349,0.21478036905801567,0.19061733751953255,0.30980102266892673,0.0941409613577795,0.09144942238718307,0.6579653530458514,0.004252929430567098,0.008164349705136908,0.6518946102393495,-0.29153791051341016,-0.2337018883986518,-0.05892521376801274,-0.05892521376801274,3.0,186775000.0,4560118000.0,0.11981955655310772,0.23674516736736506,1.0,-0.3827160493827161,0.6681249575211679,0.9630940934065934,0.9852079406653123,0.9614561027837257,-0.0008964922881850024,3602889683.500926,0.4577922077922078,0.12012987012987013,0.790086941500401,,19.28999964396159,-0.025168597645116253,1.0917378975428196,2022-06-30,,
NKE,"Nike, Inc.",Consumer Discretionary,2022-09-30,34.46871869869284,83.12000274658203,179.10000610351562,-0.5359017313570575,766160211.4611187,0.41204491143872457,0.3364357189781275,0.2863649500516018,0.4842061573355283,0.328375668097195,0.3042126365587119,0.1649097246996969,-0.05075033661145034,-0.05344187558204677,0.09353105075706081,-0.5601813728582234,-0.5562699525836536,-0.11828186940326024,-1.0617143901560198,-1.0038783680412615,-0.010827571433283278,-0.1286906938746366,3.75,6046000000.0,46710000000.0,0.04876734473932376,0.1907600994572627,1.0,0.05337078651685401,,1.0621616902392177,,1.0589887640449436,0.0022122111634945707,134011609761.556,0.5205882352941176,0.4392156862745098,2.8690132682842218,18.303150076215527,22.165334065755207,-0.0023494233233660733,1.156620874126782,2022-05-31,,
PNR,Pentair,Industrials,2022-09-30,34.62262697440309,40.630001068115234,80.4000015258789,-0.49465173759931613,65261141.334236994,0.11288739409889392,0.03727820163829687,-0.01279256728822889,0.3734954070946519,0.21766491785631858,0.19350188631783546,0.6211878766922216,0.4055278153810744,0.402836276410478,1.4795222254839975,0.8258098018687132,0.829721222143283,1.8370782649428663,0.8936457441901067,0.951481766304865,-0.04750172844535283,-0.04750172844535283,3.38,562800000.0,4021600000.0,0.18230192562104963,0.17613498841672137,1.0,0.19434628975265,0.8597616865261228,1.0900847624679677,1.0689533861037819,1.0927152317880793,-0.006912290109177377,6765255799.152442,0.20972631335947103,0.19557597400744134,1.6822299082833803,10.670141198574479,12.020710375182022,0.03157624727459285,1.0717774206761823,2022-06-30,,
SMTC,Semtech,Information Technology,2022-09-30,33.243045220981244,29.40999984741211,94.91999816894533,-0.690160130480975,41283619.92917742,-0.024481445667802304,-0.10009063812839936,-0.15016140705492512,-0.1791907679396807,-0.335021257178014,-0.3591842887164971,-0.12444746230538206,-0.3401075236165293,-0.3427990625871257,0.552533154855827,-0.10117926875945726,-0.09726784848488745,1.4294456755847054,0.48601315483194574,0.5438491769467041,-0.3940836522516248,-0.5535532069852671,2.4499999999999997,158860000.0,796885000.0,0.18209220463085063,0.21383248045461256,1.0,0.7753623188405796,0.8296557811120918,1.179931445743532,1.1984578894738147,1.1851851851851851,-0.011725756769098816,1906968398.2693422,0.004115226337448559,0.004115226337448559,2.3930283519822084,7.901973718639667,12.004081570372291,0.03138610081086157,1.065336361208432,2022-07-31,,
TRU,TransUnion,Industrials,2022-09-30,34.03978019855168,59.4900016784668,125.3499984741211,-0.52540883603801,102846045.45183939,-0.04452225397384768,-0.12013144643444473,-0.1702022153609705,0.04796271705101662,-0.10786777218731669,-0.1320308037257998,0.21419248441321126,-0.0014675768979359738,-0.004159115868532404,0.7807951337653436,0.12708271015005934,0.13099413042462915,0.43211989186291033,-0.5113126288898493,-0.45347660677509094,-0.15414351491802725,-0.2881270516997675,6.61,1275400000.0,3402600000.0,0.1676332315294602,0.08053691275167796,1.0,1.7541666666666664,2.121776742638496,2.9425116673737803,1.0382761553728381,2.9346938775510205,0.006477247431246447,11478600323.860294,0.07954545454545454,0.06060606060606061,3.373479199394667,15.996871751858452,9.00000025392841,0.06912587192861186,1.0751300587798123,2022-06-30,net income 2.12x operating income,
COHR,Coherent Corp.,Information Technology,2022-10-31,34.77530354064304,33.61000061035156,100.44000244140624,-0.6653723636659741,79576956.39244564,0.29128237839163007,0.23396473046335364,0.18763688007525992,0.015769079728419788,-0.07025840887375656,-0.04965245309431042,-0.11930973389053712,-0.21918663631238267,-0.17154612415406906,1.7503719358141159,1.2346102276248687,1.2644519957957465,2.9262125652334787,2.0860163747752014,2.225836218247468,-0.21779231067820115,-0.21779231067820115,1.45,234759000.0,3316616000.0,0.06784687550207003,0.3049572890892751,1.0,-0.38818565400843885,0.5666483222059697,1.094766629026187,1.0577532446091824,1.0506329113924051,0.28955455829916965,5441551816.058981,0.07499793166211632,0.22790711398306338,1.640693953131439,7.35958568659609,23.1793107657597,0.02438674845413047,1.162883796323723,2022-06-30,,shares +29% y/y
HAS,Hasbro,Consumer Discretionary,2022-10-31,34.286020466408075,65.25,126.87000274658205,-0.4856940286323287,85394651.407042,-0.08228074185775991,-0.13959838978603634,-0.18592624017413006,-0.07046376188763415,-0.1564912504898105,-0.13588529471036437,-0.2719953371636312,-0.37187223958547677,-0.32423172742716316,0.09651285550459177,-0.4192488526846554,-0.3894070845137775,0.3286852608762605,-0.5115109295820168,-0.37169108610975055,-0.30198623575614403,-0.3121445409654232,3.8800000000000003,538600000.0,6485700000.0,0.09251242314495078,0.19470021205350174,1.0,0.27213114754098355,0.6130904951622083,1.4412630452234412,1.1936141304347827,1.4370370370370371,0.009453602766104297,9057641752.57732,0.3638211382113821,0.30284552845528456,1.3965557692426909,11.878986149799518,16.81701030927835,0.0026280396370212955,1.0843714609286523,2022-06-26,,
LIVN,LivaNova,Health Care,2022-10-31,34.15312495121185,47.09999847412109,131.5399932861328,-0.6419340057919369,24312202.447243344,0.19320599965238494,0.1358883517241085,0.08956050133601479,0.01698520334766851,-0.06904228525450784,-0.0484363294750617,0.04140129142490068,-0.05847561099694487,-0.010835098838631249,0.09596604255193708,-0.4197956656373101,-0.38995389746643216,0.11740982533221489,-0.7227863651260624,-0.5829665216537961,-0.14522293788069007,-0.14522293788069007,-0.5300000000000002,-29133000.0,1017605000.0,-0.004031421401474389,0.04172193600549745,0.0,,-0.35339713963390224,,,,0.12943624661038444,2588989161.4086204,0.047058823529411764,0.07058823529411765,2.5441985460061813,27.84156163617533,,-0.010051199635775387,1.0875802466770346,2022-06-30,,
ALLY,Ally Financial,Financials,2022-12-31,33.886361266993774,24.450000762939453,56.61000061035156,-0.5680975004535049,138060781.22786266,0.05252788093870664,-0.022054316145551756,0.0014116359074388268,0.12831044167123995,-0.03954938587407297,0.006819285285402793,0.49223949911005693,0.23048151211046153,0.2585253298831034,0.587251534822699,0.011486383754384377,0.08495003677568613,1.062090391407387,0.20711480219975575,0.27426952390875226,-0.10871673874230192,-0.10871673874230192,5.98,2088000000.0,8426000000.0,0.054832248372558734,0.25834908632640197,1.0,-0.27427184466019416,,0.9886914378029079,,0.9975728155339806,-0.07040052733667967,8537057122.57819,0.07905310971348707,0.06489719509354423,1.0131802898858522,3.244979417765683,4.088628890123654,0.0036926742108398525,1.07852228537242,2022-09-30,,
AMZN,Amazon,Consumer Discretionary,2022-12-31,34.320479601685165,84.0,188.6540069580078,-0.5547404406909977,7814394153.80123,0.2296428680419922,0.1550606709577338,0.17852662301072436,0.5519047691708518,0.3840449416255389,0.43041361278501467,0.8088095528738839,0.5470515658742885,0.5750953836469304,1.6117857070196244,1.0360205559513098,1.1094842089726116,1.747857230050223,0.8928816408425919,0.9600363625515884,-0.030595234462193033,-0.030595234462193033,1.1004999999999998,11323000000.0,502191000000.0,0.096570698634175,0.316199399330354,1.0,-0.5695286524545278,0.8729473440752448,1.270380383048395,0.8793651915735897,1.2675532955212205,0.0015506653825996253,864272603362.1084,0.14044943820224717,0.12775829576087214,1.7210037682119121,16.853413322510782,76.32894139027717,0.0335232207317524,1.109554670996853,2022-09-30,,
FIS,Fidelity National Information Services,Financials,2022-12-31,34.59361818548906,67.8499984741211,158.2100067138672,-0.5711396523935928,486598030.33318895,-0.19259014887562387,-0.26717234595988226,-0.2437063939068917,-0.17934106738424227,-0.3472008949295552,-0.30083222377007945,-0.08212843988409257,-0.343886426883688,-0.3158426091110461,0.25712533041089847,-0.31863982065741614,-0.24517616763611438,0.05790851036966238,-0.7970670788379688,-0.7299123571289723,-0.289535405937567,-0.289535405937567,1.53,937000000.0,14486000000.0,0.0713704607647363,0.0749721736365081,1.0,3.25,0.6470994475138122,2.182254196642686,1.3754889178617993,2.194029850746269,-0.04143222506393873,41552580764.87024,0.3403407031533164,0.2889146011654167,2.8684647773622975,10.387741718783827,44.34640423145169,0.0068112315818738,1.0405607623848152,2022-09-30,,
D,Dominion Energy,Utilities,2023-02-28,32.9775680108166,55.619998931884766,90.88999938964844,-0.3880514984554022,334738992.0754024,-0.0848407757177948,-0.14334965871189798,-0.05132387919608648,-0.09236675293767938,-0.2374433971278852,-0.16291489646343166,-0.07996158758709548,-0.3816375643385691,-0.2942747197973878,0.14231685607101552,-0.3994695223556517,-0.25625562254902773,0.33286521388614143,-0.46805407876864935,-0.42301111203009634,-0.2673861983478778,-0.2673861983478778,2.8000000000000003,2377000000.0,16141000000.0,0.18640205806688726,-0.18615780343363042,1.0,-0.11392405063291133,0.8912635920509936,1.2506656523392925,1.0948275862068966,1.2594936708860758,0.020393414117263475,47217406236.1036,0.621264367816092,0.4781045751633987,2.9253086076515458,16.21969923345059,19.864285332815985,0.08103944812805564,1.0810394481280556,2022-09-30,,
SIRI,SiriusXM,Communication Services,2023-02-28,34.630308818402455,43.900001525878906,694.375,-0.9367776755702915,84650740.43061937,-0.1837572657443266,-0.24226614873842978,-0.1502403692226183,0.013877165866817753,-0.13119947832338807,-0.05667097765893453,0.029554387476275812,-0.2721215892751978,-0.1847587447340165,-0.4145244713356935,-0.9563108497623607,-0.8130969499557368,-0.4410019284261336,-1.2419212210809243,-1.1968782543423715,-0.24373596015734067,-0.5097232523303123,3.0999999999999996,1213000000.0,9003000000.0,0.035303587856485796,0.08159203980099505,1.0,-0.03125,0.5957760314341847,1.0684931506849316,1.1270471464019851,1.09375,-0.0470859724063436,17177645758.351974,0.0608974358974359,0.08584074655503227,1.907991309380426,10.998611654947009,14.16129081479965,0.00022219753360741556,1.0349864964399704,2022-12-31,,
COLB,Columbia Banking System,Financials,2023-03-31,34.5241460273366,21.420000076293945,50.68000030517578,-0.5773480673379872,72926449.95673952,-0.03675537487702596,-0.12355900024337907,-0.09755139978055763,-0.017755145753580615,-0.06951842127700114,-0.04997957417805621,-0.029212964807978192,-0.32539681920286134,-0.3186646238414286,0.32705752469609295,-0.07677101564331723,-0.018301449283047222,0.5403509222630369,-0.11043242183004698,-0.12605207558065845,-0.18113896604546953,-0.18113896604546953,3.2,250178000.0,85825000.0,0.030163721912809693,,1.0,0.15107913669064765,,1.1159543765584365,,1.1188811188811192,0.07160111182329154,1674628993.4647083,0.12666666666666668,0.06333333333333334,19.512135082606562,3.543050379095356,6.693750023841858,,,2022-12-31,,
UMBF,UMB Financial Corp.,Financials,2023-03-31,32.358543304933335,57.720001220703125,112.23999786376952,-0.48574481183828644,27297200.905088395,0.06114828499948888,-0.025655340366864232,0.00035226009595721447,0.08794923849184899,0.036185962968428464,0.0557248100673734,0.5402486814186627,0.24406482702377952,0.2507970223852123,0.8185927645123166,0.41476422417290637,0.4732337905331764,1.058751304139582,0.40796796004649805,0.3923483062958866,-0.12196815301008856,-0.12196815301008856,8.86,431682000.0,,,,1.0,0.22375690607734788,,1.136879057045679,,1.1373333333333335,-0.0007551140416590663,2812266994.013044,0.17751479289940827,0.08875739644970414,,0.6856312197909542,6.514672824007125,,,2022-12-31,,
WAL,Western Alliance Bancorporation,Financials,2023-03-31,33.56527173957717,35.540000915527344,124.93000030517578,-0.715520684953885,224825296.8610249,0.039789334529974685,-0.047014290836378425,-0.02100669037355698,0.3199407774499039,0.2681775019264834,0.2877163490254283,0.8685683638884247,0.5723845094935416,0.5791167048549744,1.279695938665291,0.8758673983258809,0.9343369646861509,1.1428251899217177,0.49204184582863375,0.4764221920780223,-0.680641617078225,-0.680641617078225,9.7,1057300000.0,44100000.0,0.1728723404255319,,1.0,0.11880046136101496,,1.0529359430604983,,1.0374331550802138,0.05096752669039151,3873860099.792481,0.17037037037037037,0.08518518518518518,87.84263264835558,4.950900271037137,3.6639176201574584,,,2022-12-31,,
ZION,Zions Bancorporation,Financials,2023-03-31,30.72691711978443,29.93000030517578,88.55999755859375,-0.6620370242741564,133671813.49337442,-0.0868147358493242,-0.1736183612156773,-0.14761076075285587,0.19995840576269241,0.1481951302392719,0.16773397733821682,0.5267157531992841,0.23053189880440095,0.23726409416583372,0.8133132827779133,0.4094847424385031,0.4679543087987731,1.165622435582561,0.5148390914894772,0.4992194377388657,-0.3899098395076095,-0.3899098395076095,5.79,907000000.0,3152000000.0,0.08278941944349016,0.04299534217126477,1.0,-0.1472754050073638,,1.0849282296650717,,1.0883458646616542,-0.05788361779495199,4688516455.404911,0.45652173913043476,0.3043478260869565,1.4874734947350605,10.43504938175875,5.169257392949185,0.043017868960953054,1.046398891966759,2022-12-31,,
FFIN,First Financial Bankshares,Financials,2023-04-30,34.26119266065595,29.26000022888184,55.0,-0.46799999583851204,21731970.826739356,0.12046120470826338,0.0157308461286898,0.0070820180253486215,-0.167632061220782,-0.18038442151093892,-0.15730663692565358,0.035283959994362846,-0.1890788032362014,-0.19342449715990503,0.19852056002458607,-0.17125428468222648,-0.14550673096867844,0.18116156936832817,-0.6143575787516278,-0.6971271953019443,-0.2095099374293552,-0.2095099374293552,1.64,234475000.0,,,,1.0,0.03144654088050314,,1.0181584707169837,,1.018987341772152,-0.0010354454996019946,4183377166.870165,0.27647058823529413,0.2088235294117647,,13.828169926017807,17.841463554196245,,,2022-12-31,,
GBCI,Glacier Bancorp,Financials,2023-04-30,34.68054724946123,33.22999954223633,67.3499984741211,-0.5066072710453766,28157525.3438556,-0.005142723517549186,-0.10987308209712277,-0.11852191020046395,-0.07107264451979156,-0.08382500480994848,-0.06074722022466314,0.13322014691088735,-0.0911426163196769,-0.09548831024338053,0.31666065249449415,-0.05311419221231839,-0.027366638498770357,0.63096205608357,-0.1645570920363859,-0.24732670858670247,-0.19440257713442533,-0.19440257713442533,2.74,303202000.0,82850000.0,0.270822468325306,0.1957813646368305,1.0,-0.04195804195804187,,1.1056324161117876,,1.1275720164609055,0.11140698809170324,3677154131.826693,0.203125,0.11332720588235294,44.38327256278447,,12.127737059210338,0.02961462462872988,1.0843076923076924,2022-12-31,,
KEY,KeyCorp,Financials,2023-04-30,34.547262550932274,11.260000228881836,44.875,-0.7490807748438588,324299289.5872812,0.11587706370837814,0.011146705128804557,0.002497877025463377,-0.055786472337969295,-0.06853883262812621,-0.045461048042840874,0.38176626073533826,0.157403497504774,0.15305780358107038,0.48677376587034993,0.11699892116353738,0.14274647487708542,1.3165202824057918,0.5210011342858358,0.43823151773551927,-0.24156298850055968,-0.24156298850055968,1.93,1917000000.0,7272000000.0,-0.0027427317608338386,0.08592702903946381,1.0,-0.26615969581749044,,0.9543237250554324,,0.9563318777292574,-0.004843819393042237,11184155667.754654,0.146875,0.11678459119496855,1.5379752018364485,7.787949460520108,5.834197009783335,-0.00669307471656877,1.0422933730454207,2022-12-31,,
PNFP,Pinnacle Financial Partners,Financials,2023-04-30,34.93486855437587,54.22999954223633,111.30999755859376,-0.5128020776957651,49361327.40752205,0.40605219991694996,0.3013218413373764,0.2926730132340352,0.15868991469078075,0.14593755440062384,0.16901533898590917,0.4337081136326546,0.20934535040209035,0.20499965647838672,0.8910379348468682,0.5212630901400557,0.5470106438536038,0.8906894515186004,0.0951703033986444,0.012400686848327847,-0.1976796336988873,-0.1976796336988873,,,,,,,,,,,,,,,,,,,,,,,
TFC,Truist Financial,Financials,2023-04-30,34.482250263143385,32.58000183105469,68.94999694824219,-0.527483636358808,493987316.64918566,0.03900902736863743,-0.06572133121093615,-0.07437015931427733,-0.09809271468989378,-0.1108450749800507,-0.08776729039476536,0.23275204728590193,0.008389284055337676,0.0040435901316340506,0.32097600492980893,-0.04879883977700361,-0.02305128606345558,0.8598108707326109,0.06429172261265492,-0.018477893937661638,-0.21546967726161537,-0.21546967726161537,4.43,5927000000.0,,,,1.0,-0.008948545861297563,,1.01472350624893,,1.0183908045977013,-0.008699332003551552,43589541953.19665,,0.02197802197802198,,,7.354402219199704,,,2022-12-31,,
VIAV,Viavi Solutions,Information Technology,2023-04-30,34.64468945398431,8.960000038146973,698.16552734375,-0.9871663671619016,21193004.51338329,0.21316962491968017,0.10843926634010659,0.09979043823676541,-0.13169640885209866,-0.14444876914225557,-0.12137098455697024,-0.11830356453868507,-0.3426663277692493,-0.347012021692953,0.18080355788638114,-0.1889712868204314,-0.16322373310688337,4.848214431114647,4.052695282994691,3.9699256664443743,-0.1897321207619901,-0.26339287092262986,0.33999999999999997,76700000.0,1245500000.0,-0.008280914085516344,0.13409788694238767,1.0,,0.47492260061919506,6.638709677419355,1.090159104301709,6.428571428571428,-0.031810148952284734,2021270596.8408024,0.06467261469455414,0.10721014781201071,1.6228587690411902,11.302649347790341,26.35294128866757,-0.023749804044521095,1.0426223586779844,2022-12-31,TTM net income jumped 6.64x in one quarter,
CBSH,Commerce Bancshares,Financials,2023-05-31,30.91661419017555,41.42101287841797,68.33367156982422,-0.393841836288667,35604291.02729525,0.02948700104016888,-0.052295743145441165,-0.08002972676223785,0.06628860316876972,-0.03389380532358022,-0.038754109199716294,0.24467041464028183,-0.03570996652656966,-0.05121128872240244,0.5059764380791802,0.05680782582617794,0.07511547691630999,0.3360171182346616,-0.5453080524209815,-0.5825029167660232,-0.09417162745865171,-0.09417162745865171,3.519274376417233,489697000.0,,,,1.0,-0.08056872037914686,,1.0354522268416735,,1.0077922077922077,0.02830712946209779,5763615897.482917,0.08771929824561403,0.049707602339181284,,5.1089153151309565,11.7697594583649,,,2023-03-31,,
CVS,CVS Health,Health Care,2023-05-31,34.84425282732738,68.02999877929688,113.6500015258789,-0.4014078498379433,628153957.2370983,-0.03418442841861713,-0.11596717260422718,-0.14370115622102386,0.015658631537589063,-0.08452377695476088,-0.08938408083089695,-0.09236007473685581,-0.3727404559037073,-0.3882417780995401,0.020342426858408702,-0.4288261853945936,-0.41051853430446156,0.5025924235937111,-0.37873274706193194,-0.41592761140697365,-0.1963732558452096,-0.32166613986482284,3.02,3931000000.0,330919000000.0,0.10365194770544295,0.10622472772350289,1.0,-0.49750415973377704,0.5140578004446188,1.3158896289248334,1.218499292118924,1.324894514767933,-0.022008959729237554,88551630861.39604,0.5855947639776481,0.5724120897780248,0.26759306918428993,10.894785654347126,22.526489662018832,0.02621043393587552,1.0268402644550043,2023-03-31,,
FHN,First Horizon,Financials,2023-05-31,28.648185934029755,10.3100004196167,46.46669006347656,-0.7781206191890888,183844125.4444425,0.23342322115590175,0.1516404769702917,0.12390649335349502,0.2736527725495752,0.17347036405722527,0.1686100601810892,0.6107714060311054,0.33039102486425387,0.3148897026684211,1.0948967666373517,0.6457281543843494,0.6640358054744815,1.6263056649868415,0.7449804943311984,0.7077856299861567,-0.005819356038722967,-0.005819356038722967,1.6199999999999999,956000000.0,,,,1.0,-0.03571428571428592,,1.0622222222222222,,1.0588235294117647,0.03164142290052818,6084173087.13183,,0.029850746268656716,,,6.364197789886852,,,2023-03-31,,
IFF,International Flavors & Fragrances,Materials,2023-05-31,34.923851014993375,77.29000091552734,157.39999389648438,-0.5089580437572452,161933706.06218368,-0.0789530500523794,-0.16073579423798945,-0.18846977785478614,-0.0029621278575470145,-0.10314453634989695,-0.10800484022603303,0.29098875562590765,0.010608374459056158,-0.0048929477367766205,0.04603392788700966,-0.40313468436599265,-0.3848270332758606,0.06429177353024351,-0.8170333971253996,-0.8542282614704413,-0.18798807005052787,-0.18798807005052787,-8.32,-2118000000.0,12241000000.0,-0.014174116131110526,1.0020189483185025,1.0,-4.665198237885463,,1.1398230088495576,1.1117136659436009,1.118942731277533,0.022774846834581197,19675507444.60179,0.1111111111111111,0.1111111111111111,1.6073447793972544,,,-0.015996784565916355,1.304728663310137,2023-03-31,,
TSN,Tyson Foods,Consumer Staples,2023-05-31,32.87926404040462,50.63999938964844,100.72000122070312,-0.49722002803908505,205143865.2499305,0.06130490175179637,-0.020477842433813676,-0.04821182605061036,-0.05698823494875416,-0.1571706434411041,-0.16203094731724016,0.1732418958950417,-0.1071384852718098,-0.12263980746764258,0.18901529265173767,-0.26015331960126464,-0.2418456685111326,0.3257072388524982,-0.5556179318031449,-0.5928127961481866,-0.1046547128054287,-0.1046547128054287,4.18,1507000000.0,53625000000.0,0.044527552153333705,0.18724850839461626,1.0,-0.6237623762376238,0.6797474064050518,1.0002466699555994,0.9948047294876389,1.0018001800180019,-0.011976475475813375,18257052411.531147,0.46737217237233536,0.39472442835103555,0.34045785382808663,7.761157125409597,12.114832389868049,0.00029845734857958384,1.056796632903196,2023-04-01,,
USB,U.S. Bancorp,Financials,2023-05-31,33.277817952051876,29.899999618530277,63.56999969482422,-0.5296523554810604,665411451.5854669,0.2401570742759469,0.15837433009033686,0.13064034647354017,0.3135241256404808,0.21334171714813088,0.20848141327199482,0.4291000981917681,0.1487197170249166,0.13321839482908382,0.6082331933158573,0.15906458106285504,0.17737223215298709,1.1095230330425068,0.22819786238686368,0.19100299804182197,-0.019063444613456104,-0.019063444613456104,3.74,5966000000.0,,,,1.0,-0.19396551724137923,,1.024206008583691,,1.013550135501355,0.022329896298046936,47696095648.16888,,0.01092896174863388,,,7.994652304419859,,,2023-03-31,,
VLY,Valley Bank,Financials,2023-05-31,33.41828379477353,7.380000114440918,20.36188507080078,-0.6375581097339589,61900727.94578946,0.2600570360736665,0.17827429188805644,0.15054030827125975,0.2643258285269119,0.16414342003456195,0.15928311615842589,0.015821423004144908,-0.2645589581627066,-0.28006028035853936,0.319648923585391,-0.12951968866761132,-0.11121203757747927,1.1568013374917552,0.2754761668361121,0.23828130249107038,-0.03831773285087259,-0.07251079894655643,1.15,598674000.0,,,,1.0,0.03603603603603589,,1.1235497671331904,,1.0857142857142854,0.21689127385816231,3841925381.3154807,,0.0,,,6.417391403861668,,,2023-03-31,,shares +22% y/y
CCI,Crown Castle,Real Estate,2023-07-31,34.5863307792424,108.29000091552734,209.8699951171875,-0.4840138970077156,338336793.3536469,-0.12736404120111255,-0.044105717054323534,-0.020817672095889653,0.029750187728011968,-0.033068988615625905,-0.012457111404522166,0.07917725016732047,-0.1408458741197569,-0.11324513700875236,0.09012206886157159,-0.32734858807184386,-0.236303242776566,-0.17044853509034807,-0.8642627466767424,-0.8468622300796219,-0.2048858712343451,-0.2048858712343451,3.8600000000000003,1672000000.0,7017000000.0,0.06366530241018653,0.11737804878048785,1.0,0.1454005934718101,0.686652977412731,1.0589444825222756,1.0405343159834177,1.059347181008902,0.0005149385447482668,46906964127.14034,0.10211946050096339,0.12298375997797963,6.684760457052921,16.627007976677184,28.054404382260966,0.004437446321213789,1.0405362776025238,2023-03-31,,
DG,Dollar General,Consumer Staples,2023-08-31,30.461783972804653,138.5,262.2099914550781,-0.4717973970731476,510231396.38390917,-0.048005208295994195,-0.06501385851308694,-0.045692790345944326,0.059626268681835404,-0.07713255297067856,-0.060480669915729576,-0.3899563542539177,-0.6591119753084791,-0.6307345487439229,-0.1789814065149301,-0.64943552969106,-0.5740525392381843,-0.023745603487616784,-0.7916852582193225,-0.7365541909841178,-0.3920886094446512,-0.5042694126559923,9.759999999999998,2168517000.0,38806811000.0,0.09790144680277058,0.04993392159662502,1.0,-0.02788844621513953,0.6990951648526657,1.02620835947359,1.0427674441701649,1.0389105058365757,-0.036465201069524666,30772500461.065582,0.14492753623188406,0.06211180124223603,0.7929664836686937,9.701946671680965,14.190573770491806,0.009638481996062875,1.042747684951238,2023-08-04,,
UGI,UGI Corp,Utilities,2023-08-31,34.90682617458708,25.18000030517578,59.310001373291016,-0.5754510247488368,68775689.01746841,-0.11262352343122772,-0.12963217364832047,-0.11031110548117785,0.004223241219764473,-0.1325355804327495,-0.11588369737780051,0.05473161371384494,-0.21442400734071643,-0.18604658077616015,0.5430842177193798,0.07263009454324987,0.1480130849961256,0.7856030283873738,0.01766337365566817,0.07279444089087284,-0.18525999548366656,-0.18525999548366656,-6.65,-1389000000.0,9458000000.0,-0.015816857440166476,0.3472592177204543,1.0,-2.05891719745223,,0.792466765140325,0.7752442996742671,0.7914012738853503,-0.031227996135094194,5259401567.502129,0.1807909604519774,0.1807909604519774,0.5560796751429614,,,-0.03803905614320591,1.108085002442599,2023-06-30,,
ADC,Agree Realty,Real Estate,2023-09-30,34.673346191495355,55.2400016784668,80.51000213623047,-0.31387405027023185,51933058.71280488,0.15414439762840626,0.037748019504752595,0.02215857838525548,0.06088567146452495,-0.17150557527284005,-0.17457641372031618,0.4315568374980754,0.07121567285400787,0.10065755220167999,0.4071944310908764,-0.19147001681134013,-0.09292777223520554,,,,-0.04180530605354593,-0.04180530605354593,1.7599999999999998,162833000.0,483012000.0,0.26469748821085104,0.2933122927975673,1.0,-0.06878306878306895,0.6872301543422202,1.0537532576160817,1.0508753077912754,1.0000000000000002,0.23227933403805534,5110735905.289651,0.3000998972887032,0.42897283782966084,10.58097087709964,12.970784996554755,31.386364590037957,0.0547748668461705,1.0804868220099355,2023-06-30,,shares +23% y/y
ARE,Alexandria Real Estate Equities,Real Estate,2023-09-30,34.88679019695536,100.0999984741211,224.9499969482422,-0.5550122256851922,110773317.55103461,0.27899885892871734,0.16260248080506368,0.14701303968556656,0.3140272312137069,0.0816359844763419,0.07856514602886577,0.23742784434639996,-0.12291332029766755,-0.09347144094999543,-0.07656045360342367,-0.6752249015056402,-0.5766826569295056,,,,-0.09360638330353888,-0.27840639045318094,3.3899999999999997,566814000.0,2744828000.0,0.15159023809833472,0.19281113785700343,1.0,0.8626373626373631,,1.8033237220099305,,1.8241758241758244,0.012039832912423831,16736896913.011942,0.028985507246376812,0.11510250972074938,6.097612277713555,,29.52802314870829,0.026222084636287057,1.0639576189012132,2023-06-30,TTM net income jumped 1.80x in one quarter,
BKH,Black Hills Corporation,Utilities,2023-09-30,34.66167572897645,50.59000015258789,87.12000274658203,-0.4193067199533269,33548829.61572314,0.07931449311138161,-0.03708188501227205,-0.05267132613176917,0.1063031101981371,-0.1260881365392279,-0.12915897498670403,0.2669770972617824,-0.09336406738228509,-0.06392218803461297,0.3347259850043003,-0.2639384628979162,-0.16539621832178164,,,,-0.08222957825534738,-0.08222957825534738,3.7,244583000.0,2567954000.0,0.15450659020171398,0.21875934909991113,1.0,-0.106280193236715,0.5460648670130229,1.0051270281519749,1.0365394948952176,1.0000000000000002,0.028025250728550555,3344176758.7352443,0.44227021040974535,0.2896854665906545,1.3022728439587485,10.951475298518996,13.672973014212943,-0.024756735489388726,1.1024729221999374,2023-06-30,,
EL,Estée Lauder Companies (The),Consumer Staples,2023-09-30,33.81991632733448,144.5500030517578,374.2000122070313,-0.6137092508383364,415869231.68722486,0.017086837670747812,-0.09930954045290585,-0.11489898157240297,0.07681252562585072,-0.15557872111151427,-0.1586495595589904,-0.2946701799642989,-0.6550113446083664,-0.6255694652606942,-0.36489912058995555,-0.9635635684921721,-0.8650213239160375,,,,-0.41707172690076955,-0.6544865573599052,2.79,1006000000.0,15910000000.0,-0.10300501775948578,0.09386370644464992,1.0,-0.5740458015267176,0.6666666666666666,0.922089825847846,0.9472693032015066,0.919083969465649,-0.011817459246262207,52120897157.73059,0.7159763313609467,0.7159763313609467,3.2759834794299554,24.947135888917263,51.81003693611391,0.0030261001134788135,1.0511871723712611,2023-06-30,,
ES,Eversource Energy,Utilities,2023-09-30,32.92399491232253,58.150001525878906,99.41999816894533,-0.41510759810049414,143153128.69868204,0.07279125038225387,-0.043605127741399796,-0.05919456886089691,0.051771992921764376,-0.18061925381560062,-0.18369009226307675,0.2247438465214775,-0.13559731812259002,-0.1061554387749179,0.3432724133445926,-0.25539203455762394,-0.15684978998148935,,,,-0.10524518799249516,-0.10524518799249516,3.37,1183666000.0,12634000000.0,0.1576806069713741,0.15602258402805003,1.0,-0.12239583333333326,0.4953064422652437,1.049705408301393,1.045999163118382,1.046875,0.012047055761417624,20424385669.475067,0.49289366053169736,0.3530163599182004,1.616620679869801,12.704595543707361,17.255193331121337,0.005091487669053318,1.0750650588278414,2023-06-30,,
O,Realty Income,Real Estate,2023-09-30,34.313985796200114,49.93999862670898,82.28681945800781,-0.39309844570922925,302707549.1575816,0.1668441092634554,0.05044773113980172,0.034858290020304605,0.11533693965170855,-0.11705430708565645,-0.12012514553313258,0.33861937777314854,-0.02172178687091897,0.007720092476753149,0.35680894249629724,-0.24185550540591927,-0.14331326082978468,,,,-0.09811753116524913,-0.09811753116524913,1.3399999999999999,867263000.0,3689523000.0,0.3211439362932933,0.6145100923032096,1.0,0.35353535353535315,,1.3454495933046935,,1.434343434343434,0.14089075945455742,32321726141.041428,0.0,0.009876543209876543,8.760407819938086,9.80242224275209,37.26865569157387,0.059983273657274294,1.1754844955185457,2023-06-30,,
PODD,Insulet Corporation,Health Care,2023-09-30,34.99966103209114,159.49000549316406,335.9100036621094,-0.525200191258387,219542036.158704,0.36046139729325577,0.2440650191696021,0.228475578050105,0.07467545296329425,-0.15771579377407074,-0.16078663222154688,0.459339093257326,0.09899792861325851,0.12843980796093063,0.93573265002841,0.3370682021261935,0.43561044670232807,,,,-0.21111044353047548,-0.21111044353047548,0.9,62900000.0,1465100000.0,0.243612596553773,0.18330654881478514,1.0,0.7307692307692308,0.7382629107981221,104.83333333333333,3.1094890510948905,89.99999999999993,0.05035324341682723,11146579272.80002,0.16472077835532453,0.13739837398373986,7.608067212340468,77.8786321939713,177.21111721462674,0.07097953216374275,1.0709795321637428,2023-06-30,,
SBAC,SBA Communications,Real Estate,2023-09-30,34.951422078509935,200.1699981689453,391.1499938964844,-0.48825258521691506,200152518.41810924,0.2720002186921431,0.15560384056848942,0.1400143994489923,0.09138589818550402,-0.14100534855186098,-0.1440761869993371,0.22374647869957998,-0.13659468594448754,-0.10715280659681542,0.002278259470116062,-0.5963861884321005,-0.49784394385596586,,,,-0.07511708532673977,-0.07511708532673977,4.65,508154000.0,2715694000.0,0.10558374559915062,0.12515711516404115,1.0,0.4396284829721364,0.5388587080429981,1.358616983447542,1.0419806243272336,1.3556851311953355,-0.005259272444322338,21874663494.52521,0.08384458077709611,0.08384458077709611,8.054907325540068,20.592968086636617,43.047311434181786,0.009852000594972488,1.0357742660957845,2023-06-30,,
WPC,W. P. Carey,Real Estate,2023-09-30,32.10696457327424,52.96767807006836,91.69441986083984,-0.42234567653675303,81874398.65634009,0.23984545591105078,0.12344907778739711,0.1078596366679,0.09678379237085322,-0.13560745436651178,-0.1386782928139879,0.24728201302042718,-0.11305915162364033,-0.08361727227596821,0.4341750832237361,-0.1644893646784804,-0.06594712010234582,,,,-0.05029568040886967,-0.05029568040886967,,753466000.0,1666619000.0,0.1960215835443775,0.1231494019408712,1.0,,,1.229304051313635,,,0.10891794711513691,11329848311.370964,0.2612087912087912,0.2612087912087912,6.798103412580178,12.076705865559196,,0.06941630016721878,1.0694163001672188,2023-06-30,,
BIO,Bio-Rad Laboratories,Health Care,2023-10-31,33.095955106609,275.2799987792969,832.7000122070312,-0.6694127600050341,68303429.35049875,0.16568590551944906,0.0063416711096053735,-0.0076061474084535285,-0.02008863267879657,-0.22903448285660333,-0.24747724357427067,0.3011842634036834,-0.07693514691546666,-0.08390089364829689,0.16081803694414032,-0.5122748213623709,-0.4052530791224488,,,,-0.04780588390172247,-0.23194567853332038,-6.010000000000019,-159298000.0,2720317000.0,-0.030081096451116562,-0.05870071342054228,1.0,,-0.4410866429091594,,1.0414269622673267,,-0.11365623985124429,7296431488.44331,0.4377771618625277,0.5340909090909091,2.6821989821198446,,,-0.01757895379294927,0.9991139824971432,2023-09-30,,
BMY,Bristol Myers Squibb,Health Care,2023-10-31,32.38089108483058,51.52999877929688,81.44000244140625,-0.3672642775720538,699650701.4587584,-0.04061396862943756,-0.19995820303928125,-0.21390602155734015,-0.12736251252122688,-0.33630836269903364,-0.354751123416701,0.1370060408246212,-0.24111336949452888,-0.24807911622735912,-0.014064368452070486,-0.6871572267585817,-0.5801354845186596,,,,-0.2129581359969236,-0.2129581359969236,3.9400000000000004,8285000000.0,44935000000.0,-0.03857674697248492,0.027931732207266746,0.0,0.28338762214983704,,1.1555239449976291,,1.1627118644067798,-0.033162937548323,108356862915.34889,0.22261847195357834,0.19547113816513065,2.4114134397540647,13.334220146128146,13.078679893222558,-0.005576825193086554,1.020168030263042,2023-09-30,,
CLX,Clorox,Consumer Staples,2023-10-31,34.318694175637205,117.6999969482422,239.8699951171875,-0.509317549738806,218894639.47941613,0.24453221462352626,0.08518798021368257,0.07124016169562367,0.2775433213269296,0.06859747114912285,0.0501547104314555,0.3922204839375052,0.014101073618355109,0.007135326885524873,0.024574058248457042,-0.6485188000580542,-0.5414970578181321,,,,-0.02557345869137817,-0.02557345869137817,1.2,149000000.0,7389000000.0,0.03967918953144789,-0.03187576624438082,1.0,-0.67828418230563,,2.0135135135135136,,2.0000000000000013,0.002471139971140124,14614416287.740074,0.6221505766960312,0.7371113734750098,1.977861183886869,29.653220368333464,98.08333079020184,0.030400223120903735,1.0304002231209037,2023-06-30,TTM net income jumped 2.01x in one quarter,
CPT,Camden Property Trust,Real Estate,2023-10-31,32.74168014288952,84.87999725341797,180.3699951171875,-0.5294117671940342,75597927.14561583,0.11694544180576472,-0.04239879260407897,-0.056346611122137874,0.19928407700002237,-0.009661773177784383,-0.028104533895451728,0.4181155703415369,0.03999616002238682,0.03303041328955658,0.2636816933996784,-0.4094111649068328,-0.3023894226669107,,,,-0.018025615129036776,-0.018025615129036776,2.08,226688000.0,3304000.0,-0.5328054298642534,-0.36104083845319845,1.0,-0.7291666666666666,,1.086872929342328,,1.1005291005291007,0.01973660657971843,9250613854.510967,0.5768511387391352,0.5715592957447894,2799.822595190971,13.645367406938302,40.80769098722018,0.16174402250351627,1.1617440225035163,2023-09-30,,
DOC,Healthpeak Properties,Real Estate,2023-10-31,31.53672902525193,15.550000190734863,51.05646514892578,-0.6954352373322885,77051033.4255279,0.21081730602731263,0.051473071617468946,0.037525253099410044,0.23921166187741072,0.03026581169960396,0.011823050981936617,0.5401287963911927,0.16200938607204263,0.1550436393392124,0.3191664303877677,-0.3539264279187435,-0.2469046856788214,,,,-0.016077010207807163,-0.016077010207807163,0.44000000000000006,241593000.0,2151819000.0,0.0653017577472319,,1.0,0.07317073170731736,,1.0945930554362182,,1.097826086956522,0.00759881480420499,8538116354.727743,0.11470588235294119,0.29034342060523627,3.9678599151358656,12.596456591694258,35.34090952439741,0.016936344449054896,1.0227277521590732,2023-09-30,,
EXR,Extra Space Storage,Real Estate,2023-10-31,33.40782605604109,103.58999633789062,228.83999633789065,-0.5473256511290264,185150283.8713994,0.40998839379143415,0.25064415938159046,0.23669634086353156,0.3253313480166149,0.11638549783880814,0.0979427371211408,0.6433613662741382,0.2652419559549881,0.2582762092221579,0.403657383379439,-0.2694354749270722,-0.1624137326871501,,,,-0.02316797596644482,-0.02316797596644482,6.119999999999999,823693000.0,2020056000.0,0.14878712484183287,0.22623694125736304,1.0,-0.07831325301204828,0.765294878417702,1.036354284792226,1.041542344994309,1.0376506024096386,0.0014208537403181953,13942214845.35068,0.06567205800334634,0.048626603457891805,6.901895217434903,10.028371411581409,16.926469989851412,0.01834892909967345,1.0579747988498658,2023-06-30,,
HRL,Hormel Foods,Consumer Staples,2023-10-31,30.03165760555838,32.54999923706055,55.11000061035156,-0.4093631123831537,97480632.6946319,-0.05858786216301104,-0.21793209657285473,-0.23187991509091363,0.11129060005776625,-0.0976552501200405,-0.11609801083770785,-0.027661925422737266,-0.40578133574188735,-0.4127470824747176,-0.28389868405754093,-0.9569915423640522,-0.84996980012413,,,,-0.11624440807817427,-0.30247285504662014,1.6,877521000.0,12195405000.0,-0.034416007750385114,0.2201158803088583,1.0,-0.12087912087912078,0.7505484645984811,0.9981494069418201,1.007276354916067,1.0000000000000002,-0.0036541352370286218,17852067425.31538,0.41963651205224234,0.37722078171516377,1.4638355532526701,14.05341979648088,20.343749523162842,-0.00579756884613003,1.0999508962093865,2023-07-30,,
INCY,Incyte,Health Care,2023-10-31,34.798638415491524,53.93000030517578,153.14999389648438,-0.6478615575941347,99119465.5434442,0.08974596931577228,-0.06959826509407141,-0.08354608361213031,-0.03486002331683291,-0.24380587349463967,-0.26224863421230704,0.3743742319146357,-0.003745178404514382,-0.010710925137344618,0.7333581091777244,0.06026525087121315,0.16728699311113526,,,,-0.06638238106427585,-0.06638238106427585,1.8800000000000003,424981000.0,3609008000.0,0.08352978334256034,0.22050195932556993,1.0,-0.5576470588235292,0.8443085102155964,1.1596072984853487,1.1787484866012987,1.1533742331288346,0.016628668430398674,12191077372.177608,0.003787878787878788,0.06349206349206349,3.3779579796380634,14.892979432510177,28.686170375093496,0.027245718111192696,1.0660360397382291,2023-09-30,,
LITE,Lumentum,Information Technology,2023-10-31,34.37759751490675,39.209999084472656,112.08000183105467,-0.6501606134555887,68578550.82095313,0.4011731678021251,0.2418289333922814,0.2278811148742225,0.11604180931650077,-0.09290404086130599,-0.11134680157897334,0.6289212043664032,0.2508017940472531,0.24383604731442288,4.140525433942497,3.467432575635986,3.574454317875908,,,,-0.031114446174240862,-0.031114446174240862,-1.93,-131600000.0,1767000000.0,0.031764568492350875,-0.017328436997934404,1.0,-1.7201492537313432,,0.5882352941176471,0.6623804813715793,0.5932835820895523,-0.08124737871766219,2673593719.9567885,0.15,0.15,1.5130694510225176,,,-0.028213166144200663,1.0341001985285532,2023-07-01,,
LUV,Southwest Airlines,Industrials,2023-10-31,33.43570342703127,22.229999542236328,66.98999786376953,-0.6681594230314334,200187825.42585343,0.35282845334100466,0.19348421893116097,0.17953640041310207,0.18027891899110582,-0.02866693118670094,-0.047109691904368284,0.4087330832242939,0.03061367290514383,0.023647926172313594,0.4276050496841317,-0.2454878086223795,-0.1384660663824574,,,,-0.014394948331700519,-0.014394948331700519,0.81,497000000.0,25440000000.0,0.12105054422068484,0.7795639899623588,1.0,-0.39097744360902265,2.045267489711934,1.2207792207792207,0.8692232055063913,1.229885057471264,-0.01322644692253716,13639888608.014141,0.41083121202864614,0.3550428411538425,0.5361591433967823,5.778036463607537,27.444443879304107,0.01213447384125721,1.238237139272271,2023-09-30,net income 2.05x operating income,
MAA,Mid-America Apartment Communities,Real Estate,2023-10-31,32.77905946193975,118.1500015258789,231.6300048828125,-0.48991927196282714,87617763.98905194,0.08165020447358318,-0.07769402993626051,-0.09164184845431941,0.1251638027956843,-0.08378204738212247,-0.10222480809978982,0.3364999450355468,-0.041619465283603274,-0.04858521201643351,0.1799543475137746,-0.49313851079273663,-0.3861167685528145,,,,-0.02192131351705906,-0.02192131351705906,5.0,585951000.0,2134186000.0,0.09138951334611112,0.12502128678010416,1.0,-0.07749077490774903,,1.039389052391142,,1.0383211678832116,0.009079084161561779,13846022308.818054,0.22727272727272727,0.19886363636363635,6.487729892716968,10.40221581649733,23.63000030517578,0.01006139824045027,1.0361411309893453,2023-09-30,,
PFE,Pfizer,Health Care,2023-10-31,33.58286989540893,30.559999465942383,61.709999084472656,-0.5047804258737734,906821050.0054314,-0.08841267189609825,-0.24775690630594194,-0.26170472482400087,-0.13756025072871603,-0.3465061009065228,-0.36494886162419016,-0.0193298121426958,-0.3974492224618459,-0.4044149691946761,-0.08587528917586984,-0.7589681474823811,-0.651946405242459,,,,-0.15169857189973113,-0.25163550335197893,3.7499999999999996,21473000000.0,77943000000.0,-0.23038262157491973,,1.0,-0.26614481409001967,,1.0537771656981627,,1.055984555984556,-0.001619307583822227,174990631608.58157,0.120561797752809,0.09455892899832656,2.2451102935296507,7.124324837694079,8.14933319091797,-0.16146141515422108,1.1371051077649839,2023-07-02,,
PSKY,Paramount Skydance Corporation,Communication Services,2023-10-31,34.53019879153821,10.880000114440918,101.97000122070312,-0.8933019517093824,153267785.11367223,0.34526868305848746,0.18592444864864377,0.17197663013058487,0.05472843860465981,-0.15421741157314695,-0.1726601722908143,0.022901597873647095,-0.355217812445503,-0.3621835591783332,0.46165118930203386,-0.21144166900447736,-0.10441992676455525,,,,-0.11221934577769477,-0.11221934577769477,,,,,,,,,,,,,,,,,,,,,,,
RVTY,Revvity,Health Care,2023-10-31,31.93445664629023,82.8499984741211,203.16000366210935,-0.5921933600084239,77616684.14147998,0.29452006375276696,0.13517582934292327,0.12122801082486437,0.23849490775701931,0.029549057579212556,0.011106296861545212,0.4350854520861589,0.05696604176700881,0.05000029503417858,0.13574181242659433,-0.5373510458799169,-0.4303293036399948,,,,-0.02015688730780607,-0.02015688730780607,6.49,818039000.0,,,0.034034214861154766,1.0,0.21763602251407121,2.032778860107747,1.6896125823335013,0.94332430476664,1.6888888888888889,-0.003368128899738476,10442916779.93398,0.49335169693259884,0.20272996234534696,,15.355289292989998,12.76579329339308,,,2023-07-02,net income 2.03x operating income,
SUI,Sun Communities,Real Estate,2023-10-31,33.45195585576678,111.23999786376952,211.7899932861328,-0.47476273010934045,108521903.3553835,0.13467881518966363,-0.024665419220180063,-0.038613237738238965,0.015302135418293172,-0.19364371475951359,-0.21208647547718093,0.2281566713537655,-0.1499627389653846,-0.15692848569821483,0.24930018223712236,-0.42379267606938886,-0.31677093382946675,,,,-0.0031462714400535274,-0.0031462714400535274,1.85,-65800000.0,3121600000.0,0.2054813564754654,0.41452221797966526,1.0,-0.3321299638989168,,0.9392741645706073,,1.0571428571428572,-0.008086577691422181,13838365083.170828,0.2073170731707317,0.1948994124977746,4.433100039457595,,60.129728575010546,0.01601353990365828,1.1550153851868483,2023-06-30,,
TECH,Bio-Techne,Health Care,2023-10-31,34.65523785091982,54.630001068115234,135.96249389648438,-0.5981980066524226,65019892.993158005,0.2889623960445158,0.1296181616346721,0.1156703431166132,0.16000166823856077,-0.04894418193924599,-0.06738694265691333,0.35624404599486925,-0.021875364324280833,-0.02884111105711107,0.15684109382260214,-0.5162517644839091,-0.40923002224398697,,,,-0.05198602322694734,-0.15198497162914681,1.76,285263000.0,1136702000.0,0.028132261335258146,0.18749838888459247,1.0,0.06184012066365008,0.9542355758938129,1.0732950807017803,1.0489557601616888,1.0784313725490198,-0.012502538586515066,8854498860.621452,0.33682448589191777,0.307843137254902,7.789639554273197,22.158019953177277,31.039773334156383,0.011651729692687018,1.0574845977367051,2023-06-30,,
UDR,"UDR, Inc.",Real Estate,2023-10-31,32.8080434197514,31.809999465942383,61.060001373291016,-0.4790370332376577,86868273.65425655,0.14480807601471235,-0.014536158395131338,-0.02848397691319024,0.22410572460037903,0.015159874422572273,-0.003282886295095072,0.3838204784736168,0.005701068154466693,-0.0012646785783635428,0.15408076908544333,-0.5190120892210679,-0.4119903469811458,,,,-0.027035489696311865,-0.027035489696311865,1.38,455897000.0,1613884000.0,0.10092241281691305,0.17751415125029824,1.0,1.7599999999999998,0.7236138711295371,4.2871101811236,2.284863326248198,4.354838709677419,0.033311891800494875,10508756033.713575,0.09210526315789475,0.1354842585916847,6.511469246682894,25.17515677805633,23.050724250682887,0.011807780320366223,1.0438098249016847,2023-09-30,,
ECHO,EchoStar,Communication Services,2023-11-30,31.542928655811878,10.470000267028809,50.64829635620117,-0.7932803071322476,8528135.900709365,0.25214893240853953,0.13440148610131386,0.12775447153946912,0.8338109143513954,0.670021736044647,0.667798698086491,1.4154728052078815,1.0773965174171216,1.052552400678986,5.99999990891363,5.463952985877081,5.536138632141229,,,,-0.02005730972216746,-0.02005730972216746,1.11,92789000.0,1805636000.0,-0.09577185620975914,0.010388853385712826,1.0,0.6323529411764699,0.6340818390553248,3.447523171586572,1.0920985194441726,3.0882352941176454,0.10685629160588306,875225995.2948973,0.0,0.0340632603406326,0.4847189551464954,0.6746608107518863,9.432432672998926,-0.04461125670586874,1.0095441451967044,2023-09-30,TTM net income jumped 3.45x in one quarter,
SJM,J.M. Smucker Company (The),Consumer Staples,2023-11-30,34.30109035031916,109.7300033569336,163.07000732421875,-0.3270988015670693,172009765.26438394,0.10448996418477363,-0.013257482122452036,-0.019904496684296766,0.03569606948624404,-0.1280931088205044,-0.13031614677866046,0.11357623641763559,-0.22450005137312434,-0.2493441681112601,0.02499916435264571,-0.5110477586839037,-0.4388621124197558,,,,-0.01950267123577598,-0.10017138912907075,-0.09999999999999998,-17500000.0,8461400000.0,0.05584047717091556,0.03340965730116774,1.0,-1.0187617260787993,-0.06221116246000711,1.2423607473371747,1.786031746031746,1.24577861163227,0.6286886677143357,19202750587.463383,0.9691714836223507,0.9682080924855492,2.2694531150239183,46.50699418074602,,-0.007949162875767968,1.02413486707812,2023-07-31,,shares +63% y/y
TXNM,TXNM Energy,Utilities,2023-11-30,33.35630770767814,41.56999969482422,56.13999938964844,-0.2595297444465373,25768378.501976863,-0.11221490710072912,-0.2299623534079548,-0.23660936796979953,-0.05773524804324637,-0.2215244263499948,-0.22374746430815087,0.2278301653326551,-0.11024612245810483,-0.13509023919624058,0.5083401707207444,-0.027706752315804994,0.044478893948342924,,,,-0.15792923248084012,-0.15792923248084012,1.7900000000000003,172715000.0,2102903000.0,-0.002328482012855959,0.2361991327062638,1.0,-0.06282722513088979,0.516168076267894,1.2217032076898153,1.0787865704997968,1.2284263959390862,0.022280486239936392,4011040501.2802033,0.5189033189033189,0.48761080189651623,1.9073825570081946,12.320315409461646,23.22346351666157,-0.09627966342062966,1.0907318804806687,2023-09-30,,
FLG,Flagstar Bank,Financials,2024-02-29,33.7610080168277,14.369999885559082,106.70999908447266,-0.8653359571844467,153818806.1774993,-0.31315239243421955,-0.3543439264892815,-0.35291239888707804,-0.24327842975663327,-0.35974710972656854,-0.35132706162803334,-0.16074956285850583,-0.34521206041064234,-0.30633719747728133,-0.10957094408076351,-0.49310980077016286,-0.5461085594104955,,,,-0.6450939460195285,-0.6450939460195285,11.73,2798000000.0,,,-0.0011291583427429641,1.0,2.1031746031746033,,3.8476923076923075,,3.0317460317460316,0.4357600143352829,3427728872.9577417,0.031914893617021274,0.015957446808510637,,0.4701099064793233,1.2250639288626668,,,2023-09-30,TTM net income jumped 3.85x in one quarter,shares +44% y/y
CHTR,Charter Communications,Communication Services,2024-04-30,32.807824715778395,255.94000244140625,825.6199951171875,-0.6900026598737129,501500232.54421175,0.4836289661583266,0.382814220687971,0.39168729620155834,0.2800264992830266,0.1400917287418464,0.1568187469580018,0.5310618958100275,0.4122963748033541,0.45641901818984537,-0.3546534477088684,-0.8211462242307196,-0.8211422254998437,,,,-0.007931541611052695,-0.38266781865733623,30.89,4642000000.0,54633000000.0,0.0029004130335015255,0.04039343009931251,1.0,0.013119055428009174,0.36367909746161076,1.0186526223392582,1.0184073953940966,1.0300100033344448,-0.05973939420955576,38461427365.91155,0.0,0.011235955056179775,0.7039962543867544,6.33116150745717,8.285529376542772,0.0004761294339552524,1.0152024446142094,2024-03-31,,
G,Genpact,Industrials,2024-04-30,34.807674203590736,30.739999771118164,54.02999877929688,-0.43105681166705745,55029911.30585443,0.13304591013752765,0.03223116466717202,0.04110424018075938,0.2523575142875838,0.1124227437464036,0.129149761962559,0.6602561794115518,0.5414906584048784,0.5856133017913696,0.16272776332788252,-0.30376501319396865,-0.30376101446309284,,,,-0.007154782633607248,-0.007154782633607248,3.41,631255000.0,4476888000.0,0.02418481816775908,0.08675850172952138,1.0,0.8138297872340428,1.0006308878240235,1.4692034129470417,1.0927896499132232,1.4761904761904763,-0.015225395135657904,5690550896.046099,0.0,0.0,1.2710952107906426,9.047427512942518,9.014662689477467,0.009859288366364627,1.0304240627853685,2023-12-31,net income 1.00x operating income,
GL,Globe Life,Financials,2024-04-30,32.03338479758361,76.16999816894531,132.0,-0.4229545593261719,209375069.94343713,0.22109439973324818,0.12027965426289255,0.1291527297764799,0.3936101735102704,0.2536754029690902,0.2704024211852456,0.6345531298648988,0.5157876088582254,0.5599102522447166,1.0622835744216927,0.5957907978998416,0.5957947966307173,,,,-0.009058650499894405,-0.009058650499894405,10.07,970755000.0,5447533000.0,0.04460809073068628,0.019956896998534424,1.0,0.34805890227576985,0.7673879773472505,,,,-0.026484657847679838,7342840771.846524,0.04178647403978774,0.07195133277607504,1.347920383749217,6.833142903679377,7.564051456697648,0.01725675292864537,1.0172567529286454,2023-12-31,,
HUM,Humana,Health Care,2024-04-30,31.812542355773033,302.0899963378906,571.2999877929688,-0.47122352040489823,576114179.2376322,0.19995301006255062,0.09913826459219499,0.10801134010578235,-0.14205082033562944,-0.28198559087680963,-0.2652585726606542,-0.12145254078776535,-0.24021806179443872,-0.19609541840794747,-0.19538007926455025,-0.6618728557864014,-0.6618688570555256,,,,-0.29019448029746175,-0.4477314660904057,16.240000000000002,1991000000.0,109243000000.0,0.14220739842328678,0.10740337632864794,1.0,-0.3414436334144362,0.5640226628895184,1.084430176565008,1.0522458628841607,1.088807785888078,-0.02944476512030647,37035787112.607155,0.38928731510533393,0.41506051098162255,0.33902206194087636,6.380606443353452,18.601600759722327,0.026970876341963157,1.0393059178708561,2024-03-31,,
WBD,Warner Bros. Discovery,Communication Services,2024-04-30,34.2186856882811,7.360000133514404,78.13999938964844,-0.9058100820194092,259707525.96002913,0.17527166598024135,0.07445692050988573,0.08332999602347309,0.10461956072802936,-0.03531520981315084,-0.018588191596995415,0.17798911943144424,0.059223598424770874,0.10334624181126212,2.6752715687987574,2.208778792276906,2.208782791007782,,,,-0.09782612146299074,-0.09782612146299074,-1.28,-3126000000.0,41321000000.0,0.22190022769612927,1.7739315888770406,1.0,,,,,,0.2656567969067969,17974500326.067207,0.10893854748603352,0.10893854748603352,0.4349967407871834,8.989203095551842,,-0.017219645617790436,1.5387004300047777,2023-12-31,,shares +27% y/y
BF-B,Brown–Forman,Consumer Staples,2024-05-31,34.041590498374916,45.86000061035156,83.4000015258789,-0.4501199068189313,99930135.7061477,-0.0009283234770979254,-0.07322736112072536,-0.06857444459337268,-0.07341687262085284,-0.22317519030652688,-0.23608728469434181,-0.25746617979034525,-0.38929281003934113,-0.339794851312328,-0.40800200903027484,-0.8773506481754104,-0.8410877339726135,,,,-0.32546959702316225,-0.4795849553407674,2.01,965000000.0,5431000000.0,0.019331831831831847,0.0926989335520918,1.0,0.33112582781456945,0.7217651458489155,1.2371794871794872,1.175901495162709,1.2407407407407407,-0.00281946525967125,22017363477.109085,0.3258845437616387,0.28491620111731847,4.054016475254849,17.439861992351886,22.815920701667448,0.0,1.0420426579163249,2024-01-31,,
MTN,Vail Resorts,Consumer Discretionary,2024-06-30,34.70047017995121,180.1300048828125,376.239990234375,-0.5212364194178235,134678229.75698805,-0.03242104658627942,-0.08993422286237618,-0.12798150053179222,0.06648313677702422,-0.01737338435462199,-0.022478662833676458,-0.08088027788680674,-0.2303150278995243,-0.21163222791763286,-0.15159728624501378,-0.5562656597986849,-0.6382043488422426,,,,-0.25109640299051017,-0.27288477320649995,7.529999999999999,277216000.0,2889573000.0,0.0009841578643254856,0.1720494458334585,1.0,0.04293628808864214,0.5230214252831926,1.153975198458125,1.09527568492443,1.2303921568627447,-0.07716128602001937,6631463404.195718,0.1713747645951036,0.14695759464900318,2.294963098075639,10.82189057106265,23.92164739479582,0.015766391232605592,1.0742201923124455,2024-04-30,,
NKE,"Nike, Inc.",Consumer Discretionary,2024-06-30,34.96886514467833,75.37000274658203,179.10000610351562,-0.5791736450136136,1001607227.0720224,0.17811236300539668,0.12059918672929992,0.08255190905988388,0.013605895719947192,-0.07025062541169902,-0.07535590389075349,-0.03724118887513961,-0.18667593888785716,-0.16799313890596573,-0.428410019820884,-0.8330783933745551,-0.915017082418113,,,,-0.29616058869288464,-0.44303043282326493,3.400000000000001,5231000000.0,51581000000.0,0.01886382491210048,0.08129004698846654,1.0,-0.020172910662824006,,1.04889152810768,,1.058641975308642,-0.025429525588987256,115958965990.40309,0.33246073298429324,0.3054101221640489,2.248094569519844,16.570749855689407,22.16764786664177,0.000756664467812751,1.041527922119239,2024-02-29,,
XRAY,Dentsply Sirona,Health Care,2024-06-30,34.09096753493087,24.90999984741211,69.54000091552734,-0.641788905385964,102657717.7422569,0.09290679661709111,0.03539362034099436,-0.0026536573284216824,-0.22697512618768956,-0.31083164731933577,-0.3159369257983902,-0.33994765577869057,-0.4893824057914081,-0.4706996058095167,-0.5467529586112201,-0.9514213321648912,-1.033360021208449,,,,-0.4996238012620555,-0.5980155769727795,-0.44000000000000006,-95000000.0,3940000000.0,0.0022894937674891036,-0.05821753713464306,1.0,,,,,,0.002583639866876819,5378295421.600341,0.459375,0.459375,1.3650495993909495,78.01408066956893,,-0.006305170239596425,1.0073678861788617,2024-03-31,,
FIVE,Five Below,Consumer Discretionary,2024-07-31,32.68128440227464,72.73999786376953,237.8600006103516,-0.69418986934702,192920992.90898642,0.3031345023277836,0.2675971648858606,0.27595421521179514,0.2892494024392456,0.18960037164142518,0.21537006238216783,0.8768216700822735,0.714982497761899,0.7849612612153339,1.9850152771445297,1.5966692877386506,1.6085984480162154,,,,-0.2799009814900646,-0.2799009814900646,5.3100000000000005,295095000.0,3644985000.0,0.1523971698653066,0.09440138789748675,1.0,0.1132075471698113,0.7779804855671761,1.1142705947222151,1.124448086603013,1.115463917525773,-0.0045163920903276145,4042412367.1580167,0.0046462684150882306,0.0022988505747126436,1.1090340199364377,7.089537706798938,13.698681330276747,0.024053701653298676,1.0642823910172994,2024-05-04,,
INTC,Intel,Information Technology,2024-08-31,33.99264793792871,22.040000915527344,75.828125,-0.7093426625605296,1661945535.8753145,0.09119774219778476,0.018961101743212527,0.0038309202106396045,0.07667870038600433,0.015777916690010052,0.04538633949704166,0.10480940880156542,-0.05379880187184782,-0.004546748546333149,3.061252196825909,2.6682475680769957,2.697569208367853,,,,-0.19827589191045358,-0.19827589191045358,0.9700000000000001,4066000000.0,55237000000.0,-0.020898326715825255,-0.2636455296073249,1.0,,8.264227642276422,2.4073416222616935,5.290322580645161,2.4250000000000003,0.045664959635038915,92386230641.78781,0.6289882956549623,0.6113516113516114,1.6725425103062768,14.300211928894166,22.7216504283787,0.01860662388434009,1.0258020581113803,2024-03-30,net income 8.26x operating income,
DLTR,Dollar Tree,Consumer Staples,2024-09-30,33.29610326347503,70.31999969482422,177.19000244140625,-0.6031378817883484,328946635.259816,0.06569969804653009,0.04078904402677175,0.07117199123554632,0.06754835069132703,0.08636939513870756,0.10369190106321265,0.34200800847739465,0.16681424866751193,0.23478777330788142,,,,,,,-0.13978950595872863,,-4.81,-1065300000.0,30966300000.0,0.056520537569473506,0.07511189383826711,1.0,-1.777059773828756,,0.9549446040213377,0.9533657507762611,0.9581818181818185,-0.005125539740924112,15574198685.009615,0.0,0.0,0.5029402506921917,,,0.0017306746719805144,1.0309655511612081,2024-08-03,,
BIIB,Biogen,Health Care,2024-10-31,33.36179871579267,174.0,480.1799926757813,-0.6376358810153816,211268275.0820826,-0.17281613404723417,-0.2347276567300104,-0.21585231929047877,-0.30413792051118005,-0.285567340788924,-0.25726733963769166,-0.11339078004332792,-0.3274313383423001,-0.22625596605518555,,,,,,,-0.3675862016349003,,7.93,1158600000.0,9672000000.0,-0.030035601464172945,-0.06226489617815223,1.0,-0.5676117775354417,,1.0047368874343294,,1.0037641154328734,0.005605510727308083,25421992433.795715,0.33080808080808083,0.42053872053872055,2.6284111283907894,13.855100610726904,21.941992433795715,0.0009210294832922017,1.0021862307576592,2024-06-30,,
CPRI,Capri Holdings,Consumer Discretionary,2024-10-31,34.31393213700845,19.739999771118164,101.04000091552734,-0.8046318330141204,95815235.54296646,0.2553191982758496,0.19340767559307337,0.212283013032605,-0.2380952311935568,-0.21952465147130074,-0.1912246503200684,0.05116515909790342,-0.16287539920106875,-0.06170002691395421,,,,,,,-0.3991894734451944,,-2.48,-291000000.0,5008000000.0,-0.08746355685131191,-0.047387606318347486,1.0,-1.6869806094182827,,0.7105831533477321,0.7121212121212122,0.7590027700831025,-0.08511286838988374,2316266102.1755586,0.033112582781456956,0.033112582781456956,0.46251319931620577,,,-0.03133462282398458,1.0194410692588092,2024-06-29,,
APTV,Aptiv,Consumer Discretionary,2024-11-30,34.99288329026457,55.52999877929688,180.80999755859372,-0.692882033465535,232391410.15133327,0.1726995169836123,0.1832716764593154,0.22382326755800183,0.20313342386570277,0.21872947319263647,0.27263311097317505,0.3965424951651646,0.24859081479225398,0.33635323121819605,,,,,,,-0.15018909302942907,,8.979999999999999,2424000000.0,19725000000.0,-0.0023770989277765997,0.16422304657598774,1.0,0.11830635118306354,1.410942956926659,1.287467134092901,1.04554201411161,1.293897882938979,-0.05014746959354599,14989389425.50286,0.14392164920210945,0.05790014382576536,0.7599183485679523,8.454860016959694,6.183741512171146,-0.01300975731798848,1.0630481548899553,2024-09-30,net income 1.41x operating income,
MRNA,Moderna,Health Care,2024-11-30,34.61624616082074,43.060001373291016,497.489990234375,-0.9134454919324009,379441123.8149189,-0.2810032954695555,-0.2704311359938524,-0.22987954489516596,-0.3831862838161252,-0.3675902344891915,-0.3136865967086529,-0.39665585894869393,-0.5446075393216046,-0.4568451228956625,,,,,,,-0.48258244365813685,,-5.809999999999999,-2224000000.0,5081000000.0,-0.44293388882797935,-0.5366818873668189,1.0,-3.0173611111111103,,,,,-0.08663604589977802,16482864553.218458,0.19047619047619047,0.19047619047619047,3.2440197900449634,,,0.006138613861386144,1.0061386138613861,2024-09-30,,
CVS,CVS Health,Health Care,2024-12-31,32.82867945230862,44.88999938964844,113.6500015258789,-0.6050154088257829,760533792.2807118,0.5284259339111534,0.5710947248888065,0.5565604966230202,0.572217768127794,0.5117132386051948,0.5345365422334004,0.8434774691590612,0.6662870813972672,0.7014967173045114,,,,,,,-0.01737585076123016,,3.9400000000000004,5016000000.0,368912000000.0,0.06067410561543829,0.10336743595844244,1.0,-0.40751879699248117,0.5268354164478521,0.9821062696352957,0.9849618077657543,0.9859649122807019,-0.019220184133645124,57149298715.34937,0.3266989964302553,0.14302552704250016,0.15491309232377742,7.954859887653269,11.393400860316861,0.015592652953354103,1.0286565327521715,2024-09-30,,
DOW,Dow Inc.,Materials,2024-12-31,34.45527939158326,40.130001068115234,71.86000061035156,-0.44155300964004673,312916219.6689,-0.11368380687985391,-0.07101501590220083,-0.08554924416798718,-0.31115373584391437,-0.3716582653665136,-0.34883496173830797,-0.3738416715656059,-0.5510320593273998,-0.5158224234201557,,,,,,,-0.4692657974722726,,1.4999999999999998,1141000000.0,43180000000.0,-0.05843872655909288,-0.22803710000504995,1.0,-0.18478260869565222,,1.9257575757575758,,2.0487804878048776,-0.0016928197812647872,30525554145.812992,0.3897058823529411,0.5098039215686274,0.7069373354750577,9.543941602642931,26.75333404541016,0.0034626199716483175,1.0034626199716483,2024-09-30,TTM net income jumped 1.93x in one quarter,
ELV,Elevance Health,Health Care,2024-12-31,34.39336366623613,368.8999938964844,567.260009765625,-0.3496809442835519,815297312.994627,0.18401745887199605,0.22668624984964914,0.2121520215838628,0.06346715120181612,0.0029626216792169036,0.02578592530742249,-0.03135406280618036,-0.20854445056797433,-0.17333481466073017,,,,,,,-0.2516412969132612,,27.470000000000002,6418000000.0,174216000000.0,0.0331747933247144,0.10032822828505616,1.0,0.09137862534763608,0.7574648884692553,1.071588725176169,1.0217672667372633,1.0773293096944547,-0.01924022640503198,86188575203.04465,0.4850655456607113,0.44554455445544555,0.4947225008210764,7.698804610093474,13.429195263796299,0.013125221709826107,1.031368253335989,2024-09-30,,
LYB,LyondellBasell,Materials,2024-12-31,34.281916715792505,74.2699966430664,121.9499969482422,-0.39097992208570576,213111352.42769757,-0.035429453986752235,0.0072393369909008465,-0.007294891274885494,-0.18753978228776813,-0.24804431181036735,-0.22522100818216176,-0.35956746020780117,-0.5367578479695951,-0.501548212062351,,,,,,,-0.4022053811824967,,6.5600000000000005,2155000000.0,40734000000.0,-0.01570655325729753,-0.22027319830428638,1.0,-0.05882352941176472,0.7721246864922967,1.0985849056603774,0.9970520799213888,1.0975232198142415,0.00030034949759727425,24398146763.080505,0.4913419913419914,0.4307359307359307,0.5989627034683681,7.250498783243612,11.321645829735731,-0.007383580671101675,1.0061787421846267,2024-09-30,,
PII,Polaris,Consumer Discretionary,2024-12-31,33.393854947362115,57.619998931884766,159.3300018310547,-0.6383606460195611,55554913.5345459,-0.27872485793797586,-0.23605606696032277,-0.2505902952261091,-0.271386781160315,-0.3318913106829142,-0.3090680070547086,0.15898423317310506,-0.018206154588688905,0.017003481318555252,,,,,,,-0.45525563396932,,3.5700000000000003,203600000.0,7709200000.0,-0.14808880244880818,0.012622391316510884,1.0,-0.6496565260058881,0.5540136054421768,0.8451840645486637,0.8681755355908777,0.8547595682041218,-0.023123251653998422,3286115345.2469854,0.2820151984238672,0.19823623229195986,0.42625893027123246,8.006831727134434,16.14005572321702,-0.06392899207110503,1.0463616253347305,2024-09-30,,
ST,Sensata Technologies,Industrials,2024-12-31,34.565655373431284,27.399999618530277,65.58000183105469,-0.5821897094617752,48527588.51207551,-0.11009441265437392,-0.06742562167672084,-0.08195984994250718,0.1087534519885538,0.04824892246595458,0.07107222609416017,0.23529990431092007,0.058109516549126106,0.09331915245637026,,,,,,,-0.36492939533611113,,-0.52,-79548000.0,4017568000.0,-0.014399701687696997,0.03217931405052643,1.0,-1.2561576354679802,,-0.012549802715431858,1.0671861101415334,-0.014778325123152707,-0.0030045240733601597,4191567633.9516277,0.502760834670947,0.502760834670947,1.0433096923192409,622.8735706847932,,-0.004576763362107439,1.0202773586334186,2024-09-30,,
ASH,Ashland Global,Materials,2025-01-31,31.089402988945437,63.4900016784668,114.36000061035156,-0.44482335309886445,38050704.03295244,-0.1376509237383381,-0.061861085615379174,-0.05423140708126439,-0.17580303534142316,-0.23235757208978336,-0.1910504258157481,-0.0073365219375778334,-0.17063441699520876,-0.1616236393183468,,,,,,,-0.2831990263214973,,-0.6500000000000001,-22000000.0,2045000000.0,-0.04394576905095837,-0.11023294509151416,1.0,-1.2103559870550162,,1.1768292682926829,0.47863247863247865,1.2297734627831711,-0.3622889305816136,2148892364.5019526,0.45379124953652206,0.45379124953652206,1.0508031122258936,53.162169909868076,,-0.032181732134406005,1.002371916508539,2024-12-31,,
HSY,Hershey Company (The),Consumer Staples,2025-01-31,30.826482551485412,149.25,276.8800048828125,-0.46095782516628814,397159378.4429157,0.1298264486726508,0.20561628679560973,0.2132459653297245,0.2684344651954478,0.21187992844708758,0.25318707472112284,0.34764452023365844,0.1843466251760275,0.19335740285288947,,,,,,,-0.061105196627297076,,,1773690000.0,10971834000.0,-0.01688004509588925,0.10572932911288557,1.0,,0.7318972325818041,1.1129388055669096,1.1008158565048478,,-0.002789704532414672,30505644205.5,0.21204897912853474,0.24083769633507854,2.7803596195039044,11.834834498548357,,-0.003857975162713023,1.03232015110545,2024-09-29,,
STZ,Constellation Brands,Consumer Staples,2025-01-31,34.438535968036376,180.8000030517578,274.8699951171875,-0.34223448807253076,407679081.76627994,0.049204116300349376,0.1249939544233083,0.13262363295742308,-0.06003147160229627,-0.11658600835065647,-0.07527886207662121,-0.10551196675597696,-0.2688098618136079,-0.2597990841367459,,,,,,,-0.282855064157154,,,686300000.0,10944500000.0,0.03657785817792636,0.0252369300085451,1.0,,0.6048827780715671,1.4290262822739377,1.0558096980786826,,,,,,,,,-0.0012593194199830293,1.0182565789473683,2024-11-30,,
UPS,United Parcel Service,Industrials,2025-01-31,34.05085874053309,114.2300033569336,233.72000122070312,-0.5112527692952322,632253567.4208989,-0.15377704397491132,-0.0779872058519524,-0.07035752731783762,-0.22234897286000255,-0.27890350960836274,-0.2375963633343275,-0.006207948324221224,-0.16950584338185215,-0.1604950657049902,,,,,,,-0.24591865695052806,,6.619999999999999,5666000000.0,90686000000.0,-0.025657004104261083,-0.07916815069848426,1.0,-0.3299595141700403,0.7065718917570769,1.0784164446136277,1.0870272468483124,1.0799347471451874,-0.011663693540619025,97768459066.52353,0.15599343185550082,0.10016420361247948,1.0780987039512553,9.8167293595822,17.255287516153114,0.013228754664700304,1.0132287546647003,2024-09-30,,
ADM,Archer Daniels Midland,Consumer Staples,2025-02-28,34.378952403929674,47.20000076293945,98.87999725341795,-0.5226537007078254,175336460.00867572,0.03317422830842176,0.0382517990472524,0.05131813977844482,0.35225235487641804,0.26015380194951443,0.2743633755203066,0.514301653363276,0.3462284897564223,0.27619764535531033,,,,,,,-0.13177983699518936,,3.65,1800000000.0,85530000000.0,-0.08947676584872521,-0.018347229679759325,1.0,-0.4923504867872044,,1.0011123470522802,,1.0252808988764044,-0.09937682889064414,23276712705.01124,0.22058574572541054,0.26995278671256323,0.2721467637672307,7.537716407852569,12.931507058339577,-0.01700953913343295,1.0041553428650203,2024-12-31,,
IPGP,IPG Photonics,Information Technology,2025-02-28,34.22538903320104,58.18999862670898,264.1099853515625,-0.7796751283399943,18768608.70917184,0.13868368619994076,0.1437612569387714,0.15682759766996382,0.40608354744433983,0.3139849945174362,0.3281945680882284,1.261041595279032,1.0929684316721782,1.0229375872710662,,,,,,,-0.1649767778085962,,-4.09,-181526000.0,977134000.0,-0.24102501167045587,-0.0994077144717872,1.0,-1.8833693304535637,,0.8353603377223842,0.7571872588620228,0.840172786177106,-0.06115389419580641,2582640022.178967,0.0,0.0,2.643076611988701,,,-0.061972371818871275,0.9840473940346137,2024-12-31,,
MUR,Murphy Oil,Energy,2025-02-28,34.877768963271095,26.489999771118164,87.62521362304688,-0.6976897553131801,66201434.28497617,-0.19834177086999372,-0.19326420013116308,-0.18019785939997066,-0.03414959819215602,-0.12624815111905963,-0.11203857754826745,0.315515125515637,0.14744196190878323,0.07741111750767127,,,,,,,-0.2846356402205631,,2.7,407171000.0,3028474000.0,-0.12475568234528767,-0.12015143940669193,1.0,-0.3601895734597156,0.6756981909846281,1.052602439290109,1.0216226133950117,1.0584958217270195,-0.03804015576450104,3994799887.7059083,0.37288869847529565,0.33342469630651833,1.319080133329825,3.300723322504306,9.81111102634006,-0.054107927258916444,1.073424820134555,2024-12-31,,
OLN,Olin Corporation,Materials,2025-02-28,33.90318819427496,25.38999938964844,67.25,-0.6224535406743726,59155870.801562354,-0.22235096409763888,-0.21727339335880824,-0.20420705262761582,-0.043866776213136616,-0.13596532914004023,-0.12175575556924804,0.035204949313980105,-0.13286821429287365,-0.2028990586939856,,,,,,,-0.298883920631721,,0.91,105000000.0,6540100000.0,-0.04286550563442115,-0.2712399479533286,1.0,-0.7450980392156863,0.35413153456998314,0.7906304222093696,0.8613126079447323,0.814946619217082,-0.08866575901974139,2929615314.1902046,0.44426825675792964,0.5025103275871147,0.4479465626198689,6.869893584814884,27.9010982303829,0.00874541135823792,1.008745411358238,2024-12-31,,
SWKS,Skyworks Solutions,Information Technology,2025-02-28,33.50453630575889,66.66000366210938,204.0,-0.6732352761661304,240232511.20309982,0.0461065989159688,0.05118416965479944,0.06425051038599186,0.1462715680501443,0.054173015123240686,0.06838258869403287,-0.06723343117425673,-0.2353065947811105,-0.30533743918222245,,,,,,,-0.2809781371313811,,3.2499999999999996,526700000.0,4045000000.0,-0.1290961546742454,-0.12999726551818436,1.0,-0.469820554649266,0.9401999285969297,0.9452857300762684,0.9173472399881925,0.9414893617021274,0.01082339313108549,10803022747.333235,0.4037800687285224,0.37285223367697595,2.6707101971157563,12.149441656399608,20.510770357572117,-0.031833413116323594,0.9769409636997803,2024-12-27,,
ALB,Albemarle Corporation,Materials,2025-03-31,34.92774663939376,72.0199966430664,334.54998779296875,-0.7847257531880859,202264167.95987326,-0.1241475789779124,-0.23191939246095516,-0.19937685652439585,0.1392917485970362,-0.05844466142206195,-0.016479493801156264,1.5365395170946132,1.3606242990623838,1.305128890824399,,,,,,,-0.31366270566255394,,-11.2,-1179449000.0,5377526000.0,-0.44084303929115354,0.31380688033940496,1.0,-1.8383233532934131,,0.2143941184994242,-4.086802895017885,0.20733532934131735,-0.10585597474272612,7584277948.2739315,0.10382513661202186,0.10382513661202186,1.4103656492360859,,,-0.1729399884158328,1.1984294212213378,2024-12-31,,
DINO,HF Sinclair,Energy,2025-03-31,34.89385879720524,32.880001068115234,83.27999877929688,-0.6051873012720421,112425527.26773761,0.26640876781621703,0.15863695433317426,0.19117949026973358,0.6310346726016669,0.43329826258256876,0.47526343020347445,0.9814949421992374,0.805579724167008,0.7500843159290231,,,,,,,-0.2500000572445834,,0.91,177000000.0,28580000000.0,-0.1058801519628324,-0.1633417170008229,1.0,-0.8902291917973462,0.6781609195402298,0.9757169116028147,0.9575908281522552,0.9734620024125453,0.014332916128639184,6395340867.094941,0.6341028214564514,0.6341028214564514,0.2237697994085004,7.532791278220439,36.13186930562114,-0.039012850328235316,1.0027847781271897,2024-12-31,,
GNTX,Gentex,Consumer Discretionary,2025-03-31,33.794338243836364,23.299999237060547,37.900001525878906,-0.385224319287934,52970724.059341066,-0.050754643036376446,-0.1585264565194192,-0.1259839205828599,0.22803983317470422,0.03030342315560608,0.07226859077651177,-0.04286540997960753,-0.21878062801183695,-0.2742760362498218,,,,,,,-0.12457047248681807,,1.76,404487743.0,2313314333.0,0.006132218487693519,0.19815805894615912,1.0,-0.0434782608695653,0.8798441655448966,1.0428513641152857,1.032468542978283,1.0499999999999996,-0.012907750387116446,5354865967.784286,0.18307426597582035,0.10362694300518134,2.314802571961709,9.197083569702903,13.238635930148037,-0.020118030184043345,1.059980879200193,2024-12-31,,
LEA,Lear,Consumer Discretionary,2025-03-31,34.353608841960636,88.22000122070312,206.3600006103516,-0.572494664858623,70807039.45626153,0.08610519549516815,-0.021666617987874615,0.010875917948684699,0.1585934047482942,-0.03914300527080394,0.0028221623501017423,0.41333614136177266,0.23742092332954323,0.18192551509155844,,,,,,,-0.16288821752710225,,8.97,506600000.0,23306000000.0,-0.006856465915821897,0.12327501615489544,1.0,-0.07334710743801642,0.5706882955953588,1.0081708449396471,1.0029134917077545,1.019629225736096,-0.045067644209470736,4982413892.79913,0.13049021022754606,0.16765285996055226,0.2137824548527903,4.418598443913504,9.835005710223314,-0.005402729530653905,1.0431147403918508,2024-12-31,,
MCHP,Microchip Technology,Information Technology,2025-03-31,34.0888456297441,48.40999984741211,100.56999969482422,-0.5186437307913853,557000418.533525,0.46487467678801275,0.35710286330497,0.3896453992415293,0.34611761601332813,0.14838120599423,0.19034637361513568,0.37455378857948185,0.19863857054725242,0.14314316230926763,,,,,,,-0.29498029303375584,,0.5699999999999998,308800000.0,4756900000.0,-0.44307072693852223,0.061004695535514575,1.0,-0.8668224299065421,0.4750038455622212,0.8093116034292505,0.8121939661980729,0.8130841121495328,-0.01591173417798797,26226329741.89625,0.7656765676567656,0.7623762376237623,5.513323749058474,39.475721806089275,84.92982429370548,-0.13457410035294548,1.048259670567191,2024-12-31,,
APA,APA Corporation,Energy,2025-04-30,30.02534252750152,15.539999961853027,149.22999572753906,-0.895865439879623,172805483.58538643,0.2582244060957626,0.11502713308316981,0.13893088963113026,0.49392657558514896,0.25691397619170564,0.31360939224946943,1.730128292199018,1.419314945714859,1.3470183090023125,,,,,,,-0.021878998639032976,,2.27,804000000.0,,,,1.0,-0.7545945945945947,0.32923832923832924,1.058287795992714,1.0844574780058651,1.037037037037037,0.14753465980542702,5504035228.779663,0.26595744680851063,0.2978723404255319,,2.3201009406923667,6.845814961168735,,,2024-12-31,,
ARE,Alexandria Real Estate Equities,Real Estate,2025-04-30,29.557494326395513,72.66000366210938,224.9499969482422,-0.6769948670911633,136321612.37057883,0.07115660249258537,-0.0720406705200074,-0.04813691397204696,-0.17109330377880838,-0.4081059031722517,-0.3514104871144879,-0.40547363716337814,-0.7162869836475371,-0.7885836203600836,,,,,,,-0.4216172325949814,,0.76,143465000.0,3105444000.0,0.05126316345363535,0.10443071576091745,1.0,-0.28971962616822433,,1.9385382168309524,,2.0246913580246915,0.028838430848568297,13716009770.242792,0.022727272727272728,0.43212866368604075,4.416762875209726,,95.6052679764597,-0.0035136763836665086,1.0310619259072933,2025-03-31,TTM net income jumped 1.94x in one quarter,
AVTR,Avantor,Health Care,2025-04-30,32.0374050382913,12.989999771118164,44.369998931884766,-0.7072346160958907,156848681.75723514,0.034642018259743335,-0.10855525475284944,-0.084651498204889,-0.09006929152495524,-0.32708189091839857,-0.2703864748606348,-0.37644337766046876,-0.6872567241446277,-0.7595533608571742,,,,,,,-0.4407236339881604,,1.04,715600000.0,6685200000.0,-0.02643191052470617,-0.06477534287621045,1.0,1.7368421052631584,0.6589925407496087,2.2981266149870803,1.7219047619047618,2.3111111111111113,0.005650887573964258,8938119073.28092,0.12278582930756844,0.09380032206119164,1.3370009982170945,8.534441215743158,12.490384395305927,-0.014505572262515476,0.9991502578527895,2025-03-31,,
BC,Brunswick,Consumer Discretionary,2025-04-30,34.82822271730521,46.04999923706055,117.62000274658205,-0.6084849671677233,57372076.37808663,0.2761106819015289,0.1329134088889361,0.15681716543689656,0.45706572839588944,0.2200531290024461,0.2767485450602099,0.7710820509711813,0.4602687044870224,0.3879720677744759,,,,,,,-0.013246385700574237,,1.24,82300000.0,5093900000.0,-0.1542305904230591,-0.060303573001379895,1.0,-0.7919463087248322,0.3198600855033035,0.9077373039085349,0.9407614046603217,0.9220779220779219,-0.05906049538074343,3056383013.8790994,0.5122876782132249,0.4899599199366745,0.6000084441938592,9.606772154131491,37.137096158919796,-0.02734337705982315,0.9844502586668252,2025-03-29,,
BRKR,Bruker,Health Care,2025-04-30,34.34317005176972,40.060001373291016,94.86000061035156,-0.5776934312087756,96659238.01126632,-0.03943506695518384,-0.1826323399677766,-0.15872858341981616,-0.0252004972969736,-0.2622130966904169,-0.20551768063265313,-0.07868610257498099,-0.3894994490591399,-0.4617960857716864,,,,,,,-0.2868873480141537,,0.76,113100000.0,3366400000.0,0.13557092258390968,0.17141502351128146,1.0,-0.7379310344827585,0.4468589490320032,0.9400749063670412,0.8994722955145119,0.9413793103448276,0.010219544648137235,5961560730.683177,0.4816849816849817,0.47802197802197793,1.7709008824510388,18.018907600556595,52.710528122751334,0.038595625212106244,1.0518379222253762,2024-12-31,,
CGNX,Cognex,Information Technology,2025-04-30,34.69954273819819,27.299999237060547,101.81999969482422,-0.7318797945503404,76632659.75190118,0.4971413801249378,0.35394410711234503,0.3778478636603055,0.5226658841700151,0.2856532847765718,0.3423487008343356,1.049706899212242,0.7388935527280831,0.6665969160155366,,,,,,,-0.0036629351947977673,,0.62,106171000.0,914515000.0,0.09189693235125906,-0.16752278623184802,1.0,-0.04615384615384621,0.9227045582931387,1.1922092213713027,1.1867999257379789,1.2156862745098036,-0.01700631920083273,4674948740.319283,0.46801550985905144,0.45553779149898005,5.1119432052172815,32.48517442435808,44.032256833968624,0.03745202784795487,1.0444324644549763,2024-12-31,,
CHDN,Churchill Downs Inc.,Consumer Discretionary,2025-04-30,34.686737453985714,90.41000366210938,150.4499969482422,-0.3990694217613562,84294122.41479783,0.1839397641404299,0.04074249112783712,0.06464624767579756,0.09722368707185969,-0.13978891232158364,-0.08309349626381984,0.12135850734264508,-0.18945483914151384,-0.26175147585406033,,,,,,,-0.10904241868517295,,,423100000.0,2786000000.0,0.11748425654807271,0.2433173748254538,1.0,,0.5898508294995121,1.193859649122807,1.1830294530154277,,-0.0173163196192343,6530504696.751862,0.23241386950260332,0.24127617148554337,2.3440433225957866,12.095730264619212,,0.01890794718940869,1.0927588270496709,2025-03-31,,
CHRD,Chord Energy,Energy,2025-04-30,30.820576530390568,90.2300033569336,190.22999572753903,-0.5256794123773864,101177782.08895487,0.23979595949805987,0.0965986864854671,0.12050244303342754,0.03252048353414172,-0.2044921158593016,-0.1477966998015378,0.6985503124330557,0.38773696594889673,0.31544032923635024,,,,,,,-0.041117225672106184,,16.02,848627000.0,5251082000.0,0.34759193880062345,0.06851141029627672,1.0,-0.31858783496384524,0.7714321036809576,1.017585637800187,1.031149568582901,0.9652418976045093,0.21646815858826574,4779751376.95284,0.1342910776539095,0.22020202020202018,0.9102412373207731,2.5298000704546655,5.632334791319201,0.10291523395993307,1.102915233959933,2024-12-31,,shares +22% y/y
CRL,Charles River Laboratories,Health Care,2025-04-30,34.720860715264976,118.62000274658205,460.2099914550781,-0.7422480933724779,232921199.1361951,0.43011292751412866,0.2869156545015359,0.31081941104949634,0.5180408291586163,0.28102822976517294,0.33772364582293674,0.40760409167596534,0.09679074519180642,0.024494108479259924,,,,,,,-0.039875259209348646,,0.2,22203000.0,4049989000.0,-0.01923277640940868,0.03856807995855194,1.0,-0.9783080260303688,0.09766128429229327,0.9933873772929871,0.976895641926771,0.9823736780258518,1.1565666717233012,13168599604.911806,0.9157774160487128,0.9157774160487128,3.2515149065619204,25.82696236370764,593.1000137329102,-0.0026907722297137004,1.029034773117106,2024-12-28,,shares +116% y/y
HAL,Halliburton,Energy,2025-04-30,33.80562250450379,19.81999969482422,74.33000183105469,-0.7333512820318063,305800785.02229965,0.13965471991218492,-0.0035425531004078525,0.020361203447552587,0.37585886344481434,0.13884626405137102,0.1955416801091348,1.192718986674056,0.881905640189897,0.8096090034773505,,,,,,,-0.03027253926961926,,,2099000000.0,22557000000.0,-0.025405055087491912,0.06708160442600275,1.0,,0.6426821800367422,1.0381797146162746,1.0051307109699488,,-0.02890116210973126,17039551374.575798,0.1118376800558411,0.09716828478964401,0.755399715147218,5.22517810841381,,-0.016867154811715523,1.0333794375288152,2025-03-31,,
JBHT,J.B. Hunt,Industrials,2025-04-30,34.78943813367708,130.5800018310547,219.50999450683597,-0.40512958362363694,176617963.85127476,0.10669709557933449,-0.036500177433258285,-0.012596420885297846,0.3013861366417683,0.06437353724832495,0.12106895330608874,0.9474649541491504,0.6366516076649915,0.564354970952445,,,,,,,-0.014856720823799296,,5.56,570886000.0,12087204000.0,-0.057870645882024174,-0.138160160643089,1.0,-0.11746031746031749,0.6868008060392794,1.0033727790891211,1.0045452128430965,1.0109090909090908,-0.0169370312154985,13407607000.957462,0.2422680412371134,0.17697594501718214,1.1092397382353654,9.318414234514844,23.485611840117752,-0.012850772212565365,0.9922543815960567,2024-12-31,,
LSTR,Landstar System,Industrials,2025-04-30,34.641982347378544,134.14999389648438,208.6199951171875,-0.3569648306188068,56087102.37458244,-0.00299406846548278,-0.14619134147807555,-0.12228758493011511,-0.03693084837408689,-0.2739434477675302,-0.21724803170976642,0.40731249278553583,0.0964991463013769,0.024202509588830412,,,,,,,-0.10524476446659403,,5.51,195946000.0,4819245000.0,-0.09127807061309878,-0.286858362775702,1.0,-0.25135869565217395,0.7872257509832989,0.9470277169948942,0.939095551981904,0.9526143790849673,-0.01005510021773992,4770626988.029134,0.6393119337706966,0.6169751640112465,0.9899116953027152,13.754486374811083,24.34664136052348,0.0010146727706279446,1.001014672770628,2024-12-28,,
MRK,Merck & Co.,Health Care,2025-04-30,34.19266645388949,85.19999694824219,134.6300048828125,-0.3671544688540732,1578597560.2798584,-0.07391820470579524,-0.21711547771838802,-0.19321172117042756,0.02932730810230222,-0.2076852912911411,-0.1509898752333773,0.32800628647814856,0.01719293999398963,-0.05510369671855686,,,,,,,-0.13955388348943853,,6.74,17117000000.0,64168000000.0,0.06742077684438152,0.014034377477523119,1.0,47.14285714285714,,6.317808219178082,,6.428571428571429,-0.025901386122515357,216375125780.86966,0.2810883088192547,0.21739220587950311,3.372009814562861,10.286865676327471,12.640949102113083,0.01573432108145756,1.0214256009315479,2024-12-31,TTM net income jumped 6.32x in one quarter,
OXY,Occidental Petroleum,Energy,2025-04-30,33.05977690266974,39.40999984741211,112.94586181640624,-0.651071768247046,590713871.2278517,0.12116835556953709,-0.022028917443055684,0.0018748391049047547,0.05687400750986482,-0.1801385918835785,-0.12344317582581471,0.5704650904460358,0.25965174396187685,0.18735510724933035,,,,,,,-0.017508150666963318,,2.44,2364000000.0,27413000000.0,-0.03219770520741394,-0.2182756527018822,1.0,-0.37435897435897436,,0.9509297520661157,,1.1095890410958902,-0.1953738095903036,38182475262.000916,0.14471457832398255,0.30210409117702736,1.392860148907486,4.927589985891005,16.151639281726275,-0.017138144921300724,1.0071937296446083,2024-12-31,,
PBF,PBF Energy,Energy,2025-04-30,34.00859581700276,17.18000030517578,62.880001068115234,-0.7267811702712057,62603845.669504195,0.3315007099295859,0.18830343691699314,0.2122071934649536,1.0374344330318426,0.8004218336383992,0.857117249696163,1.6251154043984828,1.3143020579143239,1.2420054212017773,,,,,,,-0.041327397097083884,,-4.6,-533800000.0,33115300000.0,-0.13593025925771307,-0.1816238631825976,1.0,-1.278450363196126,,0.8712917542630226,0.8687785871590716,0.8789346246973365,-0.10439698160730426,1993626991.9353986,0.2746478873239437,0.2746478873239437,0.06020259493150896,,,-0.05121093783575481,1.0032735216302267,2024-12-31,,
PEP,PepsiCo,Consumer Staples,2025-04-30,30.663260612836652,135.5800018310547,196.8800048828125,-0.3113571796599913,1167214530.9016635,0.02842101003478792,-0.11477626297780485,-0.09087250642984442,0.09999826057859607,-0.13701433881484726,-0.08031892275708347,0.21580331889972215,-0.09501002758443677,-0.16730666429698327,,,,,,,-0.057751918324655316,,6.800000000000001,9370000000.0,91523000000.0,-0.003831292517006757,0.04358345260001362,1.0,0.024096385542168974,0.7347290833529365,1.036476480836237,1.0460227272727274,1.0376506024096388,-0.003753330600533067,186821267228.968,0.36731391585760514,0.3478964401294498,2.041249382439037,13.7351634011637,19.938235563390393,-0.0036035447558081524,1.0238192598650582,2025-03-22,,
PK,Park Hotels & Resorts,Real Estate,2025-04-30,34.69494823510718,9.9399995803833,34.27000045776367,-0.7099504100493395,50051243.22353847,0.09851520673677272,-0.044682066275820054,-0.020778309727859615,0.08390904893754114,-0.15310355045590218,-0.09640813439813839,0.2667704497997856,-0.044042896684373334,-0.11633953339691983,,,,,,,-0.008048256203855741,,1.01,212000000.0,2599000000.0,-0.03669384729429204,0.07876849260295882,1.0,1.2954545454545454,0.5421994884910486,3.3260869565217392,1.6169014084507043,3.3809523809523805,-0.04787179748902726,2086415753.5061977,0.21594185307207678,0.1988185654008439,0.8027763576399376,8.563913199855243,9.841583742953762,-0.012162675788673472,1.0675729708116752,2024-12-31,,
REXR,Rexford Industrial Realty,Real Estate,2025-04-30,33.905215296484855,33.099998474121094,84.68000030517578,-0.6091166939674897,97533965.37689632,0.11688128227421046,-0.02631599073838231,-0.002412234190421872,0.27654643924120825,0.03953383984776493,0.09622925590552872,0.13607312604331923,-0.1747402204408397,-0.2470368571533862,,,,,,,-0.004229629564430626,,1.23,283630000.0,974598000.0,0.1803494306552369,0.22018714680916474,1.0,0.12844036697247696,,1.118397863371302,,1.110091743119266,0.05218460475762288,7632644363.589403,0.04918032786885246,0.02459016393442623,7.83158221501522,,26.9105678651391,0.040784616091080084,1.068935757690398,2025-03-31,,
SON,Sonoco,Materials,2025-04-30,30.35978628972626,41.0,69.83000183105469,-0.41285981777295977,41305898.23605976,0.11235474542735413,-0.030842527585238644,-0.006938771037278205,0.012981137684776156,-0.22403146170866717,-0.16733604565090338,0.2757499124863214,-0.03506343399783751,-0.107360070710384,,,,,,,-0.03495874781679553,,1.65,163949000.0,5001044000.0,-0.26252342473971035,-0.0647205895495957,1.0,-0.65625,0.5020209567086577,0.939160373337553,0.9368454096111833,0.9368686868686869,0.0041762456434037976,4073884242.424243,0.747341717493388,0.7251047921151015,0.8146067585936543,15.230013874979853,24.84848484848485,-0.23911739002368593,0.9947704344370063,2024-12-31,,
TGT,Target Corporation,Consumer Staples,2025-04-30,33.277931084526614,96.6999969482422,268.9800109863281,-0.640493743034469,864558606.3444834,0.05117832073159967,-0.0920189522809931,-0.06811519573303267,-0.01967913377466679,-0.2566917331681101,-0.19999631711034632,0.40325593239429813,0.09244258591013921,0.020145949197592716,,,,,,,-0.10667565285857994,,8.86,4091000000.0,106566000000.0,-0.007876214948050464,-0.015652492668621676,1.0,-0.008948545861297563,0.73499820337765,1.0864406779661018,1.0771806167400881,1.0852017937219733,-0.0024313552637177382,44650077597.65902,0.22193533506450425,0.14095242908159827,0.41898989919541896,6.07641015533626,10.914220874519437,-0.00933345728362922,1.0063683514504647,2025-02-01,,
WHR,Whirlpool Corporation,Consumer Discretionary,2025-04-30,33.35913635411161,76.27999877929688,257.67999267578125,-0.7039739174656292,116506634.9852789,0.1118876299876086,-0.03130964302498418,-0.00740588647702374,-0.03166363603067346,-0.2686762354241168,-0.211980819366353,-0.22218653135824362,-0.5329998778424025,-0.605296514554949,,,,,,,-0.30057838253591507,,-5.87,-323000000.0,16607000000.0,-0.14638910305833974,-0.013638207260190605,1.0,-1.6731651376146788,-2.2587412587412588,1.3341645885286784,1.0117130307467057,1.3314993122420904,-0.002447343162845672,4197349166.220254,0.6764823147462552,0.5202483339978357,0.2527457798651324,20.02174194584087,,-0.05421721054729767,1.0085536547433904,2024-12-31,,
WST,West Pharmaceutical Services,Health Care,2025-04-30,34.54333486479405,211.2899932861328,475.3500061035156,-0.5555064887490067,262550509.960114,0.13331823342367444,-0.009879039588918337,0.014024716959042102,0.33609912056318425,0.09908652116974093,0.15578193722750472,0.4130880690388752,0.10227472255471626,0.029978085842169766,,,,,,,-0.0402290991134473,,6.37,467200000.0,2895800000.0,-0.011199890732773388,0.0156407144095716,1.0,-0.1596306068601583,0.8431691030499909,0.9861889511609288,0.9977240896358543,0.9925816023738874,-0.02242659247356682,15496810810.562206,0.5120274914089348,0.5085910652920962,5.351478282534086,21.533451795807697,33.16954368699102,0.0008986589243744625,1.021109560362875,2025-03-31,,
BDX,Becton Dickinson,Health Care,2025-05-31,31.260041549514582,135.6839599609375,225.8805084228516,-0.39931089712736456,552827612.637053,0.12488601269522137,0.027213952233284378,0.024451024968740853,0.13709491147612707,-0.02904392775549325,-0.00836621490825612,0.1097655916152449,-0.1884443990985154,-0.23507863218005365,,,,,,,-0.04886546213262477,,4.056603773584905,1498000000.0,20867000000.0,0.05837898153783727,0.04822159604444676,1.0,0.14412416851441234,0.6735611510791367,1.2066525123849965,1.1285310734463276,1.2132505175983435,-0.017780607942683102,50104615428.55197,0.3390574882802862,0.33420311934824737,2.4011412962357777,14.9592021398981,33.447673850835756,0.010998062015503907,1.0228962236098722,2025-03-31,,
CLF,Cleveland-Cliffs,Materials,2025-05-31,31.952627332968106,5.829999923706055,121.9499969482422,-0.9521935213644949,193496507.4225524,0.8439108303051857,0.7462387698432487,0.7434758425787051,1.2367067122641866,1.0705678730325663,1.0912455858798034,1.332761674004343,1.0345516832905828,0.9879174502090445,,,,,,,0.1509434178313871,,-1.57,-754000000.0,19185000000.0,-0.12779596290234585,-0.0192126830579068,1.0,-3.0933333333333333,,0.974937343358396,0.9896602658788775,0.9615384615384615,-0.07405891310399038,2799885313.6779394,0.45604395604395603,0.45604395604395603,0.1459413767880083,50.31223237783559,,-0.03940516723412779,1.0031010580080262,2024-12-31,,
ENTG,Entegris,Information Technology,2025-05-31,33.448297665021784,68.73999786376953,158.0,-0.5649367223812055,329185438.47437054,0.2195270183711835,0.1218549579092465,0.11909203064470297,0.12463579125711699,-0.041503047974503327,-0.020825335127266198,1.0265226135818963,0.728312622868136,0.6816783897865978,,,,,,,-0.035205053271013864,,2.04,310387000.0,3243408000.0,-0.03829351930509661,-0.05126276343731806,1.0,-0.023923444976076458,0.5762612741403061,1.2812257954411193,1.1009699849058472,1.2781456953642383,0.012395772410160655,10458824371.049917,0.5402147709840017,0.5432907548292164,3.224640369342962,19.282940636596717,33.69607738420075,0.0006787592774051276,1.011719713253146,2025-03-29,,
GIS,General Mills,Consumer Staples,2025-05-31,33.879561744537625,54.2599983215332,90.88999938964844,-0.4030146475310359,343468557.7250587,-0.07989663860052476,-0.17756869906246175,-0.18033162632700528,-0.1057425057128033,-0.2718813449444236,-0.2512036320971865,-0.3415373232073021,-0.6397473139210624,-0.6863815470026007,,,,,,,-0.3643235991891989,,4.549999999999999,2558700000.0,19644300000.0,-0.026222779614639147,0.010919350150836449,1.0,0.04357798165137594,0.7147206703910615,1.0833125260091552,1.0798331933277332,1.0952380952380951,-0.0399948367998485,30513199495.671875,0.1831683168316832,0.12046204620462046,1.5532851511976438,10.614345521392826,11.925274356380926,-0.0129137292538678,1.009311144509361,2025-02-23,,
IQV,IQVIA,Health Care,2025-05-31,34.16304357409861,140.3300018310547,285.6099853515625,-0.5086656313562709,342786351.3036092,0.3597234737323858,0.2620514132704488,0.25928848600590526,0.6390650003963394,0.4729261611647191,0.4936038740119562,0.2984394237608037,0.0002294330470433703,-0.046404800034494875,,,,,,,-0.027934141792890888,,7.33,1334000000.0,15497000000.0,0.028402681000730068,0.039671588243411104,1.0,0.001366120218579292,0.6085766423357665,1.0486366985998525,1.060182956186808,1.051912568306011,-0.018290286031401037,25538911656.56575,0.1881010199125789,0.10395913154533844,1.6479906857176065,11.488633703225204,19.14461143670596,0.005972086984745273,1.0129018904374223,2025-03-31,,
KHC,Kraft Heinz,Consumer Staples,2025-05-31,33.495753639408775,26.729999542236328,97.7699966430664,-0.7266032478264184,331332971.9805581,0.06175534615930878,-0.035916714302628217,-0.03867964156717174,-0.01625648011105285,-0.18239531934267317,-0.16171760649543604,-0.058559347497338154,-0.35676933821109846,-0.4034035712926367,,,,,,,-0.1752101399742878,,2.1899999999999995,2655000000.0,25434000000.0,-0.042466681725773614,-0.013628430316758866,1.0,-0.04366812227074257,1.683576410906785,2.002919708029197,0.9370172311348782,2.0360360360360357,-0.01552025648498967,32405547390.24542,0.48953543681623596,0.28350759426093947,1.2741034595519942,20.277730558291932,12.20547924303029,-0.015940571074827825,1.006201492814438,2025-03-29,net income 1.68x operating income,
REGN,Regeneron Pharmaceuticals,Health Care,2025-05-31,32.4461642975829,490.2799987792969,1211.199951171875,-0.5952113453233423,737278234.8671081,0.18622370655354548,0.08855164609160848,0.08578871882706496,0.5957298879023516,0.4295910486707313,0.4502687615179684,0.2608081808099352,-0.037401809903825134,-0.08403604298536338,,,,,,,-0.028126721185991466,,39.34,4499300000.0,14085700000.0,0.07523606690025275,0.05903038828123108,1.0,0.1614998523767346,1.1744453145392848,1.1202498833532064,1.0175420625368128,1.1151461470327724,0.0041210785677927575,56073126550.78013,0.07381113364886184,0.06348433626324092,3.9808548067032614,11.48878511354615,12.462633420927729,-0.008188987466554054,1.0336600688196482,2025-03-31,net income 1.17x operating income,
UNH,UnitedHealth Group,Health Care,2025-05-31,32.76517435447461,301.9100036621094,630.72998046875,-0.5213324037050944,5237040328.980606,0.033651536980512375,-0.06402052348142462,-0.06678345074596814,0.10697313272225073,-0.05916570650936959,-0.03848799366213246,0.2952008843473526,-0.003009106366407721,-0.04964333944794597,,,,,,,-0.21743104799286161,,23.89,22106000000.0,410057000000.0,0.08055611918194816,0.1296138642154645,1.0,0.45848595848595863,0.6603734129947723,1.534606039569594,1.036794994889584,1.5402965828497743,-0.013292511581669664,279364694054.18964,0.3735909822866345,0.35104669887278583,0.6812825876748589,8.670617303102972,12.637505385605248,0.024430520788052412,1.0374199271307123,2025-03-31,TTM net income jumped 1.53x in one quarter,
WLK,Westlake Corporation,Materials,2025-05-31,29.55700332775905,71.02999877929688,162.63999938964844,-0.5632685744844037,93430721.05907863,0.2442977614729258,0.14662570101098882,0.1438627737464453,-0.04503800826182569,-0.211176847493446,-0.19049913464620888,0.25480402090615395,-0.04340596980760636,-0.0900402028891446,,,,,,,-0.201875531146276,,2.99,388000000.0,12013000000.0,-0.012657187474315768,-0.19391811315754603,1.0,0.5025125628140703,0.6258064516129033,6.142857142857143,3.404669260700389,6.44444444444443,-0.0029570899136116546,9217270744.60441,0.40831815421979356,0.41742562234365516,0.7672746811457929,6.496141481997942,23.75585243454745,-0.01062427936089605,1.00140206185567,2025-03-31,,
BMRN,BioMarin Pharmaceutical,Health Care,2025-06-30,34.60279131473085,54.970001220703125,151.75,-0.6377594647729613,124805656.17377871,-0.014735334824514168,-0.09594754427150287,-0.08385572328541112,0.08113514617847417,-0.02889348169709227,-0.01880912240700011,0.040931416227667716,-0.18112000821215313,-0.27002590734452236,,,,,,,-0.10387489125649474,,2.7,523883000.0,2950227000.0,0.193629422360178,0.13738423768864227,1.0,1.5471698113207548,0.8454566727723132,1.3244521255635435,1.501862541058097,1.3313253012048192,0.0010590405937318526,10665870055.372448,0.0,0.06504065040650407,3.615270979274628,14.067548323645175,20.359259711371525,0.03374732604159547,1.0635184388181416,2025-03-31,,
SAM,Boston Beer Company,Consumer Staples,2025-06-30,32.36959239072587,190.80999755859372,1349.97998046875,-0.8586571650548926,44848117.662314765,0.10801321143575149,0.026801001988762785,0.03889282297485454,0.02264036150879467,-0.08738826636677177,-0.07730390707667961,-0.07221843171537856,-0.2942698561551994,-0.38317575528756864,,,,,,,-0.16838742882403757,,6.18,71510000.0,2166951000.0,0.007722950374451809,-0.022808544285821353,1.0,-0.2255639097744362,0.7575613115101435,1.1979227741016836,1.2424808813657484,1.2213438735177866,-0.05587604327264162,2207900149.7435336,0.1647940074906367,0.15730337078651685,1.0188971276893357,10.945042517950412,30.87540413569478,0.013635032617613785,1.0136350326176138,2025-03-29,,
CHE,Chemed Corp.,Health Care,2025-07-31,34.55888173329778,412.2999877929688,654.6199951171875,-0.3701689669299507,81080964.93268694,0.047526634104350984,-0.034537353096760315,0.002163982197362725,0.03885406361782695,-0.062175608393030934,-0.09194283659306007,0.29790182005798505,0.10294642306174229,0.045740020027615125,,,,,,,-0.11064457071074518,,19.43,290345000.0,2511915000.0,0.07551003893289687,0.06787895746831762,1.0,-0.015205271160669054,0.7871051868237922,1.0223179546952141,1.0611880718049185,1.0311714429361487,-0.020228507204681168,6161051979.19452,0.48900169204737737,0.45008460236886627,2.4527310753725824,13.993499326961775,21.219762624445128,0.00920772503944356,1.0237363996928375,2025-06-30,,
CNC,Centene Corporation,Health Care,2025-07-31,24.098908877699273,26.06999969482422,98.52999877929688,-0.7354105346817273,462883509.75063264,0.35673185063009094,0.27466786342897964,0.3113691987231027,0.6616800998054753,0.5606504277946174,0.5308831995945882,1.3866513981224138,1.191696001126171,1.1344895980920437,,,,,,,-0.037974675209325626,,4.119999999999999,2054000000.0,178190000000.0,0.12960791150274176,0.06335683174815898,1.0,-0.18737672583826448,1.072025052192067,1.0864328728303223,1.1348031496062991,1.090395480225989,-0.07582577519035849,12997033828.439066,0.06005886914833616,0.027072758037225045,0.07293918754385244,4.190742064451155,6.327669828840831,0.05260981545804677,1.0526098154580468,2025-06-30,net income 1.07x operating income,
COLM,Columbia Sportswear,Consumer Discretionary,2025-07-31,32.67715033280163,56.56999969482422,114.9800033569336,-0.5080014085648146,45251734.402253896,-0.11777945826583913,-0.19984344546695043,-0.1631421101728274,-0.011432913262875877,-0.11246258527373376,-0.1422298134737629,0.0727038788962644,-0.12225151809997836,-0.17945792113410552,,,,,,,-0.15617551296094712,,3.8600000000000003,223221000.0,3377052000.0,-0.01732530367294105,-0.024591887853066874,1.0,-0.04926108374384219,0.8189552698776085,0.9997671012616841,1.0983675059027806,1.0700280112044818,-0.021898970496446957,3271402047.118745,0.015408511960236099,0.020813917365641504,0.9687153313359537,7.9930593322221455,14.655440335446688,0.002514411108294201,1.0121677946546286,2025-03-31,,
MOH,Molina Healthcare,Health Care,2025-07-31,28.715971594346883,157.8699951171875,423.9200134277344,-0.6275948525272926,258758196.5291099,-0.030468092147740156,-0.11253207934885145,-0.07583074405472842,0.1375815664311657,0.03655189442030782,0.006784666220278679,0.23912080298715432,0.044165405990911566,-0.013040997043215596,,,,,,,-0.2331665211699635,,20.28,1130000000.0,43413000000.0,0.1605581842970567,0.10821253052267177,1.0,0.10097719869706867,0.6836055656382335,1.0761994355597366,1.070358306188925,1.0784421283598464,-0.041679788286123176,8796503672.703249,0.1356469835385498,0.09398031687188313,0.2026237226799173,1.8136481514041256,7.784516524516149,0.03695122533798312,1.052301009626673,2025-06-30,,
HRL,Hormel Foods,Consumer Staples,2025-08-31,32.59311830526161,25.440000534057617,55.11000061035156,-0.5383777852965745,102870044.52117133,-0.07628258335747262,-0.138657113270232,-0.10847777483462923,0.031850120718044606,-0.037717420120035205,-0.09689888750971667,-0.09604937899468935,-0.2983579902371928,-0.3085997732410871,,,,,,,-0.19465259235434396,,1.3699999999999999,754530000.0,12058590000.0,0.006494064746670247,-0.018006735569115362,1.0,-0.021428571428571463,0.7463869187167997,1.0310728927722,1.023424300591573,1.027972027972028,0.00560617192023205,14011126717.490873,0.25935828453869286,0.24614232209737827,1.161920814746241,12.766838190597138,18.56934345551651,0.011274004527112469,1.0112740045271125,2025-07-27,,
IFF,International Flavors & Fragrances,Materials,2025-08-31,34.59425171595545,67.51000213623047,157.39999389648438,-0.5710927271024606,133560967.45484973,0.03600568348593347,-0.02636884642682591,0.00381049200877686,0.2336631178604638,0.16409557702238398,0.1049141096327025,0.30971149028927725,0.10740287904677381,0.09716109604287948,,,,,,,-0.11817255937770166,,-1.54,-391000000.0,11303000000.0,-0.0007072761029086605,-0.04653123156031358,0.0,,,-3.3643724696356276,-0.4386422976501306,-3.4315789473684215,-0.0034388770020953308,17140526516.406567,0.5289097875304772,0.5289097875304772,1.5164581541543454,35.16957268188526,,-0.010938046902345122,1.0092829988506764,2025-06-30,,
IT,Gartner,Information Technology,2025-08-31,32.09885527944141,251.19000244140625,584.010009765625,-0.5698875049381193,377051846.96950763,-0.07345036334615229,-0.13582489325891167,-0.1056455548233089,-0.3741789266278167,-0.4437464674658965,-0.502927934855578,-0.21131414990704633,-0.41362276114954977,-0.4238645441534441,,,,,,,-0.5053545173280408,,16.22,1265344000.0,6420009000.0,0.05890278692266793,0.06208458771161385,1.0,0.6107249255213505,1.0826500517220579,1.283613660853375,1.0143713730530175,1.2882968601332065,-0.014617858029737585,19595669694.773045,0.1386784511784512,0.12482592063743898,3.0522807202876265,15.439489158819768,15.486436648668697,0.01444139041480641,1.0210153769461472,2025-06-30,net income 1.08x operating income,
FDS,FactSet,Financials,2025-09-30,28.0343315964506,286.489990234375,499.8699951171875,-0.42687100039438963,183368143.20862785,0.016947476474247436,-0.009704477857008786,-0.005688616606672827,-0.23565204775727489,-0.21743335472570802,-0.27990919679104276,,,,,,,,,,,,13.859999999999998,532920000.0,2287034000.0,0.05070506912865813,0.06230234337786866,1.0,0.04446119065561427,0.7625779863774255,1.0475417797011792,1.0170474980566868,1.048229088168802,-0.004904207917768244,11015602135.332117,0.11313410592779967,0.06426848638155186,4.81654498154908,14.249956224701586,20.670273465683625,0.014555797964885375,1.0179337600239367,2025-05-31,,
KDP,Keurig Dr Pepper,Consumer Staples,2025-09-30,31.274302337926756,25.51000022888184,126.6500015258789,-0.7985787609827286,481830861.1622886,0.09800084745035709,0.07134889311910086,0.07536475436943682,0.049881767500799645,0.06810046053236651,0.005624618467031765,,,,,,,,,,,,1.1300000000000001,1536000000.0,15759000000.0,0.046275395033860134,0.033980915768517805,1.0,-0.27564102564102555,0.5765765765765766,1.044954128440367,1.0140845070422535,1.064102564102564,-0.02729560769667949,34675540134.12611,0.515931718517682,0.517804377693712,2.20036424482049,16.17007110275391,22.575221441488353,0.015530351849465163,1.0155303518494652,2025-06-30,,
NOVT,Novanta,Information Technology,2025-09-30,33.140555035675504,100.1500015258789,187.6100006103516,-0.4661798347632806,41930896.22922625,0.1881177838327075,0.16146582950145127,0.16548169075178723,0.17933099162092137,0.19754968465248823,0.1350738425871535,,,,,,,,,,,,1.69,61361000.0,956880000.0,0.06337486608909026,0.011159417521330539,1.0,-0.01744186046511631,0.5756515376099968,1.1019239471343643,1.0616183172972582,1.1016949152542372,0.004588571072308589,3636274700.372459,0.40393115502800264,0.42789629664020307,3.800136590139264,24.26457907396052,59.26035593247273,0.005448174047357535,1.0287086265678609,2025-06-27,,
CHH,Choice Hotels,Consumer Discretionary,2025-10-31,33.33190385278692,92.95999908447266,157.86000061035156,-0.41112378864151056,50778429.84810481,0.10920549410967029,0.09167817129505229,0.037528277697362236,0.07204993537587945,0.012389470214164033,-0.05230546870894506,,,,,,,,,,,,6.470000000000001,307788000.0,1577037000.0,0.016749212473034625,0.009652857744515853,1.0,0.3423236514522823,0.6472511781566291,1.185318059917568,1.2131127386868952,1.1900191938579654,-0.04109649356461409,4422252271.748325,0.06576142131979695,0.015,2.8041525162366674,,14.367851481371352,-0.0054945609333123535,1.0201961421724983,2025-06-30,,
CMCSA,Comcast,Communication Services,2025-10-31,33.88290531616231,26.091846466064453,57.91939926147461,-0.5495145530036672,774534229.3657215,0.15356939883018872,0.13604207601557072,0.08189218241788067,0.06067969669176332,0.0010192315300479038,-0.06367570739306119,,,,,,,,,,,,5.641986879100282,22607000000.0,123311000000.0,0.001958235150727239,0.004203770956668906,1.0,0.6010638297872342,1.0193894575461064,1.4579885423297263,1.022336317360014,1.4852216748768472,-0.0643438664791296,104547987384.25688,0.04245283018867924,0.03773584905660377,0.8478399119645197,6.2081039046483735,4.624584747390493,-0.007029891129291976,1.0161584635835954,2025-09-30,net income 1.02x operating income,
CMG,Chipotle Mexican Grill,Consumer Discretionary,2025-10-31,33.66696188490229,31.690000534057617,69.26139831542969,-0.5424579736358299,803841544.4604601,0.22656984149024284,0.20904251867562484,0.15489262507793478,0.07257813523661327,0.012917670074897858,-0.05177726884821124,,,,,,,,,,,,1.13,1536593000.0,11787400000.0,0.07305844415173857,0.15194483431502426,1.0,0.04940564635958378,0.795662928597652,1.0334659991161603,1.0280491704076289,1.0308320950965826,-0.013595270455820208,43092595566.9285,0.12242424242424242,0.08742424242424242,3.655818549207501,18.246748274639444,28.04424826022798,0.018127091496953573,1.0449113892842048,2025-09-30,,
FISV,Fiserv,Financials,2025-10-31,29.80025643982556,66.69000244140625,238.58999633789065,-0.7204828221424673,758528696.1931138,-0.04438450728458998,-0.061911830099207976,-0.11606172369689803,-0.06057880893132195,-0.12023927409303736,-0.18493421301614646,,,,,,,,,,,,6.470000000000001,3607000000.0,21160000000.0,0.0515853294901103,0.06992077417982667,1.0,0.2490347490347491,0.5822437449556094,1.0674755844924533,1.0439849007057278,1.0819397993311037,-0.05718903540840692,37179418671.73916,0.05660377358490566,0.030660377358490566,1.7570613739007164,,10.307573793107611,0.002273588480484978,1.019755590977153,2025-09-30,,
GPK,Graphic Packaging,Materials,2025-10-31,30.72413164474915,15.989999771118164,30.700000762939453,-0.47915311486177437,78296177.03737229,-0.07728770315988087,-0.09481502597449887,-0.14896491957218894,-0.3929648176926851,-0.4526252828544005,-0.5173202217775096,,,,,,,,,,,,1.77,534000000.0,8635000000.0,-0.05047283923466017,-0.05927381814420196,1.0,-0.2435897435897435,0.5735767991407089,0.9930651872399445,0.9923664122137404,1.0,-0.020851453959895627,4824101625.862768,0.1354130726471152,0.11945562583860457,0.5586683990576454,7.179224540778453,9.033898175772974,-0.0038071065989847552,0.9961928934010152,2025-06-30,,
PPG,PPG Industries,Materials,2025-10-31,34.638203025914535,97.75,182.97000122070312,-0.46575941767584383,181516830.34643748,0.1917062304308641,0.1741789076162461,0.12002901401855605,0.1246497048065438,0.06498923964482839,0.0002943007217192928,,,,,,,,,,,,4.42,996000000.0,15690000000.0,-0.129783693843594,-0.0028206404513024808,1.0,-0.2995245641838351,,0.9851632047477745,,1.0,-0.04314172091861912,22026923076.923077,0.37966337907375647,0.43284748147400753,1.4038829239594057,11.619196559476102,22.115384615384617,0.0031969309462915874,1.0091256014600962,2025-09-30,,
BBWI,"Bath & Body Works, Inc.",Consumer Discretionary,2025-11-30,32.60201285118623,17.40999984741211,82.0,-0.7876829286900963,184624614.25440198,0.31821618551089204,0.31144549332768334,0.23576924767312168,0.15952050070433277,0.04626541731377953,0.03951682151132073,,,,,,,,,,,,3.2299999999999995,699000000.0,7354000000.0,-0.010495156081808399,0.0036461850101283666,1.0,-0.20833333333333348,0.5800829875518673,1.0225563909774436,1.0173775671406002,1.0304709141274238,-0.044429254955570596,3767674889.5792775,0.1684888281855451,0.16272729792310736,0.5123300094614193,5.059083087647769,5.390092832016133,-0.002306335639668977,1.0065005417118094,2025-11-01,,
CHTR,Charter Communications,Communication Services,2025-11-30,33.52884369841509,200.1199951171875,825.6199951171875,-0.7576124654190544,495344786.84823173,0.17244658508719435,0.16567589290398566,0.08999964724942401,-0.28018185805269424,-0.3934369414432475,-0.40018553724570627,,,,,,,,,,,,36.06,5121000000.0,55099000000.0,0.004173501002369129,0.005497526113249052,1.0,0.13005327483547502,0.39283522552930344,1.0872727272727272,1.0093875038473377,1.0958947038545912,-0.03066422273038727,28419703133.530704,0.0,0.0,0.5157934469505927,5.66818761261133,5.5496393543313225,-0.0022273731483828385,1.0039183524694733,2025-09-30,,
CLX,Clorox,Consumer Staples,2025-11-30,34.56536951865681,107.94000244140624,239.8699951171875,-0.5500062340491041,232008762.43717253,0.19111058073849319,0.1843398885552845,0.10866364290072285,-0.14615152029846645,-0.2594066036890197,-0.2661551994914785,,,,,,,,,,,,6.37,791000000.0,6771000000.0,-0.0934529388137636,0.06169154228855711,1.0,1.2118055555555558,,1.5185995623632385,,1.5177111716621254,0.0017545479730354252,13403538764.702093,0.20657137184832242,0.1811925087684468,1.9795508439967646,12.085321277257083,16.94505532832123,-0.046875,1.0530100098688848,2025-09-30,TTM net income jumped 1.52x in one quarter,
TREX,Trex,Industrials,2025-11-30,34.22612867288467,34.97999954223633,140.97999572753906,-0.7518796949757367,108039716.8197874,0.18410516612308858,0.1773344739398799,0.10165822828531824,0.18353350679409797,0.07027842340354473,0.06352982760108593,,,,,,,,,,,,1.8499999999999999,197885000.0,1180769000.0,0.0010190179955864576,0.0809963480069833,1.0,-0.1552511415525114,0.7331409263691397,1.0600963212565693,1.063407138917343,1.0632183908045978,-0.0180992071372712,3741630924.0083437,0.1024123397004753,0.10052910052910052,3.168808567982682,11.323281519237065,18.908107860668288,0.045726031716229576,1.123230216004757,2025-09-30,,
CDW,CDW Corporation,Information Technology,2025-12-31,34.060609967128,136.1999969482422,263.3699951171875,-0.4828568194048093,234494890.513078,-0.10697197333160646,-0.06326617101610699,-0.12136623792441603,0.04396110519762364,-0.056957730363085934,-0.10598807279050465,,,,,,,,,,,,7.91,1051300000.0,22099100000.0,0.06086543262030042,-0.04425623285220093,1.0,-0.033007334963325086,0.6435873890419345,1.0081647801076266,1.0202264882214014,1.012547051442911,-0.02028919331849821,18102029935.737926,0.3068432671081677,0.25165562913907286,0.8191297354072304,12.095572842680138,17.218710107236685,0.010092191806493123,1.0259412617056896,2025-09-30,,
KBR,"KBR, Inc.",Industrials,2025-12-31,34.43272318866218,40.20000076293945,72.5999984741211,-0.4462809695888754,57014716.51814779,-0.07895376270007326,-0.035247960384573784,-0.09334802729288283,-0.13318447843293724,-0.2341033139936468,-0.2831336564210655,,,,,,,,,,,,2.9,380000000.0,8041000000.0,0.09401360544217696,0.07550482879719045,1.0,0.22881355932203373,0.5205479452054794,1.171875,1.0438066465256797,1.1822033898305084,-0.033620689655172176,5267586306.8679285,0.49585161167270647,0.47949506905565964,0.6550909472538152,8.120250616686521,13.862069228599811,-0.0007456194855225418,1.0533333333333332,2025-10-03,,
KMB,Kimberly-Clark,Consumer Staples,2025-12-31,34.43474040327986,100.88999938964844,160.16000366210938,-0.37006745078192715,570050346.1407495,-0.03199956647177549,0.011706235843723989,-0.046393831064585056,0.11658430023086153,0.015665464670151952,-0.033364877757266764,,,,,,,,,,,,5.910000000000001,1969000000.0,,,-0.01591187270501837,1.0,-0.23445595854922263,0.7098053352559481,0.9858012170385395,,0.989100817438692,-0.013415008531631467,33612928730.6629,0.3939345606999635,0.2905691760845789,,11.172699953053202,17.071065886573336,,,2025-09-30,,
GDDY,GoDaddy,Information Technology,2026-01-31,34.705014845144476,100.5199966430664,216.0,-0.5346296451709889,180641660.6115674,-0.13658969544430566,-0.17799707724369684,-0.17838368874892852,-0.17688021660437736,-0.2621873862230165,-0.26864909219138716,,,,,,,,,,,,5.800000000000001,828500000.0,4869800000.0,0.08679060010265793,0.06848367789779908,1.0,,0.7772774181442912,1.0710027818254073,1.0799104644655848,1.0357142857142856,0.01747566213874352,14358761589.444916,0.037383177570093455,0.056074766355140186,2.9485320936064965,14.495716465565213,17.331033903976966,0.02476799730645407,1.024767997306454,2025-09-30,,
HPQ,HP Inc.,Information Technology,2026-01-31,31.85872884979645,19.440000534057617,41.470001220703125,-0.5312273942168934,331784870.8879471,0.0904554171736256,0.04904803537423441,0.04866142386900273,0.44289422036354287,0.3575870507449037,0.35112534477653307,,,,,,,,,,,,2.65,2529000000.0,55295000000.0,0.0324128531152561,-0.0029599017089243507,1.0,-0.05693950177935947,0.7967863894139886,1.0488676996424315,0.9900187149095446,1.0576923076923077,-0.03362366139724626,18552362773.823288,0.14864721980323184,0.13734147384402054,0.3355161004398822,5.997154712426232,7.33584925813495,0.010674270256438412,1.0106742702564384,2025-10-31,,
MORN,"Morningstar, Inc.",Financials,2026-01-31,33.942829302672266,202.08999633789065,365.0,-0.446328777156464,82979229.42255414,-0.16270692897507733,-0.2041143107744685,-0.20450092227970018,-0.041396656930441034,-0.1267038265490802,-0.13316553251745084,,,,,,,,,,,,8.79,376000000.0,2395400000.0,0.07764981104912727,0.12552534305534468,1.0,0.1596306068601583,0.70254110612855,1.1329249617151609,1.1795620437956205,1.1319261213720317,-0.006918275152572928,8644577772.815346,0.06239737274220033,0.047619047619047616,3.608824318617077,12.360927550681918,22.99089833195571,0.020448155405980994,1.0322547977112766,2025-09-30,,
PAYX,Paychex,Industrials,2026-01-31,34.35650269737532,103.12999725341795,161.24000549316406,-0.3603944818905984,368057030.2570646,-0.10181322707266671,-0.1432206088720579,-0.14360722037728957,0.15945898760125665,0.0741518179826175,0.06769011201424684,,,,,,,,,,,,4.460000000000001,1613700000.0,5621400000.0,0.0894819466248038,0.03657978966620945,1.0,-0.061052631578947136,0.7325343864905351,1.0121865065347933,1.0189496480779643,1.0127931769722816,-0.00039162355938493487,37314097885.16604,0.5190476190476191,0.41904761904761906,6.637865635814217,17.42953966731045,23.12331776982465,0.039075785582254996,1.039075785582255,2025-08-31,,
ROP,Roper Technologies,Information Technology,2026-01-31,28.475144600226287,371.2300109863281,595.1699829101562,-0.3762622080314708,503314734.63948566,-0.041794883658674786,-0.08320226545806597,-0.08358887696329764,0.061214738605887,-0.024092431012752158,-0.030554136981122818,,,,,,,,,,,,14.519999999999998,1570200000.0,7721000000.0,0.1395300785170317,0.13017080330931408,1.0,0.06140350877192935,0.7229947508978727,1.0496612466124662,1.0364608189367186,1.0489766081871341,0.002277766579318996,40144997469.058716,0.5161812297734628,0.5042146458944833,5.199455701212112,22.289157116585425,25.56680516434767,0.03386403502899005,1.038904303677903,2025-09-30,,
TYL,Tyler Technologies,Information Technology,2026-01-31,32.07035006903304,369.3999938964844,661.3099975585938,-0.4414117505251316,182961355.47068763,-0.07650238146989807,-0.11790976326928926,-0.11829637477452093,-0.16188410606667814,-0.2471912756853173,-0.25365298165368794,,,,,,,,,,,,7.19,315293000.0,2298292000.0,0.10622129508674893,0.08037698683021355,1.0,0.31444241316270594,0.8896855697302666,1.1111833989556754,1.0868615469468916,1.1060329067641683,0.013350832911792176,16198780566.843428,0.25752849875608036,0.23109746360512892,7.048182113866918,32.14512000641683,51.37691152941368,0.023396192808638583,1.0289742135900648,2025-09-30,,
WDAY,"Workday, Inc.",Information Technology,2026-01-31,34.82745072509661,175.6300048828125,311.2799987792969,-0.4357812722579155,654337836.1044263,-0.30308035003728906,-0.34448773183668024,-0.3448743433419119,-0.08705806593311882,-0.17236523555175798,-0.17882694152012862,,,,,,,,,,,,2.369999999999999,642000000.0,9231000000.0,0.13166605369621176,0.1681204087691086,1.0,-0.6108374384236455,1.0321543408360128,1.1971252566735113,1.3512820512820514,1.1944444444444442,0.01833098921706533,47575722841.67327,0.0,0.12903225806451613,5.153907793486434,50.193711643712135,74.10548729232598,0.030360531309297834,1.0421545667447307,2025-10-31,net income 1.03x operating income,
ACN,Accenture,Information Technology,2026-02-28,33.62334802594911,208.72000122070312,417.3699951171875,-0.49991613277782576,1296233524.52395,-0.09612679608335639,-0.20189506291324422,-0.1289875287568113,-0.0721048527080328,-0.19621208795603962,-0.14579711552485106,,,,,,,,,,,,12.100000000000001,7611100000.0,70725557000.0,0.06575857166782306,0.02745793716088829,1.0,0.014249790444258226,0.7497966926036498,1.0345310890819532,1.03457718051698,1.0362737015663646,-0.008727574832512741,131288330685.19778,0.3814102564102564,0.3317307692307692,1.8563067758546996,11.756302304795609,17.249586877744058,0.015107435412154091,1.0225781484797076,2025-11-30,,
ADBE,Adobe Inc.,Information Technology,2026-02-28,33.08132176060353,262.4100036621094,699.5399780273438,-0.6248820483396986,1536896678.2500494,-0.012194703564547549,-0.11796297039443537,-0.04505543623800244,0.11577304393444976,-0.00833419131355706,0.0420807811176315,,,,,,,,,,,,16.7,7130000000.0,23769000000.0,0.10527784236224136,0.10799113813179462,1.0,0.3511326860841424,0.8189754192510912,1.2142086330935251,1.1863225040795133,1.2249190938511327,-0.05088958773101282,112034929707.23593,0.12672440021668632,0.11904390866522703,4.713489406674069,11.600790603447704,15.713173871982598,0.025365601138863658,1.0271523520016488,2025-11-28,,
ADP,Automatic Data Processing,Industrials,2026-02-28,33.87283313007289,214.3600006103516,329.92999267578125,-0.3502864081199162,704383626.3391646,0.043445336514626565,-0.06232293031526126,0.010584603841171672,0.3561924740639302,0.23208523881592336,0.2825002112471119,,,,,,,,,,,,10.41,4235300000.0,21214300000.0,0.06586311886411367,0.06630072641870122,1.0,0.11217948717948723,,1.023909679914902,,1.0276406712734452,-0.010598259931745901,87212191218.54199,0.40703517587939697,0.3373793282030118,4.111009612315372,13.573319954491378,20.591738771407453,0.014873178525981468,1.0194899323358722,2025-12-31,,
BAH,Booz Allen Hamilton,Industrials,2026-02-28,34.990797449592435,78.83000183105469,190.58999633789065,-0.5863896146401115,244474972.18824115,0.004439867254954821,-0.101328399574933,-0.02842086541850007,-0.025782061262091927,-0.14988929651009875,-0.09947432407891019,,,,,,,,,,,,6.739999999999998,839000000.0,11409000000.0,-0.03122266848947497,0.14072974855262044,1.0,0.005970149253731183,0.8028708133971292,1.1133689839572192,1.0077456655902668,1.1227586206896552,-0.04163192973825558,9812814767.990341,0.20097254004576656,0.126697177726926,0.8600942035226875,10.654647986746971,11.695845968999215,-0.025371604305484352,1.0438482896523922,2025-12-31,,
CSGP,CoStar Group,Real Estate,2026-02-28,31.670187387397164,44.630001068115234,101.0500030517578,-0.5583374594728537,353682178.8244096,-0.27851221168928175,-0.3842804785191696,-0.31137294436273666,-0.28142507444984555,-0.40553230969785237,-0.35511733726666384,,,,,,,,,,,,0.02,7000000.0,3247000000.0,0.18668226006870836,0.1145417515274949,1.0,-0.9411764705882353,,0.8890784982935154,1.0,0.9285714285714285,-0.14203316510454211,15620500373.840332,0.35716749448123625,0.5696528816254837,4.810748498256955,78.43193913005409,2231.5000534057617,0.062326190086700484,1.0623261900867005,2025-12-31,,
DOCU,Docusign,Information Technology,2026-02-28,33.94815902213976,45.06999969482422,314.760009765625,-0.8568115443623731,239928489.70571247,0.16529844271986982,0.059530175889981995,0.1324377100464149,0.4703793452804652,0.3462721100324584,0.3966870824636469,,,,,,,,,,,,1.4299999999999997,302273000.0,3158892000.0,0.08445922633770842,0.0752290821358752,1.0,-0.7033195020746889,1.1141404908111137,1.0758156535727887,1.3382599033428384,1.0833333333333337,0.00713226781225651,9526883928.499023,0.010526315789473684,0.16608187134502925,3.0158941579829333,24.435645668374352,31.517482304072885,0.020524255321348495,1.0219254323823936,2025-10-31,net income 1.11x operating income,
EEFT,Euronet Worldwide,Financials,2026-02-28,34.40423508724878,69.55000305175781,171.25,-0.5938685953182026,54876941.63280669,0.0421279680317963,-0.06364029879809152,0.00926723535834141,-0.000575138947119469,-0.12468237419512629,-0.07426740176393773,,,,,,,,,,,,6.84,309500000.0,4244200000.0,0.06376259461627143,0.0818329718004338,1.0,0.0604651162790697,0.5841827104567762,1.0455688246385921,1.047239502332815,1.0740740740740744,-0.04623179681229217,3147035956.8010297,0.015012254901960785,0.015012254901960785,0.7414909657417251,6.176172313034609,10.168129101134184,0.014679162283637748,1.025046650371889,2025-12-31,,
FIS,Fidelity National Information Services,Financials,2026-02-28,33.37644624756226,50.959999084472656,158.2100067138672,-0.6778964861771541,228734976.55688694,-0.14914452567419445,-0.2549127925040823,-0.18200525834764936,-0.1838679843492811,-0.3079752195972879,-0.2575602471660994,,,,,,,,,,,,0.73,382000000.0,10677000000.0,0.05431025970178727,0.03115772324610533,0.0,-0.7203065134099617,0.21941412981045377,2.496732026143791,1.0223398001175779,2.5172413793103443,-0.05808219178082197,26666739246.943226,0.21482331930093124,0.3694207027540361,2.497587266736277,10.049872860635547,69.80821792393515,0.02035550458715596,1.020355504587156,2025-12-31,TTM net income jumped 2.50x in one quarter,
HRB,H&R Block,Consumer Discretionary,2026-02-28,29.655134042933085,30.6200008392334,68.44999694824219,-0.5526661474888535,81837178.08394356,0.27400829677641503,0.1682400299465272,0.24114756410296012,0.7284170227999365,0.6043097875519297,0.6547247599831182,,,,,,,,,,,,4.3100000000000005,613784000.0,3790531000.0,0.047008516317786464,0.03774094370417669,1.0,0.1972222222222224,,1.073778119687814,,1.127777777777778,-0.03733788493862855,4360572295.848731,0.15134803921568626,0.1008986928104575,1.1503856045099567,6.515647234054388,7.104408547385939,0.005249638266906054,1.0261374079235746,2025-12-31,,
INTU,Intuit,Information Technology,2026-02-28,33.383204084448025,409.0299987792969,813.7000122070312,-0.4973208889724994,1614591824.3206205,-0.18696785469306443,-0.29273612152295225,-0.21982858736651933,-0.11496259267263653,-0.23906982792064335,-0.1886548554894548,,,,,,,,,,,,15.370000000000001,4340000000.0,20121000000.0,0.17207432865381245,0.13733934013515303,1.0,0.4377923292797008,0.7966226138032305,1.1419163648337174,1.1610790990047146,1.1459307764265667,-0.0060860748234365936,115497084886.28162,0.3702345388158907,0.33289394205966927,5.740126479115433,21.116165934948704,26.61223154061788,0.03540369474605054,1.0592415681248908,2026-01-31,,
INVH,Invitation Homes,Real Estate,2026-02-28,34.661899132349674,26.34000015258789,45.79999923706055,-0.42489081678250273,173268510.18160564,0.12402627407952482,0.018258007249637,0.09116554140606993,0.13124901767227692,0.0071417824242701045,0.057556754855458664,,,,,,,,,,,,0.96,587924000.0,2729296000.0,0.042136862901125616,0.07674451686854877,1.0,0.29729729729729737,,1.1418338529096272,,1.141025641025641,-0.0015984934103224768,16131164843.448004,0.0,0.0,5.910375731854662,,27.43750015894572,0.009662707866598508,1.0230849434151852,2025-12-31,,
MANH,Manhattan Associates,Information Technology,2026-02-28,34.879688321854616,135.42999267578125,312.6000061035156,-0.566762667845456,118777858.50110735,0.10795253021224616,0.0021842633823583313,0.07509179753879126,0.6480101492416237,0.5239029139936169,0.5743178864248054,,,,,,,,,,,,3.6,219948000.0,1081392000.0,0.037453758423258154,0.12234730409970651,1.0,0.025641025641025772,0.7860900643316655,1.0184853438946326,1.0231245154967894,1.022857142857143,-0.017927405616310454,8274321119.181314,0.5121527777777778,0.47222222222222215,7.651546450483557,27.770367084728676,37.61944240993923,0.013674489409488455,1.0361129505504858,2025-12-31,,
NOW,ServiceNow,Information Technology,2026-02-28,33.779852730600254,108.01000213623048,239.6179962158203,-0.5492408590256823,2008913083.7845092,0.15146745937211525,0.04569919254222743,0.11860672669866036,0.37015093571156243,0.24604370046355561,0.29645867289474415,,,,,,,,,,,,1.654,1731000000.0,12667000000.0,0.21053134556574915,0.22438970014491133,1.0,0.20906432748538006,0.9863247863247864,1.0799739921976592,1.0961898813241724,1.0786974219810044,0.004691656590084525,113038279140.15414,0.07461015686822138,0.07064190289996741,8.923839831069246,48.32836961838983,65.30229875225544,0.05059301650493486,1.0586499881991975,2025-09-30,,
PCTY,Paylocity,Industrials,2026-02-28,31.434455437801418,106.48999786376952,314.4949951171875,-0.6613936643917366,100443862.53249153,0.07925629271026358,-0.02651197411962425,0.04639556003680868,0.5045544599002556,0.3804472246522488,0.4308621970834373,,,,,,,,,,,,4.249999999999999,238277000.0,1556820000.0,0.13437938557182383,0.15687555477254,1.0,0.09254498714652937,0.7052766176605525,1.0564499323859984,1.0756404990910278,1.0624999999999998,-0.013914407989346511,5970380522.584804,0.004629629629629629,0.004629629629629629,3.834984469999617,16.455063322412357,25.05647008559283,0.025874532306593423,1.0443986623923014,2025-12-31,,
PYPL,PayPal,Financials,2026-02-28,33.098741013379,46.209999084472656,310.1600036621094,-0.8510123854176435,1137177545.1399302,-0.028662859853483158,-0.13443112668337098,-0.06152359252693805,0.14690722314861326,0.022799987900606444,0.073214960331795,,,,,,,,,,,,5.41,5233000000.0,33172000000.0,0.04324307324590371,0.0680528030633838,1.0,0.3558897243107768,0.8628194558944765,1.0962141306968893,1.067981220657277,1.1152882205513783,-0.06933725335153085,44698137746.5888,0.0,0.0,1.3474658671948871,6.298112940607399,8.541589479569806,0.009433388107844998,1.022135635349837,2025-12-31,,
TTD,Trade Desk (The),Communication Services,2026-02-28,33.83656995279593,23.81999969482422,141.52999877929688,-0.8316964608190993,474038154.2533511,-0.09487826439279534,-0.20064653122268317,-0.12773899706625025,-0.4240134154993298,-0.5481206507473366,-0.4977056783161481,,,,,,,,,,,,0.9,443304000.0,2896284000.0,0.18465611733489973,0.25625912071198087,1.0,0.15384615384615374,0.7522284120199348,1.0512687143151627,1.1166521713591673,1.0602409638554218,-0.02258901586461648,11732779049.682617,0.09640639315891275,0.08269787945039904,4.050976716952694,13.877138936303979,26.466666327582466,0.037906758812473074,1.0619578401611869,2025-12-31,,
AMH,American Homes 4 Rent,Real Estate,2026-03-31,33.54129076270203,27.920000076293945,44.06999969482422,-0.36646243999014605,133677171.38437241,0.21259336428108377,0.061358902933945636,0.08335818235169062,,,,,,,,,,,,,,,1.18,439030000.0,,,,1.0,0.09259259259259256,,1.0627181416272395,,1.063063063063063,0.008386998149502833,10387896299.572315,,0.0,,,23.66101701380843,,,2025-12-31,,
BR,Broadridge Financial Solutions,Industrials,2026-03-31,31.90600827364048,162.47999572753906,271.9100036621094,-0.4024493636157431,262431061.2745497,-0.1514155325682176,-0.30264999391535574,-0.28065071449761075,,,,,,,,,,,,,,,9.04,1067300000.0,7180300000.0,0.07442876595489989,0.0573037796446596,1.0,0.4147104851330201,0.8619074537672615,1.1537131120959896,1.050649695041103,1.156010230179028,-0.0061520512763715285,19183064097.345406,0.3776231877452265,0.33360680955799404,2.671624318948429,16.049543070043367,17.97345085481627,0.017673904416350084,1.0283599544517281,2025-12-31,,
BSX,Boston Scientific,Health Care,2026-03-31,32.198729921325,62.75,109.5,-0.4269406392694064,1224367447.9660034,-0.31984063258684015,-0.4710750939339783,-0.4490758145162333,,,,,,,,,,,,,,,1.94,2892000000.0,20074000000.0,0.1986624470054339,0.17605337078651684,1.0,0.552,0.80044284528093,1.2335802469135801,1.104949104949105,1.2262773722627738,0.009426902413689264,93542783505.15465,0.29637096774193544,0.33584465195246177,4.659897554306797,25.22374718539536,32.34536082474227,0.037469636673729934,1.0535490486498804,2025-12-31,,
BXP,"BXP, Inc.",Real Estate,2026-03-31,34.106995208890524,51.900001525878906,147.8300018310547,-0.6489210519986867,155586131.13692752,0.29112449434677057,0.13989003299963243,0.16188931241737742,,,,,,,,,,,,,,,1.74,276800000.0,3482279000.0,0.021879738323494324,0.040979738016825085,1.0,18.333333333333336,,-0.3106782511210762,,-0.33333333333333365,0.0031699396938300595,8256276104.806482,0.0,0.1346153846153846,2.370940440098706,,29.827587083838452,0.005348533801342148,1.0110701805888314,2025-12-31,,
CPRT,Copart,Industrials,2026-03-31,34.63156279460934,33.20000076293945,64.37999725341797,-0.4843118642541283,351402824.1451627,-0.1509036178840817,-0.3021380792312198,-0.28013879981347484,,,,,,,,,,,,,,,1.5900000000000003,1557409000.0,4613517000.0,0.023769290052398695,0.10995503187571787,1.0,0.06711409395973189,0.9250798911816767,1.0499011944582333,1.0322735687946525,1.0529801324503312,0.0035168766314381816,32519484269.313686,0.3872053872053873,0.34680134680134683,7.048740531207252,14.422818859476362,20.880503624490217,-0.008945344294362445,1.0328121146781883,2026-01-31,,
CVLT,CommVault Systems,Information Technology,2026-03-31,33.878184970083794,77.88999938964844,200.67999267578125,-0.611869632088897,97258073.2493446,0.819617368572928,0.6683829072257899,0.6903821866435349,,,,,,,,,,,,,,,1.92,87001000.0,1147037000.0,0.21524634696230005,0.15185988360244207,1.0,-0.49473684210526314,1.0347530298885572,1.0842597208374876,1.1309335746384257,1.0909090909090908,0.0055858343115327,3529431165.0514603,0.09138113871714447,0.08811996091205893,3.0769985319143673,26.553706731570152,40.567708015441895,0.04672418749173013,1.057558162309076,2025-12-31,net income 1.03x operating income,
DLB,Dolby,Information Technology,2026-03-31,33.630810885598976,60.060001373291016,104.73999786376952,-0.4265800783058227,49562104.31866116,-0.11903506777905437,-0.2702695291261925,-0.24827024970844752,,,,,,,,,,,,,,,2.4699999999999998,240523000.0,1338837000.0,0.01801396955166945,0.027139238845451885,1.0,-0.08518518518518514,0.9728360007927552,1.0297199459141406,1.0400915872664156,1.0265151515151514,0.0009665451276912318,5848506765.306914,0.42821135175504105,0.3639880507841673,4.368348622951796,15.448829491276252,24.315790029672478,-0.007629361143848268,1.0325228209317425,2025-12-26,,
ERIE,Erie Indemnity,Financials,2026-03-31,34.558889546304655,251.30999755859372,547.0,-0.5405667320683845,59091825.01353915,-0.040479448979700794,-0.19171391032683893,-0.16971463090909394,,,,,,,,,,,,,,,,559335000.0,4067258000.0,0.07170876244856883,0.16096196320519796,1.0,,0.7799044596644654,1.0368390987597627,1.0412559600220062,,0.0,638830.0137939452,0.09649122807017543,0.017543859649122806,0.00015706650863897624,-0.4819740438198782,,0.006666047904562156,1.0443215188144506,2025-12-31,,
FBIN,Fortune Brands Innovations,Industrials,2026-03-31,34.33220807926817,38.970001220703125,97.44444274902344,-0.6000797980745426,143752127.46550545,0.4189363241119024,0.26770186276476426,0.28970114218250925,,,,,,,,,,,,,,,2.47,298800000.0,4463200000.0,-0.03163376003471474,-0.003717954260516243,1.0,-0.34133333333333327,0.5789575663631079,0.921293042867182,0.9595290654893304,0.9296187683284457,-0.03868674571655817,4714265734.715017,0.13440717992318163,0.13353745900127748,1.056252405161099,11.016009031047272,15.777328429434462,-0.005946680326956111,1.0162272669193748,2025-12-27,,
GEN,Gen Digital,Information Technology,2026-03-31,34.28824215048476,18.82999992370605,34.20000076293945,-0.44941521919171934,149941646.35801467,0.32891063873922066,0.17767617739208252,0.1996754568098275,,,,,,,,,,,,,,,0.97,603000000.0,4727000000.0,0.2117405793386311,0.028744725738396593,1.0,-0.0490196078431373,0.3477508650519031,1.0578947368421052,1.0352238805970149,1.065934065934066,-0.010791771877060596,11705659746.38634,0.18364123883791295,0.33913884857281085,2.4763401198194073,8.812685237968507,19.412371055367064,0.0567851553767047,1.0742058449809402,2026-01-02,,growth 21% vs 3% a year earlier
MKC,McCormick & Company,Consumer Staples,2026-03-31,33.718389723222344,50.43999862670898,107.3499984741211,-0.5301350783077229,254031385.45397198,0.008513608954830554,-0.14272085239230758,-0.1207215729745626,,,,,,,,,,,,,,,6.1000000000000005,1643300000.0,7108700000.0,0.05682004013974584,0.004045138370600387,1.0,1.1034482758620694,1.5313577485788836,2.0817076260450977,1.0111216730038022,2.0819112627986347,-0.004534934242409139,13588204875.946041,0.17637540453074432,0.1116504854368932,1.9114894250630974,12.959808827608132,8.268852233886717,0.0392380451149803,1.0392380451149803,2026-02-28,net income 1.53x operating income,
OLED,Universal Display,Information Technology,2026-03-31,34.33911703925102,91.66000366210938,262.7699890136719,-0.6511778076097559,83513955.64645435,-0.05020509166376086,-0.201439553010899,-0.179440273593154,,,,,,,,,,,,,,,5.08,242075000.0,650611000.0,0.004519179105860305,0.12361453015028734,1.0,0.09247311827956972,0.9738391973545527,1.0916474259533173,1.063066915849481,1.0948275862068964,-0.0022271371615542046,4367833737.501009,0.0,0.01775147928994083,6.713433583971081,13.595398504157567,18.043307807501844,0.016616222145483306,1.060357823773613,2025-12-31,,
QLYS,Qualys,Information Technology,2026-03-31,34.47771330173842,87.8499984741211,206.3500061035156,-0.5742670420370568,70843369.54618181,0.5650541591490859,0.4138196978019477,0.4358189772196927,,,,,,,,,,,,,,,5.44,198320000.0,669125000.0,0.10131161625554874,0.0957926479553004,1.0,0.1698924731182796,0.8935265282583622,1.0485631956010257,1.0759432792146977,1.0542635658914727,-0.02395294253122726,3202649209.07862,0.024539877300613498,0.024539877300613498,4.786324242971971,12.486693237180292,16.148896778331082,0.024640370945463896,1.0272734814900317,2025-12-31,,
VRSK,Verisk Analytics,Industrials,2026-03-31,32.55243070624839,189.75,322.9200134277344,-0.4123931868271653,391477021.7102293,-0.05127949100911644,-0.20251395235625458,-0.1805146729385096,,,,,,,,,,,,,,,6.48,908300000.0,3072700000.0,0.0662803206440643,0.07469978369508468,1.0,-0.03427719821162434,0.6758687402336483,1.0132540179503235,1.027886573711421,1.0193740685543964,-0.01843138884379436,26597210648.148144,0.3015153620656568,0.29005175774685754,8.655973784667603,18.18739358003128,29.282407407407405,0.014259778841392956,1.02068501399072,2025-12-31,,
BRO,Brown & Brown,Financials,2026-04-30,32.924988211573165,60.150001525878906,125.68000030517578,-0.5214035536296717,230799277.16564602,0.1738384110074227,0.1316841219304663,0.12068036074589616,,,,,,,,,,,,,,,3.0700000000000007,1149000000.0,6399000000.0,0.2924661684508181,0.1254574799390784,1.0,-0.14484679665738132,,1.0901328273244781,,0.9715189873417723,0.30321910039587086,22512166694.86477,0.46359223300970875,0.36160664466657105,3.51807574540784,15.535575579907187,19.592834373250454,0.08420874279905122,1.0842087427990512,2026-03-31,,shares +30% y/y
BSY,Bentley Systems,Information Technology,2026-04-30,34.935134345410646,32.619998931884766,71.91999816894531,-0.5464404927366932,109281824.98773243,0.08861248700745317,0.04645819793049677,0.03545443674592663,,,,,,,,,,,,,,,0.85,277861000.0,1501779000.0,0.10988437618940283,0.10149843741477826,1.0,0.18055555555555558,0.7662573320353758,1.0896898039499632,1.0769584643389045,1.0833333333333335,0.0024601522431217937,10663324144.955803,0.0,0.0,7.100461615827498,,38.37646933162914,0.028602367503436588,1.0298200643268889,2025-12-31,,
FND,Floor & Decor,Consumer Discretionary,2026-04-30,34.7482294775169,48.400001525878906,145.88999938964844,-0.6682431850821359,155423531.9187467,0.1894627661125634,0.147308477035607,0.13630471585103687,,,,,,,,,,,,,,,1.84,199478000.0,4675626000.0,0.03460884077145154,0.00948960144852018,1.0,-0.03157894736842093,0.7724609564082606,1.0318096112701374,1.040468183872475,1.0309278350515465,0.0005377972298532541,5247138861.075691,0.0,0.02140672782874618,1.1222323729647519,10.283592094982819,26.30434865536897,-0.0018065416362801345,1.0179258770482789,2026-03-26,,
LULU,Lululemon Athletica,Consumer Discretionary,2026-04-30,34.997786279910926,137.6999969482422,516.3900146484375,-0.733341092890827,438919043.59828407,-0.13674651139417127,-0.17890080047112766,-0.1899045616556978,,,,,,,,,,,,,,,13.26,1579183000.0,11102600000.0,0.048589712664922846,0.1007194095024595,1.0,-0.09426229508196726,0.7143636499345205,0.9962256477403484,1.002387758775303,1.0040983606557379,-0.03917282665260846,16399207713.477823,0.0,0.0,1.4770601222666604,5.390783918194673,10.384615154467737,0.00264636653802075,1.0399140342723616,2026-02-01,,
TSCO,Tractor Supply,Consumer Discretionary,2026-04-30,33.25026420038027,35.099998474121094,63.9900016784668,-0.4514768314823696,336702824.1258046,-0.11624417909505924,-0.15839846817201564,-0.16940222935658578,,,,,,,,,,,,,,,2.06,1096087000.0,15524046000.0,0.04305617510068882,0.022499026329198868,1.0,0.009803921568627416,0.746964165602986,1.0163682332848027,1.0123205911706739,1.019704433497537,-0.014342578692404406,18676044673.545612,0.16181229773462782,0.1197411003236246,1.2030397664079076,10.322682611168355,17.038834210738393,0.008103572789258662,1.01655614165852,2025-12-27,,
ZTS,Zoetis,Health Care,2026-04-30,34.06937631963093,114.97000122070312,249.2700042724609,-0.5387732208042294,493677487.6274109,-0.3230513835323262,-0.3652056726092826,-0.37620943379385274,,,,,,,,,,,,,,,6.02,2673000000.0,9467000000.0,0.022796024200518517,0.08333333333333326,1.0,0.10054844606946989,,1.0373312152501986,,1.0448833034111311,-0.02301325963602141,51048972302.813866,0.14465408805031446,0.09643605870020965,5.39230720426892,14.165881617796478,19.09800684729288,0.007449185910396894,1.026584408300617,2025-12-31,,
ABT,Abbott Laboratories,Health Care,2026-05-31,33.79218142742039,85.5999984741211,142.60000610351562,-0.39971953148457307,1208070252.0979624,0.29844769987038955,0.28186287919119346,0.249875435606909,,,,,,,,,,,,,,,3.5700000000000003,6276000000.0,45134000000.0,0.06588890988097496,0.05004215642513521,1.0,-0.5363636363636364,0.8145360155743024,1.0353280995408087,1.0537016264722379,1.035064935064935,0.002552998684290708,150483358662.06833,0.4823375925712751,0.463535551206784,3.334146290204022,19.298275115643328,23.977590608997502,0.018182638512903804,1.0181826385129038,2026-03-31,,
ACI,Albertsons,Consumer Staples,2026-05-31,34.7007477637803,15.609999656677246,37.9900016784668,-0.5891024225585864,110799934.66807471,-0.19690635109279742,-0.2134911717719935,-0.24547861535627796,,,,,,,,,,,,,,,0.4,217400000.0,83172500000.0,0.03460093119992447,0.014553678362698497,1.0,-0.7560975609756098,0.2987905442550852,1.0241014356072513,1.002148717280896,1.0304878048780486,-0.070164823701231,8484034813.404083,0.6635802469135802,0.6625830959164292,0.10200528796662459,6.524073302314801,39.024999141693115,0.01777659759323935,1.0177765975932394,2026-02-28,,
ACM,AECOM,Industrials,2026-05-31,34.8844536503307,69.37000274658203,135.52000427246094,-0.4881198305815082,126814390.1507302,-0.023629699374166147,-0.040214520053362235,-0.0722019636376467,,,,,,,,,,,,,,,3.83,505718000.0,15985834000.0,-0.00384333768914924,0.045461708763181896,1.0,-0.16375545851528384,0.5050846238816524,1.077710910129312,1.06947515079716,1.0880681818181819,-0.020263942008303504,9159702101.565527,0.2251734209565535,0.2773671372606993,0.5729886912103258,,18.11227225759322,0.0018506792049086673,1.0317727651384683,2026-03-31,,
DPZ,Domino's,Consumer Discretionary,2026-05-31,34.50858065737944,310.5799865722656,567.5700073242188,-0.4527899949532571,345358079.28055054,0.10816753193370565,0.09158271125450956,0.0595952676702251,,,,,,,,,,,,,,,17.369999999999997,591864000.0,4978532000.0,0.051693292422089865,0.042782998616400114,1.0,-0.004013761467890342,0.6075160433406279,1.020693632793615,1.0329368678735513,1.0268848626534188,-0.02261166677025117,10582677787.71488,0.1872852233676976,0.15463917525773194,2.1256623011994056,14.328649501441378,17.880252537263424,0.007801224050069777,1.018940350251889,2026-03-22,,
EXPO,"Exponent, Inc.",Industrials,2026-05-31,32.79162225721052,58.31999969482422,127.61000061035156,-0.5429825294578567,32778368.40593247,0.2239718057698521,0.207386985090656,0.17539954150637155,,,,,,,,,,,,,,,2.1399999999999997,108928000.0,602810000.0,0.07820235812609111,0.032689927778496,1.0,0.04901960784313708,0.93313002210153,1.027535397937911,1.0278182182740674,1.0338164251207729,-0.015847724935493468,2968542489.1391654,0.42955326460481097,0.3711340206185567,4.924507704150836,22.469169734619722,27.25233630599263,0.03573109925190798,1.035731099251908,2026-04-03,,
MZTI,The Marzetti Company,Consumer Staples,2026-05-31,31.331883806279436,111.94000244140624,220.6499938964844,-0.492680690968332,45350605.7153732,0.01588415615923977,-0.0007006645199563177,-0.03268810810424078,,,,,,,,,,,,,,,6.3900000000000015,175845000.0,1940220000.0,0.02846511036193622,0.006898502611289992,1.0,0.03902439024390292,0.7995280445220427,1.0593894999646702,1.0154141532428274,1.060064935064935,-0.002390313018011625,3080452226.808932,0.15422885572139303,0.11208062252838373,1.587681926177924,9.908720928443834,17.517997252176247,-0.0022975407880339027,1.0140975799346506,2026-03-31,,
PLNT,Planet Fitness,Consumer Discretionary,2026-05-31,34.78919658386012,53.5099983215332,114.47000122070312,-0.5325412968384301,139284229.7689105,-0.035694261022682694,-0.05227908170187878,-0.08426652528616324,,,,,,,,,,,,,,,,228791000.0,1384718000.0,0.144112322657459,0.1031621028913936,1.0,,0.5524431115747179,1.0890045983945307,1.0732187373263264,,0.0,5350.99983215332,0.19483109483109484,0.12301587301587301,3.864324600498672e-06,3.5063644996753487,,0.04574577991517548,1.049156078807412,2026-03-31,,
PODD,Insulet Corporation,Health Care,2026-05-31,33.990527998413825,144.94000244140625,354.8800048828125,-0.591580251219654,232906070.93023875,0.025665800731630162,0.009080980052434073,-0.022906463531850392,,,,,,,,,,,,,,,4.28,302800000.0,2900800000.0,0.3192050570739915,0.2348514629078453,1.0,-0.22882882882882893,0.5971208834549399,1.225414811817078,1.1951291079812207,1.2298850574712645,-0.02374556760248525,10254166527.863976,0.0,0.0,3.534944335308872,17.810409514724213,33.86448655173043,0.0711568996713563,1.0738758029978586,2026-03-31,,
ADSK,Autodesk,Information Technology,2026-06-30,32.56003150456857,194.4199981689453,344.3900146484375,-0.43546563518279,565790793.2607257,,,,,,,,,,,,,,,,,,6.8500000000000005,1463000000.0,7507000000.0,0.18276351031983618,0.12435783879539408,1.0,0.46995708154506444,0.7757158006362672,1.3016014234875444,1.1951837769328264,1.3097514340344167,-0.01653443351317041,41523570411.84919,0.27732030167769733,0.27569885287893975,5.531313495650618,19.7214829231522,28.382481484517562,0.04177074660005542,1.0461672473867596,2026-04-30,,
CTSH,Cognizant,Information Technology,2026-06-30,30.257753544767894,38.72999954223633,93.47000122070312,-0.5856424624325582,475455615.328483,,,,,,,,,,,,,,,,,,4.609999999999999,2229000000.0,21406000000.0,0.06545219252401568,0.04093052173462519,1.0,-0.02947368421052643,0.6596626220775378,1.0479323308270676,1.0405191516302628,1.0555555555555554,-0.02558677387796704,18726500863.26351,0.0,0.0,0.8748248558004069,4.518937687662306,8.401301419140202,0.014117870001894905,1.019660544522423,2026-03-31,,
EFX,Equifax,Industrials,2026-06-30,33.801545948780884,158.72000122070312,309.6300048828125,-0.4873881771219981,300595022.93565536,,,,,,,,,,,,,,,,,,5.68,698700000.0,6281400000.0,0.09552296074088296,0.07119904345551697,1.0,0.15918367346938767,0.609101211751373,1.0581553839164017,1.0473886048210372,1.0676691729323307,-0.015594054281593328,19524236769.87769,0.26057529610829105,0.233502538071066,3.1082619750179403,13.145398522680225,27.94366218674351,0.034060416495184764,1.0340604164951848,2026-03-31,,
EXLS,EXL Service,Industrials,2026-06-30,33.061705970806216,25.86000061035156,52.43000030517578,-0.5067709239017739,75638176.92035796,,,,,,,,,,,,,,,,,,1.5699999999999998,251520000.0,2157011000.0,0.13354834030871032,0.14182265927086912,1.0,0.18939393939393945,0.7687957916744356,1.0935977232235823,1.0701897608293436,1.0984848484848488,-0.02140704511447611,4142870925.8061304,0.08721437292865863,0.07020757020757021,1.9206535923118289,11.13183751778704,16.47133796837679,0.033210086416542106,1.0380394397754042,2026-03-31,,
G,Genpact,Industrials,2026-06-30,34.082978372449205,27.5,56.7599983215332,-0.5155038616418133,96365418.33816105,,,,,,,,,,,,,,,,,,3.26,569633000.0,5161025000.0,0.0639472271537973,0.07347560395378783,1.0,0.10884353741496589,0.7445326550671295,1.0310211513609198,1.0198358586363496,1.0415335463258786,-0.026267107877389062,4805186349.693252,0.0,0.0,0.9310527171818102,6.470805920292771,8.43558282208589,0.015974002530375175,1.02197120427659,2026-03-31,,
INGR,Ingredion,Consumer Staples,2026-06-30,34.05823013335829,94.70999908447266,155.44000244140625,-0.3906973906528728,86998220.47874814,,,,,,,,,,,,,,,,,,10.4,674000000.0,7198000000.0,-0.02214373047140339,-0.0688172043010753,1.0,0.09704641350210963,0.7147401908801697,1.1062215477996966,1.0605427974947808,1.114656031904287,-0.021692797648211637,6137936479.128324,0.15384615384615385,0.15224358974358973,0.8527280465585334,6.050589252470664,9.106730681199293,-0.0029089901648428063,0.9970910098351572,2026-03-31,,
LDOS,Leidos,Industrials,2026-06-30,33.452609717565,102.97000122070312,205.7700042724609,-0.49958692188993625,178066268.09253997,,,,,,,,,,,,,,,,,,10.930000000000001,1413000000.0,17262000000.0,0.024268676200082995,0.07955928511946708,1.0,0.10181451612903247,0.6770483948251078,1.0517629407351838,1.0494335736354274,1.0685483870967742,-0.03793697738249768,13311675363.664547,0.2891282311097086,0.226068906821334,0.7711548698681814,8.062468640195188,9.420860129981987,0.009060618460279501,1.0246646473388143,2026-04-03,,
PTC,PTC Inc.,Information Technology,2026-06-30,32.27613453612426,113.61000061035156,219.69000244140625,-0.48286221790792416,218405416.2365868,,,,,,,,,,,,,,,,,,10.41,1246362000.0,2997860000.0,0.27748990062556467,0.046574687545713145,1.0,1.8598901098901095,1.0741444244309808,1.5231429713192135,1.32256266584454,1.533136966126657,-0.010375986532733528,13602227433.30634,0.19381782064658637,0.1726537994825652,4.537312427300254,11.383585441612684,10.91354472721917,0.04823101880714975,1.1081109945153234,2026-03-31,net income 1.07x operating income,growth 28% vs 5% a year earlier
PPC,Pilgrim's Pride,Consumer Staples,2026-07-31,34.43725389295652,27.36000061035156,57.15999984741211,-0.5213435849652076,45255323.04481628,,,,,,,,,,,,,,,,,,2.2899999999999996,545606000.0,18436042000.0,0.014227819057019975,0.020644370784400845,1.0,-0.5587668593448942,0.5897015209289859,0.9943043821584185,0.9909078625681795,0.9942196531791906,-0.0005810418689987662,6518681437.996278,0.40689145223306716,0.3826779492284718,0.3535835640858422,6.399413611109647,11.947598519804176,-0.007062732261344795,1.0126213478844672,2026-06-28,,
ROL,"Rollins, Inc.",Industrials,2026-07-31,33.996635429322,37.970001220703125,66.13999938964844,-0.42591470258395847,221081236.2617311,,,,,,,,,,,,,,,,,,1.1,531716000.0,3924019000.0,0.09902029704772763,0.10377453565649875,1.0,0.08910891089108919,0.7264554630758049,1.0543892096255045,1.0486169235181533,1.0594059405940595,-0.002274636210364167,18353870153.697617,0.1419457735247209,0.23763955342902712,4.677314292743643,21.98535009328623,34.51818292791193,0.020559068081155374,1.0310745761527385,2026-06-30,,
APTV,Aptiv,Consumer Discretionary,2026-08-31,33.34538245941893,44.7599983215332,180.80999755859372,-0.7524473263320068,219989181.79485986,,,,,,,,,,,,,,,,,,1.11,220000000.0,,,-0.00955716787590688,1.0,-0.748868778280543,,2.212121212121212,,2.2399999999999998,-0.13520628229414033,8871351018.682255,,0.8011363636363636,,,40.32432281219207,,,2026-06-30,TTM net income jumped 2.21x in one quarter,
DKS,Dick's Sporting Goods,Consumer Discretionary,2026-08-31,34.94397646787442,135.10000610351562,254.6000061035156,-0.46936369652486776,400226180.16970193,,,,,,,,,,,,,,,,,,10.270000000000001,904534000.0,19204947000.0,0.4122174463493766,0.03332233839472831,1.0,-0.2659042172980699,0.7662665626379249,1.0651112348820533,1.0771359665811668,1.0300902708124373,0.06746364971114005,11898982368.143856,0.2885520788063161,0.2849320736000165,0.6195790265989204,6.319193638660966,13.15482045798594,0.1155860081137976,1.1567190529416171,2026-05-02,,growth 41% vs 3% a year earlier
PNR,Pentair,Industrials,2026-08-31,32.8524726555556,60.459999084472656,113.9499969482422,-0.4694164045310638,214560527.71768117,,,,,,,,,,,,,,,,,,4.08,671300000.0,4202300000.0,0.030986261040235608,-0.0024574807172923485,1.0,0.11475409836065564,0.7766080518278575,1.073350836888743,1.065091731590852,1.0737704918032787,-0.011822139423541045,9947744457.207474,0.2923728913929919,0.29691553213292343,2.3672142534344225,12.79968007924602,14.818627226586434,0.006297892720306564,1.011529890514485,2026-03-31,,
