ticker,name,sector,signal_month,peak_month,last_ath_month,peak_rsi,rsi,trigger_level,rsi_chg,months_from_peak,months_from_ath,close,ath,dd_ath,adv,r3,x3_spy,x3_uni,r6,x6_spy,x6_uni,r12,x12_spy,x12_uni,r24,x24_spy,x24_uni,r36,x36_spy,x36_uni,mae12,mae24,eps_ttm,ni_ttm,rev_ttm,rev_yoy,prior_yoy,prof_past,eps_yoy,ni_op,ni_jump4,op_jump4,eps_jump4,shares_yoy,mcap,val_pct_op,val_pct,ps,ev_ebitda,pe,rev_qoq,rev_jump8,gw_ev,gw_ratio,q_end,oneoff,acq,x12_own,x24_own,x36_own
IBM,IBM,Information Technology,1970-06-30,1967-12-31,1968-06-30,82.27941493042675,34.921222419253155,82.27941493042675,-0.5755776526998692,30,24,11.950286865234377,18.49904441833496,-0.3540051802140608,15203875.193253774,0.17255009917414155,,0.0034819878351984024,0.28219913079882497,,-0.010101510672384295,0.2889877636125142,,-0.26956042562955507,0.6197721246124985,,-0.2405918349698436,0.6593663082222561,,-0.22185212618041283,-0.12083852559617048,-0.12083852559617048,,,,,,,,,,,,,,,,,,,,,,,,,,0.17818984730066134,0.3860420504854818,0.34084300404027684
IBM,IBM,Information Technology,1973-09-30,1973-01-31,1973-01-31,70.72739087289763,35.928727484589515,70.72739087289763,-0.49201112834550753,8,8,15.41586971282959,21.821224212646484,-0.29353781609121055,14614885.419547899,-0.03971779463618774,,0.06628364739544748,-0.07753930890986449,,0.026033174813425777,-0.36994171374838514,,0.014719660342874252,-0.22996144779955296,,-0.17674272888635165,0.1861090830426435,,-0.051921502801188124,-0.40362354333215866,-0.40362354333215866,,,,,,,,,,,,,,,,,,,,,,,,,,-0.480739630060238,-0.4636915219265697,-0.1324142211393357
BA,Boeing,Industrials,1981-08-31,1978-08-31,1980-01-31,90.14902116332154,36.3784112862964,90.14902116332154,-0.5964636019686758,36,19,3.40740704536438,6.802468776702881,-0.499092585763263,5888402.379206249,0.008337260045665928,,-0.048790824985297715,-0.15913801692423624,,-0.16971970969280456,0.10615219402985443,,-0.029449789115140595,0.833618099444106,,0.24681447334004092,1.6770428503701784,,0.9828213484484547,-0.3155527179961439,-0.3155527179961439,,,,,,,,,,,,,,,,,,,,,,,,,,-0.0724341850245081,0.49391648894036516,1.1409714622552332
TXN,Texas Instruments,Information Technology,1981-11-30,1980-11-30,1980-11-30,73.57891915649819,38.66890182207729,73.57891915649819,-0.4744567837449375,12,12,1.5989580154418943,3.1380209922790527,-0.49045655864761506,6015541.730935233,0.0799149127186467,,0.12692516446659952,0.0999099402946464,,0.1202833408726723,0.8059752096054016,,0.521794517841495,0.8148523967768697,,0.23201621089581603,0.6243326414652612,,0.00037291917020210175,-0.07576333010502001,-0.07576333010502001,,,,,,,,,,,,,,,,,,,,,,,,,,0.6036567121155375,0.38943064512448744,-0.05139986368075333
HAL,Halliburton,Energy,1982-02-28,1980-11-30,1980-11-30,85.09305288245938,38.26519317984305,85.09305288245938,-0.5503135463631857,15,15,9.351410865783691,20.593950271606445,-0.5459146621968497,9363877.397582205,-0.2071642836726285,,-0.23308128524204383,-0.35491777695197935,,-0.47428889555138143,-0.1496717912590747,,-0.5786819082314714,0.07066573676726495,,-0.45127766261733515,-0.057206522060945564,,-0.9473546048263081,-0.4585507376115614,-0.4585507376115614,,,,,,,,,,,,,,,,,,,,,,,,,,-0.2737259831117227,-0.13654366254744016,-0.26805126970970117
MRK,Merck & Co.,Health Care,1982-06-30,1981-05-31,1981-05-31,74.69651951291426,39.80098609143384,74.69651951291426,-0.46716411486143394,13,13,1.7891219854354858,2.7300679683685303,-0.34466027726604453,7894166.7852081135,0.16844115973414375,,0.047668783575343404,0.2768276959656695,,-0.03682883934949599,0.42438464173791624,,-0.16257903327987366,0.46418641625756174,,-0.03303857720748127,0.8434152393512475,,-0.145155057590158,-0.051852284853612485,-0.051852284853612485,,,,,,,,,,,,,,,,,,,,,,,,,,0.2822339243014426,0.19962068180518433,0.4050514774915182
CVX,Chevron Corporation,Energy,1982-07-31,1980-11-30,1980-11-30,82.0804473955709,37.568939389662916,82.0804473955709,-0.5422912449708437,20,20,6.3125,14.6875,-0.5702127659574467,8693222.222222222,0.1980192261693523,,-0.062894528169055,0.3118810472618576,,-0.0641839631341587,0.4257421387875746,,-0.15356805909893223,0.26720863056665967,,-0.2303504823569043,0.5868429925370529,,-0.4234384694648623,-0.06930741871059254,-0.06930741871059254,,,,,,,,,,,,,,,,,,,,,,,,,,0.30302549936933515,0.0204400654617162,0.24232518866011726
XOM,ExxonMobil,Energy,1982-07-31,1980-11-30,1980-11-30,79.59975887159865,36.241571627173265,79.59975887159865,-0.5447024948199394,20,20,3.25,5.546875,-0.4140845070422535,17729961.111111112,0.17293421060341596,,-0.08797954373499134,0.22182221495310106,,-0.15424279544291525,0.5246210242381446,,-0.05468917364836223,0.7720229273384054,,0.2744638144148414,1.6136242635774227,,0.6033428015755076,-0.015131155979692723,-0.015131155979692723,,,,,,,,,,,,,,,,,,,,,,,,,,0.4114599906251407,0.5297220297052518,1.2587510432684077
PNW,Pinnacle West Capital,Utilities,1983-12-31,1983-01-31,1983-05-31,71.94857619984671,37.71633280970079,71.94857619984671,-0.47578764164924303,11,7,19.375,27.875,-0.30493273542600896,6053516.865079365,-0.07096733905171781,,-0.021181031405993353,-0.10967715301326941,,-0.04120709012020206,0.1354839569387547,,0.06702740544083557,0.406452654669617,,0.017900293231162656,0.46451711432749376,,-0.18403236501760023,-0.25161298648388597,-0.25161298648388597,,,,,,,,,,,,,,,,,,,,,,,,,,0.010223195741705604,0.15571910044495163,0.09059452547947738
JNJ,Johnson & Johnson,Health Care,1984-03-31,1982-12-31,1983-01-31,75.23049329600369,39.277170612574785,75.23049329600369,-0.47790890512928186,15,14,2.1875,3.21875,-0.3203883495145631,15853140.620688787,-0.13531056094666172,,-0.11605881451655517,-0.05478815916702795,,-0.13329142630941065,0.24182066079791142,,0.01898439636456825,0.743290199899773,,0.009297100797713953,1.740870184074371,,0.686538254221621,-0.19295675179638583,-0.19295675179638583,,,,,,,,,,,,,,,,,,,,,,,,,,0.11504594926862083,0.49847795586050003,1.3661177961246391
TRV,Travelers Companies (The),Financials,1984-07-31,1983-03-31,1983-03-31,71.04612968347435,38.44531135782373,71.04612968347435,-0.45886832218579965,16,16,10.25,17.6875,-0.4204946996466431,5730923.015873016,0.04573186525641937,,-0.08394787580446067,0.29268313853520045,,0.0489644483543214,0.7469512732787811,,0.3861871370627336,-0.018293049211695833,,-0.80567458921361,0.1951218168030473,,-1.050128809817618,-0.042682542163821724,-0.06097596011553508,,,,,,,,,,,,,,,,,,,,,,,,,,0.5867352467903619,-0.3490556445765014,-0.3175171353651498
TXN,Texas Instruments,Information Technology,1985-04-30,1983-01-31,1983-01-31,78.47241934820266,39.72568815435703,78.47241934820266,-0.4937624137968303,27,27,1.9505209922790527,3.6666669845581055,-0.46803977549814957,15199539.7315979,0.1245556163265027,,0.02577821343138452,-0.02443763520286224,,-0.10555512577112049,0.5142328419366278,,0.06294698747884514,1.1287877354232196,,0.42200659359573456,0.579145603225417,,-0.07817108040559917,-0.07877111032072137,-0.07877111032072137,,,,,,,,,,,,,,,,,,,,,,,,,,0.3119143444467637,0.7033659837708374,-0.0965869019205976
TRV,Travelers Companies (The),Financials,1986-06-30,1986-03-31,1986-03-31,77.54535366172175,37.413304613789066,77.54535366172175,-0.5175300279498607,3,3,11.3125,27.03125,-0.5815028901734104,9245415.873015873,-0.17127083686126654,,-0.09549764444666442,-0.11049715101111057,,-0.05165224253504544,0.011050033434353068,,-0.170994418923988,-0.009191529065042059,,-0.18479593872396138,0.2701116856575334,,-0.08395325968025347,-0.20994416498201096,-0.20994416498201096,,,,,,,,,,,,,,,,,,,,,,,,,,-0.14916599305406614,-0.3399541244298476,-0.2425272665106637
TXNM,TXNM Energy,Utilities,1987-09-30,1986-03-31,1986-08-31,77.56675352459477,36.06196072913958,77.56675352459477,-0.5350848257726154,18,13,16.5,26.166667938232425,-0.36942678223498004,6499705.885532924,-0.21952029973685094,,0.01065182177461882,-0.24684157031124487,,-0.10572075715500606,-0.36675442297218086,,-0.27930635498598894,-0.3009430469196974,,-0.5049991718059835,-0.5459119071345213,,-0.5858363315699198,-0.4515640560059683,-0.48929279322646546,,,,,,,,,,,,,,,,,,,,,,,,,,-0.5252607578376097,-0.628072053178152,-1.0342500812385298
AFG,American Financial Group,Financials,1987-10-31,1987-07-31,1987-07-31,71.5315272110076,38.506473929131126,71.5315272110076,-0.46168528157461775,3,3,14.625,22.791667938232425,-0.3583181345202495,5775275.425783793,-0.00736601553125682,,-0.06679922298426952,0.07820662464041916,,-0.07111520306941393,0.03256864043598684,,-0.18682078396757387,0.16510266105944904,,-0.3680359394187175,-0.26645866639202087,,-0.5946467496124549,-0.0900851749142737,-0.0900851749142737,,,,,,,,,,,,,,,,,,,,,,,,,,-0.17897458737211072,-0.275283909537646,-0.9470768878764465
BA,Boeing,Industrials,1987-10-31,1986-06-30,1986-06-30,76.52385274732357,38.565850136194044,76.52385274732357,-0.4960283787130296,16,16,8.583333015441895,14.416666984558104,-0.4046243126351171,30270694.971357074,0.19533307533376787,,0.13589986788075517,0.2636826701169208,,0.11436084240708771,0.7220034718872306,,0.5026140474836699,1.2942950372397037,,0.7611564367615372,1.7923777897654896,,1.4641897065450555,-0.12146284105593264,-0.12146284105593264,,,,,,,,,,,,,,,,,,,,,,,,,,0.5434170928328681,0.9545934267359628,1.2563064016505443
C,Citigroup,Financials,1987-10-31,1986-08-31,1987-02-28,75.4542503489552,38.84450511903536,75.4542503489552,-0.48519129221494894,14,8,23.966249465942383,44.40499877929688,-0.4602803710217359,16686933.007030154,-0.01395421702399191,,-0.07338742447700461,-0.11652659592760006,,-0.26584842363743316,0.06529557186689239,,-0.15409385253666832,0.0685281204984085,,-0.464610479979758,-0.3165902152357736,,-0.6447782984562076,-0.24675320593596384,-0.25146168233974564,,,,,,,,,,,,,,,,,,,,,,,,,,-0.07911130063188215,-0.1798330740991,-0.6418901916457549
GAP,Gap Inc.,Consumer Discretionary,1987-10-31,1986-05-31,1987-08-31,95.30211357598432,39.50238635629788,95.30211357598432,-0.5855035646738028,17,2,0.7314810156822205,2.884258985519409,-0.7463885804448687,16582467.480721643,-0.006288358529472626,,-0.06572156598248532,0.18399968886123208,,0.03467786115139898,0.8025116151694727,,0.583122190765912,2.021624483299509,,1.4884858828213425,1.6073918504690128,,1.2792037672485788,-0.1591665812863774,-0.1591665812863774,,,,,,,,,,,,,,,,,,,,,,,,,,0.6355131190017796,1.772541943574949,1.3149318380938664
GD,General Dynamics,Industrials,1987-10-31,1985-02-28,1985-02-28,74.10408148990253,35.5549528820039,74.10408148990253,-0.5202025021138863,32,32,6.25,11.15625,-0.43977591036414565,7868561.507936508,0.05035900283265482,,-0.009074204620357872,0.1081766779862332,,-0.041145149723599894,0.09084915199238841,,-0.1285402724111723,0.08974952389132462,,-0.4433890765868419,-0.4893007843747845,,-0.8174888675952185,-0.1474997045245734,-0.1474997045245734,,,,,,,,,,,,,,,,,,,,,,,,,,-0.07168666885307526,-0.24247132280285755,-1.0172889416689688
HON,Honeywell Technologies,Industrials,1987-10-31,1986-03-31,1986-03-31,70.58481069300109,39.48983014052547,70.58481069300109,-0.4405335970612566,19,19,8.510851860046387,12.8399019241333,-0.33715600708368554,28952866.685660757,-0.12298889244787681,,-0.1824220999008895,-0.10389002867676111,,-0.2532118563865942,0.006421064548236988,,-0.21296835985532372,0.12296224239767395,,-0.4101763580804926,-0.17820097057013895,,-0.506389053790573,-0.3124234183460486,-0.3124234183460486,,,,,,,,,,,,,,,,,,,,,,,,,,-0.15635892861157522,-0.21424797602170098,-0.7069843274939286
JPM,JPMorgan Chase,Financials,1987-10-31,1986-03-31,1986-04-30,72.9376797375002,30.81529223172302,72.9376797375002,-0.5775120302342215,19,18,9.0,18.75,-0.52,9699588.723559607,-0.1807304432171356,,-0.2401636506701483,-0.035680305343325,,-0.1850021330531581,0.30303470952067046,,0.08364528511710975,0.48833593057241087,,-0.044802669905755654,-0.5043999238025616,,-0.8325880070229956,-0.23788846470027136,-0.23788846470027136,,,,,,,,,,,,,,,,,,,,,,,,,,0.10765694851673954,0.0807925261912843,-1.1388265976720178
PCG,PG&E Corporation,Utilities,1987-10-31,1986-08-31,1986-08-31,78.15224264818352,39.41931172838317,78.15224264818352,-0.49560869409933195,14,14,17.625,27.875,-0.3677130044843049,26491693.055555556,0.035494706406708154,,-0.023938501046304538,-0.10662482918027472,,-0.2559466568901078,0.1298455831979104,,-0.08954384120565032,0.36013610490690917,,-0.17300249557125735,0.7474670917675492,,0.4192790085471152,-0.1591769026767682,-0.1591769026767682,,,,,,,,,,,,,,,,,,,,,,,,,,0.11178267112303153,0.3102655351334926,0.6610049890449119
RTX,RTX Corporation,Industrials,1987-10-31,1986-03-31,1986-03-31,70.99887133999613,39.460510417619005,70.99887133999613,-0.4442093279391397,19,19,2.772969961166382,4.759283065795898,-0.41735552963949285,25411491.29233042,0.09997552322271108,,0.04054231576969839,0.12494889261540676,,-0.02437293509442634,0.2309875789834217,,0.011598154579860992,0.6336393070923465,,0.10050070661417998,0.4276502694025328,,0.09946218618209879,-0.14008464022698097,-0.14008464022698097,,,,,,,,,,,,,,,,,,,,,,,,,,0.07463153936929634,0.33958895603237776,0.038035091029104906
TGT,Target Corporation,Consumer Staples,1987-10-31,1986-05-31,1986-06-30,76.08886744895794,39.01335046267912,76.08886744895794,-0.48726598554183864,17,16,2.6145830154418945,5.25,-0.5019841875348772,57714201.62818545,0.12003433219445903,,0.060601124741446334,0.15276699965166873,,0.003445171941835634,0.4237132141228719,,0.20432378971931117,1.1281625285200532,,0.5950239280418866,0.6348926223703035,,0.3067045391498695,-0.19309355148453178,-0.19309355148453178,,,,,,,,,,,,,,,,,,,,,,,,,,0.2865517183371028,0.8529595792462701,0.1729117833698805
WHR,Whirlpool Corporation,Consumer Discretionary,1987-10-31,1986-05-31,1986-06-30,81.9512608489932,38.259855554688784,81.9512608489932,-0.5331389028267914,17,16,23.75,41.5,-0.42771084337349397,8505172.817460317,0.12300426504706441,,0.06357105759405171,0.17176863225524386,,0.02244680454541076,0.15878181075704756,,-0.06060761364651315,0.24080764721079495,,-0.2923309532673716,-0.13026260201847684,,-0.45845068523891086,-0.1377885086357864,-0.1377885086357864,,,,,,,,,,,,,,,,,,,,,,,,,,0.04018634880844987,0.02611204662750613,-0.46320070616461245
AXP,American Express,Financials,1987-11-30,1986-03-31,1986-03-31,79.64227841885713,38.05836173587047,79.64227841885713,-0.5221336896502036,20,20,5.761206150054932,10.460290908813477,-0.4492307909715264,48725099.24599784,0.18155684746034395,,-0.008638594150575912,0.1564885916172103,,-0.05262111238745176,0.25375226479325486,,-0.0019517090852027574,0.6926522814794767,,0.05336004247744219,0.011469724362014766,,-0.5094132431883888,-0.07262618354296035,-0.07262618354296035,,,,,,,,,,,,,,,,,,,,,,,,,,0.03242440849962658,0.25747861072206446,-0.6328359968703725
BAC,Bank of America,Financials,1987-11-30,1985-06-30,1986-06-30,78.95719572386406,39.79503662149051,78.95719572386406,-0.4959922745905876,29,17,4.4375,7.28125,-0.3905579399141631,6444848.412698412,0.2670749003978419,,0.07687945878692201,0.25199572462563524,,0.042886020620973186,0.5752132233898855,,0.31950924951142784,1.8187260011224708,,1.1794337621204365,0.4841302359102311,,-0.036752731640172454,-0.1267607373782531,-0.1267607373782531,,,,,,,,,,,,,,,,,,,,,,,,,,0.39306075865983414,1.4872301803905814,0.022312976704624288
BC,Brunswick,Consumer Discretionary,1987-11-30,1987-08-31,1987-08-31,84.00552716745072,39.62877979336826,84.00552716745072,-0.5282598523026345,3,3,12.125,30.25,-0.5991735537190083,8739963.888888888,0.6477721997724106,,0.4575767581614908,0.872894299404168,,0.6637845953995059,0.4515373212680498,,0.19583334738959218,0.24105504940850508,,-0.3982371895935294,-0.2922299109882279,,-0.8131128785386315,-0.11340197380042405,-0.11340197380042405,,,,,,,,,,,,,,,,,,,,,,,,,,0.1965360504830982,-0.23189947040248116,-0.9814907270744259
CVX,Chevron Corporation,Energy,1987-11-30,1987-06-30,1987-07-31,75.25197092444157,38.24541818185815,75.25197092444157,-0.4917685515471838,5,4,9.125,16.15625,-0.4352030947775629,37772578.571428575,0.22913810493559383,,0.03894266332467397,0.3870035093017963,,0.17789380529713422,0.32448789159090086,,0.06878391771244324,1.0899817254798054,,0.45068948647777096,1.219595575671557,,0.6987126081211535,-0.02054819291683041,-0.02054819291683041,,,,,,,,,,,,,,,,,,,,,,,,,,0.2017712521726614,0.8432131603748619,0.8750777717946214
FDX,FedEx,Industrials,1987-11-30,1986-02-28,1986-03-31,76.71837831659268,36.78775732982646,76.71837831659268,-0.5204831210324217,21,20,8.86382007598877,15.209507942199709,-0.41721848532682904,23423632.234244574,0.02272720320416366,,-0.1674682384067562,-0.0681812697217361,,-0.27729097372639816,0.08522685906477423,,-0.17047711481368338,0.07670464220753881,,-0.5625875967944957,-0.3210226714611203,,-0.8419056390115238,-0.19886392302630707,-0.19886392302630707,,,,,,,,,,,,,,,,,,,,,,,,,,-0.08057283285155645,-0.20307195310716397,-0.7141805235064143
IBM,IBM,Information Technology,1987-11-30,1985-12-31,1986-04-30,72.05411287699819,37.11483060906485,72.05411287699819,-0.4849033715476774,23,19,26.469884872436523,42.035133361816406,-0.3702914025608621,326649574.9451778,0.0717642382672885,,-0.11843120334363136,0.03622148245127743,,-0.17288822155338462,0.11111649161917381,,-0.1445874822592838,-0.04508787494681854,,-0.684380113948853,0.16372807773131948,,-0.35715488981908405,-0.05191865719168054,-0.06098235535372987,,,,,,,,,,,,,,,,,,,,,,,,,,0.00031857530732094796,-0.2788179490738353,-0.15479522645065974
MAS,Masco,Industrials,1987-11-30,1986-06-30,1987-03-31,82.50276504395612,38.355334718926585,82.50276504395612,-0.5351024332518857,17,8,9.11687183380127,17.959138870239258,-0.4923547337278421,10756233.21115247,0.31935420566510864,,0.12915876405418877,0.33013606462025913,,0.12102636061559707,0.20707450707263075,,-0.04862946680582686,0.280109476058346,,-0.35918276294368845,-0.19989984292549612,,-0.7207828104758996,-0.0843377753105593,-0.0843377753105593,,,,,,,,,,,,,,,,,,,,,,,,,,0.025808516055570885,-0.09782140943814105,-0.8164719267872937
NYT,New York Times Company,Communication Services,1987-11-30,1986-06-30,1987-06-30,86.32462898424876,39.20322252716444,86.32462898424876,-0.5458628320972261,17,5,13.0,24.8125,-0.47607052896725444,9771644.444444444,0.22115300488573109,,0.030957563274811223,0.027161049534220938,,-0.18194865447044112,0.01740634403139074,,-0.23829762984706687,0.050070364452303284,,-0.5892218745497312,-0.25402034160720033,,-0.7749033091576039,-0.055204822796693365,-0.055204822796693365,,,,,,,,,,,,,,,,,,,,,,,,,,-0.18648590641843155,-0.3503182376086308,-0.8681301147164582
PFE,Pfizer,Health Care,1987-11-30,1986-06-30,1986-06-30,78.31842082258946,37.710396758299936,78.31842082258946,-0.5184990151458329,17,17,1.823410987854004,3.0439600944519043,-0.4009740826834567,33303592.47664003,0.1902248958561139,,2.9454245194043827e-05,0.1523547546862254,,-0.056754949318436665,0.27872034641730603,,0.023016372538848417,0.7306984140735318,,0.09140617507149729,0.952459065850443,,0.4315760983000395,-0.10569044140913342,-0.10569044140913342,,,,,,,,,,,,,,,,,,,,,,,,,,0.18254988848275472,0.5278103612350324,0.6430021188521706
R,Ryder,Industrials,1987-11-30,1987-03-31,1987-03-31,80.7043631060356,36.21921912264251,80.7043631060356,-0.5512111399100578,8,8,20.875,43.0,-0.5145348837209303,8423647.817460317,0.4371255030985002,,0.24693006148758032,0.27614631894457453,,0.06703661493991248,0.16888264845414924,,-0.08682132542430837,0.09028538109934114,,-0.5490068579026933,-0.2730594008488185,,-0.793942368399222,0.0059881033528208505,0.0059881033528208505,,,,,,,,,,,,,,,,,,,,,,,,,,-0.03126070123619146,-0.302466521071343,-0.8427578586583134
ROK,Rockwell Automation,Industrials,1987-11-30,1987-04-30,1987-04-30,71.79670471491723,37.55038092833347,71.79670471491723,-0.47699018948801963,7,7,16.375,30.9375,-0.47070707070707074,10523545.833333334,0.13740485808403236,,-0.05279058352688751,0.1869680067698043,,-0.02214169723485776,0.28599823780400113,,0.03029426392554352,0.3703948533562058,,-0.26889738564582866,0.8041477275801845,,0.28326476002978096,-0.022900763358778664,-0.022900763358778664,,,,,,,,,,,,,,,,,,,,,,,,,,0.06721337370399239,-0.04845514797969808,0.2203800281394077
TXT,Textron,Industrials,1987-11-30,1985-07-31,1986-03-31,78.82247197585728,38.02112884090097,78.82247197585728,-0.5176359242761817,28,20,5.03125,9.9375,-0.4937106918238994,10330740.277777778,0.23260893042940012,,0.042413488818480255,0.1819696816707128,,-0.027140022333949243,0.21976661998481006,,-0.03593735389364755,0.3476224301198949,,-0.29166980888213956,0.3652169828301497,,-0.15566598472025384,-0.031521379211739475,-0.031521379211739475,,,,,,,,,,,,,,,,,,,,,,,,,,0.0398805600618902,0.026516968980128952,-0.09326954993407566
PNW,Pinnacle West Capital,Utilities,1988-05-31,1985-06-30,1985-06-30,72.36764051217396,36.649137678458644,72.36764051217396,-0.49357008990374107,35,35,23.5,33.0,-0.28787878787878785,7277902.182539683,-0.0038835805916234145,,-0.02018853244210237,-0.27615918699958386,,-0.3154891824563336,-0.3801867421421806,,-0.6354799101074076,-0.20529398328031934,,-0.6437816937719709,-0.47847435848851827,,-1.142339283948675,-0.4704507811828751,-0.7516542854739411,,,,,,,,,,,,,,,,,,,,,,,,,,-0.5054475033392297,-0.4560275375049847,-0.8523969473365347
KR,Kroger,Consumer Staples,1988-12-31,1986-10-31,1988-09-30,81.54579996837515,36.03711717337295,81.54579996837515,-0.5580751284879324,26,3,1.109375,7.375,-0.8495762711864407,36094966.071428575,0.18309942466968865,,0.11247433177454763,0.7042259589129622,,0.5431838434673014,0.6619729680531183,,0.37791971529843754,0.6056343013771366,,0.3707424828039042,1.225353735183488,,0.4023456010903148,-0.05633773515554252,-0.05633773515554252,,,,,,,,,,,,,,,,,,,,,,,,,,0.5017543473176664,0.23653623017633996,0.616654255615416
TXN,Texas Instruments,Information Technology,1989-10-31,1987-09-30,1987-09-30,73.71535384114179,38.84744923663534,73.71535384114179,-0.4730073558304767,25,25,1.9921879768371584,5.015625,-0.6028036432474202,14357107.833268907,0.05245226809513981,,0.08450180483737771,0.07729823376374756,,0.07718809757751766,-0.23097259484749177,,-0.10558093171149482,0.03457972535247511,,-0.30577988115938654,0.6418148689297198,,0.0243197151992941,-0.27903680766952355,-0.27903680766952355,,,,,,,,,,,,,,,,,,,,,,,,,,-0.43329109233735585,-0.39084202629990716,-0.03391763621629473
HST,Host Hotels & Resorts,Real Estate,1990-01-31,1987-02-28,1987-03-31,72.08591099812979,39.326526741801814,72.08591099812979,-0.45444919544927287,35,34,23.87775230407715,38.16079330444336,-0.3742857462741249,9875227.118097367,-0.175905135877359,,-0.21152403468326453,-0.2513679236110311,,-0.3498890868865759,-0.6188130138491317,,-0.7123063147442318,-0.3331278805777441,,-0.8882308033481529,-0.0724178219509033,,-0.9494023590187967,-0.6902864685143449,-0.6902864685143449,,,,,,,,,,,,,,,,,,,,,,,,,,-0.7526149125216023,-0.5386453653046103,-0.3283754032354499
BNY,BNY Mellon,Financials,1990-04-30,1989-07-31,1989-08-31,75.92152397299685,37.17919239508832,75.92152397299685,-0.5102944402392144,9,8,4.074358940124512,7.287470817565918,-0.4409090558134976,7147190.1692852145,-0.15581764758201677,,-0.21609839667327557,-0.5184028683729895,,-0.38954499770559264,-0.08256550929490758,,-0.29555259427416203,0.4812978499107121,,-0.027766925565600675,1.066182129037204,,0.23781180108786237,-0.5482367646628212,-0.5482367646628212,,,,,,,,,,,,,,,,,,,,,,,,,,-0.2340824984441987,0.1672256264747437,0.6116278254905103
CAT,Caterpillar Inc.,Industrials,1990-08-31,1987-09-30,1987-09-30,73.9866435057233,36.668124369732425,73.9866435057233,-0.5043953525625753,35,35,5.375,9.34375,-0.4247491638795987,27120893.84920635,-0.03635454403677485,,-0.020625679795863716,0.2884041734524041,,0.08734299671237294,0.13456791575373428,,-0.2385042388754678,0.17122260884238072,,-0.4341286977894214,1.0163976489176476,,-0.13301936721761276,-0.11046493811997782,-0.11046493811997782,,,,,,,,,,,,,,,,,,,,,,,,,,-0.13795545067728776,-0.34221613587530686,0.2995958234998456
DD,DuPont,Industrials,1990-08-31,1987-09-30,1987-09-30,91.1426527938595,33.89430903578139,91.1426527938595,-0.6281180325918171,35,35,25.01143455505371,45.10990905761719,-0.4455445582231712,47816934.55560115,0.11961474675856398,,0.13534361099947512,0.3103148458811458,,0.10925366914111462,0.3433629849783797,,-0.029709169650822376,0.48369119085965306,,-0.12166011577214908,0.6241510494064619,,-0.5252659667287984,-0.10430796721576585,-0.10430796721576585,,,,,,,,,,,,,,,,,,,,,,,,,,0.17710391483978344,0.20145701790753384,0.25146581561970344
F,Ford Motor Company,Consumer Discretionary,1990-08-31,1987-08-31,1987-08-31,87.65214765612328,34.97439749428901,87.65214765612328,-0.6009864169957307,36,36,6.363860130310059,10.332717895507812,-0.38410588630540565,34672580.612327494,-0.19606326768568405,,-0.18033440344477292,-0.015020654585510385,,-0.21608183132554154,-0.03727811956015137,,-0.41035027418935344,0.31900627795654235,,-0.2863450286752598,0.7073389248033997,,-0.4420780913318607,-0.2658114815551741,-0.2664176003682476,,,,,,,,,,,,,,,,,,,,,,,,,,-0.2330776159841408,0.04398810913836071,0.40048109640427515
HPQ,HP Inc.,Information Technology,1990-08-31,1987-09-30,1987-09-30,72.49467991930648,34.76185117089857,72.49467991930648,-0.5204910041731085,35,35,1.979733943939209,4.179439067840576,-0.5263158735408735,24780821.799986985,-0.1370808863216142,,-0.12135202208070306,0.34551758648709474,,0.14445640974706359,0.5333636449057049,,0.1602914902765028,0.6783105559504488,,0.07295924931864661,1.1997521693377373,,0.050335153202476945,-0.2844952206264526,-0.2844952206264526,,,,,,,,,,,,,,,,,,,,,,,,,,0.43491441734733916,0.46820917564387765,0.9044956357184781
AAPL,Apple Inc.,Information Technology,1990-09-30,1987-09-30,1987-09-30,86.88433759243324,39.621905282037915,86.88433759243324,-0.5439695302978452,36,36,0.2589290142059326,0.533482015132904,-0.5146434052862555,53326196.67281575,0.48771524255728504,,0.38292630476397604,1.3576128964259842,,0.9967224671377922,0.7244785933504101,,0.23523467196881526,0.5862199863814503,,-0.2036240388948133,-0.16942259358598655,,-1.5481220308708392,-0.1637942511506395,-0.1637942511506395,,,,,,,,,,,,,,,,,,,,,,,,,,0.3997424625739744,-0.11714698881962649,-1.3253897940607506
BAC,Bank of America,Financials,1990-09-30,1989-07-31,1989-08-31,81.93426096067769,31.46791950363604,81.93426096067769,-0.6159369824701503,14,13,5.34375,13.75,-0.6113636363636363,9817449.404761905,0.0869328778228915,,-0.01785605997041753,0.6655357148814744,,0.3046452855932825,0.7451696940031713,,0.2559257726215765,1.2513010215145752,,0.4614569962383116,1.6977683769437872,,0.31906893965893457,-0.21052643475710342,-0.21052643475710342,,,,,,,,,,,,,,,,,,,,,,,,,,0.56301722927312,0.9198052007826857,1.2359511177381806
DE,Deere & Company,Industrials,1990-09-30,1989-05-31,1990-05-31,75.35290191147976,39.625881861046224,75.35290191147976,-0.4741293187673592,16,4,7.875,13.0625,-0.3971291866028708,22534025.879514784,0.002905940027192022,,-0.101882997766117,0.053557585689836706,,-0.3073328435983552,0.17502030749676156,,-0.3142236138848333,0.004871374055733346,,-0.7849726512205303,0.7287550286985747,,-0.649944408586278,-0.20370338020889212,-0.20370338020889212,,,,,,,,,,,,,,,,,,,,,,,,,,-0.0482541595417241,-0.45156851870283393,0.04126508517393901
ED,Consolidated Edison,Utilities,1990-09-30,1989-12-31,1989-12-31,71.09558823702767,39.82574601625495,71.09558823702767,-0.43982816650340206,9,9,21.0,29.875,-0.297071129707113,8018851.587301588,0.14674051657430698,,0.04195157878099795,0.2752544478850756,,-0.08563598140311635,0.30359336048634167,,-0.18565056089525317,0.7248941733185588,,-0.06494985195770486,1.1005483973657668,,-0.27815103991908585,-1.5854918022917275e-07,-1.5854918022917275e-07,,,,,,,,,,,,,,,,,,,,,,,,,,0.19267995523683426,0.5003825729237744,0.7712258227629956
CVS,CVS Health,Health Care,1990-10-31,1989-08-31,1989-08-31,74.3888327377311,39.270114462348694,74.3888327377311,-0.4720966438497385,14,14,8.8125,14.4375,-0.38961038961038963,10453782.142857144,0.3094406888763772,,0.07808960562287356,0.39768907733551373,,-0.02725081985825506,0.2875964913704745,,-0.2894910446888761,0.5999353342094822,,-0.3166843603262195,0.30981370398219754,,-1.2463333145766247,-0.00354609152356411,-0.00354609152356411,,,,,,,,,,,,,,,,,,,,,,,,,,0.17568061829841386,0.36968600846295485,-0.053028593987791195
L,Loews Corporation,Financials,1990-10-31,1989-10-31,1989-10-31,79.65715639097098,35.715689847132126,79.65715639097098,-0.5516323772363478,12,12,6.4166669845581055,11.25,-0.42962960137261286,15317734.126626877,0.35979569258412414,,0.1284446093306205,0.36304863521249375,,-0.061891261981275036,0.38286847040467054,,-0.19421906565468006,0.48835587410606074,,-0.42826382042964095,0.25840199664606645,,-1.2977450219127558,-0.01948023654540143,-0.01948023654540143,,,,,,,,,,,,,,,,,,,,,,,,,,0.2777003906114611,0.2976770041739836,-0.005453451585021918
CMS,CMS Energy,Utilities,1991-07-31,1989-07-31,1989-12-31,83.91372382166011,35.67095892665034,83.91372382166011,-0.5749091173398406,24,19,21.75,39.625,-0.4511041009463722,7744566.666666667,-0.1840999076776615,,-0.23554962156943043,-0.09156470925346738,,-0.2586279556861714,-0.219708678870155,,-0.446976593462636,0.270651034737206,,-0.30821226115299927,0.11018401992951032,,-0.6683376787141151,-0.30702701987723413,-0.30702701987723413,,,,,,,,,,,,,,,,,,,,,,,,,,-0.3756380530991623,-0.05774076206707984,-0.3990206748553651
THC,Tenet Health,Health Care,1991-11-30,1991-03-31,1991-04-30,74.69135874682938,35.97616688608987,74.69135874682938,-0.5183356215538515,8,7,34.33333206176758,68.83333587646484,-0.5012106906545166,18965223.848122977,0.14395615822003016,,-0.02555542443531786,0.13280609521849374,,-0.039173469891700646,0.023814807046405262,,-0.33769589698176045,-0.042953481533147375,,-0.8497473844703809,0.17550278251326534,,-0.9339573093525406,-0.23501343595404378,-0.4720930082462913,,,,,,,,,,,,,,,,,,,,,,,,,,-0.3199648714873223,-0.7041243866178375,-0.7326649804597359
ADSK,Autodesk,Information Technology,1992-01-31,1990-06-30,1990-07-31,76.06510249122911,38.23799749546564,76.06510249122911,-0.4972990735156799,19,18,3.53125,7.78125,-0.5461847389558233,22510460.317460317,0.2302769433251084,,0.20850047562847546,0.5151740373565825,,0.3982255555321799,0.7017327704571914,,0.18538364053671286,0.8728039824628093,,-0.4636323694629032,1.4168958599339594,,0.3190714135384729,-0.17699101985227006,-0.17699101985227006,,,,,,,,,,,,,,,,,,,,,,,,,,0.5024644155950906,0.43934420830136905,0.7467946963115522
COST,Costco,Consumer Staples,1992-04-30,1991-08-31,1991-08-31,70.34471028198764,37.67349842708075,70.34471028198764,-0.46444447242641684,8,8,7.625,16.3125,-0.5325670498084292,27541332.34126984,0.11475424015969682,,0.06216940235976097,0.15573850176699167,,0.03393731916997918,-0.049179609625883636,,-0.4000983180093189,-0.008196288207882652,,-0.7053908144097606,-0.04098360347478924,,-0.987449300557821,-0.0737704888260785,-0.0819673757657895,,,,,,,,,,,,,,,,,,,,,,,,,,-0.2777720073527141,-0.5262425201758185,-0.8914976941789755
HUM,Humana,Health Care,1992-05-31,1989-12-31,1990-07-31,76.64349683958511,37.393046146235726,76.64349683958511,-0.5121171699081085,29,22,21.625,35.08333206176758,-0.3836104289658945,12755950.793650793,-0.041502898250424636,,-0.06639340150735615,-0.025399684901851738,,-0.16436806697834688,0.8332296159461596,,0.4989520074752118,2.198401311639175,,1.5855721924098876,2.29591364882665,,1.3521834566434197,-0.19669310187496347,-0.19669310187496347,,,,,,,,,,,,,,,,,,,,,,,,,,0.6537158005703271,1.8131564563216436,1.6804713007730516
BA,Boeing,Industrials,1992-08-31,1990-06-30,1990-07-31,83.73294706057945,39.3952309770231,83.73294706057945,-0.5295133832024176,26,25,18.625,30.9375,-0.397979797979798,41645750.79365079,-0.05049865522002006,,-0.1577094955221144,-0.0642055945790303,,-0.24586145491607786,0.09270206290523086,,-0.2382030106063746,0.284932649736096,,-0.23878029060671724,0.8428618267508479,,-0.19706522391920323,-0.10456250583841109,-0.10456250583841109,,,,,,,,,,,,,,,,,,,,,,,,,,-0.08588431614913167,-0.05476896076764487,0.3067904386359026
LLY,Lilly (Eli),Health Care,1993-01-31,1990-07-31,1990-07-31,78.21312417007903,37.219523428338015,78.21312417007903,-0.5241268799415048,30,30,14.125,22.59375,-0.3748271092669433,31667895.833333332,-0.11417161027393885,-0.1210378490595051,-0.13398581159654965,-0.1557269978472713,-0.18844063310797265,-0.22773029904722206,0.11079733127372515,-0.01420714894906494,-0.14011892433270512,0.27854403234022973,0.1504535905188964,-0.02449275572250864,1.2989344814553103,0.7386481278174488,0.5175846420935047,-0.19943453427580748,-0.19943453427580748,,,,,,,,,,,,,,,,,,,,,,,,,,-0.17259050036272405,-0.3812259850372365,0.1102962528256326
AMGN,Amgen,Health Care,1993-02-28,1991-03-31,1992-01-31,96.27590131257311,39.97509886326281,96.27590131257311,-0.5847860334905816,23,13,4.53125,9.78125,-0.536741214057508,135981063.8888889,-0.02068967474544703,-0.04379647137993348,-0.06593546704276845,0.02068951707379063,-0.04028676054043512,-0.0930177265410858,0.1517245179740958,0.07105762607785682,-0.09491891457816604,0.9034488152078728,0.7417157536773606,0.521832954031094,2.296552320028053,1.7478107000353245,1.4790519997153249,-0.144827553032849,-0.144827553032849,,,,,,,,,,,,,,,,,,,,,,,,,,-0.005119243864966511,0.5641970312150594,1.7234678292221965
BMY,Bristol Myers Squibb,Health Care,1993-02-28,1991-03-31,1991-08-31,78.42851027017187,37.70988029993991,78.42851027017187,-0.5191814791580731,23,18,13.503335952758787,21.444726943969727,-0.3703190538149549,113967579.62031774,0.07067534957915345,0.047568552944667,0.02542955728183202,0.013927249179418677,-0.04704902843480707,-0.09977999443545775,0.023409813854818884,-0.057257078041420106,-0.22323361869744296,0.20872932752954942,0.04699626599903728,-0.17288653364722933,0.7332031697540164,0.1844615497612878,-0.08429715055871179,-0.08091644803788478,-0.08091644803788478,,,,,,,,,,,,,,,,,,,,,,,,,,-0.09351741647794509,-0.024910291979192783,0.37166230468737016
MRK,Merck & Co.,Health Care,1993-03-31,1991-12-31,1992-01-31,87.61934034394616,39.135987792112545,87.61934034394616,-0.5533407619997387,15,14,16.877384185791016,26.995864868164062,-0.37481594799008144,139562677.49885395,0.010157863948687673,0.005856661109858496,-0.004716856348168763,-0.11724998698715161,-0.1474314633827577,-0.2004787605780406,-0.13126430766992803,-0.14396555268508648,-0.2783562631982255,0.28680412715845227,0.11887940975750855,-0.08845111761920937,0.9239225792396288,0.38302957374181856,0.15077980152299109,-0.18547115231669253,-0.18547115231669253,,,,,,,,,,,,,,,,,,,,,,,,,,-0.27341502510640164,0.02223839270607486,0.48555881737989953
SLM,SLM Corp,Financials,1993-03-31,1990-06-30,1991-12-31,74.35706272642973,39.79761053419547,74.35706272642973,-0.46477699528534944,33,15,1.655094027519226,2.5868821144104004,-0.36019735174656253,48195840.663270906,-0.10446877615614436,-0.10876997899497354,-0.1193434964530008,-0.062199915946378304,-0.09238139234198439,-0.14542868953726729,-0.08746148623887406,-0.10016273125403252,-0.23455344176717155,-0.22988771691533116,-0.3978124343162749,-0.6051429616929929,0.7434833076161973,0.20259030211838702,-0.029659470100440455,-0.17435141667089726,-0.3264191241717258,,,,,,,,,,,,,,,,,,,,,,,,,,-0.30740157909285765,-0.6620540257363117,0.16069907129647953
MO,Altria,Consumer Staples,1993-04-30,1991-03-31,1992-09-30,86.87368376779176,32.509983251370954,86.87368376779176,-0.625778695671888,25,7,15.666666984558104,28.875,-0.4574314464222302,241423810.78522092,0.01600112631069117,-0.00967000603982937,-0.03264443275682009,0.17465870043698528,0.0965681681540369,-0.003074447150649473,0.2200699020891379,0.1691225160932348,0.023753795510748466,0.5884102068451447,0.35431100518687453,0.121783324503843,1.2123160432981814,0.613770809840126,0.2829673299919814,-0.019033172659730035,-0.019033172659730035,,,,,,,,,,,,,,,,,,,,,,,,,,0.05118954621038446,0.2317455127356206,0.6761383995749938
AAPL,Apple Inc.,Information Technology,1993-07-31,1991-03-31,1991-03-31,70.55737148386258,34.30989208881746,70.55737148386258,-0.5137305802744565,28,28,0.2477679997682571,0.654017984867096,-0.6211602654648611,103968063.85363472,0.11298566093008788,0.061878246205156584,-0.042427372193536234,0.18963354621277695,0.10026623100463539,-0.030025229922005015,0.23293259550173362,0.18293033421022975,0.07138135336596799,0.6668046165853516,0.34950011598562947,0.07496404734514428,-0.18034635378615393,-0.7160659677679534,-0.981020849979817,-0.20371706723015492,-0.20371706723015492,,,,,,,,,,,,,,,,,,,,,,,,,,-0.09180353527470209,-0.03656235861572521,-1.3363135542609181
JNJ,Johnson & Johnson,Health Care,1993-07-31,1991-03-31,1991-12-31,82.87708045384959,37.97773555829636,82.87708045384959,-0.5417582840717416,28,19,9.125,14.671875,-0.3780617678381256,54742120.43650793,0.16238923173551378,0.11128181701058248,0.006976198611889667,0.17637994972291815,0.08701263451477659,-0.04327882641186381,0.32199369628062313,0.27199143498911926,0.1604424541448575,1.062108548959809,0.7448040483600868,0.47026797971960166,1.7895082279493835,1.253788613967584,0.9888337317557204,-0.01697029515520798,-0.01697029515520798,,,,,,,,,,,,,,,,,,,,,,,,,,0.19521898475133254,0.8172963049205361,1.4147558399996516
BAX,Baxter International,Health Care,1993-09-30,1991-04-30,1991-12-31,73.63063412832555,34.881426043450475,73.63063412832555,-0.526264761177282,29,21,6.042911052703857,10.082536697387695,-0.40065568476735347,29552259.820771042,0.1073483697643034,0.08611955494556556,-0.002735927283201073,0.03926742115033832,0.056235529955407704,-0.046849808478430496,0.3168572863031729,0.2860763167763425,0.18406217973837966,0.9925258130255725,0.6544615071075215,0.4097580068261234,1.3137989916762298,0.7103876855680014,0.4555856108622113,-0.039325753736377256,-0.039325753736377256,,,,,,,,,,,,,,,,,,,,,,,,,,0.29200446610996444,0.9000968597188514,1.1255898277073328
NKE,"Nike, Inc.",Consumer Discretionary,1993-09-30,1992-01-31,1992-11-30,76.70787732557083,38.327993489534705,76.70787732557083,-0.5003382334925082,20,10,1.40625,2.820312976837158,-0.5013851258532874,21541435.13761248,0.028313524675509072,0.007084709856771232,-0.0817707723719954,0.17895935187288226,0.19592746067795164,0.09284212224411344,0.31906653451533384,0.28828556498850344,0.1862714279505406,1.4779718200248948,1.1399075141068438,0.8952040138254457,4.440163906851357,3.8367526007431283,3.581950526037338,-0.041167823577715756,-0.041167823577715756,,,,,,,,,,,,,,,,,,,,,,,,,,0.1865272741817488,1.1757394804512091,3.9120437909034456
GLW,Corning Inc.,Information Technology,1993-10-31,1991-10-31,1991-12-31,81.50106551072733,36.88814031730184,81.50106551072733,-0.5473906986842209,24,22,8.666666984558105,14.375,-0.39710142716117525,20891133.250427246,0.24322704240540327,0.2068274319115293,0.1914683507147012,0.22590175050190853,0.25107880704238983,0.20688752561650764,0.33720654488334634,0.2976328831531998,0.2191374896936536,0.05118832118245953,-0.2571330988055165,-0.39346966099542063,0.5916887751524447,-0.03154177346532738,-0.1868183381219659,-0.013157459906903757,-0.029285256797951464,,,,,,,,,,,,,,,,,,,,,,,,,,0.09884847523884338,-0.3789026623710951,0.04215424905616538
ES,Eversource Energy,Utilities,1993-11-30,1993-02-28,1993-02-28,76.28533236520903,39.569315330440595,76.28533236520903,-0.4812985130482734,9,9,23.5,28.875,-0.18614718614718617,6184074.603174604,0.012871513908432108,-0.004158517140040896,-0.04938354879471729,0.005451511855794067,0.004406028415878005,-0.027596779321837135,-0.0178807003683632,-0.026832398501799748,-0.10642084020247096,0.1836725830381265,-0.19758655589672092,-0.32676769551061224,-0.35748015934055,-1.1180036822749155,-1.296632683213732,-0.08223772489332681,-0.08223772489332681,,,,,,,,,,,,,,,,,,,,,,,,,,-0.13513450779659197,-0.05197763811720588,-0.7081620968361706
EIX,Edison International,Utilities,1993-12-31,1991-12-31,1991-12-31,74.68745805397609,38.727554357065216,74.68745805397609,-0.4814717843379126,24,24,20.0,25.75,-0.22330097087378642,30037645.634920634,-0.152397675609922,-0.11499477131507307,-0.14459975169249753,-0.3261340417398022,-0.2923791035712634,-0.308637950951183,-0.20615239973504929,-0.21012576581115983,-0.28021205060225907,-3.546812277677169e-05,-0.38601021238912536,-0.48439918372971447,0.20897055184737812,-0.4888133512203461,-0.6810918389374336,-0.3523035935168972,-0.3523035935168972,,,,,,,,,,,,,,,,,,,,,,,,,,-0.3043216205505761,-0.19074787502036852,-0.09539553251349525
CNP,CenterPoint Energy,Utilities,1994-03-31,1991-12-31,1991-12-31,72.18631822055521,34.128415318511486,72.18631822055521,-0.5272176755955764,27,27,14.963250160217283,20.96962547302246,-0.28643216925988557,14066229.018448316,-0.05985872121226954,-0.0636484335878692,-0.050493179447196355,0.06051468409019867,0.01194140914399311,0.0074866926439284,0.19457545840364432,0.0412987905316089,0.005416334019098773,0.44987019784859217,-0.07169700973862247,-0.10046945754944869,0.4936823384312492,-0.3135392039819149,-0.41920710103881687,-0.13550277985778447,-0.13550277985778447,,,,,,,,,,,,,,,,,,,,,,,,,,0.05626293280807673,0.17845945571162442,0.12360207270205698
GL,Globe Life,Financials,1994-03-31,1993-01-31,1993-02-28,84.42337705778549,39.859563055122806,84.42337705778549,-0.5278610682934417,14,13,8.944443702697754,14.38888931274414,-0.37837844823952316,6052033.888850893,-0.02426779253502831,-0.028057504910627973,-0.014902250769955128,0.1056361567302222,0.05706288178401664,0.05260816528395193,0.0609915675257795,-0.09228510034625592,-0.12816755685876605,0.18253389612328297,-0.3390333114639317,-0.3678057592747579,0.4921353457905777,-0.3150861966225864,-0.42075409367948835,-0.1789201982997366,-0.1789201982997366,,,,,,,,,,,,,,,,,,,,,,,,,,-0.11118709307914817,-0.15807045160951677,-0.02015978918280592
PEG,Public Service Enterprise Group,Utilities,1994-03-31,1993-08-31,1993-08-31,75.9813818685587,37.55156997934611,75.9813818685587,-0.505779323093819,7,7,13.9375,18.0625,-0.22837370242214527,10684770.238095239,-0.048754463587088015,-0.05254417596268768,-0.03938892182201483,-0.020547408236337827,-0.06912068318254339,-0.0735753996826081,0.06226864793380216,-0.09100801993823326,-0.1268904764507434,0.14528894622567523,-0.3762782613615394,-0.40505070917236563,0.18782443017280448,-0.6193971122403596,-0.7250650092972616,-0.1091650882718046,-0.1091650882718046,,,,,,,,,,,,,,,,,,,,,,,,,,-0.044708904412176995,-0.08607008235261412,-0.16244470067016442
VTRS,Viatris,Health Care,1994-03-31,1993-01-31,1993-01-31,85.25334768466017,39.734258561793084,85.25334768466017,-0.5339272926998202,14,14,5.185184955596924,11.148147583007812,-0.5348837179460858,14350232.307819653,0.21654965916737945,0.21275994679177979,0.22591520093245263,0.4628753364298426,0.414302061483637,0.40984734498357234,0.8282168713945195,0.6749402035224841,0.639057747009974,0.8270481860268077,0.3054809784395931,0.2767085306287669,0.3065846401697183,-0.5006369022434458,-0.6063047993003478,-0.10714243384979749,-0.10714243384979749,,,,,,,,,,,,,,,,,,,,,,,,,,0.7716278980196609,0.7377181036679691,0.1752483397678951
GIS,General Mills,Consumer Staples,1994-04-30,1991-12-31,1992-01-31,78.01056130496428,35.74024878328045,78.01056130496428,-0.5418537158890295,28,27,10.66701602935791,15.677672386169434,-0.31960460924236667,24638654.354731318,-0.025513053942809893,-0.0502617927095117,-0.035198463905279184,0.10560050417826328,0.039177448889026856,0.019069525317951877,0.22114920711422892,0.04687614825048003,0.012213609903117179,0.39155221254822736,-0.12949941644767637,-0.197058377120106,0.6088242600584011,-0.290243803900339,-0.3370599236457019,-0.035282499490516206,-0.035282499490516206,,,,,,,,,,,,,,,,,,,,,,,,,,0.1481560207967687,0.22926255868156636,0.34229683217831186
PCG,PG&E Corporation,Utilities,1994-04-30,1991-12-31,1993-02-28,80.58419550391349,35.07724753737001,80.58419550391349,-0.5647130641681901,28,14,26.5,36.75,-0.2789115646258503,19434470.833333332,-0.07169649207579198,-0.09644523084249379,-0.08138190203826128,-0.1109758974598426,-0.17739895274907902,-0.197506876320154,0.09912311950572517,-0.07514993935802372,-0.10981247770538657,-0.0007205176674602853,-0.521772146663364,-0.5893311073357936,0.13023741581791626,-0.7688306481408238,-0.8156467678861867,-0.16009337486825126,-0.16009337486825126,,,,,,,,,,,,,,,,,,,,,,,,,,0.0810602074308463,-0.05059108744087686,0.04377531309527889
ED,Consolidated Edison,Utilities,1994-05-31,1993-03-31,1993-09-30,77.0278054115751,39.143233099516905,77.0278054115751,-0.49182982832800815,14,8,27.625,37.75,-0.26821192052980136,12118733.531746032,0.0037310052471490884,-0.0433923779707126,-0.056199872753237734,-0.028043375749531196,-0.03594133325926607,-0.07264412648102989,0.16338597357017037,-0.03832078305820108,-0.08513400733848805,0.1619580204037021,-0.3692161710355766,-0.4616905045312356,0.3031949000276588,-0.6842302097444646,-0.7753054544788716,-0.1528143859771185,-0.1528143859771185,,,,,,,,,,,,,,,,,,,,,,,,,,0.052472568320662966,-0.06255357999108227,-0.026127674575112447
ETR,Entergy,Utilities,1994-05-31,1993-02-28,1993-09-30,82.80385397212561,38.68866697703542,82.80385397212561,-0.5327673155157822,15,8,14.4375,19.9375,-0.27586206896551724,20119058.531746034,-0.12297412189808166,-0.17009750511594335,-0.18290499989846848,-0.1909675133030574,-0.19886547081279227,-0.23556826403455608,-0.07482204617442578,-0.27652880280279724,-0.32334202708308424,0.04900407723410383,-0.48217011420517486,-0.5746444477008339,0.12825908547046083,-0.8591660243016626,-0.9502412690360695,-0.2673339004074411,-0.2673339004074411,,,,,,,,,,,,,,,,,,,,,,,,,,-0.19931903649479737,-0.20328821852807566,-0.22581302996307534
D,Dominion Energy,Utilities,1994-06-30,1993-09-30,1993-10-31,79.60203294145307,38.89430915751355,79.60203294145307,-0.5113905044847268,9,8,18.1875,24.75,-0.26515151515151514,10595277.57936508,0.04145799841841824,-0.003156488080571229,-0.02232718732277751,0.024428615951707533,-0.014617694073554288,-0.05932653818134449,0.07485453874259229,-0.17991344685846378,-0.2509802038029974,0.2581164438412997,-0.3227900080913464,-0.3770067210534631,0.2330799045575198,-0.8845566653902106,-0.9713106934787756,-0.024943565458364403,-0.024943565458364403,,,,,,,,,,,,,,,,,,,,,,,,,,-0.02159755309552497,0.07459990116339299,-0.01946738356227473
PEP,PepsiCo,Consumer Staples,1994-06-30,1992-12-31,1993-03-31,73.5735524164337,34.66763735511873,73.5735524164337,-0.5288029975921726,18,15,15.3125,21.8125,-0.29799426934097417,68792019.44444445,0.08745385233971015,0.04283936584072068,0.023668666598514396,0.19604419277482088,0.15699788274955906,0.11228903864176885,0.5147410005941566,0.25997301499310055,0.18890625804856692,1.3976516191379296,0.8167451672052835,0.7625284542431667,1.5746626196164804,0.45702604966874993,0.3702720215801849,-0.044898329442326745,-0.044898329442326745,,,,,,,,,,,,,,,,,,,,,,,,,,0.41592908989940386,1.1941718023991792,1.2377259388574422
XOM,ExxonMobil,Energy,1994-06-30,1991-10-31,1991-10-31,72.10339943558552,36.95564959683617,72.10339943558552,-0.48746314478763286,32,32,14.1875,17.25,-0.17753623188405798,87618763.8888889,0.025547758552555644,-0.019066727946433826,-0.03823742718864011,0.09689041350570582,0.057844103480444,0.013135259372653793,0.3043715867831669,0.049603601182110824,-0.021463155762422803,0.6686571236955035,0.08775067176285734,0.033533958800740615,1.4327532284977398,0.31511665855000937,0.22836263046144434,-0.004405524992740273,-0.004405524992740273,,,,,,,,,,,,,,,,,,,,,,,,,,0.191210553170163,0.4263562260623499,1.0778800081887248
TJX,TJX Companies,Consumer Discretionary,1994-07-31,1993-03-31,1993-06-30,74.5134604833263,38.853157297127716,74.5134604833263,-0.47857531988033497,16,13,0.625,1.0703129768371582,-0.41605865431351297,9074319.057827905,-0.20684140705539789,-0.24750924585917167,-0.28188220275893716,-0.320355495186632,-0.36069184681079836,-0.39780852040233544,-0.2401855394404192,-0.4947585524351116,-0.5926509236833539,0.6068951861903049,0.14430822747950844,0.10857549155134466,2.21249135119934,0.9985708933506805,0.8793170197327971,-0.4287648600954852,-0.4287648600954852,,,,,,,,,,,,,,,,,,,,,,,,,,-0.46599044927413863,0.1257065273574265,1.4302083994865398
PNC,PNC Financial Services,Financials,1994-10-31,1993-03-31,1993-04-30,77.22863345581581,39.007584239424965,77.22863345581581,-0.4949077499637222,19,18,23.5,36.375,-0.3539518900343642,11195591.468253968,0.016073498739102243,0.01639203186489613,0.01086810824731873,0.10145180061043124,0.0003193250515065582,-0.010153033762311664,0.1814530715001188,-0.07706421125842722,-0.10980327004448076,0.7091835027740647,0.1477448011468474,0.14453138231144402,1.3187660783824584,0.2563663314662672,0.13981402495662132,-0.14893605787097375,-0.14893605787097375,,,,,,,,,,,,,,,,,,,,,,,,,,0.01606219053805416,0.40122067995465316,0.8750782218447426
UNP,Union Pacific Corporation,Industrials,1994-10-31,1993-08-31,1993-08-31,73.77471206542131,37.263808043165575,73.77471206542131,-0.4948972757749147,14,14,8.215888023376465,11.283713340759276,-0.2718808272362916,23196339.940729883,0.03805209155590661,0.038370624681700494,0.032846701064123095,0.1276324134571798,0.02649993789825511,0.016027579084436888,0.38185227089991725,0.12333498814137123,0.09059592935531768,0.8092421176373576,0.24780341601014033,0.24458999717473695,1.029719229605342,-0.03268051731084931,-0.1492328238204952,-0.09622348953544457,-0.09622348953544457,,,,,,,,,,,,,,,,,,,,,,,,,,0.19121539875475904,0.41395881573549254,0.4033812037721962
EXC,Exelon,Utilities,1994-11-30,1993-09-30,1993-09-30,81.21535603216897,39.46128080724458,81.21535603216897,-0.5141155227883976,14,14,8.603779792785645,11.94721794128418,-0.2798507706924075,10246258.257693382,0.12577342205384534,0.042151196172439453,0.028376758797111934,0.20158097974383438,0.009290879665161844,0.0025334351280951184,0.27673045621459047,-0.09227377014250937,-0.11403466654491418,0.19913950128460933,-0.5457641707061698,-0.5455951914288375,0.2395139726977924,-0.9915246865773228,-1.0876110932959673,-0.020725202231105966,-0.020725202231105966,,,,,,,,,,,,,,,,,,,,,,,,,,0.20408469303336177,0.04746498300503815,0.023132689862229022
KEY,KeyCorp,Financials,1994-11-30,1993-03-31,1993-03-31,79.90483057659685,37.18259170520984,79.90483057659685,-0.5346640317375235,20,20,12.1875,19.08713722229004,-0.3614809880568477,11999113.095238095,0.20538034573697783,0.12175811985557194,0.10798368248024443,0.28345695558094985,0.09116685550227732,0.0844094109652106,0.5861296825222755,0.21712545616517565,0.19536455976277084,1.3127326262393897,0.5678289542486106,0.5679979335259429,2.0649411770690156,0.8339025177939003,0.7378161110752559,-0.030769588581122775,-0.030769588581122775,,,,,,,,,,,,,,,,,,,,,,,,,,0.43382744709357124,1.038994633749367,1.7016078673487058
UNM,Unum,Financials,1994-11-30,1993-03-31,1993-08-31,81.10217670998509,35.065681806686385,81.10217670998509,-0.5676357499986904,20,15,18.25,30.0625,-0.3929313929313929,14052935.515873017,0.1710964881733532,0.08747426229194732,0.0736998249166198,0.18512262629375797,-0.0071674737849145576,-0.013924918321981283,0.5167087750971089,0.14770454874000905,0.12594365233760424,1.0291865989348863,0.2842829269441072,0.28445190622143945,1.756782327291912,0.5257436680167968,0.4296572612981524,-0.006848834753288124,-0.006848834753288124,,,,,,,,,,,,,,,,,,,,,,,,,,0.3420219231413234,0.6678958668719197,1.2146879429792534
LUV,Southwest Airlines,Industrials,1994-12-31,1993-08-31,1994-02-28,92.21660549126858,34.72813169345757,92.21660549126858,-0.6234069611600943,16,10,3.3086419105529785,7.703703880310059,-0.5705128387645382,20390864.604780994,0.06776583245984846,-0.03798140003593509,-0.03894783104859072,0.42683887009608124,0.2192237970291746,0.2048583496494239,0.3756319206649654,-0.0048576332394740795,-0.0036327003983543937,0.3178316034411377,-0.3732330805785937,-0.3970410206090441,1.2164986852727004,-0.04065294231729988,-0.12577515729415678,-0.021836690741984244,-0.021836690741984244,,,,,,,,,,,,,,,,,,,,,,,,,,0.19511981132158326,-0.05361782944683263,0.6073093583728885
STT,State Street Corporation,Financials,1994-12-31,1993-02-28,1993-02-28,82.28753960725138,37.13184581215507,82.28753960725138,-0.5487549392121706,22,22,7.15625,12.28125,-0.41730279898218825,18642009.82142857,0.11922178269235051,0.013474550196566959,0.012508119183911329,0.30072257283364023,0.0931074997667336,0.0787420523869829,0.6003680770117472,0.2198785231073077,0.2211034559484274,1.3299086312942037,0.6388439472744722,0.6150360072440219,3.233295747458298,1.9761441198682976,1.8910219048914407,-0.021834635330005514,-0.021834635330005514,,,,,,,,,,,,,,,,,,,,,,,,,,0.46251797976726194,1.0668913948855492,2.8808242162182207
WMT,Walmart,Consumer Staples,1994-12-31,1991-12-31,1993-03-31,83.28187272369549,38.13383639218521,83.28187272369549,-0.5421112044549965,36,21,3.541666984558105,5.6875,-0.37728932139637716,66264988.65525382,0.20831060628929432,0.10256337379351077,0.10159694278085514,0.26384838514038256,0.05623331207347593,0.04186786469372522,0.05549913967458564,-0.32499041422985386,-0.3237654813887342,0.08816592891818531,-0.6028987551015461,-0.6267066951319965,0.9012323372585394,-0.35591929033146097,-0.44104150530831787,-0.03529439821298175,-0.09422723831939883,,,,,,,,,,,,,,,,,,,,,,,,,,-0.10300426251503636,-0.2580015274575354,0.37835544843235036
LPX,Louisiana-Pacific,Industrials,1995-05-31,1993-02-28,1994-02-28,84.3699914857195,36.87623675487444,84.3699914857195,-0.5629223601247355,27,15,22.25,48.0,-0.5364583333333333,13879097.61904762,0.07339744866463249,0.015664055996564397,-0.02811235594380701,0.22744348625749078,0.07922945154667094,0.07261384838980325,0.131756715997714,-0.1424095337912894,-0.17785601673823848,-0.07876717337634564,-0.7326025194871072,-0.7247557043317258,-0.03359945044386892,-1.1818028049024139,-1.2059829599370877,-0.04494320138345387,-0.20303436044114853,,,,,,,,,,,,,,,,,,,,,,,,,,-0.11265439513593534,-0.580416698609183,-0.8210118611635121
CMI,Cummins,Industrials,1995-10-31,1993-03-31,1994-01-31,78.2459940811906,37.162975809316464,78.2459940811906,-0.5250494770281153,31,21,8.78125,14.40625,-0.3904555314533622,7148526.785714285,0.10678415082844817,0.008125328515591335,0.031061204483805088,0.34748320881856065,0.21415618116406443,0.19559504282615015,0.21814766998371504,-0.022549397127431314,-0.016603768312154515,0.8104336631037679,0.17168004790063462,0.12154918950282956,0.03515666787365568,-0.9495922252172819,-0.8006401988514321,-0.011415904453540016,-0.011415904453540016,,,,,,,,,,,,,,,,,,,,,,,,,,-0.03793797624459244,0.3389953270537753,-0.5938698342782897
BBY,Best Buy,Consumer Discretionary,1996-01-31,1993-10-31,1994-11-30,83.07950149402144,39.63536804034605,83.07950149402144,-0.522922413741273,27,14,1.694443941116333,5.027778148651123,-0.662983550383796,14403464.034186091,0.26229585830169344,0.23074083445119786,0.1871882463447107,0.22131223600047023,0.20485869745699192,0.19276304233556601,-0.34426197694769767,-0.60023669633719,-0.6272756688248597,2.3278710316244737,1.7286749249523319,1.6714465231705762,10.901648896976642,9.798198020459495,9.959864728281305,-0.3688519556863784,-0.48360625138786606,,,,,,,,,,,,,,,,,,,,,,,,,,-0.4825016428580012,2.0518320553456255,10.470086399705522
LRCX,Lam Research,Information Technology,1996-06-30,1993-09-30,1995-07-31,93.0481939182462,36.96089633534464,93.0481939182462,-0.6027768538117017,33,11,0.8666669726371765,2.4458329677581787,-0.6456556992804161,43458078.00501017,0.024038153712817367,-0.003808726551843389,-0.004659124402895617,0.08173014460610983,-0.0297173529967385,-0.038468179468861025,0.42548068476403667,0.08597285534191257,0.11200039359780511,-0.2644232614624048,-1.006798409016164,-0.9281478772833924,0.795672163394882,-0.3369663461306922,-0.15013471417344315,-0.23076928360786308,-0.28605788557886414,,,,,,,,,,,,,,,,,,,,,,,,,,0.0174031827328206,-1.0268256484580656,-0.46839356900841733
ADSK,Autodesk,Information Technology,1996-07-31,1994-12-31,1994-12-31,71.42479456209176,39.4122145735887,71.42479456209176,-0.44819981891125427,19,19,5.765625,13.25,-0.5648584905660378,22943656.051587302,-0.005535785936270798,-0.11653915525338565,-0.11721638736675716,0.37743295325816084,0.1417889501006384,0.1299786218771902,0.8514612375629556,0.3377594746263237,0.34042124268544594,0.43923966360170286,-0.3604606637702439,-0.25124301922384473,0.1733924912423337,-0.9903146815612152,-0.8718256486192597,-0.19783187642644018,-0.19783187642644018,,,,,,,,,,,,,,,,,,,,,,,,,,0.6521928827008547,0.005779889440262587,-0.49670867238007355
AMAT,Applied Materials,Information Technology,1996-07-31,1993-08-31,1995-08-31,88.71360559053225,39.867463145161715,88.71360559053225,-0.5506048606661922,35,11,2.984375,7.484375,-0.6012526096033404,110514852.46348305,0.1073294486048968,-0.0036739207122180595,-0.004351152825589566,1.0680626203555446,0.8324186171980221,0.8206082889745739,2.8481664342241557,2.334464671287524,2.337126439346646,1.8062830643983996,1.0065827370264528,1.115800381572852,5.026177811714151,3.862470638910602,3.980959671852557,-0.04712016550787723,-0.04712016550787723,,,,,,,,,,,,,,,,,,,,,,,,,,2.5124739224818478,1.1685053550330442,4.010790458591599
MU,Micron Technology,Information Technology,1996-07-31,1995-09-30,1995-09-30,96.10564887393207,38.89437571676833,96.10564887393207,-0.5952956337895541,10,10,9.4375,47.375,-0.8007915567282322,116254127.38095239,0.3245030827275237,0.21349971341040885,0.21282248129703735,0.8410594269617,0.6054154238041776,0.5936050955807294,1.5695362934481367,1.0558345305115049,1.0584962985706272,0.7649004714662211,-0.03479985590572565,0.0744177886406735,2.2649002642101013,1.1011930914065524,1.2196821243485079,-0.019867428972977996,-0.019867428972977996,,,,,,,,,,,,,,,,,,,,,,,,,,0.9791593772034607,-0.2335425239976764,0.8613178164600921
TER,Teradyne,Information Technology,1996-07-31,1995-07-31,1995-08-31,89.21542759172969,39.42201471585135,89.21542759172969,-0.5581255867958673,12,11,6.75,21.4375,-0.685131195335277,16893952.182539683,0.1759260312192561,0.06492266190214124,0.06424542978876974,1.2870365617941681,1.0513925586366457,1.0395822304131974,2.4537032796846177,1.9400015167479858,1.9426632848071081,0.6990741608699271,-0.10062616650201961,0.008591478044379541,4.49999953898596,3.336292366182411,3.454781399124366,-0.0092592592592593,-0.0092592592592593,,,,,,,,,,,,,,,,,,,,,,,,,,2.105639880131021,0.09950272343821442,3.586135193606389
UNH,UnitedHealth Group,Health Care,1996-07-31,1994-05-31,1995-12-31,76.41854772705028,37.74678942266698,76.41854772705028,-0.5060519920178286,26,7,4.21875,8.625,-0.5108695652173914,79776356.54761904,0.1185187147482547,0.007515345431139853,0.006838113317768346,0.44444354322079693,0.2087995400632745,0.1969892118398263,0.6899530372357252,0.17625127429909337,0.1789130423582156,0.6758918151620725,-0.12380851220987421,-0.01459086766347506,0.8096504532977182,-0.3540567195058306,-0.23556768656387517,-1.277961734214017e-07,-1.277961734214017e-07,,,,,,,,,,,,,,,,,,,,,,,,,,0.47577791501526856,0.18200181900208307,-0.038210668349448085
CRUS,Cirrus Logic,Information Technology,1997-04-30,1995-09-30,1995-09-30,87.52990410361946,37.91498505222707,87.52990410361946,-0.5668339244683436,19,19,9.1875,61.125,-0.8496932515337423,11490485.218253968,0.4761904761904763,0.28154546058164986,0.2711316005872749,0.6462585034013606,0.4881164225170509,0.41056833266549275,0.1360544217687074,-0.2742597782698688,-0.33167236913987347,-0.23129251700680276,-0.9402080310973633,-0.8280595681749034,0.782312925170068,-0.09873405472960273,-0.16991780188080008,0.0,-0.3945578231292517,,,,,,,,,,,,,,,,,,,,,,,,,,-0.09256196186484977,-0.65472754589793,0.22571029884893945
AMD,Advanced Micro Devices,Information Technology,1997-12-31,1997-03-31,1997-03-31,70.44351612168664,38.93153472073113,70.44351612168664,-0.44733686130204786,9,9,8.875,24.25,-0.634020618556701,46602062.003968254,0.6373239436619718,0.5014232761923494,0.5151302672847592,-0.03873239436619713,-0.21323017628071284,-0.14156020059382526,0.6338028169014085,0.34687830352410876,0.5041264641869792,0.630281690140845,0.0809618710486042,0.1957117546356919,0.556338028169014,0.15794536037570306,0.00687812552763134,-0.2816901408450704,-0.2816901408450704,,,,,,,,,,,,,,,,,,,,,,,,,,0.0940986670788071,-0.45507744231705494,-1.5233406705324142
ARW,Arrow Electronics,Information Technology,1998-06-30,1995-07-31,1995-08-31,79.76540968375423,38.3033798298618,79.76540968375423,-0.5197996226469201,35,34,21.75,36.25,-0.4,7948208.333333333,-0.39655172413793105,-0.29768229906911936,-0.24960927285091114,0.2270114942528736,0.13128825561080437,0.206232726971376,-0.12643678160919536,-0.3504203264386383,-0.27662973973176463,0.4252873563218391,0.11407103919124628,0.05855925603235307,0.11678165128861351,-0.002079396227741448,-0.3274927268597856,-0.45977011494252873,-0.45977011494252873,,,,,,,,,,,,,,,,,,,,,,,,,,-0.26967477892876424,0.1544731809237117,-0.27552329010824955
LSCC,Lattice Semiconductor,Information Technology,1998-06-30,1995-07-31,1997-09-30,80.63184867253838,38.647501426327004,80.63184867253838,-0.5206918598222643,35,9,7.101562976837158,18.625,-0.61870802808928,23605983.726062473,-0.12871292979003568,-0.02984350472122399,0.01822952149698423,0.616061631940306,0.5203383932982368,0.5952828646588085,1.1914189947705163,0.9674354499410733,1.0412260366479469,3.866886361879901,3.5556700447493084,3.500158261590415,2.4358633019399583,2.3170022544236035,1.9915889237915592,-0.33553359797118887,-0.33553359797118887,,,,,,,,,,,,,,,,,,,,,,,,,,0.8771466651992375,3.185190767734446,1.0593951180696692
UNP,Union Pacific Corporation,Industrials,1998-06-30,1997-07-31,1997-07-31,82.3464077168049,37.18150966322481,82.3464077168049,-0.5484744180815435,11,11,11.0,18.24609375,-0.3971312352815243,51450218.84920635,-0.026343220527950018,0.07252620454086167,0.12059923075906989,0.03357598976179177,-0.06214724888027745,0.012797222480294204,0.3475691838098045,0.12358563898036157,0.1973762256872352,-0.12424060690484451,-0.43545692403543734,-0.49096870719433056,0.31467520070921484,0.19581415319285989,-0.12959917743918425,-0.15198864884732666,-0.19726490720381196,,,,,,,,,,,,,,,,,,,,,,,,,,0.1569323116646463,-0.5195239088067096,-0.31166282512393084
BA,Boeing,Industrials,1998-07-31,1997-01-31,1997-07-31,85.34025931387454,39.347405899969296,85.34025931387454,-0.5389350089123501,18,12,38.8125,60.5,-0.35847107438016534,186207216.66666666,-0.028627509412896046,-0.01616818601778769,-0.0016642060856092815,-0.10001472937797729,-0.24987388161546698,-0.1827560906820446,0.1855400546633943,-0.016719643740479295,-0.0063239444434425585,0.29242748383846995,-0.015879705970572866,-0.13729167347436544,0.566348778308412,0.4437246015224392,0.04887384643503356,-0.2500550015583378,-0.2500550015583378,,,,,,,,,,,,,,,,,,,,,,,,,,0.006953675609031762,-0.04727412666527092,0.030277390193466758
BC,Brunswick,Consumer Discretionary,1998-07-31,1997-09-30,1997-09-30,70.96656917245494,36.153376386147805,70.96656917245494,-0.4905576413269753,10,10,19.4375,37.0,-0.47466216216216217,11977542.55952381,0.007168533552170064,0.01962785694727842,0.034131836879456826,0.2868381312482504,0.13697897901076073,0.2040967699441831,0.4428022839787862,0.2405425855749126,0.25093828487194936,0.011566688269107672,-0.29674050153993514,-0.4181524690437277,0.20749333711695606,0.08486916033098324,-0.3099815947564224,-0.37821111758882353,-0.37821111758882353,,,,,,,,,,,,,,,,,,,,,,,,,,0.18780101319383458,-0.46138783154187857,-0.4817674789692419
BKR,Baker Hughes,Energy,1998-07-31,1996-11-30,1997-01-31,72.21629533161514,35.688877949684354,72.21629533161514,-0.5058057494392082,20,18,25.0,49.625,-0.49622166246851385,65591512.5,-0.1174997298519147,-0.10504040645680635,-0.09053642652462794,-0.32154176268869017,-0.47140091492617986,-0.40428312399275745,0.41372308167293337,0.21146338326905978,0.22185908256609652,0.4287290249308091,0.1204218351217663,-0.0009901323820262764,0.48695557442304094,0.3643313976370681,-0.030519357450337514,-0.39692581429679064,-0.39692581429679064,,,,,,,,,,,,,,,,,,,,,,,,,,0.29307674470435296,0.21952818635489652,0.25909905414845713
CAR,Avis Budget Group,Industrials,1998-07-31,1995-11-30,1998-03-31,79.91888988283326,39.279790466057214,79.91888988283326,-0.5085043032549106,32,4,27.700000762939453,66.69999694824219,-0.5847076157374629,162074522.54685166,-0.3393502125164536,-0.32689088912134523,-0.31238690918916684,0.25631758063599297,0.10645842839850328,0.17357621933192566,0.1624548670725141,-0.03980483133135948,-0.029409132034322744,-0.2599278981542428,-0.5682350879632856,-0.6896470554670782,0.17545120260260805,0.05282702581663523,-0.3420237292707704,-0.6245487082476592,-0.6245487082476592,,,,,,,,,,,,,,,,,,,,,,,,,,-0.23929516896520098,-1.2485774364327584,-1.3014686908714501
CCK,Crown Holdings,Materials,1998-07-31,1997-01-31,1997-01-31,70.49280756134499,38.60143441096176,70.49280756134499,-0.452406057492183,18,18,41.125,59.75,-0.3117154811715481,19028651.984126985,-0.2202831001936757,-0.20782377679856734,-0.19331979686638892,-0.21874218747134133,-0.368601339708831,-0.3014835487754086,-0.26593222273936756,-0.46819192114324115,-0.4577962218462044,-0.6346345534615678,-0.9429417432706106,-1.0643537107744032,-0.910598208897387,-1.0332223856833598,-1.4280731407707654,-0.4129191713137643,-0.6643545903879563,,,,,,,,,,,,,,,,,,,,,,,,,,-0.3799267482360649,-0.8630933343246384,-1.2410274693079308
CSX,CSX Corporation,Industrials,1998-07-31,1996-04-30,1997-07-31,72.83650926756552,38.89658098701146,72.83650926756552,-0.46597411959811874,27,12,2.246527910232544,3.46875,-0.3523523141671946,23733111.473212924,-0.022244305790184882,-0.009784982395076525,0.004718997537101883,0.00954981607748473,-0.14030933616000496,-0.07319154522658258,0.23134934053584022,0.02908964213196663,0.03948534142900337,-0.3427032702545647,-0.6510104600636075,-0.7724224275674001,0.07872526565401539,-0.04389891113195743,-0.43874966621936307,-0.09704821785956164,-0.4838465045472551,,,,,,,,,,,,,,,,,,,,,,,,,,0.026968232652382407,-0.7438722725175619,-0.5203453396602213
ETN,Eaton Corporation,Industrials,1998-07-31,1997-10-31,1997-10-31,84.601322090982,37.510263013239275,84.601322090982,-0.5566232053336002,9,9,14.154356002807615,22.42462158203125,-0.36880290483254186,29213928.363689996,0.037356876966711416,0.049816200361819774,0.06432018029399818,0.07390435586227029,-0.0759547963752194,-0.008837005441797025,0.5439832458743488,0.3417235474704752,0.35211924676751194,0.08199028722314616,-0.22631690258589665,-0.3477288700896892,0.6494821796940224,0.5268580029080496,0.132007247820644,-0.11877348295736112,-0.11877348295736112,,,,,,,,,,,,,,,,,,,,,,,,,,0.3047434138526332,-0.41291292662144113,-0.11328543132918711
MOS,Mosaic Company (The),Materials,1998-07-31,1995-12-31,1996-08-31,78.81739668091842,37.042519835626074,78.81739668091842,-0.5300210182583458,31,23,25.5625,44.5,-0.425561797752809,11789168.650793651,0.020958272596381722,0.03341759599149008,0.04792157592366848,-0.2829153289632539,-0.4327744812007436,-0.36565669026732117,-0.2747934198406382,-0.4770531182445118,-0.46665741894747503,-0.43886686087586413,-0.7471740506849069,-0.8685860181886995,-0.5342118765705905,-0.6568360533565634,-1.051686808443969,-0.3617191226551639,-0.49080304357788185,,,,,,,,,,,,,,,,,,,,,,,,,,-0.32933454655793465,-0.5445141210127152,-0.5946285954367827
PTC,PTC Inc.,Information Technology,1998-07-31,1996-05-31,1998-03-31,82.44185841635642,36.00327044207651,82.44185841635642,-0.5632889513449701,26,4,34.0625,90.78125,-0.6247848537005163,95142546.82539682,0.22018348623853212,0.23264280963364048,0.2471467895658189,-0.041284403669724745,-0.19114355590721444,-0.12402576497379206,0.03669724770642202,-0.16556245069745157,-0.15516675140041483,-0.2660550458715596,-0.5743622356806024,-0.695774203184395,-0.30495415083858946,-0.42757832762456227,-0.8224290827119679,-0.37614678899082565,-0.45871559633027525,,,,,,,,,,,,,,,,,,,,,,,,,,-0.1665832801648033,-0.6847447199119263,-0.955652623388872
ROK,Rockwell Automation,Industrials,1998-07-31,1996-01-31,1996-11-30,79.16954160709436,36.20199797880213,79.16954160709436,-0.5427282103202415,30,20,40.6875,70.625,-0.42389380530973453,29932675.992063493,0.015732652508221756,0.028191975903330113,0.04269595583550852,0.3396032988314335,0.18974414659394379,0.2568619375273662,0.8323335244127716,0.630073826008898,0.6404695253059348,0.1176270817162437,-0.19068010809279912,-0.3120920755965917,0.36775548189467844,0.24513130510870562,-0.14971944997870001,-0.2053479611275515,-0.2053479611275515,,,,,,,,,,,,,,,,,,,,,,,,,,0.6135486603127629,-0.3012229196196602,-0.21601221754609834
TMO,Thermo Fisher Scientific,Health Care,1998-07-31,1996-05-31,1996-06-30,93.19290492620047,33.73534229556246,93.19290492620047,-0.6380052502679523,26,25,23.0,44.5,-0.4831460674157303,29640330.555555556,-0.13315232285720147,-0.12069299946209311,-0.1061890195299147,-0.27717400124504654,-0.42703315348253623,-0.3599153625491138,-0.25271742819368304,-0.4549771265975566,-0.44458142730051986,-0.09782659841467323,-0.40613378822371604,-0.5275457557275086,-0.008695831461629444,-0.13132000824760226,-0.5261707633350079,-0.4565218048858608,-0.4565218048858608,,,,,,,,,,,,,,,,,,,,,,,,,,-0.44281504541642797,-0.5242633469992964,-0.7382310413207792
WDC,Western Digital,Information Technology,1998-07-31,1997-01-31,1997-08-31,92.31159135197214,39.73131181002428,92.31159135197214,-0.5695956355195532,18,11,8.408919334411621,41.38322067260742,-0.7968036513896152,19559179.38982853,-0.05617959583257437,-0.04372027243746601,-0.029216292505287605,0.2247189511845511,0.0748597989470614,0.14197758988048378,-0.5617978038520677,-0.7640575022559413,-0.7536618029589045,-0.6292134608147204,-0.9375206506237632,-1.0589326181275558,-0.6844943918004116,-0.8071185685863844,-1.20196932367379,-0.5730337234303818,-0.7528090158575111,,,,,,,,,,,,,,,,,,,,,,,,,,-1.0253137637931526,-1.287221428992546,-1.7306979407139362
ADI,Analog Devices,Information Technology,1998-08-31,1995-08-31,1998-04-30,77.07115451543262,36.789784044312334,77.07115451543262,-0.5226517070411136,36,4,7.03125,19.8125,-0.6451104100946372,30161224.404761903,0.4533327870858157,0.239425589551977,0.23967324296453127,0.7822218312657789,0.4862750974104324,0.547917791643662,2.6622216705171904,2.269574581628399,2.246415435513871,13.222217062390992,12.599301062646676,12.285897872309434,5.808175137373064,5.578562516929152,5.0188131578917705,-0.14666707040213112,-0.14666707040213112,,,,,,,,,,,,,,,,,,,,,,,,,,2.453626192435071,12.805635224838257,5.1494154723146135
APD,Air Products,Materials,1998-08-31,1997-07-31,1997-07-31,77.68232518533691,39.344107460871165,77.68232518533691,-0.493525620313208,13,13,28.272432327270508,41.94611358642578,-0.32598207771935817,26601329.672228012,0.25436441938507004,0.04045722185123135,0.040704875263785606,0.0615988538212735,-0.23434788003407303,-0.17270518580084337,0.13397003575440292,-0.25867705313438827,-0.2818361992489163,0.2405747165127219,-0.382341283231594,-0.6957444735688375,0.47645617216698244,0.24684355172307026,-0.31290580731431106,-0.045861049213197225,-0.22399697266029217,,,,,,,,,,,,,,,,,,,,,,,,,,-0.001162378600807562,-0.051233072540335656,0.017592763310251336
AVT,Avnet,Information Technology,1998-08-31,1995-08-31,1995-09-30,73.22244487271882,39.95900113193889,73.22244487271882,-0.45427933741629556,36,35,23.625,37.25,-0.3657718120805369,6692744.047619048,0.23537226566809388,0.021465068134255194,0.02171272154680945,-0.15508157506779785,-0.4510283089231444,-0.3893856146899147,-0.051233931648089426,-0.4438810205368806,-0.46704016665140863,0.29744884560789764,-0.32546715413641825,-0.6388703444736618,0.05599851184794136,-0.17361410859597082,-0.7333634676333521,-0.2734312338031619,-0.2734312338031619,,,,,,,,,,,,,,,,,,,,,,,,,,-0.15495044279110942,0.11825583606867662,-0.1968151426485646
CMI,Cummins,Industrials,1998-08-31,1997-07-31,1997-08-31,80.81915118077876,38.9097948525722,80.81915118077876,-0.518557244364797,13,12,10.171875,20.75,-0.509789156626506,9261194.543650793,-0.0809390319104456,-0.2948462294442843,-0.29459857603173,0.02171959967981052,-0.274227134175536,-0.21258443994230636,0.4910563510167647,0.09840926212797352,0.0752501160134455,-0.07621638851473422,-0.6991323882590501,-1.0125355785962937,0.013840306449290685,-0.2157723139946215,-0.7755216730320028,-0.3041476468676372,-0.3041476468676372,,,,,,,,,,,,,,,,,,,,,,,,,,0.23497070478845722,-0.5476547245647267,-0.6151861957026546
DE,Deere & Company,Industrials,1998-08-31,1996-03-31,1998-03-31,78.75551171412476,35.95615681088323,78.75551171412476,-0.54344583600192,29,5,16.5,32.0625,-0.48538011695906436,60216204.265873015,0.06609907185591091,-0.14780812567792778,-0.14756047226537353,0.0044566954862717,-0.29149003836907483,-0.22984734413584518,0.20827386185301244,-0.18437322703577874,-0.20753237315030676,0.04707428244729028,-0.5758417172970256,-0.8892449076342691,0.40493360439361803,0.17532098394970586,-0.38442837508767547,-0.1341525787076162,-0.1341525787076162,,,,,,,,,,,,,,,,,,,,,,,,,,-0.01500060518547322,-0.409365610311277,-0.28255633913101763
DVN,Devon Energy,Energy,1998-08-31,1997-10-31,1997-10-31,75.04824473944376,39.277602786563705,75.04824473944376,-0.4766352907662311,10,10,13.21875,24.5625,-0.46183206106870234,6045158.333333333,0.24795119461722503,0.034043997083386346,0.0342916504959406,-0.11048150882672636,-0.4064282426820729,-0.34478554844884324,0.4707983417682333,0.07815125287944213,0.05499210676491412,1.2412625349009025,0.6183465351565867,0.30494334481934315,0.7763834999708232,0.5467708795269111,-0.012978479510470264,-0.23619990269302094,-0.23619990269302094,,,,,,,,,,,,,,,,,,,,,,,,,,0.3302738247189353,0.9134633318117873,0.4450504859351892
FAST,Fastenal,Industrials,1998-08-31,1995-09-30,1997-08-31,84.74398145556496,39.41582575440225,84.74398145556496,-0.5348834798956228,35,12,0.9121090173721312,1.890625,-0.5175621726296165,16112896.661213467,0.4132770669062058,0.19936986937236711,0.19961752278492137,0.30326025098481124,0.007313517129464708,0.06895621136269436,0.719103030392753,0.32645594150396184,0.3032967953894338,1.194821070671718,0.5719050709274021,0.25850188059015855,1.2627339675080869,1.0331213470641747,0.47337198802679337,-0.2976442533055572,-0.2976442533055572,,,,,,,,,,,,,,,,,,,,,,,,,,0.5240404797181784,0.7767088110146396,0.615056023623719
GLW,Corning Inc.,Information Technology,1998-08-31,1997-07-31,1997-07-31,75.19237088354723,35.75442565574036,75.19237088354723,-0.5244939714547057,13,13,8.208333015441895,21.708332061767575,-0.6218809905760424,23544898.990853626,0.6294420868868167,0.415534889352978,0.4157825427655323,1.1887772747130438,0.8928305408576973,0.954473235090927,1.729564263211536,1.3369171743227448,1.3137580282082169,12.556278735714413,11.933362735970096,11.619959545632854,0.4984066386739441,0.2687940182300319,-0.2909553408073494,-0.07106572145431744,-0.07106572145431744,,,,,,,,,,,,,,,,,,,,,,,,,,1.491206193567033,12.126187752160858,-0.051127887422335205
HAL,Halliburton,Energy,1998-08-31,1997-10-31,1997-11-30,88.51272330659987,37.87025303468445,88.51272330659987,-0.5721490468268002,10,9,13.28125,31.625,-0.5800395256916996,89224395.83333333,0.11545936880560048,-0.09844782872823821,-0.09820017531568395,0.08223339282742037,-0.21371334102792616,-0.1520706467946965,0.7791202403130519,0.38647315142426075,0.36331400530973273,1.0530340516512262,0.4301180519069103,0.11671486156966682,0.09142320802386505,-0.13818941242004712,-0.6979387714574284,-0.05437345568884422,-0.05437345568884422,,,,,,,,,,,,,,,,,,,,,,,,,,0.655066048460404,0.8458246523365212,-0.11942153962489058
HUBB,Hubbell Incorporated,Industrials,1998-08-31,1996-01-31,1998-02-28,93.16790423860157,38.14738756378965,93.16790423860157,-0.5905522628683932,31,6,35.75,52.75,-0.3222748815165877,5081355.914088658,0.13691114300837426,-0.07699605452546443,-0.07674840111291018,0.05925529136300711,-0.23669144249233942,-0.17504874825910977,0.12061002359935191,-0.2720370652894393,-0.2951962114039673,-0.2163333633814798,-0.8392493631257957,-1.1526525534630392,-0.07071114716888682,-0.300323767612799,-0.8600731266501803,-0.04817888420996319,-0.36278042645147623,,,,,,,,,,,,,,,,,,,,,,,,,,-0.0920171700699009,-0.6694589321767999,-0.8002851948872254
KLAC,KLA Corporation,Information Technology,1998-08-31,1995-08-31,1997-08-31,84.69819886789217,38.984405825054345,84.69819886789217,-0.5397256807566807,36,12,1.0625,3.84375,-0.7235772357723578,56335831.86823224,0.6029415321808145,0.3890343346469758,0.38928198805953007,1.4382349736636555,1.142288239808309,1.2039309340415385,1.9558818335412886,1.5632347446524975,1.5400755985379695,5.176470097166309,4.553554097421993,4.240150907084749,3.6249420711730957,3.3953294507291836,2.8355800916918024,-0.023529319622418998,-0.023529319622418998,,,,,,,,,,,,,,,,,,,,,,,,,,1.5984567815733925,4.421090341363309,2.326498075968879
KMB,Kimberly-Clark,Consumer Staples,1998-08-31,1997-02-28,1997-03-31,79.77893706181496,37.34042960516746,79.77893706181496,-0.5319512771117137,18,17,36.493289947509766,56.98705673217773,-0.3596214291428068,70935931.63222177,0.39184179346531955,0.17793459593148087,0.17818224934403512,0.2556042832766998,-0.040342450578646716,0.02130024365458294,0.5279532073623932,0.13530611847360197,0.11214697235907395,0.6006114946960011,-0.022304505048314827,-0.33570769538555834,0.7267935159419769,0.49718089549806477,-0.06256846353931655,-0.05747168164019201,-0.05747168164019201,,,,,,,,,,,,,,,,,,,,,,,,,,0.43858205185853644,0.40110984316610554,0.40696897980136365
LHX,L3Harris,Industrials,1998-08-31,1997-05-31,1998-03-31,75.54050014693978,37.38438179229836,75.54050014693978,-0.5051080980456966,15,5,15.05774974822998,26.12962532043457,-0.4237288302617135,14951763.09685742,0.20608160121266184,-0.007825596321176853,-0.007577942908622598,-0.01049662156643083,-0.30644335542177736,-0.2448006611885477,-0.15327157813862147,-0.5459186670274127,-0.5690778131419407,0.15855469676275313,-0.46436130298156275,-0.7777644933188063,0.1382222147415446,-0.09139040570236756,-0.6511397647397489,-0.163351676073212,-0.3225447994816383,,,,,,,,,,,,,,,,,,,,,,,,,,-0.33817358310349366,-0.21206989456741537,-0.45591000037332763
MMM,3M,Industrials,1998-08-31,1997-02-28,1997-06-30,82.11792369426857,39.640293042010825,82.11792369426857,-0.5172759945856069,18,14,28.63712310791016,44.105350494384766,-0.350710904982921,89256050.40764906,0.18335597034700557,-0.03055122718683312,-0.030303573774278864,0.09675954314054391,-0.19918719071480262,-0.13754449648157296,0.4164647257294303,0.02381763684063909,0.0006584907261110717,0.4288107524321454,-0.1941052473121705,-0.507508437649414,0.6348239341010431,0.4052113136571309,-0.1545380453802504,-0.04197116241635401,-0.04197116241635401,,,,,,,,,,,,,,,,,,,,,,,,,,0.2877939570431132,0.17196476245749215,0.29941599536479124
MSI,Motorola Solutions,Information Technology,1998-08-31,1995-09-30,1995-09-30,76.16736908436248,37.36619815800056,76.16736908436248,-0.5094198656564597,35,35,51.78316116333008,109.14413452148438,-0.5255525054977932,132826792.21631126,0.4452149774083818,0.2313077798745431,0.23155543328709735,0.6442573436449353,0.3483106097895887,0.4099533040228184,1.1660406071420821,0.773393518253291,0.750234372138763,1.56360798415419,0.940691984409874,0.6272887940726305,0.2412684722637124,0.011655851819800223,-0.5480935072175811,-0.10367550249819124,-0.10367550249819124,,,,,,,,,,,,,,,,,,,,,,,,,,0.9471393045142229,1.070196257139639,-0.5536120526463048
NKE,"Nike, Inc.",Consumer Discretionary,1998-08-31,1996-09-30,1997-02-28,92.12114022854709,38.60250246985708,92.12114022854709,-0.5809593501113148,23,18,4.335937976837158,9.546875,-0.5458264639646839,48988678.60883077,0.15506846463820967,-0.05883873289562902,-0.058591079483074765,0.5453068014686189,0.24936006761327234,0.311002761846502,0.35479451425842856,-0.03785257463036262,-0.06101172074489064,0.15374256010456033,-0.46917343963975555,-0.7825766299769991,0.4662704334078662,0.23665781296395405,-0.32309154607342727,-0.10630644601611672,-0.2500630344972061,,,,,,,,,,,,,,,,,,,,,,,,,,0.22225525392484352,-0.14848977946912534,-0.06184968254004497
NOC,Northrop Grumman,Industrials,1998-08-31,1997-09-30,1998-02-28,85.57959021676433,36.86874035143428,85.57959021676433,-0.5691876969958661,11,6,28.62965583801269,62.793251037597656,-0.5440647622963399,35148097.23683696,0.2883408048327858,0.0744336072989471,0.07468126071150136,-0.0056034465362638786,-0.3015501803916104,-0.23990748615838076,0.1699088534835118,-0.22273823540527937,-0.2458973815198074,0.289781609689312,-0.3331343900550039,-0.6465375803922474,0.38412833205412156,0.15451571161020938,-0.40523364742717194,-0.10212598610914492,-0.3010788436133893,,,,,,,,,,,,,,,,,,,,,,,,,,-0.04269640812227615,-0.17114936211382903,-0.39288804110654274
PEP,PepsiCo,Consumer Staples,1998-08-31,1996-06-30,1996-06-30,85.26744201183487,39.02364594227396,85.26744201183487,-0.5423382592284451,26,26,27.875,44.8125,-0.3779637377963738,157582693.9484127,0.39360990836604515,0.17970271083220646,0.1799503642447607,0.357574380811154,0.06162764695580747,0.12327034118903712,0.24222186991081984,-0.15042521897797134,-0.17358436509249936,0.5764795071474709,-0.046436492596845014,-0.3598396829340885,0.7598587592302009,0.5302461387862887,-0.029503220251092643,0.00862288525715127,0.00862288525715127,,,,,,,,,,,,,,,,,,,,,,,,,,0.14340995921606708,0.37299969040872055,0.42292207847116264
SLB,Schlumberger,Energy,1998-08-31,1997-10-31,1997-11-30,85.81392970176698,36.37720431122596,85.81392970176698,-0.5760920815810522,10,9,21.90625,47.21875,-0.5360688285903374,221024688.2936508,0.019971148886269052,-0.19393604864756964,-0.19368839523501538,0.11705552433352628,-0.17889120952182025,-0.1172485152885906,0.5387607619816694,0.14611367309287826,0.12295452697835024,1.2461368509811015,0.6232208512367856,0.3098176608995421,0.30866024476858467,0.0790476243246725,-0.48070173471270883,-0.08559182207612459,-0.08559182207612459,,,,,,,,,,,,,,,,,,,,,,,,,,0.4665195571210571,1.1198833363070058,0.15880943767924502
SNA,Snap-on,Industrials,1998-08-31,1997-09-30,1997-09-30,81.59993602528226,34.180583958148105,81.59993602528226,-0.5811199662269604,11,11,26.25,46.4375,-0.43472409152086133,7681825.396825396,0.3035655214517967,0.08965832391795803,0.08990597733051228,0.09078905096519185,-0.20515768289015468,-0.14351498865692502,0.3225477963906451,-0.07009929249814606,-0.09325843861267408,0.24657245035152386,-0.376343549392792,-0.6897467397300355,0.06668378995518798,-0.1629288304887242,-0.7226781895261055,-0.028571731096420527,-0.16948615680394874,,,,,,,,,,,,,,,,,,,,,,,,,,0.11979437356264896,-0.17581607688071876,-0.6147536593893032
TER,Teradyne,Information Technology,1998-08-31,1997-08-31,1997-08-31,76.89446294766039,38.99669418197497,76.89446294766039,-0.49285432673456886,12,12,8.6875,29.59375,-0.706441393875396,19418075.0,0.8453251317094697,0.631417934175631,0.6316655875881853,1.7625917405231508,1.4666450066678043,1.5282877009010338,2.9172688774021367,2.5246217885133455,2.5014626423988173,6.462235643775256,5.83931964403094,5.525916453693696,2.7732400171362013,2.543627396692289,1.9838780376549079,-0.13669001004387693,-0.13669001004387693,,,,,,,,,,,,,,,,,,,,,,,,,,2.56920547784854,5.862664206343544,1.8593756717566308
TKR,Timken,Industrials,1998-08-31,1997-09-30,1997-09-30,84.826616925081,35.69626657812765,84.826616925081,-0.5791855449138724,11,11,13.063708305358888,30.019685745239254,-0.5648286122571877,7530595.011781844,0.06465348906485802,-0.14925370846898067,-0.14900605505642642,-0.012467801075360052,-0.3084145349307066,-0.24677184069747693,-0.0015106052264755032,-0.3941576941152667,-0.4173168402297947,-0.03397085291826485,-0.6568868526625807,-0.9702900429998242,-0.06937903623658215,-0.2989916566804943,-0.8587410157178756,-0.253424998883399,-0.253424998883399,,,,,,,,,,,,,,,,,,,,,,,,,,-0.2046568660024103,-0.38842552934116165,-0.5526036498747499
TRV,Travelers Companies (The),Financials,1998-08-31,1997-07-31,1998-03-31,77.88450656976028,39.876303895981515,77.88450656976028,-0.4880072346575791,13,5,30.75,47.1875,-0.3483443708609272,26963209.82142857,0.15460312663651155,-0.059304070897327144,-0.05905641748477289,0.0680625821590708,-0.22788415169627574,-0.16624145746304608,0.07500071927705587,-0.3176463696117353,-0.34080551572626333,0.6474879631091068,0.02457196336479095,-0.28883122697245256,0.4906489926095765,0.26103637216566433,-0.298712986871717,-0.08739849918788356,-0.27333077326870625,,,,,,,,,,,,,,,,,,,,,,,,,,-0.08521530721136333,0.31672536774430127,-0.021989959558620598
VLO,Valero Energy,Energy,1998-08-31,1997-07-31,1997-07-31,72.95701781573314,33.853964648065784,72.95701781573314,-0.5359738423852463,13,13,4.084781169891357,9.82632541656494,-0.5843022700016275,7434702.255071035,0.1787038240953609,-0.03520337343847779,-0.03495572002592354,-0.009898553678770572,-0.3058452875341171,-0.24420259330088745,0.2068244468203133,-0.18582264206847787,-0.2089817881830059,0.7335957261613637,0.11067972641704782,-0.2027234639201957,1.408278773832107,1.1786661533881948,0.6189167943508135,-0.059227223829322995,-0.059227223829322995,,,,,,,,,,,,,,,,,,,,,,,,,,-0.05095126910546083,0.20866826221550427,0.564008713740419
VRTX,Vertex Pharmaceuticals,Health Care,1998-08-31,1997-01-31,1997-01-31,72.97400185177632,36.33652584612159,72.97400185177632,-0.5020620368343265,19,19,7.625,26.375,-0.7109004739336493,7624710.416666667,0.5532786885245902,0.3393714909907515,0.33961914440330576,0.540983606557377,0.24503687270203045,0.3066795669352601,0.819672131147541,0.4270250422587498,0.4038658961442218,10.147540983606557,9.52462498386224,9.211221793524999,3.8380327068391393,3.608420086395227,3.048670727357846,0.016393442622950838,0.016393442622950838,,,,,,,,,,,,,,,,,,,,,,,,,,0.612393493270891,9.701982475062566,3.105645545366598
WY,Weyerhaeuser,Real Estate,1998-08-31,1997-07-31,1997-07-31,73.63648163315546,38.442612765719446,73.63648163315546,-0.47794066319960715,13,13,37.5625,63.9375,-0.41251221896383183,27406394.246031746,0.34680813215969586,0.13290093462585717,0.13314858803841143,0.5090608954268183,0.21311416157147178,0.27475685580470144,0.5409463824702601,0.14829929358146887,0.12514014746694085,0.30796084387648803,-0.31495515586782785,-0.6283583462050714,0.651075832230124,0.4214632117862118,-0.1382861472511695,-0.01497481860782035,-0.01497481860782035,,,,,,,,,,,,,,,,,,,,,,,,,,0.4385577231173894,0.09807846957912253,0.3385182032828362
XRAY,Dentsply Sirona,Health Care,1998-08-31,1997-12-31,1998-03-31,72.82220781120981,39.590491510016356,72.82220781120981,-0.456340411806053,8,5,7.114583015441895,11.708333015441896,-0.392348765101009,12846976.047257015,0.26205989509572425,0.04815269756188556,0.048400350974439815,0.20010369504416015,-0.09584303881118639,-0.03420034457795673,0.17276097631022558,-0.2198861125785656,-0.24304525869309362,0.591841740441531,-0.031074259302784846,-0.34447744964002835,1.1433152423813682,0.913702621937456,0.35395326290007467,-0.060792198937494324,-0.060792198937494324,,,,,,,,,,,,,,,,,,,,,,,,,,0.18194468980884948,0.6086603433643,1.1326975231461356
AN,AutoNation,Consumer Discretionary,1998-09-30,1995-12-31,1997-01-31,88.28076995516741,38.70069228066812,88.28076995516741,-0.5616180930419851,33,20,14.5625,44.375,-0.671830985915493,27032547.718253966,0.021459216570471895,-0.19448358808438093,-0.19026403306412876,-0.15021458853844738,-0.4191475632147579,-0.3346550753201275,-0.14163090191025862,-0.4217074021077316,-0.4388046317081292,-0.5435854132026359,-0.9856900469669427,-1.2476251857114167,-0.3313526332436675,-0.39302754158886655,-0.8044537003700557,-0.31330468283746293,-0.5793991419360267,,,,,,,,,,,,,,,,,,,,,,,,,,-0.35162944226174414,-0.9919950157081537,-1.0219309134796495
EHC,Encompass Health,Health Care,1998-09-30,1996-04-30,1997-07-31,81.4979058289684,32.69096170780634,81.4979058289684,-0.5988735983423719,29,14,41.766109466552734,122.56364440917967,-0.6592292137861351,48176771.970138304,0.47023838742930657,0.25429558277445374,0.2585151377947059,-0.011904263106950252,-0.28083723778326075,-0.19634474988863035,-0.41666633903807726,-0.6967428392355502,-0.7138400688359479,-0.23214234162930114,-0.674246975393608,-0.936182114138082,0.5485721365701244,0.4868972282249253,0.07547106944373616,-0.5654759063342555,-0.5654759063342555,,,,,,,,,,,,,,,,,,,,,,,,,,-0.6104766982617815,-0.6359245408103219,-0.04956843435556446
LIN,Linde plc,Materials,1998-09-30,1997-06-30,1997-06-30,75.87481576460162,37.24627604555696,75.87481576460162,-0.5091088436891638,15,15,16.34375,29.0,-0.4364224137931034,27803253.67063492,0.08214493201790818,-0.13379787263694465,-0.12957831761669247,0.11166545600395605,-0.15726751867235444,-0.07277503077772404,0.42609506929863983,0.14601856910116684,0.12892133950076923,0.17640411359970964,-0.2657005201645972,-0.5276356589090713,0.3416911478230651,0.280016239477866,-0.13140991930332313,-0.03297667888794975,-0.03297667888794975,,,,,,,,,,,,,,,,,,,,,,,,,,0.27763600653605647,-0.14668505729009967,-0.17812892386983536
MTG,MGIC Investment Corporation,Financials,1998-09-30,1998-02-28,1998-03-31,84.45258180735546,38.9702179493908,84.45258180735546,-0.5385550433699511,7,6,36.875,74.5,-0.5050335570469799,35032085.31746032,0.08029685099014161,-0.13564595366471122,-0.13142639864445904,-0.047955837010965396,-0.3168888116872759,-0.2323963237926455,0.2978612656227717,0.01778476542529872,0.0006875358249011088,0.6646765256230391,0.22257189185873227,-0.039363246885741776,0.7821891482268142,0.7205142398816151,0.30908808110042596,-0.3423726506928836,-0.3423726506928836,,,,,,,,,,,,,,,,,,,,,,,,,,-0.011727810399577765,0.17538214419350334,0.147918531057044
SHW,Sherwin-Williams,Materials,1998-09-30,1996-11-30,1998-04-30,79.33767404789019,37.38384154067964,79.33767404789019,-0.5288008882373609,22,5,7.25,12.625,-0.4257425742574258,15066715.079366595,0.35697453960343783,0.141031734948585,0.14525128996883718,0.30582821374357927,0.03689523906726877,0.12138772696189917,-0.01971021553840213,-0.2997867157358751,-0.31688394533627273,0.024363560376649662,-0.4177410733876572,-0.6796762121321313,0.09239652430557044,0.030721615960371373,-0.3807045428208178,-0.08994016201424826,-0.19361632405030127,,,,,,,,,,,,,,,,,,,,,,,,,,-0.24422597789267977,-0.4772487346014683,-0.7581134021822039
SPXC,SPX Technologies,Industrials,1998-09-30,1997-06-30,1998-03-31,90.47737885890464,39.82302817578076,90.47737885890464,-0.5598565223923765,15,6,5.201775074005127,9.978594779968262,-0.4787066527195253,7919640.029824877,0.6217859913015364,0.4058431866466836,0.4100627416669358,0.2208774683165584,-0.04805550635975209,0.036436981534878315,1.1966715645953663,0.9165950643978933,0.8994978347974957,2.4357041553262446,1.9935995215619378,1.7316643828174638,1.0066579377508496,0.9449830294056505,0.5335568706244613,-0.12708022974043576,-0.12708022974043576,,,,,,,,,,,,,,,,,,,,,,,,,,0.9547045841163142,1.9293441481440308,0.246824430972317
SWK,Stanley Black & Decker,Industrials,1998-09-30,1997-07-31,1998-03-31,78.66298912741658,39.3284403093748,78.66298912741658,-0.5000388270820544,14,6,29.75,57.25,-0.48034934497816595,11459402.48015873,-0.060685963061120396,-0.2766287677159732,-0.27240921269572105,-0.12493631855139153,-0.39386929322770203,-0.30937680533307166,-0.1271939190160407,-0.4072704192135137,-0.4243676488139113,-0.17367496498838342,-0.6157795987526903,-0.8777147374971643,0.3466000722034872,0.28492516385828814,-0.126500994922901,-0.2100840336134454,-0.23764830688581862,,,,,,,,,,,,,,,,,,,,,,,,,,-0.23887166007080118,-0.3655745939290861,0.07330973927857165
MAT,Mattel,Consumer Discretionary,1998-12-31,1996-03-31,1998-02-28,77.51263632203244,39.77652940740149,77.51263632203244,-0.4868381299515253,33,10,23.5,46.5625,-0.49530201342281877,55090173.115079366,0.06475692847697889,0.021177436235566116,0.0910528603308865,0.11974779906549826,0.0026924134862647,-0.010428559280857591,-0.4316793593882162,-0.6355726747982493,-0.6925295376059852,-0.35897660126560327,-0.4455925241556593,-0.738576951998168,-0.23077146919445557,-0.18961744530114621,-0.6454881243177903,-0.49706500947222565,-0.6092992270090203,,,,,,,,,,,,,,,,,,,,,,,,,,-0.5051523679712034,-0.4997635960258322,-0.4189820166808733
EVRG,Evergy,Utilities,1999-01-31,1997-12-31,1998-03-31,78.43485677272147,39.321360968924495,78.43485677272147,-0.4986749184375395,13,10,31.4375,44.1875,-0.2885431400282885,5018589.682539683,-0.1186067818312928,-0.1649572953583469,-0.19096105386588785,-0.13677644437280156,-0.1823477180930816,-0.2417383228769341,-0.4434595580503682,-0.5484896413651459,-0.6014569737078903,-0.08756039177317654,-0.18386884587273367,-0.4559421612062937,-0.3373658394169017,-0.2545099269747334,-0.7545316419982635,-0.46737352819267775,-0.47158123628082593,,,,,,,,,,,,,,,,,,,,,,,,,,-0.5887647449810149,-0.37536814492480036,-0.756791263705054
LMT,Lockheed Martin,Industrials,1999-01-31,1996-09-30,1998-02-28,82.34634820343432,37.39829564989664,82.34634820343432,-0.5458414797277322,28,11,35.25,58.9375,-0.4019088016967126,89547450.29761904,0.22896462487600844,0.18261411134895433,0.1566103528414134,-0.0012288167503179404,-0.046800090470597966,-0.10619069525445046,-0.460193572071637,-0.5652236553864147,-0.6181909877291591,0.030379287827797308,-0.06592916627175982,-0.33800248160531987,0.5911955773120308,0.674051489754199,0.17402977473066888,-0.5274378721322448,-0.5274378721322448,,,,,,,,,,,,,,,,,,,,,,,,,,-0.6358967470675605,-0.36057542815677157,-0.0798945710616128
SCI,Service Corp Intl,Consumer Discretionary,1999-01-31,1996-06-30,1998-06-30,92.52074310905051,31.286892483627938,92.52074310905051,-0.6618391570120516,31,7,15.875,47.125,-0.6631299734748011,53657098.41269841,0.3144807014597377,0.2681301879326836,0.24212642942514268,0.010745834709191326,-0.0348254390110887,-0.0942160437949412,-0.7061246294079637,-0.8111547127227414,-0.8641220450654858,-0.7520175293769357,-0.8483259834764928,-1.1203992988100528,-0.6715035851176785,-0.5886476726755102,-1.0886693876990403,-0.7061246294079637,-0.8993577364690318,,,,,,,,,,,,,,,,,,,,,,,,,,-0.919167658872948,-1.2024784519371907,-1.392553841696214
THC,Tenet Health,Health Care,1999-01-31,1998-02-28,1998-04-30,76.83124169617834,37.877315968642634,76.83124169617834,-0.5070063279931777,11,9,55.83333206176758,109.16666412353516,-0.4885496180538642,41854076.91675089,0.12835824384738093,0.08200773032032682,0.05600397181278588,-0.1432835669900222,-0.18885484071030223,-0.24824544549415473,0.08656717499363253,-0.018462908321145166,-0.07143024066388964,1.0843508690574217,0.9880424149578646,0.7159690996243046,2.0481602056366612,2.1310161180788296,1.6309944030552994,-0.2656716190834507,-0.2656716190834507,,,,,,,,,,,,,,,,,,,,,,,,,,-0.257212503540095,0.4231799639727316,1.1399924426636598
AEP,American Electric Power,Utilities,1999-03-31,1997-12-31,1997-12-31,77.05279314779139,39.740018644779276,77.05279314779139,-0.48424947336359647,15,15,39.6875,53.3125,-0.25556858147713946,21396205.555555556,-0.03978547377570152,-0.11019304108042927,-0.19982990653692806,-0.11315457576478083,-0.12193638358564318,-0.1955030641281863,-0.19749481850235118,-0.38160609391371103,-0.5035320847950935,0.3475393719221713,0.4188735248819534,0.055844030948118295,0.3948347237957799,0.4716245632400087,-0.19702856986103057,-0.3018038691298284,-0.3018038691298284,,,,,,,,,,,,,,,,,,,,,,,,,,-0.33886709549067756,0.06525229443398423,-0.028642129137351258
EIX,Edison International,Utilities,1999-03-31,1998-03-31,1998-06-30,75.53300539603774,39.916252556094605,75.53300539603774,-0.47153893391631807,12,9,22.25,31.0,-0.282258064516129,22418525.793650795,0.2138747990245191,0.14346723171979137,0.05383036626329257,0.10326409734034359,0.09448228951948123,0.020915608976938102,-0.2320606843944112,-0.41617195980577104,-0.5380979506871535,-0.3872432243288213,-0.31590907136903923,-0.6789385653028743,-0.18800048098105315,-0.11121064153682436,-0.7798637746378636,-0.2929164241525315,-0.6970151124436627,,,,,,,,,,,,,,,,,,,,,,,,,,-0.330229905209938,-0.577955631226413,-0.4923665653419265
L,Loews Corporation,Financials,1999-03-31,1997-02-28,1997-09-30,78.73202198317637,38.91552085296805,78.73202198317637,-0.5057218159431545,25,18,12.4375,19.270832061767575,-0.3545945520081919,25106940.147890363,0.06390189493637766,-0.0065056723683500906,-0.09614253782484888,-0.052987366780470224,-0.06176917460133258,-0.1353358551438757,-0.31986056813643016,-0.50397184354779,-0.6258978344291725,0.6390271424754184,0.7103612954352004,0.34733180150136533,0.6331627366110124,0.7099525760552412,0.04129944295420196,-0.4796935904412992,-0.4796935904412992,,,,,,,,,,,,,,,,,,,,,,,,,,-0.42502864792963957,0.4483482725433412,0.36930728837992405
CDNS,Cadence Design Systems,Information Technology,1999-04-30,1996-05-31,1998-05-31,86.89265855446536,38.97367410971066,86.89265855446536,-0.5514733378162036,35,11,13.5625,39.0,-0.6522435897435898,51566933.928571425,-0.2211981566820277,-0.22045343510288173,-0.25484188251509743,0.1198156682027649,0.08566423101388332,0.1096560474945665,0.23963133640553003,0.13890578011568966,0.044553413486009386,0.526267337359591,0.555133588116389,0.24733172099142525,0.5100460491971486,0.6723366106847075,0.06724629992320613,-0.32258064516129037,-0.32258064516129037,,,,,,,,,,,,,,,,,,,,,,,,,,-0.05780029570958112,-0.16084558682471772,-0.6916063931159835
ORI,Old Republic International,Financials,1999-06-30,1997-09-30,1998-04-30,86.4134587029601,39.97146641911643,86.4134587029601,-0.5374393408263474,21,14,9.233332633972168,17.200000762939453,-0.4631783590459443,7252581.829772298,-0.15901167242765357,-0.10143943418289014,-0.08978859383825236,-0.1979993261350379,-0.275737575242329,-0.25641559740678094,-0.009953320692104639,-0.08122288364468944,-0.12147048822192612,0.7781502464577297,0.8640357943126532,0.532921843912223,0.9611201878037372,1.2132135499039034,0.6625560715421281,-0.3675517466860525,-0.3675517466860525,,,,,,,,,,,,,,,,,,,,,,,,,,-0.19567000372780577,0.40887398581216033,0.38004233831028866
STE,Steris,Health Care,1999-07-31,1998-02-28,1998-06-30,72.11527304636883,39.1157489100785,72.11527304636883,-0.457594109295991,17,13,13.4375,35.9375,-0.6260869565217391,10874183.035714285,-0.009301562629459026,-0.04422372868814084,0.02008029916723742,-0.2186041387904495,-0.27547143333932833,-0.23680722920755992,-0.330232287650876,-0.4184390965008763,-0.4614093508320881,0.6007452310389407,0.6669834337530675,0.3412714595026836,0.5546052412765932,0.8435912583975277,0.3409331978150635,-0.4093021415179058,-0.4093021415179058,,,,,,,,,,,,,,,,,,,,,,,,,,-0.5023068510350082,0.22979949944987937,-0.0701235896157183
WM,Waste Management,Industrials,1999-07-31,1997-01-31,1998-07-31,77.51975313423307,37.76218415598635,77.51975313423307,-0.5128701701281554,30,12,25.5,60.0,-0.575,236509405.35714287,-0.27903470259286456,-0.3139568686515464,-0.24965284079616812,-0.31336639961032475,-0.3702336941592036,-0.3315694900274352,-0.27167804635864923,-0.35988485520864955,-0.40285510953986137,0.21700099533351147,0.2832391980476382,-0.042472776202745643,-0.07040099518392928,0.21858502193700524,-0.28407303864545896,-0.48992947313768664,-0.48992947313768664,,,,,,,,,,,,,,,,,,,,,,,,,,-0.4389872044902593,-0.1458475340065808,-0.6671756231604543
CB,Chubb Limited,Financials,1999-08-31,1998-03-31,1998-07-31,83.38300737185821,39.12407593581025,83.38300737185821,-0.5307907789733352,17,13,21.4375,43.0,-0.501453488372093,23074613.39285714,-0.2021040018264234,-0.25973662909959405,-0.21282752307189004,-0.15553112291267657,-0.20172478579237074,-0.22445104769982865,0.6772635936933862,0.5119173888345092,0.4394463387666925,0.6067445633306281,0.7238126057267573,0.3441038669463907,0.5700129882234439,0.8504367636902729,0.3016505007477587,-0.33564518311105784,-0.33564518311105784,,,,,,,,,,,,,,,,,,,,,,,,,,0.5225142315011215,0.28292641926115253,0.06291141297219593
GL,Globe Life,Financials,1999-08-31,1998-02-28,1998-04-30,82.17437255532407,39.461736151657526,82.17437255532407,-0.5197804993875696,18,16,12.666666984558104,22.13888931274414,-0.42785445079818885,9349879.945363317,0.11785874926251405,0.060226121989343406,0.10713522801704743,-0.300168575206058,-0.34636223808575217,-0.3690884999932101,-0.0008435088566483007,-0.16618971371552527,-0.23866076378334197,0.5186835654021174,0.6357516077982466,0.25604286901788,0.3536787656575844,0.6341025411244133,0.08531627818189913,-0.33769906541814765,-0.33769906541814765,,,,,,,,,,,,,,,,,,,,,,,,,,-0.17302216946157598,0.1780792176693176,-0.15861636931579925
AON,Aon plc,Financials,1999-09-30,1997-07-31,1998-07-31,85.22069211938586,39.05726652486431,85.22069211938586,-0.5416926857370638,26,14,29.5625,50.375,-0.41315136476426795,16634053.472222222,0.36098992866248003,0.2174134203685778,0.24129820250675238,0.1058007322443053,-0.06800242938213064,-0.05511593719605762,0.3655228375754236,0.238945923194261,0.11582565994362781,0.4978116063835225,0.6684276530171276,0.3141341752715097,-0.2481968666522939,0.09295981584002322,-0.48190765454474616,-0.2906588552874304,-0.2906588552874304,,,,,,,,,,,,,,,,,,,,,,,,,,0.20424059916284942,0.13216359083701235,-0.8509107104710324
GPC,Genuine Parts Company,Consumer Discretionary,1999-09-30,1998-03-31,1998-03-31,74.08986066397686,39.18208003578265,74.08986066397686,-0.4711546264948867,18,18,26.5625,38.25,-0.3055555555555556,7547297.916666667,-0.05635463364679716,-0.1999311419406994,-0.1760463598025248,-0.08080545550878582,-0.25460861713522176,-0.24172212494914874,-0.2476012392473964,-0.374178153628559,-0.4972984168791922,0.3128476699653586,0.4834637165989637,0.12917023885334583,0.30552955741213794,0.6466862399044551,0.07181876951968566,-0.27967069462373684,-0.27967069462373684,,,,,,,,,,,,,,,,,,,,,,,,,,-0.37617718177786236,0.044489481701713074,-0.1187147617701167
KO,Coca-Cola Company (The),Consumer Staples,1999-09-30,1997-02-28,1998-06-30,89.20937423050631,37.754323724697414,89.20937423050631,-0.5767897258516266,31,15,24.125,44.46875,-0.45748418833450455,217942859.82142857,0.21016303994662255,0.06658653165272033,0.09047131379089492,-0.021200821501412004,-0.19500398312784795,-0.18211749094177493,0.1569363085509392,0.03035939416977662,-0.09276086908085657,0.004320350759726699,0.17493639739333178,-0.1793570803522861,0.04424589811719892,0.38540258060951604,-0.18946488977525336,-0.1059170828138819,-0.1059170828138819,,,,,,,,,,,,,,,,,,,,,,,,,,0.04743316473507192,-0.21461043521643855,-0.2788347233745082
PGR,Progressive Corporation,Financials,1999-09-30,1997-07-31,1998-12-31,87.02978155109952,39.46972560425251,87.02978155109952,-0.5464802404326631,26,9,6.8072919845581055,14.520833015441896,-0.5312051328378321,39040864.18549674,-0.10404555057904064,-0.24762205887294286,-0.2237372767347683,-0.06689430132438356,-0.2406974629508195,-0.2278109707647465,0.006113909169138232,-0.12046300521202435,-0.24358326846265754,0.6607314198383529,0.831347466471958,0.47705398872634014,0.8872084500756652,1.2283651325679823,0.6534976621832129,-0.4479573927962075,-0.4479573927962075,,,,,,,,,,,,,,,,,,,,,,,,,,-0.21946893624533037,0.14414364080538722,0.016638264818071957
RF,Regions Financial Corporation,Financials,1999-09-30,1997-12-31,1998-04-30,85.17306875058844,38.80148833723922,85.17306875058844,-0.5444394700528956,21,17,24.29936790466309,36.95528793334961,-0.34246573999131047,16771793.909306966,-0.15404023228496377,-0.297616740578866,-0.2737319584406914,-0.22104695188862422,-0.39485011351506016,-0.38196362132898715,-0.2074119196411227,-0.3339888340222853,-0.4571090972729185,0.058751588202786253,0.22936763483639133,-0.12492584290922654,0.24055364922833133,0.5817103317206485,0.006842861335879052,-0.38341762460112616,-0.38341762460112616,,,,,,,,,,,,,,,,,,,,,,,,,,-0.39818297260448,-0.29608420513540096,-0.2546886495609458
UHS,Universal Health Services,Health Care,1999-09-30,1997-12-31,1998-04-30,83.92615647233426,35.96792428991185,83.92615647233426,-0.5714336769161059,21,17,6.46875,14.9375,-0.5669456066945606,10423812.996031746,0.39130317289108074,0.24772666459717851,0.2716114467353531,0.8937197042468019,0.719916542620366,0.7328030348064389,2.3091774144507116,2.182600500069549,2.059480236818916,2.771979642513842,2.9425956891474474,2.5883022114018295,2.9536213652142167,3.294778047706534,2.7199105773217642,-0.09903420057243495,-0.09903420057243495,,,,,,,,,,,,,,,,,,,,,,,,,,2.143662588520167,2.430312400470382,2.431831950880913
UNM,Unum,Financials,1999-09-30,1997-12-31,1998-05-31,80.36896592042292,36.52938384789682,80.36896592042292,-0.5454789864527276,21,16,29.4375,62.5,-0.529,41017307.83730159,0.09393338413542018,-0.049643124158482044,-0.025758342020307454,-0.4189862654003219,-0.5927894270267579,-0.5799029348406848,-0.04948187132041837,-0.17605878570158096,-0.29917904895221414,-0.10125090118593316,0.06936514544767192,-0.28492833229794595,-0.2574808452585471,0.08367583723377003,-0.49119163315099934,-0.5905030814538396,-0.5905030814538396,,,,,,,,,,,,,,,,,,,,,,,,,,-0.22416872327620388,-0.4625416332488998,-0.7995752295712059
VFC,VF Corporation,Consumer Discretionary,1999-09-30,1997-07-31,1998-05-31,80.49195914435076,37.526747529831965,80.49195914435076,-0.5337826544570354,26,16,7.297552108764648,12.947269439697266,-0.4363636176142419,13964923.266779324,-0.02509363060029013,-0.16867013889419236,-0.14478535675601778,-0.21016773032220326,-0.3839708919486392,-0.3710843997625662,-0.17562453748403095,-0.30220145186519354,-0.4253217151158267,0.0037558548114424717,0.17437190144504755,-0.17992157630057032,0.26304600583583504,0.6042026883281522,0.029335217943382758,-0.31274347584025275,-0.31274347584025275,,,,,,,,,,,,,,,,,,,,,,,,,,-0.2680819191946592,-0.2056866986313878,-0.06576524331733957
CAH,Cardinal Health,Health Care,1999-10-31,1998-04-30,1999-01-31,86.45176994235236,38.61257809014322,86.45176994235236,-0.5533627811681496,18,9,29.0,55.5,-0.4774774774774775,88548090.2379263,0.09684109646843542,0.07563647914559746,0.05312038206899947,0.2671432130362099,0.202767613189899,0.12833525920276773,1.1821041731283244,1.1283208789228778,0.9475172697940104,1.3214058827033353,1.5318171872597648,1.1139262291576395,1.3977245084469336,1.7276081840354016,1.1301583615569581,-0.14897741446311452,-0.14897741446311452,,,,,,,,,,,,,,,,,,,,,,,,,,0.9916123176424717,0.9293541435973384,0.7980343017331317
CXT,Crane NXT,Information Technology,1999-10-31,1997-07-31,1998-04-30,80.75814067977643,39.712643453490735,80.75814067977643,-0.5082521326121165,27,18,7.098818778991699,13.054301261901855,-0.4562084452800895,5088088.463307949,0.007194662270923136,-0.014009955051914824,-0.036526052128512815,0.3905961138507965,0.3262205140044856,0.2517881600173543,0.36566409372938824,0.31188079952394165,0.13107719039507426,0.08384473538219162,0.29425603993862104,-0.12363491816350422,-0.011820744381878412,0.31806293120658946,-0.27938689127185384,-0.1730061109597426,-0.1730061109597426,,,,,,,,,,,,,,,,,,,,,,,,,,0.18346670565731055,-0.2786574707784988,-0.5528187000010519
DTE,DTE Energy,Utilities,1999-10-31,1998-09-30,1998-09-30,80.22846246557154,39.611229659426016,80.22846246557154,-0.5062696150206742,13,13,28.25797843933105,41.91489410400391,-0.32582488770664186,14705123.979673294,0.06353901170065535,0.042334394377817386,0.019818297301219395,0.015131881509818701,-0.049243718336492215,-0.12367607232362349,0.15706352803194412,0.10328023382649754,-0.07752337530236986,0.40397889628145944,0.6143902008378889,0.1964992427357636,0.5943232151569988,0.9242068907454667,0.3267570682670234,-0.11516304194983684,-0.11516304194983684,,,,,,,,,,,,,,,,,,,,,,,,,,0.005698122566740044,0.1019657154760174,0.13328083993168727
EFX,Equifax,Industrials,1999-10-31,1996-11-30,1997-06-30,80.1196632905766,39.715799427043876,80.1196632905766,-0.504293979831102,35,28,27.0,45.0,-0.4,15594396.031746032,-0.20081710226554617,-0.22202171958838413,-0.24453781666498212,-0.09005906286473009,-0.154434662711041,-0.22886701669817228,0.29762536626785563,0.24384207206240904,0.06303846293354165,0.43365900155073067,0.6440703061071601,0.22617934800503484,0.5154051423372707,0.8452888179257386,0.24783899544729532,-0.2612203319789338,-0.2612203319789338,,,,,,,,,,,,,,,,,,,,,,,,,,0.13353063794559178,0.06058378402900183,-0.10986701010391486
MO,Altria,Consumer Staples,1999-10-31,1997-02-28,1997-02-28,77.84878492511984,35.20992254433884,77.84878492511984,-0.5477139100089219,32,32,26.375,59.5,-0.5567226890756303,260842709.52380952,-0.19345963549344058,-0.21466425281627854,-0.23718034989287654,-0.13417219321447404,-0.19854779306078496,-0.27298014704791623,0.5021534742824576,0.448370180077011,0.2675665709481436,1.0127341157206664,1.223145420277096,0.8052544621749705,0.8416103284160463,1.171494004004514,0.5740441815260708,-0.2779774222089143,-0.2779774222089143,,,,,,,,,,,,,,,,,,,,,,,,,,0.33327311840370416,0.6560694216111423,0.30543268469285867
NI,NiSource,Utilities,1999-10-31,1998-03-31,1998-09-30,84.58866446828492,36.74867800996129,84.58866446828492,-0.5655602527719352,19,13,8.055009841918945,13.261297225952148,-0.3925926170966578,5685388.058875394,-0.09099075099362097,-0.11219536831645893,-0.13471146539305692,-0.07101603253047029,-0.1353916323767812,-0.20982398636391247,0.28364847386419445,0.22986517965874786,0.04906157052988047,0.27758863856602267,0.4879999431224521,0.07010898502032684,-0.05684732147860505,0.2730363541098628,-0.3244134683685805,-0.3692588002981485,-0.3692588002981485,,,,,,,,,,,,,,,,,,,,,,,,,,0.08349370229464081,-0.14707449961144653,-0.7082643902813015
ED,Consolidated Edison,Utilities,1999-11-30,1998-03-31,1998-09-30,79.43046314190241,37.442344076480964,79.43046314190241,-0.5286148085327128,20,14,34.5,56.125,-0.3853006681514477,20172746.13095238,-0.187299430643595,-0.1764837994891657,-0.22016829263413232,-0.02261613463005807,-0.053097827517261886,-0.11465272335050553,0.1519677092185423,0.1928242028403815,-0.004508389725539075,0.26388827610309895,0.42667083847515663,-0.0129895514712553,0.37063476904248205,0.670838132601426,0.04476370095600907,-0.22784231287554446,-0.22784231287554446,,,,,,,,,,,,,,,,,,,,,,,,,,0.041054303969034894,0.039376675708314574,0.04131219443971079
NEE,NextEra Energy,Utilities,1999-11-30,1998-03-31,1998-09-30,78.81669162751112,34.909092548201414,78.81669162751112,-0.5570850307548771,20,14,5.46875,9.070313453674316,-0.39707155348808254,23167755.029944766,-0.10532349890819981,-0.09450786775377051,-0.13819236089873713,0.1639796970426024,0.1334980041553986,0.07194310832215495,0.580246986422817,0.6211034800446562,0.42377088747873565,0.3735547825326204,0.5363373449046781,0.09667695495826617,0.5181987559631926,0.8184021195221366,0.19232768787671967,-0.15744007498629076,-0.15744007498629076,,,,,,,,,,,,,,,,,,,,,,,,,,0.41703963849216447,0.011840176011910508,-0.07807010767889488
NSC,Norfolk Southern,Industrials,1999-11-30,1997-07-31,1997-07-31,77.19539160251325,35.58140951736725,77.19539160251325,-0.5390733983113984,28,28,21.375,41.75,-0.4880239520958084,19171055.555555556,-0.35783003267089886,-0.34701440151646956,-0.3906988946614362,-0.1467757231369946,-0.17725741602419842,-0.23881231185744206,-0.29403816848566,-0.2531816748638208,-0.4505142674297414,-0.03478956718253323,0.12799299518952445,-0.3116673947568875,-0.005713810217185644,0.2944895533417583,-0.3315848783036586,-0.42204568237970475,-0.42204568237970475,,,,,,,,,,,,,,,,,,,,,,,,,,-0.4705931861024345,-0.3840486565342505,-0.5260394032030238
PNW,Pinnacle West Capital,Utilities,1999-11-30,1997-12-31,1998-06-30,81.55428108179953,39.33579241359089,81.55428108179953,-0.5176734821052889,23,17,33.1875,49.25,-0.32614213197969544,14177377.67857143,-0.16210161693766578,-0.1512859857832365,-0.1949704789282031,0.10027046772478543,0.06978877483758161,0.008233879004337974,0.4588279547085554,0.4996844483303946,0.30235185576447404,0.35383176473143374,0.5166143271034914,0.07695393715707949,0.09153491011442094,0.3917382736733649,-0.23433615797205204,-0.21732718770896675,-0.21732718770896675,,,,,,,,,,,,,,,,,,,,,,,,,,0.3335671935115063,0.10309821050676837,-0.28238767873359544
CMS,CMS Energy,Utilities,1999-12-31,1997-12-31,1998-12-31,80.79999430878713,38.41763017540948,80.79999430878713,-0.5245342465174965,24,12,31.1875,50.125,-0.3778054862842892,15472009.722222222,-0.4090042161644071,-0.4354359005452174,-0.45123388486873983,-0.2642063899975442,-0.25820429611244333,-0.31515865156649403,0.08278591455559114,0.18020101855094262,-0.12606344898927146,-0.13153485779433827,0.07201086853098981,-0.4267360922998618,-0.6318365853204327,-0.25637920239757994,-0.9137086203606148,-0.4762557939349834,-0.4762557939349834,,,,,,,,,,,,,,,,,,,,,,,,,,-0.0731434596734162,-0.4599266545986241,-1.1410412801053083
CNP,CenterPoint Energy,Utilities,1999-12-31,1998-06-30,1998-06-30,72.60547426679642,38.948563364013346,72.60547426679642,-0.46355886030173465,18,18,19.28362464904785,28.13512420654297,-0.3146067347176187,14236811.774499288,0.047512973462660923,0.021081289081850585,0.005283304758328174,0.33255003595546695,0.3385521298405678,0.2815977743865171,0.990070836583034,1.0874859405783854,0.7812214730381714,0.2726287014460693,0.4761744277713974,-0.022572533059454225,-0.41935920239072266,-0.04390181946786986,-0.7012312374309049,-0.12197824210162278,-0.12197824210162278,,,,,,,,,,,,,,,,,,,,,,,,,,0.8517583109874663,0.0012179593091015684,-0.7894394681199148
HSY,Hershey Company (The),Consumer Staples,1999-12-31,1998-04-30,1998-04-30,82.18098169502021,39.78623043386551,82.18098169502021,-0.5158705869258754,20,20,23.71875,38.1875,-0.3788870703764321,22211675.396825396,0.033423297600550184,0.006991613219739845,-0.008806371103782566,0.03339875575072937,0.03940084963583024,-0.01755350581822049,0.3867947886320051,0.4842098926273566,0.1779454250871425,0.4856369011554107,0.6891826274807388,0.19043566664988715,0.5070864778985633,0.8825438608214161,0.22521444285838116,-0.20421565936632935,-0.20421565936632935,,,,,,,,,,,,,,,,,,,,,,,,,,0.24074297483335663,0.1822326313304965,0.02090621944566773
KEY,KeyCorp,Financials,1999-12-31,1997-02-28,1998-04-30,80.56949449520344,36.94711563499559,80.56949449520344,-0.5414255002283133,34,20,22.125,44.875,-0.5069637883008357,26945338.120039683,-0.12722866597511007,-0.1536603503559204,-0.16945833467944282,-0.17944875161662766,-0.1734466577315268,-0.2304010131855775,0.33879377879701944,0.4362088827923709,0.12994441525215683,0.22010748133798663,0.4236532076633147,-0.07509375316753691,0.3189933223334569,0.6944507052563097,0.03712128729327474,-0.2851314632735993,-0.2851314632735993,,,,,,,,,,,,,,,,,,,,,,,,,,0.18649154336831517,-0.05363051115203599,-0.04433998738685291
PSA,Public Storage,Real Estate,1999-12-31,1996-12-31,1996-12-31,87.94540589969273,39.702252953318926,87.94540589969273,-0.5485579656246986,36,36,22.6875,33.625,-0.3252788104089219,5384926.488095238,-0.06458086081758874,-0.09101254519839908,-0.1068105295219215,0.05480775706632057,0.06080985095142144,0.0038554954973707145,0.1408862589832076,0.23830136297855908,-0.067963104561655,0.6542336274238505,0.8577793537491786,0.35903239291832695,0.6877286331892252,1.0631860161120779,0.405856598149043,-0.07989041444367007,-0.07989041444367007,,,,,,,,,,,,,,,,,,,,,,,,,,-0.0077826526824973374,0.3477664144984248,0.22495822246845554
ABT,Abbott Laboratories,Health Care,2000-01-31,1997-06-30,1999-04-30,82.1743984780066,38.53987397692843,82.1743984780066,-0.5309990131872597,31,9,14.617335319519045,23.93202781677246,-0.3892145107204552,204560538.25911364,0.18634406472544573,0.14406949820747528,0.09681189978543074,0.28655050389282466,0.2568972877674278,0.18078300474677142,0.40224636317262696,0.41013902541495995,0.15258884124254848,0.8336087409676076,1.0036366873501543,0.46038946088097676,0.23962929470332783,0.5985287053927097,-0.05805326980674147,-0.0940500417321688,-0.0940500417321688,,,,,,,,,,,,,,,,,,,,,,,,,,0.2658602113845564,0.5215793822453207,-0.27541012485200334
HAS,Hasbro,Consumer Discretionary,2000-01-31,1999-04-30,1999-04-30,76.81678965124449,35.809986796436036,76.81678965124449,-0.5338260429911641,9,9,15.0,37.0,-0.5945945945945945,23927497.42063492,0.06643781763869772,0.024163251120727258,-0.023094347301317278,-0.235030710487374,-0.26468392661277085,-0.3407982096334272,-0.19432746967846615,-0.18643480743613317,-0.44398499160854465,0.12807096052113676,0.29809890690368335,-0.2451483195654941,-0.17149774214482283,0.18740166854455909,-0.46918030665489213,-0.43346476919481214,-0.43346476919481214,,,,,,,,,,,,,,,,,,,,,,,,,,-0.3323320483874024,-0.11368534611570097,-0.5151976806423602
HBAN,Huntington Bancshares,Financials,2000-01-31,1997-09-30,1997-10-31,86.5454662309231,39.53810563144792,86.5454662309231,-0.543152202497226,28,27,19.60227394104004,30.888429641723636,-0.36538457382237466,12837314.394418323,-0.14440456411643499,-0.18667913063440544,-0.23393672905644997,-0.18232982585855606,-0.2119830419839529,-0.2880973250046093,-0.1761100862610684,-0.1682174240187354,-0.4257676081911469,-0.022165498824050167,0.14786244755849642,-0.395384778910681,0.0948688700423439,0.4537682807317258,-0.2028136944677254,-0.3405979982456677,-0.3405979982456677,,,,,,,,,,,,,,,,,,,,,,,,,,-0.35493904552373845,-0.34620904878686315,-0.3500558552919672
KR,Kroger,Consumer Staples,2000-01-31,1998-03-31,1999-03-31,91.01671211532133,37.975151079396525,91.01671211532133,-0.5827672721106352,22,10,8.6875,17.453125,-0.5022381378692927,102977994.9404762,0.0683455553715746,0.02607098885360415,-0.021186609568440387,0.19064746033468016,0.16099424420928332,0.08487996118862692,0.41295041208538485,0.42084307432771784,0.16329289015530637,0.18561193617006433,0.3556398825526109,-0.18760734391656653,-0.13151054305437393,0.22738886763500799,-0.42919310756444323,-0.19064726260347564,-0.19064726260347564,,,,,,,,,,,,,,,,,,,,,,,,,,0.25273179134993295,-0.1834861350307323,-0.740210022622446
MAS,Masco,Industrials,2000-01-31,1998-03-31,1998-06-30,78.25809386830149,38.21627500926768,78.25809386830149,-0.5116636104940039,22,19,17.519771575927734,29.602373123168945,-0.4081632745107351,32669254.999277905,0.13156395693688716,0.0892893904189167,0.04203179199687217,0.002235706293763462,-0.02741750983163338,-0.10353179285228978,0.2345949976520958,0.24248765989442878,-0.015062524277982686,0.4082635745694261,0.5782915209519727,0.035044294482795224,-0.019005883458065975,0.33989352723131594,-0.3166884479681353,-0.2582470257305729,-0.2582470257305729,,,,,,,,,,,,,,,,,,,,,,,,,,0.053329006635035925,0.030332689072939012,-0.6355779673198636
ROST,Ross Stores,Consumer Discretionary,2000-01-31,1997-11-30,1998-04-30,76.37985300568263,36.395619510441676,76.37985300568263,-0.5234918885254485,26,21,1.59375,3.265625,-0.5119617224880383,20316538.906463746,0.6317275771132365,0.589453010595266,0.5421954121732214,0.21213467088909743,0.1824814547637006,0.10636717174304419,0.8122088158295797,0.8201014780719127,0.5625512938995012,1.8973797892961453,2.067407735678692,1.5241605092095143,2.1262528054193073,2.4851522161086894,1.828570240909238,-0.04901888721767955,-0.04901888721767955,,,,,,,,,,,,,,,,,,,,,,,,,,0.5777590764610364,1.413320760140914,1.3535633170211527
TJX,TJX Companies,Consumer Discretionary,2000-01-31,1998-03-31,1999-04-30,83.53281234161979,37.48859051582575,83.53281234161979,-0.5512112011444004,22,9,2.039062976837158,4.625,-0.5591215185216956,61679805.78728933,0.17864543627555896,0.1363708697575885,0.08911327133554396,0.031183118937165855,0.0015299028117690128,-0.07458438020888739,0.9156229032343399,0.9235155654766729,0.6659653813042614,1.5680277556661277,1.7380557020486744,1.1948084755794968,1.2943036914298447,1.6532031021192266,0.9966211269197753,-0.1438505268106406,-0.1438505268106406,,,,,,,,,,,,,,,,,,,,,,,,,,0.6898179934006206,1.0868390968332493,0.5120207397170446
ALK,Alaska Air Group,Industrials,2000-02-29,1998-02-28,1998-04-30,84.68489163010909,35.39643989466843,84.68489163010909,-0.5820217843665105,24,22,6.625,15.640625,-0.5764235764235764,9725734.192409212,0.17452843780104432,0.1327795734413808,0.05703445065052487,-0.01886793056893532,-0.13275940803326092,-0.22630382649347258,0.07849085049116367,0.16714233348659868,-0.20376406881536197,0.17169828023106115,0.34401099182730577,-0.29356244056582403,-0.31509418437836256,0.042668067966164513,-0.6496935130002242,-0.26415108052762093,-0.34339612971197053,,,,,,,,,,,,,,,,,,,,,,,,,,-0.13492030098438393,-0.2678357158384292,-1.024053802687893
ASB,Associated Bank,Financials,2000-02-29,1997-12-31,1997-12-31,85.09575281419205,36.56222425453223,85.09575281419205,-0.5703401985952643,26,26,13.946281433105469,26.11570167541504,-0.4659809793188783,5420610.81608035,0.11792698079236152,0.076178116432698,0.0004329936418420721,0.1169517543876788,0.0030602769233532,-0.09048414153685846,0.5811317018290794,0.6697831848245144,0.29887678252255373,0.7260607081758266,0.8983734197720712,0.2607999873789414,0.8547513625934597,1.2125136149379867,0.5201520339715981,-0.12592621881565058,-0.12592621881565058,,,,,,,,,,,,,,,,,,,,,,,,,,0.4830274917731694,0.5378206732309999,0.5872297721061701
BAC,Bank of America,Financials,2000-02-29,1997-02-28,1998-07-31,83.4675847332991,39.687467096866094,83.4675847332991,-0.5245164068940297,36,19,23.0,44.21875,-0.47985865724381627,332555203.96825397,0.22959690867440452,0.187848044314741,0.11210292152388507,0.2001520997092252,0.08626062224489961,-0.007283796215312055,0.16428246568047067,0.2529339486759057,-0.11797245362605496,0.5249352299432464,0.697247941539491,0.05967450914636119,0.6951675170067326,1.0529297693512598,0.36056818838487104,-0.17519401049745387,-0.17519401049745387,,,,,,,,,,,,,,,,,,,,,,,,,,-0.017869999049580615,0.19343940921135683,0.23335025780112584
BALL,Ball Corporation,Materials,2000-02-29,1999-04-30,1999-04-30,71.70809747158445,37.138681864898736,71.70809747158445,-0.4820852431677529,10,10,1.675781011581421,3.695312976837158,-0.5465117509435609,5121292.039314149,0.11276698250747064,0.07101811814780712,-0.0047270046430488155,0.30348483989122377,0.18959336242689817,0.0960489439666865,0.5705546448509609,0.6592061278463959,0.2882997255444352,2.2385538280388433,2.410866539635088,1.7732931072419582,3.111446185839931,3.469208438184458,2.7768468572180693,-0.03030313356724612,-0.03030313356724612,,,,,,,,,,,,,,,,,,,,,,,,,,0.4321636665160629,1.948973563734139,2.6473648911366516
BF-B,Brown–Forman,Consumer Staples,2000-02-29,1998-12-31,1999-01-31,80.15502764368668,39.798162562057655,80.15502764368668,-0.5034851370899338,14,13,5.079999923706055,8.239999771118164,-0.38349513776543454,5307781.410624792,0.22802643792722277,0.18627757356755925,0.11053245077670332,0.12753350654060203,0.01364202907627643,-0.07990238938393524,0.3653158362269424,0.45396731922237743,0.08306091692041678,0.49200265664277043,0.664315368239015,0.026741935845885245,0.5669942811650099,0.924756533509537,0.23239495254314835,-0.11811011142347783,-0.11811011142347783,,,,,,,,,,,,,,,,,,,,,,,,,,0.2725270100510827,0.2780081441781207,0.19097334000733146
CAT,Caterpillar Inc.,Industrials,2000-02-29,1997-08-31,1997-08-31,81.24312573627853,36.944260315589865,81.24312573627853,-0.5452629378697984,30,30,17.53125,33.21875,-0.47224835371589835,94410577.45535715,0.09978976937939632,0.0580409050197328,-0.017704217771123132,0.0672686456241145,-0.0466228318402111,-0.14016725030042276,0.23051691325376233,0.31916839624919735,-0.0517380060527633,0.6892743893968303,0.8615871009930749,0.2240136685999451,0.4752367762983616,0.8329990286428887,0.1406374476765,-0.15816003127821676,-0.15816003127821676,,,,,,,,,,,,,,,,,,,,,,,,,,-0.042006453177259706,0.1758356446791427,-0.24156504911944043
COP,ConocoPhillips,Energy,2000-02-29,1997-09-30,1997-09-30,71.4534356399276,38.28899755831223,71.4534356399276,-0.4641405662946646,29,29,14.531659126281738,21.821311950683597,-0.33406116189881496,30943139.42707675,0.5120251193405441,0.47027625498088055,0.3945311321900246,0.645479204724204,0.5315877272598784,0.4380433087996667,0.43449064672466897,0.523142129720104,0.15223572741814334,0.6302346378075945,0.8025473494038391,0.1649739170107093,0.4406079310238058,0.7983701833683329,0.10600860240194421,-0.029508550000266864,-0.029508550000266864,,,,,,,,,,,,,,,,,,,,,,,,,,0.27530697298141915,0.29157228076924546,-0.037746088194936245
EMR,Emerson Electric,Industrials,2000-02-29,1997-07-31,1998-03-31,76.13506618927359,35.438575618955966,76.13506618927359,-0.5345301791574617,31,23,22.78125,35.71875,-0.36220472440944884,68705203.84424603,0.3032942902967011,0.26154542593703756,0.18580030314618162,0.4702218459694949,0.3563303685051693,0.26278595004495764,0.5017660703197262,0.5904175533151612,0.21951115101320057,0.32781785687264464,0.5001305684688893,-0.13744286392424054,0.11985055200773775,0.47761280435226483,-0.21474877661412384,-0.11111048261990264,-0.11111048261990264,,,,,,,,,,,,,,,,,,,,,,,,,,0.3639865033834607,0.07336290691241426,-0.23387753150696666
FHN,First Horizon,Financials,2000-02-29,1997-12-31,1999-04-30,86.34013548634196,34.53282116390355,86.34013548634196,-0.6000374452809811,26,10,16.47585678100586,43.33866500854492,-0.6198346954674914,11987917.131682502,0.2041041559419441,0.16235529158228057,0.08661016879142464,0.3057678542615885,0.19187637679726288,0.09833195833705122,0.8743523445843671,0.9630038275798021,0.5920974252778415,1.1282282886800714,1.300541000276316,0.6629675678831862,1.4246377208012233,1.7823999731457505,1.0900383921793617,-0.06388276858746833,-0.06388276858746833,,,,,,,,,,,,,,,,,,,,,,,,,,0.7575420586397567,0.9050966963528142,1.1506329919249363
GD,General Dynamics,Industrials,2000-02-29,1999-04-30,1999-05-31,86.0284114144338,37.66749088515999,86.0284114144338,-0.562150570191278,10,9,21.625,37.71875,-0.4266777133388566,45625397.74305555,0.3724768579570601,0.3307279935973966,0.25498287080654064,0.46969921874970244,0.35580774128537684,0.2622633228251652,0.6048457183174518,0.6934972013128868,0.3225907990109262,1.1712444536819082,1.3435571652781528,0.705983732885023,0.4354352177023386,0.7931974700468657,0.10083588908047703,-0.16185028505942944,-0.16185028505942944,,,,,,,,,,,,,,,,,,,,,,,,,,0.4423098974719881,0.839023606987726,-0.09255293959184552
PEG,Public Service Enterprise Group,Utilities,2000-02-29,1998-03-31,1998-03-31,74.58713543484252,35.45505824231354,74.58713543484252,-0.5246491498083312,23,23,14.5,21.375,-0.32163742690058483,22982428.76984127,0.3104510356177821,0.26870217125811857,0.19295704846726264,0.2952498659943088,0.1813583885299832,0.08781397006977154,0.6447159701505638,0.7333674531459988,0.3624610508440382,0.6233225173836032,0.7956352289798478,0.15806179658671804,0.41456176208248086,0.7723240144270079,0.07996243346061926,-0.09631648494932321,-0.09631648494932321,,,,,,,,,,,,,,,,,,,,,,,,,,0.5377384178045846,0.39196348880531384,0.06429263123951195
PNC,PNC Financial Services,Financials,2000-02-29,1997-12-31,1998-04-30,77.76045769863617,38.566999186378766,77.76045769863617,-0.5040281355358434,26,22,38.6875,66.75,-0.42041198501872656,48634453.76984127,0.3098632756545361,0.26811441129487257,0.19236928850401663,0.5522870018846249,0.4383955244202993,0.3448511059600876,0.8567678473575542,0.9454193303529892,0.5745129280510286,0.5151772142461621,0.6874899258424068,0.049916493449276955,0.2911691200268658,0.6489313723713929,-0.0434302085949958,-0.06946615875386808,-0.06946615875386808,,,,,,,,,,,,,,,,,,,,,,,,,,0.6913769663954895,0.20721439142675058,-0.15251873651085002
SLM,SLM Corp,Financials,2000-02-29,1997-07-31,1997-09-30,81.55432024268484,39.60761417657686,81.55432024268484,-0.5143406988285266,31,29,3.7303431034088135,6.425721168518066,-0.4194670130280296,19343929.704014976,0.08648684335437773,0.04473797899471421,-0.031007143796141723,0.26918942064211615,0.15529794317779055,0.06175352471757889,1.3623743335120904,1.4510258165075254,1.0801194142055648,2.0424997671716953,2.21481247876794,1.5772390463748103,2.598447282898189,2.9562095352427162,2.2638479542763275,-0.10721473528683778,-0.10721473528683778,,,,,,,,,,,,,,,,,,,,,,,,,,1.1424342406581067,1.610333458350715,2.0156630465784713
TEX,Terex,Industrials,2000-02-29,1998-05-31,1998-05-31,82.4731287468003,35.953231899920624,82.4731287468003,-0.5640612591490232,21,21,5.9375,17.75,-0.6654929577464789,5102586.805555556,0.3421052485668101,0.3003563842071466,0.22461126141629068,0.5421052300847697,0.42821375262044414,0.3346693341602325,0.5536845980655218,0.6423360810609569,0.2714296787589962,0.7162110412448912,0.8885237528411358,0.250950320448006,0.017263334699772148,0.3750255870442992,-0.31733599392208944,-0.05789461532066287,-0.05789461532066287,,,,,,,,,,,,,,,,,,,,,,,,,,0.35813899663432147,0.413897925502732,-0.349751371201572
TFC,Truist Financial,Financials,2000-02-29,1997-12-31,1998-12-31,91.07660131689696,37.90667628095343,91.07660131689696,-0.5837934690924748,26,14,23.5,40.75,-0.4233128834355828,17788527.48015873,0.25631365890458313,0.2145647945449196,0.13881967175406368,0.1702939967954502,0.05640251933112461,-0.03714189912908705,0.5845271767133142,0.6731786597087492,0.3022722574067886,0.6712667755141084,0.843579487110353,0.20600605471722322,0.5292534746755775,0.8870157270201046,0.1946541460537159,-0.07712831640867701,-0.07712831640867701,,,,,,,,,,,,,,,,,,,,,,,,,,0.4735225784090581,0.47273057394028933,0.2562297075765813
CCL,Carnival Corporation,Consumer Discretionary,2000-03-31,1998-03-31,1999-03-31,92.38751821159592,37.30003560947593,92.38751821159592,-0.5962654227376545,24,12,24.8125,53.5,-0.5362149532710281,107185442.26190476,-0.21088042638715554,-0.1792818516749215,-0.22322617521432453,0.001539121412013067,0.0417726535655949,-0.10712402703527289,0.13447302318717247,0.3502005765646202,-0.0042415461420581835,0.35893713583825715,0.5792720995138219,-0.0635772527428809,0.019458643093218875,0.4327106455318501,-0.21596144563951702,-0.2589355877618429,-0.30019917704784393,,,,,,,,,,,,,,,,,,,,,,,,,,0.028763679467141645,0.20747189679331868,-0.17768100341766638
CLX,Clorox,Consumer Staples,2000-03-31,1997-07-31,1999-01-31,80.35850131201889,39.53029381226817,80.35850131201889,-0.5080757708661275,32,14,33.0,66.46875,-0.5035260930888575,54447178.37301587,0.36528469050575696,0.396883265217991,0.35293894167858797,0.2114287043544143,0.25166223650799613,0.10276555590712834,-0.025965202800917075,0.18976235057653068,-0.16467977213014773,0.38338169592623217,0.6037166596017969,-0.039132692654905876,0.49593293219671697,0.9091849346353482,0.26051284346398107,-0.12682516146413036,-0.12682516146413036,,,,,,,,,,,,,,,,,,,,,,,,,,-0.11066359414443518,0.19202999169733162,0.1848814693862902
PG,Procter & Gamble,Consumer Staples,2000-03-31,1997-07-31,1998-06-30,87.80419365434135,34.33628871627167,87.80419365434135,-0.6089447748766614,32,21,28.375,59.1875,-0.5205913410770855,511101755.77876985,0.004659535300845397,0.036258110013079436,-0.007686213526323591,0.19328747502206545,0.23352100717564728,0.08462432657477949,0.12574738444747258,0.34147493782492033,-0.012967184881758076,0.6556777910818266,0.8760127547573913,0.2331634025006885,0.6801643381108087,1.09341634054944,0.4447442493780728,-0.05730184573092478,-0.05730184573092478,,,,,,,,,,,,,,,,,,,,,,,,,,0.023981829907700813,0.43931499532137397,0.3341402469158558
RCL,Royal Caribbean Group,Consumer Discretionary,2000-04-30,1998-06-30,1999-10-31,88.71930624448186,36.05369772280946,88.71930624448186,-0.5936206080843658,22,6,20.8125,58.875,-0.6464968152866242,31160671.50297619,-0.04068221768469138,-0.028572788175402875,-0.06121736335198952,0.09233139404597246,0.10228305551058481,-0.021540122726856625,-0.0002203148155547341,0.11751276252249387,-0.19182351779877835,0.1881482559636618,0.42709620831604866,-0.22774248637446942,-0.03529809210948842,0.30514400238304673,-0.35345840691098956,-0.2216860521236116,-0.615121983775303,,,,,,,,,,,,,,,,,,,,,,,,,,-0.3373414716185946,-0.4924082231382928,-1.0452813173095996
HRB,H&R Block,Consumer Discretionary,2000-05-31,1999-08-31,1999-08-31,73.4371917231092,32.00154571166422,73.4371917231092,-0.5642324418896048,9,9,7.71875,14.875,-0.48109243697478987,25467781.646825396,0.17244653539275778,0.10319509142885552,0.08419926773875643,0.15912006237728504,0.22834806225486426,0.08608589688837798,0.9919304444090531,1.1005954042894013,0.7669509707255755,2.047703388065273,2.2790827946263947,1.6459210002506586,1.8250024536646619,2.1181634215286165,1.4187754492825093,-0.12002698075563922,-0.12002698075563922,,,,,,,,,,,,,,,,,,,,,,,,,,0.8517697713523511,1.7100748365708565,1.2683026574866898
GWW,W. W. Grainger,Industrials,2000-06-30,1998-04-30,1998-04-30,74.37671738540722,38.48245348440929,74.37671738540722,-0.48260080792487914,26,26,30.8125,58.125,-0.46989247311827953,22773823.412698414,-0.14164791312367708,-0.13273120026487284,-0.23186207990727714,0.19691992422712645,0.2888849168572859,0.025261637283574695,0.3619449116313218,0.5086447864736205,0.11092727673366648,0.6822457289159212,0.9840959225884761,0.2872926151449771,0.594525863780341,0.8939467690459103,0.14568222415136323,-0.2068905030882523,-0.2068905030882523,,,,,,,,,,,,,,,,,,,,,,,,,,0.1495571125304114,0.22553124083953763,-0.14723495075799276
HON,Honeywell Technologies,Industrials,2000-06-30,1997-07-31,1999-06-30,83.19527501613337,36.852209264811194,83.19527501613337,-0.5570396364737691,35,12,31.746362686157227,64.67070007324219,-0.5091074837568916,164280291.90106484,0.06316399490537283,0.07208070776417708,-0.02705017187822721,0.41711794304643623,0.5090829356765957,0.24545965610288448,0.04947370108891369,0.19617357593121243,-0.20154393380874164,0.0882545788156941,0.39010477248824904,-0.30669853495524996,-0.14570196084209563,0.15371894442347367,-0.5945456004710734,-0.020408085878877325,-0.32695297271363866,,,,,,,,,,,,,,,,,,,,,,,,,,-0.11330629207089851,-0.24895563960368083,-0.6744853177658853
IP,International Paper,Materials,2000-06-30,1997-07-31,1997-07-31,73.67948461748676,37.057608481212775,73.67948461748676,-0.4970430551516414,35,35,27.84174919128418,56.96760559082031,-0.5112705036040595,119681714.44857357,-0.030711982108235225,-0.021795269249430982,-0.12092614889183527,0.3894320571330565,0.48139704976321596,0.21777377018950475,0.23182586216084267,0.3785257370031414,-0.019191772736812662,0.5400157153632847,0.8418659090358397,0.1450626015923407,0.29794270264434175,0.597363607909911,-0.15090093698463602,-0.11095781173062813,-0.11095781173062813,,,,,,,,,,,,,,,,,,,,,,,,,,0.07869637066169885,0.24938783857766927,-0.09706114822192474
PPG,PPG Industries,Materials,2000-06-30,1998-05-31,1998-05-31,72.63790586560205,37.52995578651253,72.63790586560205,-0.4833282245780577,25,25,22.15625,38.3125,-0.4216965742251223,28391069.49404762,-0.09579899972934935,-0.08688228687054511,-0.1860131665129494,0.06454907080360517,0.15651406343376462,-0.10710921613994659,0.22797315391321038,0.3746730287555091,-0.02304448098444495,0.4927673212429662,0.7946175149155211,0.09781420747202213,0.2660379261977921,0.5654588314633614,-0.18280571343118568,-0.17981145222254757,-0.17981145222254757,,,,,,,,,,,,,,,,,,,,,,,,,,0.08407344512088924,0.19431995879073732,-0.22215134861919578
TXT,Textron,Industrials,2000-06-30,1997-07-31,1999-04-30,88.9294579692745,37.31134052818711,88.9294579692745,-0.5804389076443226,35,14,27.15625,49.0,-0.4457908163265306,28595125.843253966,-0.14436318972050455,-0.1354464768617003,-0.2345773565041046,-0.13244446199532733,-0.040479469365167886,-0.3041027489388791,0.038594148804574235,0.18529402364687297,-0.2124234860930811,-0.0769957636152061,0.22485443005734884,-0.47194887738615016,-0.20437501654873358,0.09504588871683572,-0.6532186561777114,-0.24625147869473962,-0.39762809717979686,,,,,,,,,,,,,,,,,,,,,,,,,,-0.14129191111834563,-0.39810122475497206,-0.6628615493129589
M,Macy's,Consumer Discretionary,2000-07-31,1998-03-31,1998-07-31,73.19572394608215,36.11435089965137,73.19572394608215,-0.5066057284131225,28,24,12.03125,28.53125,-0.5783132530120482,52244175.0,0.3532466336552291,0.35106241598058907,0.2717962401012991,0.8518446873203174,0.8883092734350634,0.7048700783905236,0.6041564491338545,0.7460826072024132,0.37599048308795513,0.5630135709788073,0.9096322678141507,0.32066263798679695,0.6684971666431214,0.9439107495126713,0.18135783606573574,-0.010389252364534918,-0.010389252364534918,,,,,,,,,,,,,,,,,,,,,,,,,,0.4072052757108913,0.2842490390357738,0.33720515881786656
GAP,Gap Inc.,Consumer Discretionary,2000-08-31,1998-06-30,1999-07-31,91.27556338215635,39.49123809199789,91.27556338215635,-0.5673405166873162,26,13,22.25,53.75,-0.586046511627907,168895060.1190476,0.12272405842189893,0.2522347031100314,0.12816340871569554,0.22730784581012364,0.4091415024611571,0.15867028480224282,-0.11403462820901022,0.12830901703348363,-0.26624344237291675,-0.4675411143327247,-0.0850196125960897,-0.676242463941298,-0.04605390965632927,0.2597725301705007,-0.522550194087804,-0.1678068220318607,-0.586924805361434,,,,,,,,,,,,,,,,,,,,,,,,,,-0.28103312437670325,-0.7166236540572848,-0.33851392203147573
PNR,Pentair,Industrials,2000-09-30,1998-03-31,1998-03-31,73.46963684005689,37.87364897829585,73.46963684005689,-0.48449930328706226,30,30,8.982539176940918,16.600906372070312,-0.4589127258705996,9759693.85434311,-0.0898433447630802,-0.006047884937589676,-0.159460968179342,-0.03474103943335505,0.14810971343536095,-0.07751677668140626,0.17870282381025282,0.44250457335881166,0.12640195388088307,0.4524678067744272,0.8676490437611707,0.3104945030259101,0.5929280229199163,0.8664702387211921,0.12464270011905126,-0.22389756920682857,-0.22389756920682857,,,,,,,,,,,,,,,,,,,,,,,,,,0.023469147842309773,0.13065466013925653,0.1270103055691424
WSM,"Williams-Sonoma, Inc.",Consumer Discretionary,2000-10-31,1998-07-31,1999-11-30,75.35636358443331,39.01431819428428,75.35636358443331,-0.48226909661623274,27,11,5.203125,15.078125,-0.6549222797927461,16487430.952380951,0.287687167855168,0.3262517382283302,0.21600546583070712,0.44480460080859663,0.5536694023322081,0.3525176983927921,0.24444388445656862,0.4951544434629903,0.17856354215390466,1.2870863138121558,1.651171578689314,1.1229220319819087,2.3950738416845003,2.626134451276536,1.8139969176642277,-0.23123170314727537,-0.23123170314727537,,,,,,,,,,,,,,,,,,,,,,,,,,-0.08150588277746601,0.6065644529822579,1.3868369001136485
AAPL,Apple Inc.,Information Technology,2000-11-30,2000-03-31,2000-03-31,89.32225644770845,39.998203412213954,89.32225644770845,-0.55220339249233,8,8,0.2946430146694183,1.3426339626312256,-0.7805485166694339,344832225.8132563,0.10606050358297692,0.166168087488073,0.025834602157102246,0.20909046550917054,0.2514606270498937,0.0393116450772196,0.2909080851643564,0.4180278205735297,0.12224556957541757,-0.06060527738417798,0.2097889526893062,-0.31920256912142586,0.26727271058351354,0.42722293951759394,-0.43111050056758926,-0.1742412041326019,-0.19030473176878004,,,,,,,,,,,,,,,,,,,,,,,,,,-0.033828045612079305,-0.7639722525852548,-0.8886944898912505
BBY,Best Buy,Consumer Discretionary,2000-11-30,1999-03-31,2000-03-31,90.24047269041735,39.113413049658575,90.24047269041735,-0.566564625787781,20,8,11.444443702697754,39.5,-0.7102672480329683,120515342.3214061,0.5906798446557096,0.6507874285608056,0.5104539432298348,1.064077166297218,1.106447327837941,0.894298345865267,1.7724273926108536,1.899547128020027,1.6037648770219148,0.6124269156325861,0.8828211457060703,0.35382962389533823,2.6303437256019335,2.790293954536014,1.9319605144508307,-0.18446585815503946,-0.18446585815503946,,,,,,,,,,,,,,,,,,,,,,,,,,1.63418772670055,0.3363879393537378,2.1987812283308132
CGNX,Cognex,Information Technology,2000-11-30,2000-03-31,2000-03-31,79.09023250747369,34.88263362706088,79.09023250747369,-0.5589514340628012,8,8,4.390625,18.28125,-0.7598290598290598,10989247.439499507,0.17081933527135007,0.23092691917644614,0.0905934338454754,0.704199320223287,0.7465694817640102,0.5344204997913361,0.27544490017097,0.4025646355801433,0.10678238458203118,0.2782920589004909,0.5486862889739751,0.019694767163243032,0.570721258663387,0.7306714875974674,-0.12766195248771584,-0.08185024293947385,-0.2592168216874067,,,,,,,,,,,,,,,,,,,,,,,,,,0.05424516425953288,-0.16370106635630838,-0.10635593265017951
HPQ,HP Inc.,Information Technology,2000-11-30,1999-07-31,1999-07-31,71.13301857128431,39.49201731913677,71.13301857128431,-0.4448145444641751,16,16,14.361944198608398,35.42234420776367,-0.5945512777367052,457807307.8725591,-0.08543407624553256,-0.02532649234043649,-0.16565997767140722,-0.06788088983969953,-0.02551072829897638,-0.23765971027165048,-0.2956834991035139,-0.16856376369434056,-0.46434601469245274,-0.364522753785523,-0.09412852371203884,-0.6231200455227709,-0.27845863915337743,-0.11850841021929703,-0.9768418503044802,-0.5996381902843189,-0.6513913249535992,,,,,,,,,,,,,,,,,,,,,,,,,,-0.3941327266618796,-0.5746241340920941,-0.5737151727726366
MSFT,Microsoft,Information Technology,2000-12-31,1999-01-31,1999-12-31,84.3297744953335,39.93709799632705,84.3297744953335,-0.5264175881492839,23,12,21.6875,59.96875,-0.6383533090151121,3054076959.424603,0.2608075127791849,0.36892233725315926,0.2831494356002108,0.6829975427946302,0.743275926081505,0.5876221332681935,0.5273782548155075,0.6449634512881837,0.3911922401258585,0.1919312906873445,0.4999824005145461,0.034518133199572726,0.27317822588164087,0.38622706840656396,-0.3743716623949468,-0.011527377521613813,-0.0453024278587717,,,,,,,,,,,,,,,,,,,,,,,,,,0.2904909499007873,-0.34631539714957893,-0.6822867630879639
CSCO,Cisco,Information Technology,2001-02-28,2000-03-31,2000-03-31,93.54325893686044,36.96443153660907,93.54325893686044,-0.6048413113171606,11,11,23.6875,82.0,-0.7111280487804879,2798547343.7748017,-0.1869126073594457,-0.20578436551030832,-0.2645625454760988,-0.31060647494432947,-0.2366484234021733,-0.38204201349293,-0.3975724374656091,-0.3057730577115402,-0.5460997356823656,-0.40981511434877094,-0.11452657837396107,-0.46357064173833634,-0.022268825747516985,0.007440572350426722,-0.6671480212994216,-0.5339311428382445,-0.6572030995526412,,,,,,,,,,,,,,,,,,,,,,,,,,-0.5439131186928958,-0.6884771350131045,-0.4513854235654804
DY,Dycom Industries,Industrials,2001-02-28,1999-06-30,2000-04-30,90.86833759479036,37.498567540103565,90.86833759479036,-0.5873307630285797,20,10,15.300000190734863,59.25,-0.7417721486795803,16915299.48949814,0.058823566077443434,0.03995180792658082,-0.018826372039209685,-0.05294120323653373,0.02101684830562245,-0.12437674178513426,-0.009803958845400973,0.08199542090866796,-0.1583312570621574,-0.3176470947558946,-0.022358558781084725,-0.37140262214546,0.6941176309259249,0.7238270290238686,0.049238435374020284,-0.31372549875140343,-0.4771241895248788,,,,,,,,,,,,,,,,,,,,,,,,,,-0.34192740755331874,-0.9495542581431864,-0.3330415051519122
MSI,Motorola Solutions,Information Technology,2001-02-28,1999-12-31,2000-02-29,82.40998431797175,37.675211895958384,82.40998431797175,-0.5428319492139222,14,12,54.88562774658203,222.6600646972656,-0.7535003512138292,304063676.2235726,-0.028391322992768253,-0.04726308114363087,-0.10604126110942137,0.15336281223890058,0.22732086378105676,0.08192727369030005,-0.13360563306644824,-0.041806253312379305,-0.28213293128320466,-0.4315094366354858,-0.13622090066067594,-0.4852649640250512,0.2665692129355708,0.2962786110335145,-0.37830998261633386,-0.3059939208110517,-0.5091839792250159,,,,,,,,,,,,,,,,,,,,,,,,,,-0.3525069356943074,-0.9249211636500367,-0.5283113119744464
MTZ,MasTec,Industrials,2001-02-28,2000-03-31,2000-04-30,80.16567454369333,39.32266277761153,80.16567454369333,-0.509482543477144,11,10,14.979999542236328,60.16666793823242,-0.7510249436180358,7462761.110729641,0.07276369732286159,0.05389193917199897,-0.0048862407937915325,-0.32910544073124026,-0.2551473891890841,-0.4005409792798408,-0.6154872893926712,-0.5236879096386022,-0.7640145876094275,-0.8991989294655324,-0.6039103934907225,-0.9529544568550978,-0.19092121121989591,-0.1612118131219522,-0.8358004067718006,-0.7343124071631766,-0.9032042662220771,,,,,,,,,,,,,,,,,,,,,,,,,,-0.9272670144812147,-1.4937819568455577,-0.9662527697004383
CSL,Carlisle Companies,Industrials,2001-03-31,1998-05-31,1998-05-31,74.70520052754154,38.304719030278626,74.70520052754154,-0.4872549868043411,34,34,16.309999465942383,26.53125,-0.3852532592342094,5228801.086586241,0.07454330860762437,0.020908107014677046,-0.04362654132412237,-0.13116676604543687,-0.03210163569864588,-0.12462809986464474,0.36310809370008057,0.3689828510219254,0.09736675767672492,0.288686817310825,0.540543745234045,0.20487433710273933,0.8344533452028935,0.8201778924118599,0.13024361676451168,-0.20958770702881946,-0.20958770702881946,,,,,,,,,,,,,,,,,,,,,,,,,,0.1544789231208574,-0.15576561924618287,0.10924680292785782
GLW,Corning Inc.,Information Technology,2001-03-31,2000-06-30,2000-09-30,92.40430035539421,39.056793966771146,92.40430035539421,-0.5773270960706846,9,6,20.690000534057617,113.33333587646484,-0.8174411758548248,586886134.6508571,-0.18979961046744487,-0.2434348120603922,-0.3079694603991916,-0.5723538292643111,-0.4732886989175201,-0.565815163083519,-0.6305370067224869,-0.6246622494006421,-0.8962783427458425,-0.7168419662017244,-0.46498503827850435,-0.8006544464098101,-0.45792684063452693,-0.4722022934255605,-1.1621365690729086,-0.7022960949065165,-0.9466654324314095,,,,,,,,,,,,,,,,,,,,,,,,,,-0.8688950763669898,-1.146932949755279,-1.0074613667308063
MCD,McDonald's,Consumer Discretionary,2001-03-31,1999-03-31,1999-03-31,77.21493988056767,38.45598477852808,77.21493988056767,-0.5019618633646554,24,24,26.549999237060547,49.5625,-0.464312751837366,158379527.6806998,0.019208623539922254,-0.03442657805302507,-0.09896122639182449,0.02222234556130709,0.12128747590809807,0.028761011742099225,0.05406082288822578,0.059935580210070616,-0.21168051313512987,-0.44309114059463417,-0.19123421267141416,-0.5269036208027199,0.11746382772983321,0.10318837493879962,-0.5867459007085486,-0.05837981929512781,-0.5332129883478832,,,,,,,,,,,,,,,,,,,,,,,,,,-0.08804136522776343,-0.7425904331034724,-0.35660813025566956
SCHW,Charles Schwab Corporation,Financials,2001-03-31,1999-04-30,1999-04-30,91.99465438868346,38.18066820003947,91.99465438868346,-0.5849686217774824,23,23,15.420000076293944,51.66666793823242,-0.7015483929652948,143826908.9798352,0.021944681847581693,-0.03169051974536563,-0.09622516808416505,-0.2532704994573902,-0.15420536911059923,-0.2467318332765981,-0.14867465385074008,-0.14279989652889524,-0.4144159898740957,-0.5281660683648768,-0.2763091404416568,-0.6119785485729625,-0.2377936024868339,-0.2520690552778675,-0.9420033309252157,-0.47209477741206485,-0.5915564235862097,,,,,,,,,,,,,,,,,,,,,,,,,,-0.31420023656239826,-0.8813532070689575,-0.7530503510894969
SIRI,SiriusXM,Communication Services,2001-03-31,2000-02-29,2000-02-29,70.92412722824287,37.84710993029019,70.92412722824287,-0.46637186230726013,13,13,124.375,694.375,-0.8208820882088209,24502270.064484127,-0.019899418045019268,-0.07353461963796659,-0.138069267976766,-0.7113567199796831,-0.6122915896328921,-0.704818053798891,-0.5722612791897285,-0.5663865218678836,-0.8380026152130842,-0.9413065246213932,-0.6894495966981732,-1.025119004829479,-0.7266331464312435,-0.7409085992222771,-1.4308428748696254,-0.823115583460913,-0.9694472395047704,,,,,,,,,,,,,,,,,,,,,,,,,,-0.7995332009972121,-1.4081948463305327,-1.4277985028877276
VIAV,Viavi Solutions,Information Technology,2001-03-31,2000-02-29,2000-03-31,98.79387405841003,38.70138020800496,98.79387405841003,-0.6082613362735072,13,12,83.90216064453125,698.16552734375,-0.8798248304184445,1590602555.1079464,-0.32203390601118975,-0.3756691076041371,-0.4402037559429365,-0.6572203357865585,-0.5581552054397675,-0.6506816696057663,-0.6805423805134823,-0.6746676231916374,-0.9462837165368378,-0.8454237292065707,-0.5935668012833507,-0.9292362094146565,-0.7792542236113404,-0.793529676402374,-1.4834639520497221,-0.7429152575231712,-0.9143050782633872,,,,,,,,,,,,,,,,,,,,,,,,,,-0.941453941815537,-1.2560924681363552,-1.1493530885323169
AXP,American Express,Financials,2001-06-30,1998-06-30,1999-12-31,81.22134528283514,39.975531683629605,81.22134528283514,-0.5078198773435263,36,18,33.961639404296875,55.14390182495117,-0.38412701531159843,220753979.20065987,-0.24951147220533143,-0.10458433641025067,-0.1439744506888072,-0.07573868140474427,-0.014755926334956593,-0.11197940483103497,-0.05541447659555521,0.12640937911005867,-0.1478976188190896,0.09745301760228187,0.27642994016519085,-0.04678465133429305,0.3629702617260995,0.3845966266010986,-0.21848566971274463,-0.3750231126217267,-0.3750231126217267,,,,,,,,,,,,,,,,,,,,,,,,,,-0.2767423328891835,-0.33772065315513033,-0.2813354595062878
CVS,CVS Health,Health Care,2001-07-31,1998-12-31,1999-02-28,80.34074359156793,38.94191030470626,80.34074359156793,-0.5152906412880978,31,29,18.0049991607666,31.875,-0.4351372812308517,172663930.29592603,-0.3351129238884861,-0.21024279679517643,-0.25107288224259994,-0.24173728929587446,-0.1811313846716862,-0.280570995145737,-0.19959246210769632,0.03895640019772206,-0.18387257084083083,-0.15321781792400013,0.002348542775824747,-0.3336819432707281,0.19028801057559575,0.233682290465964,-0.31458816446605076,-0.36321025822634,-0.3861093550124344,,,,,,,,,,,,,,,,,,,,,,,,,,-0.31150833517975696,-0.3834671436705275,-0.172554287394393
AES,AES Corporation,Utilities,2001-09-30,2000-09-30,2000-09-30,83.60140939436594,28.923623653548304,83.60140939436594,-0.6540294731502754,12,12,12.81999969482422,72.8125,-0.8239313346633583,113002326.64754201,0.2753510391422518,0.17717884325184907,0.08945511903945438,-0.29797186671739906,-0.4014092806348083,-0.597992126739071,-0.8042121711878489,-0.5985889068764249,-0.8508038758046774,-0.42121682026572627,-0.4079860549837604,-0.7878119242329225,-0.22074853921135895,-0.34192143040846446,-1.0151763340749191,-0.9095163669278661,-0.9282371283112001,,,,,,,,,,,,,,,,,,,,,,,,,,-0.8880565330734012,-0.5616690142173697,-0.45475483967996155
AMAT,Applied Materials,Information Technology,2001-09-30,2000-04-30,2000-04-30,90.85375395046633,39.35719864312578,90.85375395046633,-0.5668071275889887,17,17,14.220000267028809,57.5,-0.7526956475299338,702633629.4887573,0.40998660568611656,0.31181440979571384,0.22409068558331915,0.9082275799477755,0.8047901660303662,0.6082073199261036,-0.18776364016123726,0.017859624150186826,-0.2343553447780657,0.274964934697145,0.2881956999791109,-0.09163016927005119,0.15963437313942053,0.03846148194231502,-0.6347934217241397,-0.24542871136320987,-0.2784809523707794,,,,,,,,,,,,,,,,,,,,,,,,,,-0.5234561519035452,-0.3628127746682104,-0.8557529799831305
AMD,Advanced Micro Devices,Information Technology,2001-09-30,2000-04-30,2000-06-30,84.10494227171624,38.80117597264242,84.10494227171624,-0.5386575993680824,17,15,8.149999618530273,48.5,-0.8319587707519531,126357223.26721767,0.9460123188984091,0.8478401230080064,0.7601163987956117,0.8049080646214428,0.7014706507040336,0.5048878045997709,-0.34478522668312994,-0.13916196237170586,-0.3913769312999584,0.36319020572920757,0.37642097101117344,-0.0034048982379886183,0.5950920991999198,0.4739192080028143,-0.1993356956636404,-0.3619631837230839,-0.6196318957384681,,,,,,,,,,,,,,,,,,,,,,,,,,-0.8844893765057313,-0.7221689267286924,-1.4845865995015084
BA,Boeing,Industrials,2001-09-30,2000-11-30,2000-11-30,73.04777797697338,36.7768547116777,73.04777797697338,-0.4965369826407211,10,10,33.5,70.9375,-0.5277533039647577,211223189.37472692,0.16349682336060378,0.06532462747020107,-0.02239909674219362,0.45366311994272635,0.3502257060253171,0.15364285992105442,0.036851194048560076,0.24247445835998416,-0.009740510568268364,0.06595233999894456,0.07918310528091044,-0.3006427639682516,0.6303508087016101,0.5091779175045046,-0.1640769861619501,-0.0573132623711996,-0.24052658721741826,,,,,,,,,,,,,,,,,,,,,,,,,,-0.14173518500580246,-0.2737492705047963,0.09427942058666483
BBWI,"Bath & Body Works, Inc.",Consumer Discretionary,2001-09-30,1999-05-31,1999-06-30,78.83264996415357,35.306312327404456,78.83264996415357,-0.5521359190201169,28,27,7.679871082305908,22.53435707092285,-0.6591928024334179,24785052.695663642,0.557855485992188,0.4596832901017853,0.3719595658893906,0.9024413612301061,0.7990039473126969,0.6024211012084342,0.537492408607118,0.7431156729185421,0.49090070399028957,0.6594240506462787,0.6726548159282446,0.29282894667908255,1.5123947789265428,1.3912218877294373,0.7179669840629826,-0.02947382474532434,-0.02947382474532434,,,,,,,,,,,,,,,,,,,,,,,,,,0.2839523388523273,0.13124146583950413,0.7737103539258
BNY,BNY Mellon,Financials,2001-09-30,1998-12-31,2000-10-31,73.0733108637545,38.31617893943836,73.0733108637545,-0.4756474219311201,33,11,37.099853515625,62.93724822998047,-0.4105262851649065,141928661.88090116,0.17174114537147034,0.07356894948106762,-0.014154774731327063,0.21204242967841824,0.108605015761009,-0.08797783034325368,-0.16173929126018882,0.04388397305123526,-0.20833099587701726,-0.1257860688157053,-0.11255530353373944,-0.4923811727829015,-0.10135558907388031,-0.22252848027098582,-0.8957833839374405,-0.22386524067205338,-0.4301156788442083,,,,,,,,,,,,,,,,,,,,,,,,,,-0.31325628040947995,-0.4398582922516737,-0.5559098926205739
DVN,Devon Energy,Energy,2001-09-30,2000-05-31,2000-05-31,73.18896974250319,39.30118687968521,73.18896974250319,-0.4630176238583975,16,16,17.200000762939453,33.375,-0.4846441718969452,71472413.33970872,0.12519184735051958,0.027019651460116867,-0.06070407275227782,0.40676489300767016,0.3033274790902609,0.10674463298599823,0.40912322075925456,0.6147464850706786,0.3625315161424261,0.41311474645178015,0.426345511733746,0.046519642484583956,1.0944555042884625,0.973282613091357,0.3000277094249023,-0.08575557124920574,-0.08575557124920574,,,,,,,,,,,,,,,,,,,,,,,,,,0.26859870370995653,0.08531554336266489,0.7631224902528284
F,Ford Motor Company,Consumer Discretionary,2001-09-30,1999-01-31,1999-04-30,74.44404915781455,36.9893659007042,74.44404915781455,-0.5031252824212968,32,29,17.350000381469727,37.30033493041992,-0.5348567133824822,123881760.70101905,-0.08540049258153992,-0.18357268847194264,-0.27129641268433735,-0.03398970076025376,-0.137427114677663,-0.3340099607819257,-0.41787973476622886,-0.21225647045480478,-0.4644714393830573,-0.33311003605283007,-0.3198792707708642,-0.6997051400200263,-0.10584879880903997,-0.22702169000614547,-0.9002765936726002,-0.4511437527169532,-0.6002329630795903,,,,,,,,,,,,,,,,,,,,,,,,,,-0.6136792311902183,-0.6081282048710117,-0.4127066272081645
INTC,Intel,Information Technology,2001-09-30,2000-03-31,2000-08-31,82.08044595441864,38.23969790004461,82.08044595441864,-0.5341192721920628,18,13,20.440000534057617,75.828125,-0.7304430178900294,1362397993.947002,0.5398207060695397,0.441648510179137,0.35392478596674226,0.489777874723512,0.38634046080610274,0.18975761470184005,-0.3182277304430404,-0.11260446613161634,-0.36481943505986886,0.3564582480759464,0.36968901335791227,-0.010136855891249796,-0.006240226617205025,-0.12741311781431053,-0.8006680214807652,-0.3290261521599609,-0.3643664587147797,,,,,,,,,,,,,,,,,,,,,,,,,,-0.5272816301718117,0.12769703734914037,-0.35120973645024384
MU,Micron Technology,Information Technology,2001-09-30,2000-06-30,2000-07-31,78.65040473864266,39.39451225895823,78.65040473864266,-0.4991187599114434,15,14,18.82999992370605,97.5,-0.8068717956542969,280699692.86357033,0.6463093784824339,0.5481371825920311,0.46041345837963643,0.7472117677072798,0.6437743537898706,0.4471915076856079,-0.3430695360743784,-0.13744627176295432,-0.38966124069120683,-0.2873075390510411,-0.27407677376907524,-0.6539026430182373,-0.3611257864431372,-0.4822986776402427,-1.1555535813066973,-0.35740833163800434,-0.6494954906462349,,,,,,,,,,,,,,,,,,,,,,,,,,-0.9334464523190544,-1.2857505345149387,-1.7647082341931464
RTX,RTX Corporation,Industrials,2001-09-30,1999-04-30,1999-04-30,77.86089995393449,36.9688777695326,77.86089995393449,-0.5251932896819225,29,29,14.631843566894531,27.533039093017575,-0.46857143094656806,190720168.49467278,0.39540557789799036,0.29723338200758764,0.20950965779519296,0.6077876530410329,0.5043502391236236,0.30776739301936096,0.23311622618161731,0.4387394904930414,0.18652452156478888,0.7129869094699408,0.7262176747519067,0.3463918055027446,1.102932981056774,0.9817600898596686,0.3085051861932139,-0.017203659975786878,-0.017203659975786878,,,,,,,,,,,,,,,,,,,,,,,,,,0.07676018656749195,0.41893655840997207,0.7133178026833462
TER,Teradyne,Information Technology,2001-09-30,2000-04-30,2000-04-30,84.11934002992452,38.92820615041378,84.11934002992452,-0.537226443567371,17,17,19.5,115.4375,-0.8310774228478615,61775264.58063277,0.5456407531790544,0.44746855728865165,0.35974483307625693,1.022051006370397,0.9186135924529877,0.722030746348725,-0.5076923723433762,-0.3020691080319521,-0.5542840769602047,-0.046153914896754356,-0.03292314961478848,-0.41274901886395055,-0.3128207659690001,-0.4339936571661056,-1.1072485608325602,-0.5476924971625956,-0.6358975653040739,,,,,,,,,,,,,,,,,,,,,,,,,,-0.8557557718969728,-0.6457253523284671,-1.2266851113485706
TXN,Texas Instruments,Information Technology,2001-09-30,2000-02-29,2000-03-31,93.94374392311806,39.92036902262512,93.94374392311806,-0.5750609103327279,19,18,24.979999542236328,99.78125,-0.7496523691351198,314918639.4236368,0.12167032566217761,0.0234981297717749,-0.06422559444061979,0.32700179554527464,0.2235643816278654,0.026981535523602718,-0.4068702182098374,-0.2012469538984133,-0.4534619228266658,-0.07981455756928357,-0.0665837922873177,-0.44640966153647976,-0.1383239228338622,-0.2594968140309677,-0.9327517176974224,-0.42935856732258637,-0.47393381688745073,,,,,,,,,,,,,,,,,,,,,,,,,,-0.6091887156997015,-0.5052363092216658,-0.8140564279798768
WMB,Williams Companies,Energy,2001-09-30,1999-05-31,1999-05-31,80.87605024708753,39.61918968817631,80.87605024708753,-0.5101245725139371,28,28,22.254959106445312,40.22400665283203,-0.44672445739866595,60551431.46713699,-0.05770531663054357,-0.15587751252094628,-0.24360123673334097,-0.12246488911380182,-0.22590230303121106,-0.42248514913547375,-0.9131192551143439,-0.7074959908029198,-0.9597109597311724,-0.6344261034817789,-0.621195338199813,-1.001021207448975,-0.5286472144958413,-0.6498201056929468,-1.3230750093594015,-0.9701209405311432,-0.9701209405311432,,,,,,,,,,,,,,,,,,,,,,,,,,-1.121631251986737,-1.0676455797371833,-1.164384893888144
CI,Cigna,Health Care,2001-10-31,2000-12-31,2000-12-31,78.79395826882518,37.87648093159321,78.79395826882518,-0.5192971420173083,10,10,24.299999237060547,45.58333206176758,-0.46691042234181357,80168062.81960805,0.2664605489770533,0.19302662281513183,0.11894880537000935,0.5056248904672815,0.47971705464887626,0.25645666577612547,-0.49706456984142455,-0.34575494278942887,-0.5406654299391291,-0.18295373823726013,-0.2091785164595843,-0.6056557207145703,-0.0796005330062951,-0.20062287473106133,-0.8450292885307791,-0.5171038709903599,-0.5247580584482006,,,,,,,,,,,,,,,,,,,,,,,,,,-0.6882659486775393,-0.592577512594978,-0.7546026617891572
GE,GE Aerospace,Industrials,2001-10-31,1999-12-31,2000-08-31,78.91658552546761,39.41189793139397,78.91658552546761,-0.5005878970945197,22,14,174.49264526367188,289.9424743652344,-0.39818184401686796,869825667.7980243,0.024873208428196625,-0.048560717733724834,-0.12263853517884732,-0.1255540841608872,-0.15146191997929248,-0.3747223088520433,-0.2908519100431983,-0.13954228299120264,-0.33445277014090286,-0.1619536694515752,-0.18817844767389935,-0.5846556519288852,0.010142295627136644,-0.11088004609762958,-0.7552864598973473,-0.3989793612871628,-0.3989793612871628,,,,,,,,,,,,,,,,,,,,,,,,,,-0.4929495073440654,-0.6053001422513751,-0.7152556370122802
NTRS,Northern Trust,Financials,2001-10-31,2000-09-30,2000-12-31,81.5285868575174,39.50950652469248,81.5285868575174,-0.5153907598847399,13,10,50.4900016784668,92.125,-0.45194028028801303,67036042.162177674,0.1597521072300374,0.08631818106811595,0.012240363622993466,0.058190019813645355,0.03228218399524008,-0.19097820487751074,-0.3010505609659031,-0.14974093391390741,-0.34465142106360763,-0.0492803562058588,-0.07550513442818296,-0.4719823386831689,-0.11551832840245235,-0.23654067012721858,-0.8809470839269363,-0.38957323491685447,-0.43951166540911957,,,,,,,,,,,,,,,,,,,,,,,,,,-0.41315708380406335,-0.2729617013212994,-0.4283066154582609
BMY,Bristol Myers Squibb,Health Care,2002-01-31,1999-06-30,1999-10-31,76.05650994332967,39.216455638826304,76.05650994332967,-0.4843773969112334,31,27,45.369998931884766,75.42832946777344,-0.39850187254552705,355358635.2108486,-0.36053703984344054,-0.3162622231218877,-0.45232929527553534,-0.4740597937667077,-0.2846366767201366,-0.40687005899734,-0.4578045972091991,-0.23024095397129185,-0.37447797699102886,-0.32609946033103365,-0.3612545067528625,-0.702611324001375,-0.4103084764756826,-0.5087952727983538,-1.0707530410698758,-0.5625023016722094,-0.5625023016722094,,,,,,,,,,,,,,,,,,,,,,,,,,-0.5747318275419631,-0.5597390798397759,-0.7718493415423289
CNP,CenterPoint Energy,Utilities,2002-02-28,2000-09-30,2000-09-30,78.22018276961154,37.12960952669071,78.22018276961154,-0.5253193202571304,17,17,17.534400939941406,42.52935028076172,-0.5877105851797331,23868763.732632864,-0.16439772500370364,-0.13180370254700835,-0.2224337091378108,-0.4092782748159457,-0.24027332133829105,-0.33937653731558004,-0.667761417385386,-0.44370392206498177,-0.5522733338219015,-0.20657601892824384,-0.27494195071907657,-0.5965421338707984,-0.05804383812229075,-0.19997553882343877,-0.7490336794742845,-0.7917135599509183,-0.7917135599509183,,,,,,,,,,,,,,,,,,,,,,,,,,-0.8060739429809536,-0.4779867610652116,-0.428124103851483
JCI,Johnson Controls,Industrials,2002-02-28,1999-08-31,1999-08-31,85.28983609725606,37.85425436765497,85.28983609725606,-0.5561692213303149,30,30,60.58894348144531,131.6091766357422,-0.539629796111112,1225645051.611059,-0.24539788447254807,-0.21280386201585277,-0.3034338686066552,-0.4600191540928238,-0.29101420061516914,-0.39011741659245813,-0.4897764849496261,-0.2657189896292219,-0.37428840138614156,-0.01232084696525415,-0.08068677875608687,-0.40228696190780866,0.16213068101462347,0.020198980313475445,-0.5288591603373702,-0.759778968354508,-0.759778968354508,,,,,,,,,,,,,,,,,,,,,,,,,,-0.6981907187050856,-0.4130302886005753,-0.4164133964213558
QCOM,Qualcomm,Information Technology,2002-02-28,1999-12-31,2000-01-31,98.10726588259067,39.97123859138197,98.10726588259067,-0.5925761641424466,26,25,16.625,100.0,-0.83375,705658243.8037509,-0.04842102372299384,-0.015827001266298546,-0.10645700785710101,-0.16661670943049978,0.002388244047154875,-0.09671497193013413,0.040000086527751444,0.26405758184815564,0.155488170091236,0.91170915163584,0.8433432198450073,0.5217430366932855,1.2000218764727935,1.0580901757716454,0.5090320351207998,-0.3019549344484428,-0.3019549344484428,,,,,,,,,,,,,,,,,,,,,,,,,,-0.10596032845575623,0.596204604293419,0.7093818799578081
SANM,Sanmina Corporation,Information Technology,2002-02-28,2000-08-31,2000-10-31,87.21348733905768,39.76235578502724,87.21348733905768,-0.5440801990815465,18,16,60.900001525878906,363.0,-0.8322314007551546,245371832.20448574,0.13300489772038948,0.16559892017708477,0.07496891358628231,-0.6512315395904806,-0.482226586112826,-0.581329802090115,-0.5763547029453346,-0.35229720762493044,-0.4608666193818501,0.25024626407100214,0.18188033228016942,-0.13971985087155236,-0.4571428481944706,-0.5990745488956186,-1.1481326895464643,-0.8502463110500313,-0.8502463110500313,,,,,,,,,,,,,,,,,,,,,,,,,,-0.8019080519770041,-0.19750874750904734,-1.1676215738631517
CMCSA,Comcast,Communication Services,2002-04-30,1999-05-31,1999-12-31,77.33348911050238,36.1639691268823,77.33348911050238,-0.532363410175282,35,28,8.806623458862305,17.064979553222656,-0.4839358915493569,8384930.506374117,-0.2295140395767017,-0.07764161551112192,-0.08258204862745694,-0.16849930320864404,0.004242785976226959,-0.003397522063376235,0.13160683555920372,0.264967152312655,0.23111085144523336,0.06988278915532131,0.00711259891779914,-0.1943994165953482,0.13870173598906077,0.008347119382041024,-0.3362263661600518,-0.395175732018735,-0.395175732018735,,,,,,,,,,,,,,,,,,,,,,,,,,-0.0028907981654753556,-0.2274766569859527,-0.3643926256781913
ORCL,Oracle Corporation,Information Technology,2002-04-30,1999-12-31,2000-08-31,87.89390227270106,39.03876137375531,87.89390227270106,-0.555842210161144,28,20,10.039999961853027,46.46875,-0.7839408212647634,596639564.3379803,-0.002987880096947726,0.14888454396863204,0.14394411085229702,0.014940477176731859,0.18768256636160285,0.18004225832199966,0.1832670340299869,0.3166273507834382,0.28277104991601654,0.12051826210188343,0.05774807186436126,-0.14376394364878609,0.15139431912181656,0.02103970251479681,-0.323533783027296,-0.277888379987014,-0.277888379987014,,,,,,,,,,,,,,,,,,,,,,,,,,0.005692676340840724,-0.25214852589260384,-0.4161250210152202
RVTY,Revvity,Health Care,2002-04-30,2000-10-31,2000-10-31,84.93857589988644,37.73477985432318,84.93857589988644,-0.5557403752707182,18,18,12.800000190734863,60.5,-0.7884297489134733,32913625.86494022,-0.39988651495130556,-0.2480140908857258,-0.2529545240020608,-0.4437527513386337,-0.2710106621537627,-0.2786509701933659,-0.19472202368487523,-0.061361706931423954,-0.0952180077988456,0.5879786055722613,0.5252084153347392,0.3236963998215918,0.5489785743599367,0.41862395775291694,0.07405047221082411,-0.6629284354438434,-0.6629284354438434,,,,,,,,,,,,,,,,,,,,,,,,,,-0.3438030654274092,0.275010498114105,0.0455756472876907
AIG,American International Group,Financials,2002-05-31,2000-10-31,2000-12-31,78.00723900074277,38.964457335138725,78.00723900074277,-0.5005020324489665,19,17,1339.4000244140625,2075.0,-0.35450601233057233,403075519.20149547,-0.061641202259535066,0.07936571126747283,0.061691625968310404,-0.02575941873268983,0.09071413457529287,0.07038806848646394,-0.13295506958924652,-0.05257528035354997,-0.11647286220977393,0.10233781060208114,0.014916609858687258,-0.22025674625029146,-0.1602895755380933,-0.3340344773498607,-0.7444928659058174,-0.35705646980449735,-0.35705646980449735,,,,,,,,,,,,,,,,,,,,,,,,,,-0.27833044521410744,-0.16533598827251245,-0.5583619604171176
LSCC,Lattice Semiconductor,Information Technology,2002-05-31,2000-02-29,2000-06-30,81.06254632520117,39.80144698966504,81.06254632520117,-0.5090032475664863,27,23,10.699999809265137,41.6875,-0.743328340407433,29448953.52071278,-0.4037382964328212,-0.2627313829058133,-0.28040546820497575,-0.06542054408814157,0.05105300921984113,0.030726943131012194,-0.14953265946883176,-0.06915287023313521,-0.13305045208935917,-0.2616822209167876,-0.3491034216601815,-0.5842767777691602,-0.5999999732614674,-0.7737448750732348,-1.1842032636291915,-0.6186915891182372,-0.6186915891182372,,,,,,,,,,,,,,,,,,,,,,,,,,-0.46380498904011064,-0.9433778150622428,-1.9764681571317564
AMGN,Amgen,Health Care,2002-06-30,2000-01-31,2000-01-31,83.67251892947067,39.18630808447872,83.67251892947067,-0.5316705103917132,29,29,41.880001068115234,80.4375,-0.4793473060684975,660415223.0217707,-0.00429748082381054,0.16550232893624361,0.14409563714937126,0.15425020566876047,0.2542802996498805,0.23880846370726883,0.5744990389386782,0.5710194298562596,0.522533546133726,0.3030091782584512,0.10721088720857863,-0.14878254346996517,0.44364907969029854,0.17445021547762263,-0.25496202639461973,-0.27005712830963435,-0.27005712830963435,,,,,,,,,,,,,,,,,,,,,,,,,,0.4176552770996158,-0.03624260573436222,-0.129435411115558
FLEX,Flex Ltd.,Information Technology,2002-06-30,2000-03-31,2000-09-30,87.06536637136787,37.99972294120721,87.06536637136787,-0.5635494970626608,27,21,5.373022079467773,33.840431213378906,-0.8412247750157648,137203304.57667184,-0.022440451954216734,0.14735935780583742,0.12595266601896507,0.14866750609067547,0.24869760007179553,0.23322576412918383,0.46283303473078385,0.45935342564836534,0.41086754192583175,1.2370265859806726,1.0412282949308,0.7852348642522562,0.8527348668500052,0.5835360026373293,0.15412376076508694,-0.2328191121724409,-0.2328191121724409,,,,,,,,,,,,,,,,,,,,,,,,,,0.1844865675642432,0.6891293766814623,0.005809657335410501
IBM,IBM,Information Technology,2002-06-30,1999-06-30,1999-07-31,83.42032337463922,38.843255450827186,83.42032337463922,-0.5343669997971261,36,35,68.83364868164062,133.06643676757812,-0.4827121672922704,785873776.6225847,-0.18834610364087212,-0.018546293880817966,-0.039952985667690316,0.08075654569246793,0.180786639673588,0.1653148037309763,0.15483295618196657,0.15135334709954806,0.10286746337701447,0.24316121320347905,0.04736292215360649,-0.2086305085249373,0.05547063584107992,-0.213728228371596,-0.6431404702438384,-0.2482001016039378,-0.2482001016039378,,,,,,,,,,,,,,,,,,,,,,,,,,0.044035039870113715,0.009431139076462286,-0.2630526683408993
OMC,Omnicom Group,Communication Services,2002-06-30,1999-12-31,1999-12-31,77.96129680644361,33.567382298275234,77.96129680644361,-0.5694353009338238,30,30,22.899999618530277,53.75,-0.5739534954692042,231832756.93891618,0.2196909660350117,0.38949077579506586,0.3680840840081935,0.4193768136762621,0.5194069076573822,0.5039350717147705,0.5860139314600545,0.582534322377636,0.5340484386551024,0.6964760250550976,0.5006777340052251,0.24468430332668129,0.8052430442326428,0.5360441800199669,0.10663193814772454,-0.15327489332980582,-0.15327489332980582,,,,,,,,,,,,,,,,,,,,,,,,,,0.4806996069857269,0.4877728943508773,0.4803539183035802
SWKS,Skyworks Solutions,Information Technology,2002-06-30,2000-02-29,2000-02-29,92.08368253968246,37.53886771207977,92.08368253968246,-0.5923396341593659,28,28,5.550000190734863,78.25,-0.9290734799906087,15326522.074597223,-0.18378397694602955,-0.013984167185975394,-0.035390858972847744,0.5531526791984773,0.6531827731795974,0.6377109372369857,0.2198194190551399,0.2163398099727214,0.1678539262501878,0.5729726032645885,0.377174312214716,0.12118088153617218,0.32792788618984914,0.058729021977173224,-0.37068321989506914,-0.4792792986930291,-0.4792792986930291,,,,,,,,,,,,,,,,,,,,,,,,,,-0.01634998037353466,0.06980183191206246,-0.3777226176599151
ADI,Analog Devices,Information Technology,2002-07-31,2000-03-31,2000-08-31,90.12006654871652,39.45599230951764,90.12006654871652,-0.5621841636325382,28,23,24.100000381469727,103.0,-0.7660194137721386,104883060.51604559,0.11203363017090684,0.13664038239954202,0.13539189846104593,-0.007053662196353283,0.03999989557643535,0.0040855502813409075,0.5746884462629933,0.4657090285463994,0.34986014598794146,0.6520239781133179,0.39573099652304444,0.0777108998243683,0.6437837081892088,0.2132704540270538,-0.4002306379005576,-0.2580912990226072,-0.2580912990226072,,,,,,,,,,,,,,,,,,,,,,,,,,0.3660929681808736,0.2354421405605821,-0.01497595686924158
ADP,Automatic Data Processing,Industrials,2002-07-31,1999-12-31,2000-09-30,73.22478934218609,36.59492906711192,73.22478934218609,-0.5002385203718307,31,22,29.573360443115234,54.96925354003906,-0.46200178211308085,116786518.4602434,0.14394589182819306,0.16855264405682824,0.16730416011833216,-0.06477306640911529,-0.017719508636326653,-0.053633853931421095,0.007680886041231627,-0.10129853167536229,-0.21714741423382022,0.15585596503495958,-0.1004370165553139,-0.41845711325399004,0.23997643812114178,-0.19053681604101325,-0.8040379079686246,-0.26228012763129793,-0.26228012763129793,,,,,,,,,,,,,,,,,,,,,,,,,,-0.158384436791246,-0.22007739742115007,-0.3690940551026233
ARW,Arrow Electronics,Information Technology,2002-07-31,2000-04-30,2000-04-30,70.4408734689161,39.068693727509675,70.4408734689161,-0.44536897679513054,27,27,17.06999969482422,46.0,-0.628913050112517,16525802.694178384,-0.23081427362754703,-0.20620752139891185,-0.20745600533740793,-0.30462799661571316,-0.2575744388429245,-0.293488784138019,-0.0011716730006583465,-0.11015109071725226,-0.2259999732757102,0.3860574265028276,0.12976444491255412,-0.18825565178612202,0.7586409487087462,0.3281276945465912,-0.2853733973810202,-0.49619211861630397,-0.49619211861630397,,,,,,,,,,,,,,,,,,,,,,,,,,-0.14440967032022722,0.11524325110470018,0.36633600731188315
C,Citigroup,Financials,2002-07-31,2000-08-31,2000-08-31,76.02885613408539,38.252820904960956,76.02885613408539,-0.4968644426597997,23,23,335.3999938964844,591.25,-0.4327272830503436,793419345.1664855,0.19355461241667204,0.21816136464530722,0.21691288070681114,0.11584710519195451,0.16290066296474315,0.1269863176696487,0.47417277113995016,0.36519335342335624,0.2493444708648983,0.49939986920577994,0.24310688761550647,-0.07491320908316967,0.5357050388010278,0.1051917846388728,-0.5083093072887386,-0.1938014017262234,-0.1938014017262234,,,,,,,,,,,,,,,,,,,,,,,,,,0.3297658986411756,0.25103867460827145,0.21040506239104645
DUK,Duke Energy,Utilities,2002-07-31,2000-11-30,2000-11-30,74.2218740300561,35.75480836757491,74.2218740300561,-0.5182712800663586,20,20,44.43671798706055,83.22514343261719,-0.4660661892035247,181840275.0831192,-0.18776467774129024,-0.16315792551265507,-0.16440640945115115,-0.314878080425106,-0.2678245226523174,-0.30373886794741184,-0.2692724775987918,-0.3782518953153857,-0.49410077787384366,-0.05124182949338674,-0.3075348110836602,-0.6255549077823364,0.3611666070989472,-0.06934664706320781,-0.6828477389908192,-0.499886327123479,-0.499886327123479,,,,,,,,,,,,,,,,,,,,,,,,,,-0.3850624068574489,-0.28832811397138514,0.011129751436637803
HD,Home Depot (The),Consumer Discretionary,2002-07-31,1999-12-31,1999-12-31,88.3032534651518,36.60194881151091,88.3032534651518,-0.5854971660137576,31,31,30.8799991607666,70.0,-0.5588571548461914,457116819.0585515,-0.06334476731771999,-0.03873801508908481,-0.03998649902758089,-0.3206171989840705,-0.27356364121128185,-0.3094779865063763,0.018859794188281098,-0.09011962352831282,-0.20596850608677075,0.11037611270939274,-0.14591686888088073,-0.4639369655795569,0.4461754121993773,0.015662158037222262,-0.5978389338903891,-0.3466222745018125,-0.3466222745018125,,,,,,,,,,,,,,,,,,,,,,,,,,-0.19755577054545764,-0.38216150636484164,-0.39529539518898116
JKHY,Jack Henry & Associates,Financials,2002-07-31,2000-06-30,2000-12-31,83.44977852273612,36.466531109861286,83.44977852273612,-0.563012248140049,25,19,14.270000457763672,33.2400016784668,-0.5706979621782655,15523697.293631235,-0.27872160470985363,-0.25411485248121846,-0.25536333641971454,-0.13071491329446316,-0.08366135552167453,-0.11957570081676898,0.3204654076721043,0.21148598995551038,0.09563710739705245,0.37446126672808644,0.11816828513781297,-0.19985181156086318,0.387525243372699,-0.04298801078945602,-0.6564891027170674,-0.49152316857577083,-0.49152316857577083,,,,,,,,,,,,,,,,,,,,,,,,,,0.16177064414567394,0.02133452960098059,-0.1997551781317387
LRCX,Lam Research,Information Technology,2002-07-31,2000-02-29,2000-04-30,84.30599224019943,39.7076709414703,84.30599224019943,-0.5290053543485065,29,27,1.2300000190734863,5.681250095367432,-0.7834983501119859,54466362.063286796,0.02357658932187401,0.048183341550509184,0.0469348576120131,-0.04959398758319156,-0.002540429810402922,-0.038454775105497364,0.7715446975031097,0.6625652797865158,0.5467163972280579,0.939023632968023,0.6827306513777496,0.36471055467907343,1.3130083732091613,0.8824951190470063,0.2689940271193949,-0.4609757623419899,-0.4609757623419899,,,,,,,,,,,,,,,,,,,,,,,,,,0.36346719547189366,0.17662124597236228,0.04894264080586197
PAYX,Paychex,Industrials,2002-07-31,2000-11-30,2000-11-30,88.29882996665029,37.516588648116354,88.29882996665029,-0.5751179414009671,20,20,26.309999465942383,61.25,-0.5704489883111448,102072193.99682,0.0997825371427703,0.12438928937140548,0.1231408054329094,-0.03500585037870496,0.012047707394083673,-0.02386663790101077,0.250530453361542,0.1415510356449481,0.025702153086490154,0.201620906875289,-0.054672074714984475,-0.3726921714136606,0.3882735960518029,-0.04223965811035213,-0.6557407500379635,-0.22500946707031744,-0.22500946707031744,,,,,,,,,,,,,,,,,,,,,,,,,,0.11328013362787673,-0.11033701681774338,-0.11983430236410708
TTEK,Tetra Tech,Industrials,2002-07-31,2000-11-30,2000-11-30,74.28390138042187,34.83690564088258,74.28390138042187,-0.5310302098636929,20,20,1.7419999837875366,6.010000228881836,-0.7101497641520662,5745498.633048837,0.01951793725364448,0.044124689482279655,0.042876205543783574,0.47531513844310846,0.5223686962158971,0.48645435092080264,0.8450055812856012,0.7360261635690073,0.6201772810105494,0.8530418762799896,0.5967488946897161,0.27872879799104,0.7256025217125621,0.2950892675504071,-0.3184118243772043,-0.2571758548392141,-0.2571758548392141,,,,,,,,,,,,,,,,,,,,,,,,,,0.6960096168636111,0.4938854231794633,0.09562169734373382
AA,Alcoa,Materials,2002-08-31,1999-12-31,1999-12-31,76.17076585048457,38.387683827950184,76.17076585048457,-0.4960312739496241,32,32,60.2912712097168,109.84113311767578,-0.45110479564039885,121486370.6805495,0.024914763907747606,-0.0036458387389612934,-0.016882665933756168,-0.17122656798983837,-0.10497762694844404,-0.1294606562023718,0.16883694534929772,0.044630090980267934,-0.09787047913436847,0.35020952624785595,0.09936432846776633,-0.19080062073691673,0.1398351959600097,-0.2676948148074414,-0.8605907323476274,-0.2977282794383478,-0.2977282794383478,,,,,,,,,,,,,,,,,,,,,,,,,,-0.06096935681160043,-0.05084627129529112,-0.13968766169919367
ADBE,Adobe Inc.,Information Technology,2002-08-31,1999-10-31,2000-10-31,84.04166186360527,38.73006981518731,84.04166186360527,-0.5391563070463319,34,22,10.050000190734863,43.65625,-0.7697924079430811,123566759.63052113,0.470128076758606,0.4415674741118971,0.42833064691710226,0.3697134364807426,0.43596237752213696,0.4114793482682092,0.9355816266545676,0.8113747722855378,0.6688742021709013,1.2893938985474014,1.0385487007673118,0.7483837515626287,1.7009675511379672,1.293437540370516,0.7005416228303301,-0.11832149596167352,-0.11832149596167352,,,,,,,,,,,,,,,,,,,,,,,,,,0.7351118257810333,0.7991982847204095,0.8100021216752921
BAX,Baxter International,Health Care,2002-08-31,2001-09-30,2002-03-31,76.78262695828444,37.49545758565578,76.78262695828444,-0.5116674295862937,11,5,19.71211242675781,32.53666687011719,-0.39415698278356526,159660065.84296745,-0.1184898431666781,-0.147050445813387,-0.16028727300818188,-0.20286872692490354,-0.1366197858835092,-0.16110281513743696,-0.21101154065675054,-0.3352183950257803,-0.47771896514041673,-0.1251838577588429,-0.3760290555389325,-0.6661940047436156,0.17651512440460415,-0.23101488636284695,-0.823910803903033,-0.48954395741024737,-0.48954395741024737,,,,,,,,,,,,,,,,,,,,,,,,,,-0.235864360849959,-0.217612811065564,-0.011694039564292852
SMTC,Semtech,Information Technology,2002-08-31,2000-02-29,2000-08-31,90.40645810058433,37.39274627829809,90.40645810058433,-0.5863929738659188,30,24,13.210000038146973,60.0546875,-0.7800338227028993,34349613.23667102,0.1415594156062847,0.11299881295957581,0.09976198576478093,0.11127935373079767,0.177528294772192,0.15304526551826425,0.5972748160892147,0.47306796172018495,0.33056739160554854,0.3694171158477497,0.1185719180676601,-0.17159303113702296,0.23769873839933897,-0.16983127236811213,-0.7627271899082981,-0.3398940013741285,-0.3398940013741285,,,,,,,,,,,,,,,,,,,,,,,,,,0.3697674789623449,-0.03178065853495776,-0.2253046396242649
MS,Morgan Stanley,Financials,2002-09-30,2000-08-31,2000-08-31,77.63732483060514,37.4853928204915,77.63732483060514,-0.5171730491451129,25,25,33.880001068115234,110.0,-0.6919999902898615,226522661.7064582,0.18589585862509095,0.10185622987148979,0.10399207088314448,0.14535109534916346,0.0999938209961706,0.09123164041339933,0.5226324937881976,0.2804394758082718,0.15822395731518807,0.5145706507384233,0.1031837850024091,-0.26632717347016444,0.6905015286332634,0.10548221587256101,-0.5513319312871514,-0.14444362613903328,-0.14444362613903328,,,,,,,,,,,,,,,,,,,,,,,,,,0.3241553461559981,0.10183764900562137,0.09288441661311775
STT,State Street Corporation,Financials,2002-09-30,2000-09-30,2000-09-30,71.52368810248741,39.87056385150688,71.52368810248741,-0.4425544192523221,24,24,38.63999938964844,68.4000015258789,-0.4350877408236734,64898139.23382229,0.012708840013215594,-0.07133078874038556,-0.06919494772873087,-0.17527977652454485,-0.2206370508775377,-0.229399231460309,0.18120924070974787,-0.06098377727017801,-0.18319929576326172,0.1355313497334627,-0.27585551600255154,-0.6453664744751251,0.3201748134723583,-0.2648444992883441,-0.9216586464480565,-0.20813289237822974,-0.20813289237822974,,,,,,,,,,,,,,,,,,,,,,,,,,0.043359143465262595,-0.1274858866751919,-0.0322967177677187
D,Dominion Energy,Utilities,2002-10-31,2000-12-31,2000-12-31,74.16149517771152,39.305505958112626,74.16149517771152,-0.47000116618569066,22,22,24.0,34.994998931884766,-0.3141877201735521,132248435.98202297,0.14370310852142865,0.16671619129131776,0.1270833472883063,0.26353637189439394,0.215931178983497,0.1595322345897643,0.34261805838766524,0.1334317509506695,-0.0862816749479342,0.4608541361500538,0.13996918510390066,-0.2932590992159022,0.7946761616636653,0.3648004040287398,-0.3408357392752146,-0.041666861824517176,-0.041666861824517176,,,,,,,,,,,,,,,,,,,,,,,,,,0.24616596654954798,0.27733759347214704,0.5421288735438707
THC,Tenet Health,Health Care,2002-11-30,2001-09-30,2002-06-30,81.6348144695739,32.63372143843256,81.6348144695739,-0.6002474967270799,14,5,73.80000305175781,210.0,-0.6485714140392485,295593514.69627106,-0.015176188350514597,0.07700072708270134,0.059742523212223814,-0.09539296239039463,-0.13624489637315618,-0.1932777727925208,-0.20813013265428293,-0.35950503358266717,-0.5624024295329455,-0.4119241228832825,-0.7114552388243299,-1.143084942596804,-0.5761517697403339,-0.982151409325846,-1.6581502477925336,-0.38644990641069665,-0.5040650818340403,,,,,,,,,,,,,,,,,,,,,,,,,,-0.5519098111880105,-1.0730950279679727,-1.4843195327133352
COST,Costco,Consumer Staples,2002-12-31,2000-04-30,2000-04-30,74.56963707260878,36.93040764181634,74.56963707260878,-0.5047527506958759,32,32,28.059999465942383,60.5,-0.5361983559348367,193532025.65666077,0.0702063766285328,0.10588990089699912,0.09840831574585543,0.3043479149517154,0.18933328793887938,0.1432546612650305,0.3250177690639957,0.04320177069801634,-0.15847701884936555,0.7376639263218727,0.3187200651763684,-0.140307416694748,0.7931516417797577,0.3056980061171244,-0.38262668383077547,-0.03777621983044199,-0.03777621983044199,,,,,,,,,,,,,,,,,,,,,,,,,,0.0964253713371652,0.21961769435393685,-0.057362448924428544
VRTX,Vertex Pharmaceuticals,Health Care,2003-01-31,2000-10-31,2000-10-31,82.54258144534872,39.90889670662382,82.54258144534872,-0.516505347811936,27,27,13.84000015258789,99.25,-0.8605541546338752,10245611.354499392,-0.1286126960510442,-0.20089439648670437,-0.21199156066065422,0.04985546046069089,-0.11388194237246796,-0.19513315492002797,-0.2839595564918347,-0.6240764960426906,-0.8480216868854483,-0.26517341299361963,-0.6872799551135689,-1.1104773132719177,1.5809249152373726,1.019344211620631,0.2261666009698744,-0.43424856666335,-0.43424856666335,,,,,,,,,,,,,,,,,,,,,,,,,,-0.4912381943684847,-0.71073192153761,0.8485377537648313
CPRT,Copart,Industrials,2003-02-28,2001-12-31,2001-12-31,72.99105415320557,36.293713264121294,72.99105415320557,-0.5027649116021518,14,14,0.4881249964237213,1.6141669750213623,-0.6975994404685046,7285631.176654119,0.14980788835196712,0.003271793734523909,-0.04800596367350696,0.28681181361931185,0.08284332160728058,-0.05250690694534882,1.5147246521820912,1.1378624164524154,0.8808467180945736,1.9833545976657447,1.511684088814477,1.0282810674295586,2.3085787889764773,1.716599019181206,0.8724998737006726,-0.10499362070027674,-0.10499362070027674,,,,,,,,,,,,,,,,,,,,,,,,,,1.2932973112987431,1.44106733531894,1.3536938136560637
GD,General Dynamics,Industrials,2003-02-28,2002-06-30,2002-06-30,73.52741496245717,37.003599638988476,73.52741496245717,-0.4967373780530381,8,8,29.6299991607666,55.59000015258789,-0.4669904824710235,123732809.70345148,0.13413943490827251,-0.012396659709170699,-0.06367441711720156,0.4679169316454914,0.26394843963346015,0.12859821108083075,0.58218881758764,0.20532658185796415,-0.05168911649987762,0.8360150976648366,0.3643445888135688,-0.1190584325713494,1.1788022104672375,0.5868224406719662,-0.2572767048085671,-0.15626081625786314,-0.15626081625786314,,,,,,,,,,,,,,,,,,,,,,,,,,0.41965299674217627,0.5037942509706544,0.6508140531730534
SPXC,SPX Technologies,Industrials,2003-02-28,2000-08-31,2000-08-31,77.97884012200583,39.724377431802495,77.97884012200583,-0.4905749127628769,30,30,9.161419868469238,23.4197940826416,-0.6088172322890086,37781332.28165018,0.05909850023490515,-0.08743759438253806,-0.13871535179056893,0.3565141007830279,0.15254560877099665,0.01719538021836725,0.15448056912382713,-0.22238166660584868,-0.47939736496369045,0.25376323254862254,-0.21790727630264528,-0.7013102976875635,0.41802172865651555,-0.1739580411387558,-1.0180571866192891,-0.1553053240297324,-0.1553053240297324,,,,,,,,,,,,,,,,,,,,,,,,,,-0.08748641135522495,-0.2525967746335912,-0.341811778122017
TECH,Bio-Techne,Health Care,2003-02-28,2000-02-29,2000-06-30,92.77777703192665,39.99560293228613,92.77777703192665,-0.5689096655277388,36,32,5.429999828338623,19.9765625,-0.7281814712446837,13247520.035701327,0.3351751082668555,0.18863901364941227,0.1373612562413814,0.5506446475754443,0.346676155563413,0.21132592701078362,0.8641804022499693,0.48731816652029347,0.2303024681624517,0.5695211806752227,0.0978506718239549,-0.3855523495609633,1.7380303600393328,1.1460505902440614,0.3019514447635281,-0.14042341050560292,-0.14042341050560292,,,,,,,,,,,,,,,,,,,,,,,,,,0.735133371801136,0.28085295410242783,1.2557686724103323
DOC,Healthpeak Properties,Real Estate,2003-03-31,2002-07-31,2002-11-30,73.22803522498404,39.20211665703856,73.22803522498404,-0.46465699186664067,8,4,15.186702728271484,20.52823257446289,-0.26020407878836416,10319974.382489083,0.29882916959700623,0.1425545905829102,0.08119825991396931,0.4590309625519706,0.27073577538855664,0.0923679857508306,0.8264587429026016,0.4707348303954746,0.10357109226783567,0.6167988730509655,0.17513417040563595,-0.3952320383402408,1.084754739718607,0.4699562207102843,-0.5436694025507869,-0.002698337851297583,-0.002698337851297583,,,,,,,,,,,,,,,,,,,,,,,,,,0.7594444147843877,0.5133758065358478,0.9528736364956855
HR,Healthcare Realty Trust,Real Estate,2003-03-31,2002-06-30,2002-08-31,74.48364798322754,38.76882816039823,74.48364798322754,-0.479498799936218,9,7,24.420000076293945,32.349998474121094,-0.24513133761569972,7191092.430980622,0.2189429346576537,0.06266835564355766,0.0013120249746167711,0.36334734292852633,0.17505215576511235,-0.003315633872613688,0.8825034564154441,0.5267795439083172,0.15961580578067824,0.7232518201744302,0.2815871175291007,-0.28877909121677603,0.8974327186891677,0.282634199680845,-0.7309914235802262,1.637938924492488e-07,1.637938924492488e-07,,,,,,,,,,,,,,,,,,,,,,,,,,0.7903253767886315,0.5645834678329967,0.6649221492097943
VTRS,Viatris,Health Care,2004-07-31,2003-09-30,2003-10-31,77.70401933627768,35.62377130891056,77.70401933627768,-0.5415453201366266,10,9,14.81999969482422,28.75,-0.48452174974524453,59316506.47934808,0.16386054907126635,0.13831771693482153,0.10046929925779294,0.12590727955334668,0.047184887849952784,-0.01684042027242938,0.1810257448815682,0.0423476856032734,-0.10211435889324977,0.5116604881990634,0.31389629443981293,0.06262464289375569,0.11686764089926482,-0.2733914981750152,-0.593515205926543,-0.017543926249699804,-0.017543926249699804,,,,,,,,,,,,,,,,,,,,,,,,,,0.12443677150670962,0.4223304058402247,-0.014468659502558379
BSX,Boston Scientific,Health Care,2005-09-30,2004-03-31,2004-04-30,85.73966232109697,36.535517342689054,85.73966232109697,-0.5738784553890273,18,17,23.3700008392334,46.09999847412109,-0.4930585333456683,119716178.45996977,0.047924642347659585,0.0306129452533066,0.006308289663216622,-0.013692836571731481,-0.07869019330402827,-0.17940490759648747,-0.36713737994293627,-0.47257932620337884,-0.5272497431629756,-0.4030809025113097,-0.6893968025332694,-0.7886675961567482,-0.4749679068404278,-0.4735585887598124,-0.6620618239115836,-0.3825417292689698,-0.4818143251262935,,,,,,,,,,,,,,,,,,,,,,,,,,-0.5413512603694948,-0.835838664943966,-1.214529130402264
FHN,First Horizon,Financials,2005-09-30,2003-05-31,2003-05-31,70.66247503054316,35.48574897157857,70.66247503054316,-0.4978133874274825,28,28,34.71868896484375,46.46669006347656,-0.252826295193057,31664214.481341105,0.06974524777834379,0.052433550683990804,0.028128895093900826,0.17209371223126624,0.10709635549896945,0.006381641206510247,0.09456682581760067,-0.01087512044284189,-0.06554553740243863,-0.1935743083964253,-0.47989020841838503,-0.5791610020418638,-0.6916527018513705,-0.6902433837707551,-0.8787466189225264,-0.04319106270317352,-0.31214869430906167,,,,,,,,,,,,,,,,,,,,,,,,,,-0.02224346012700973,-0.4167059007236826,-0.9656574307276575
FLG,Flagstar Bank,Financials,2005-10-31,2004-02-29,2004-03-31,86.8633574163562,39.56385764062689,86.8633574163562,-0.5445276487415959,20,19,48.5099983215332,106.70999908447266,-0.545403441685608,25624216.31062196,0.05504017641647274,-0.011936383949881613,-0.07058801536696771,0.0802209795385207,-0.02435332364340459,-0.11603602952147904,0.057826214451070834,-0.11007732391109104,-0.17027465480726733,0.27880324506093657,-0.0565455158458521,-0.17847139773019022,0.1378877535646661,0.28405713001467126,0.16606588459641863,-0.010513261990916623,-0.010513261990916623,,,,,,,,,,,,,,,,,,,,,,,,,,0.013024456962167565,0.2521717155071109,0.110495159400882
RNR,RenaissanceRe,Financials,2005-10-31,2004-02-29,2004-04-30,74.09756729545903,37.22509994157809,74.09756729545903,-0.49762048471651543,20,18,37.84999847412109,56.630001068115234,-0.3316263860105766,40283809.31299603,0.2027315336879758,0.13575497332162145,0.07710334190453536,0.12168397781568108,0.01710967463375579,-0.07457303124431866,0.4631191382489406,0.2952155998867787,0.2350182689906024,0.5934640530431254,0.25811529213633677,0.13618941025199865,0.2751182168029793,0.4212875932529845,0.30329634783473186,-0.08850784927856548,-0.08850784927856548,,,,,,,,,,,,,,,,,,,,,,,,,,0.3298760806270894,0.321734129147539,-0.13724091839813174
GHC,Graham Holdings,Consumer Discretionary,2005-11-30,2004-05-31,2004-12-31,74.01344809764652,39.71490650398242,74.01344809764652,-0.4634095894088567,18,11,445.3172302246094,603.927490234375,-0.26263129692640985,14372496.50261434,0.023282495423308625,-0.004623874175418319,-0.06003120953520838,0.10591446545249172,0.07971497816897477,0.014845066937407017,0.007491881685099955,-0.13348738322603526,-0.19597890766095286,0.11747807163858837,-0.11210585872111345,-0.2062922159846251,-0.44263959251680096,-0.20359249660067558,-0.28844522539708256,-0.056552807464926524,-0.056552807464926524,,,,,,,,,,,,,,,,,,,,,,,,,,-0.13796712597222227,-0.17838799511852987,-0.8991340657968181
TTWO,Take-Two Interactive,Communication Services,2006-01-31,2003-10-31,2003-10-31,70.74989625530358,36.50754357802014,70.74989625530358,-0.48399156026630286,27,27,15.859999656677246,29.600000381469727,-0.4641892076931875,42255274.05289241,0.07503150446667073,0.03979385800641366,0.013218322089064004,-0.32660781022127816,-0.337789816416459,-0.3326170616695,0.09583852394327441,-0.05246213434492475,-0.06905518611810466,0.03657007702267823,-0.08101579423294392,-0.12741065643674793,-0.5573497052326881,-0.24744001041584496,-0.31464773809376617,-0.4287515602520173,-0.4287515602520173,,,,,,,,,,,,,,,,,,,,,,,,,,-0.16704768993199254,-0.5684330578082899,-1.5584544414364971
SJM,J.M. Smucker Company (The),Consumer Staples,2006-02-28,2004-03-31,2004-04-30,79.5551591259084,36.88184554040625,79.5551591259084,-0.5363990727234296,23,22,39.52000045776367,53.5,-0.261308402658623,13680034.295781454,0.056357875245794053,0.05801841784548267,0.04922949868306519,0.24703960858054752,0.21967292495260993,0.23190999407960083,0.28506421159888884,0.16569988923004142,0.13901252049507082,0.35813321000313003,0.27562707884241444,0.22341638376654446,0.11286174485030576,0.5004274972818797,0.44028995892558714,-0.019484108599444827,-0.019484108599444827,,,,,,,,,,,,,,,,,,,,,,,,,,0.19191354764794671,0.17273740289565576,-0.16768016614394027
CCL,Carnival Corporation,Consumer Discretionary,2006-05-31,2004-12-31,2005-01-31,79.43569115862297,37.871550172258566,79.43569115862297,-0.5232426429495792,17,16,39.90999984741211,58.97999954223633,-0.32332993968858803,204060410.3640541,0.056969284654246,0.02789377730806386,0.048194666473475485,0.24277349288560823,0.13092411169808194,0.1375482916177624,0.2962864514581873,0.07164784412014025,0.06002479592628737,0.06821212160932988,-0.07463552510223503,-0.17056751520036403,-0.2992750482466704,-0.07256211728681827,-0.14766652890587967,-0.08794790184653034,-0.08794790184653034,,,,,,,,,,,,,,,,,,,,,,,,,,0.1905771077381565,-0.08325311743560859,-0.4964146947575556
ZBRA,Zebra Technologies,Information Technology,2006-05-31,2004-06-30,2004-09-30,81.68614375186407,39.598464478172716,81.68614375186407,-0.5152364567672583,23,20,35.310001373291016,62.400001525878906,-0.43413460721395913,21192328.663211398,-0.04163129888222139,-0.07070680622840353,-0.050405917062991905,-0.010761853677034194,-0.12261123486456049,-0.11598705494488001,0.1359388006337301,-0.08869980670431699,-0.10032285489816986,0.0648540643377673,-0.07799358237379761,-0.1739255724719266,-0.3817615668455179,-0.15504863588566575,-0.23015304750472715,-0.17218922669466918,-0.22118383091309113,,,,,,,,,,,,,,,,,,,,,,,,,,-0.08758190585668663,-0.4311683923071137,-1.1787369983286142
BC,Brunswick,Consumer Discretionary,2006-06-30,2004-11-30,2004-11-30,80.7278500359482,39.3151545851351,80.7278500359482,-0.5129914327257815,19,19,33.25,49.84999847412109,-0.3329989765744674,35586410.35312471,-0.06195503493869925,-0.11606744986479312,-0.08860918067761331,-0.022879033038254115,-0.14666399060663038,-0.12921649170705324,-0.0005182962415339887,-0.20411259419083927,-0.21314097226132886,-0.6655293349141176,-0.7101378402610377,-0.7944906810827612,-0.8607747948657244,-0.6315448382983577,-0.7118912117168933,-0.18556427546571008,-0.6671070326921995,,,,,,,,,,,,,,,,,,,,,,,,,,-0.2555195670264856,-1.138483854725104,-1.5500356109519222
COO,Cooper Companies (The),Health Care,2006-06-30,2004-06-30,2005-02-28,87.41553581144512,39.246330995724946,87.41553581144512,-0.5510371167846058,24,16,11.072500228881836,21.174999237060547,-0.47709560199167733,30994420.42295062,0.20794762450540216,0.1538352095793083,0.1812934787664881,0.005351212949445516,-0.11843374461893075,-0.10098624571935362,0.20529245514793537,0.0016981571986300903,-0.0073302208718595,-0.158984562002074,-0.20359306734899407,-0.28794590817071763,-0.4392681211212508,-0.21003816455388413,-0.2903845379724197,-0.053059764855641234,-0.32793496327577776,,,,,,,,,,,,,,,,,,,,,,,,,,0.021205688552370705,-0.5627710558947061,-1.0804304061824728
NVR,"NVR, Inc.",Consumer Discretionary,2006-06-30,2005-02-28,2005-07-31,87.1984702983425,37.919778439770425,87.1984702983425,-0.5651325268662286,16,11,491.25,947.9500122070312,-0.4817764716767454,53126228.95788768,0.08905852417302795,0.03494610924693409,0.06240437843411389,0.3129770992366412,0.18919214166826492,0.20663964056784206,0.3837150127226463,0.18012071477334102,0.17109233670285143,0.01797452737356875,-0.02663397797335132,-0.11098681879507485,0.022676874602417296,0.25190683116978396,0.17156045775124842,-0.21312979584128489,-0.21312979584128489,,,,,,,,,,,,,,,,,,,,,,,,,,0.1897005796472002,-0.39237991921722865,-0.6647135442039707
DD,DuPont,Industrials,2006-07-31,2005-02-28,2005-02-28,74.83390308147347,36.39144604519906,74.83390308147347,-0.5137037552941903,17,17,61.77824401855469,101.38563537597656,-0.3906607796118511,194541409.6545413,0.19083218405531976,0.10834500180798279,0.09794202379621397,0.22413005541545794,0.08852770959350176,0.062015050197784305,0.3038244959229335,0.14311260762472577,0.10985341300415513,0.0422908712587764,0.011683945724161315,-0.11726640703297564,-0.2968882392768303,-0.1214693480528245,-0.24473757244930266,-0.015326632534255258,-0.034997642765817405,,,,,,,,,,,,,,,,,,,,,,,,,,0.13756542578433723,-0.23994330169334283,-0.6695734730635887
DHI,D. R. Horton,Consumer Discretionary,2006-07-31,2004-03-31,2005-07-31,84.52969744563424,39.03303928288747,84.52969744563424,-0.5382328286695715,28,12,21.43000030517578,42.81999969482422,-0.4995329178443201,107701497.11726053,0.10799692127604854,0.025509739028711564,0.015106761016942749,0.3815424780460024,0.2459401322240462,0.21942747282832875,-0.2189579021262218,-0.3796697904244295,-0.41292898504500014,-0.4483835240418814,-0.4789904495764965,-0.6079408023336335,-0.4129479715492296,-0.2375290803252238,-0.36079730472170196,-0.2194364928058261,-0.5570202293981195,,,,,,,,,,,,,,,,,,,,,,,,,,-0.44479013656601885,-0.922730558922054,-1.1993825819884552
EBAY,eBay Inc.,Consumer Discretionary,2006-07-31,2004-06-30,2004-12-31,87.7732551949422,36.125955381857636,87.7732551949422,-0.5884172769755116,25,19,10.130471229553224,24.920034408569336,-0.5934808490445092,617769859.3913811,0.33485676575435797,0.252369583507021,0.24196660549525217,0.3456586072383909,0.21005626141643474,0.1835436020207173,0.34607418585341776,0.18536229755521005,0.1521031029346394,0.04569998362451577,0.01509305808990069,-0.11385729466723626,-0.11715826211492264,0.05826062910908314,-0.06500759528739503,-0.0515163516471393,-0.0515163516471393,,,,,,,,,,,,,,,,,,,,,,,,,,0.14163234205761457,-0.3715312596379433,-0.7071696889052137
KBH,KB Home,Consumer Discretionary,2006-07-31,2005-07-31,2005-07-31,82.46668728546025,39.468885724030216,82.46668728546025,-0.521396008215926,12,12,42.52000045776367,85.44999694824219,-0.5023990406515941,126763908.82556854,0.0625928067240431,-0.019894375523293872,-0.030297353535062688,0.2894192797527917,0.1538169339308355,0.12730427453511806,-0.23575884819360093,-0.39647073649180864,-0.4297299311123793,-0.5541933640966827,-0.5848002896312978,-0.7137506423884348,-0.5712534836548246,-0.39583459243081887,-0.519102816827297,-0.26458907951830013,-0.666468753659125,,,,,,,,,,,,,,,,,,,,,,,,,,-0.41609784041510833,-0.9142295534047615,-1.1035823802180507
PII,Polaris,Consumer Discretionary,2006-07-31,2005-03-31,2005-03-31,81.66796762162154,38.37078989115569,81.66796762162154,-0.53016107773206,16,16,19.11000061035156,37.09000015258789,-0.48476676916329986,20996271.5007237,0.1283679321861677,0.045880749938830734,0.03547777192706192,0.2412362669626409,0.1056339211406847,0.07912126174496725,0.3276880727901206,0.16697618449191287,0.13371698987134223,0.18914259905540853,0.15853567352079345,0.029585320763656497,0.10992845119224137,0.28534734241624715,0.162079118019769,-0.060962756343406865,-0.060962756343406865,,,,,,,,,,,,,,,,,,,,,,,,,,0.13920865160210738,-0.19594729816758494,-0.5219693925666165
SYY,Sysco,Consumer Staples,2006-07-31,2004-02-29,2004-03-31,73.83401022004205,37.737739469465815,73.83401022004205,-0.48888406092261794,29,28,27.600000381469727,41.27000045776367,-0.33123333958486445,70200257.27816688,0.2739555497379613,0.19146836749062435,0.18106538947885553,0.26483260146899745,0.12923025564704127,0.10271759625132382,0.18043353700401576,0.01972164870580806,-0.013537545914762583,0.07983252737699487,0.049225601842379785,-0.07972475091475717,-0.05925933929691629,0.11615955192708949,-0.00710867246938867,-0.029348417661869686,-0.029348417661869686,,,,,,,,,,,,,,,,,,,,,,,,,,0.06370253570177149,-0.15147580651780898,-0.42598013243726335
PNR,Pentair,Industrials,2006-09-30,2005-01-31,2005-05-31,83.55104567764704,38.1863787659443,83.55104567764704,-0.5429575003372992,20,16,17.588985443115234,31.208864212036133,-0.4364105875941555,24062274.17546154,0.2045332684202832,0.13843733628275356,0.12478217144178268,0.20125599870319832,0.12805950115484843,0.08379968092167796,0.2901235644302027,0.1265021690476693,0.08911321718090037,0.3713742989832416,0.4680336167362191,0.35028106489684163,0.2026732217795375,0.359003221483166,0.22442408579744447,0.002290838130899253,0.002290838130899253,,,,,,,,,,,,,,,,,,,,,,,,,,0.13488988846225966,0.0495611523480709,-0.2632444955712364
PHM,PulteGroup,Consumer Discretionary,2007-03-31,2005-07-31,2005-07-31,79.25352715479029,39.77827782334262,79.25352715479029,-0.49808823340251407,20,20,26.459999084472656,48.22499847412109,-0.4513219300842104,87650482.75202493,-0.15018710359059417,-0.21411928786261814,-0.2128253468452624,-0.48353030168642297,-0.5677878426313976,-0.5576557046312833,-0.44396590703366823,-0.3914097304302355,-0.42163243159794794,-0.5783434558525264,-0.16426158646159517,-0.21362026418625407,-0.5659985155991403,-0.44537124190113153,-0.5716261298549596,-0.6876231100578691,-0.7504694760980591,,,,,,,,,,,,,,,,,,,,,,,,,,-0.695165809966847,-1.1143304902625424,-1.4356903466067958
SLM,SLM Corp,Financials,2007-03-31,2004-12-31,2004-12-31,76.84595319652595,38.109983911954046,76.84595319652595,-0.504072988534718,27,27,14.617584228515623,20.85418128967285,-0.2990573916342445,216976720.18520153,0.40782365861585745,0.3438914743438335,0.34518541536118924,0.2144254480869645,0.1301679071419899,0.1403000451421042,-0.6246943451892024,-0.5721381685857697,-0.6023608697534821,-0.8789730797912683,-0.464891210400337,-0.514249888124996,-0.6938875055113689,-0.5732602318133602,-0.6995151197671883,-0.640586707869192,-0.9239608951546537,,,,,,,,,,,,,,,,,,,,,,,,,,-0.844634438043186,-1.3111393886122487,-1.2766717418310867
CACI,CACI International,Industrials,2007-04-30,2004-12-31,2004-12-31,74.56212489488888,39.48419761894697,74.56212489488888,-0.4704523553398148,28,28,45.72999954223633,69.18000030517578,-0.33897081034249454,19548950.647941466,-0.028209073440639387,-0.015113661323082339,-0.01316215855022302,0.1775639408083769,0.1252114546310834,0.11444190405236492,0.09599823821545916,0.14549935732763264,0.10211403557976195,-0.13514105329189696,0.2480540468552367,0.1763078023017336,0.03717473824528095,0.18207497308621423,0.02803477140979764,-0.14957358891443795,-0.25869228372572384,,,,,,,,,,,,,,,,,,,,,,,,,,-0.08042721037832679,-0.5089507238424633,-0.5619691208675576
WTFC,Wintrust Financial,Financials,2007-04-30,2004-11-30,2004-12-31,87.40912490798262,37.91614137665151,87.40912490798262,-0.5662221602542457,29,28,42.97999954223633,63.38999938964844,-0.32197507562596783,7622732.663708641,-0.08306198605721449,-0.06996657393965744,-0.06801507116679811,-0.1417526976241923,-0.19410518380148578,-0.20487473438020426,-0.255393541328497,-0.20589242221632353,-0.24927774396419422,-0.5925447660040417,-0.20934966585690806,-0.28109591041041115,-0.10052315389171262,0.04437708094922066,-0.10966312072719593,-0.32559599293141717,-0.7675109334418292,,,,,,,,,,,,,,,,,,,,,,,,,,-0.4091197970569457,-0.8943700062282024,-0.5311630948664645
LEN,Lennar,Consumer Discretionary,2007-06-30,2005-02-28,2005-02-28,71.9347290471583,36.469704721971205,71.9347290471583,-0.4930167221723636,28,28,34.80045318603516,65.54592895507812,-0.46906766383789233,113153156.25814989,-0.37722045319827646,-0.396324449649759,-0.3846194747021543,-0.5046317399908076,-0.48637226128313815,-0.4911253982382706,-0.6524035436286315,-0.5203110329933895,-0.5674970372210156,-0.7197455342573589,-0.3601357760073225,-0.42030707272992957,-0.592997983432096,-0.32565119386128805,-0.46592706244321214,-0.6682777205118693,-0.9019853829624505,,,,,,,,,,,,,,,,,,,,,,,,,,-0.8635762664324753,-1.1539972627436161,-1.298152736567175
UBSI,United Bankshares,Financials,2007-06-30,2004-11-30,2004-12-31,74.40387822353692,38.554010159793485,74.40387822353692,-0.48182794929099126,31,30,31.799999237060547,39.709999084472656,-0.19919415839284327,5398267.151669093,-0.03370006464350783,-0.05280406109499036,-0.04109908614738568,-0.1021953436983235,-0.08393586499065409,-0.08868900194578654,-0.24863925618290939,-0.11654674554766742,-0.16373274977529356,-0.326516745338971,0.03309301291106537,-0.027078283811541703,-0.12796002325709677,0.13938676631371116,-0.0008891022682129268,-0.24863925618290939,-0.5609685192407506,,,,,,,,,,,,,,,,,,,,,,,,,,-0.35590097038339585,-0.5138843134260033,-0.3887433421300493
ASB,Associated Bank,Financials,2007-07-31,2004-10-31,2004-10-31,77.09557234979997,36.770710265323494,77.09557234979997,-0.5230502979018496,33,33,28.739999771118164,35.459999084472656,-0.18950929178949327,18491782.251924183,0.015067248893599006,-0.05124908917843207,-0.06147301375207996,0.0022548749662831824,0.05005715488836249,0.029904277073819367,-0.3931345403275984,-0.281043879350267,-0.35310806486810087,-0.5825522767762604,-0.29296208397222545,-0.376138768893164,-0.47143336139753167,-0.2794258164387532,-0.44286107949286496,-0.4800375815245673,-0.6564912674168368,,,,,,,,,,,,,,,,,,,,,,,,,,-0.4912387503835084,-0.7707923117210871,-0.7389549518848213
CPT,Camden Property Trust,Real Estate,2007-07-31,2006-03-31,2006-10-31,80.2794670312404,39.267608041029554,80.2794670312404,-0.5108636181434945,16,9,54.959999084472656,81.3499984741211,-0.32440073613576736,44292892.988780186,0.14693978692568455,0.08062344885365347,0.07039952428000558,-0.08008436688306042,-0.032282086960981116,-0.052434964775524236,-0.0553400208829683,0.05675064009436315,-0.015313545423470715,-0.37835956976910057,-0.0887693769650656,-0.17194606188600414,0.001362302492232681,0.19336984745101116,0.029934584396899364,-0.2601081524113035,-0.6713312192871832,,,,,,,,,,,,,,,,,,,,,,,,,,-0.20234282615173488,-0.6660280591335154,-0.4002439536535515
HSY,Hershey Company (The),Consumer Staples,2007-07-31,2005-02-28,2005-05-31,84.34407833634054,37.147816605922465,84.34407833634054,-0.559568171961197,29,26,46.09999847412109,67.37000274658203,-0.3157192133785398,72766211.09991528,-0.05869330187639388,-0.12500963994842496,-0.13523356452207286,-0.20428863238365047,-0.15648635246157117,-0.17663923027611428,-0.1779574051509285,-0.06586674417359706,-0.13793092969143092,-0.07594512367743322,0.21364506912660175,0.1304683842056632,0.12092148909432088,0.31292903405309935,0.14949377099898756,-0.2776667941773544,-0.3056841069306294,,,,,,,,,,,,,,,,,,,,,,,,,,-0.324009218949577,-0.3793493935023474,-0.3652587693585747
HWC,Hancock Whitney,Financials,2007-07-31,2006-06-30,2006-06-30,81.84500793656531,38.51289257468579,81.84500793656531,-0.5294411529101989,13,13,35.369998931884766,57.18999862670898,-0.3815352372579669,5858791.759823996,0.08155451356908272,0.015238175497051643,0.005014250923403754,0.18750890805399734,0.23531118797607664,0.21515831016153353,0.300001302483091,0.41209196346042243,0.34002777794258854,0.2015563742592128,0.4911465670632478,0.4079698821423092,-0.06958385665243239,0.12242368830634609,-0.041011574747765706,-0.07322557762557047,-0.33502513439791337,,,,,,,,,,,,,,,,,,,,,,,,,,0.17800768052821753,-0.017897252760979337,-0.34073335207411654
PB,Prosperity Bancshares,Financials,2007-07-31,2004-12-31,2006-08-31,81.4744308248257,38.04375160643904,81.4744308248257,-0.5330590073315751,31,11,28.31999969482422,37.11000061035156,-0.2368633999180112,7423920.417961242,0.1451425699649298,0.07882623189289872,0.06860230731925084,0.022887830184319835,0.07069011010639914,0.05053723229185602,0.15238403219815932,0.26447469317549077,0.1924105076576569,0.22534667962899912,0.5149368724330341,0.43176018751209555,0.26059144349147734,0.4525989884502558,0.28916372539614404,-0.21869169189804505,-0.27428482691747524,,,,,,,,,,,,,,,,,,,,,,,,,,0.06052751660469037,0.04515038184073661,0.008179807453794041
SIGI,Selective Insurance Group,Financials,2007-07-31,2005-11-30,2005-11-30,75.24133080983435,38.22674994516809,75.24133080983435,-0.49194479239365485,20,20,20.520000457763672,29.63999938964844,-0.3076922779920793,7914960.083707173,0.19121614768509376,0.12489980961306268,0.1146758850394148,0.178158567481274,0.22596084740335332,0.2058079695888102,0.07685088209234059,0.18894154306967204,0.11687735755183817,-0.23223130226961985,0.05735889053441512,-0.02581779438652343,-0.17365283089432348,0.01835471406445499,-0.1450805489896568,-0.11209677739853119,-0.48784664635039443,,,,,,,,,,,,,,,,,,,,,,,,,,-0.06584118168307002,-0.5299214889318922,-0.633821052186331
TOL,Toll Brothers,Consumer Discretionary,2007-07-31,2005-02-28,2005-07-31,87.50121119347409,37.85572812437525,87.50121119347409,-0.5673690957183166,29,24,21.93000030517578,58.66999816894531,-0.6262144027680645,95721546.52721769,0.04468776097960059,-0.02162857709243049,-0.03185250166607838,0.06155952705083245,0.10936180697291176,0.08920892915836864,-0.08390350398765012,0.028187156989681328,-0.043877028528152534,-0.10807119757393313,0.18151899523010184,0.0983423103091633,-0.20839041791167712,-0.01638287295289864,-0.17981813600701044,-0.29366161814060665,-0.3821250143166448,,,,,,,,,,,,,,,,,,,,,,,,,,-0.27361066387519184,-0.49157236491046313,-0.8045002054826309
UDR,"UDR, Inc.",Real Estate,2007-07-31,2006-11-30,2006-11-30,75.61353278236408,38.57799481063464,75.61353278236408,-0.48980039166173595,8,8,23.09000015258789,34.099998474121094,-0.3228738655190505,41607499.31113833,0.04150890302123145,-0.02480743505079963,-0.03503135962444752,0.01892684523921906,0.06672912516129836,0.046576247346755244,0.17126113698320444,0.2833517979605359,0.21128761244270203,-0.4353636853574795,-0.14577349255344452,-0.22895017747438307,0.19029858649843834,0.3823061314572168,0.21887086840310502,-0.18369785696426166,-0.6550340788245259,,,,,,,,,,,,,,,,,,,,,,,,,,0.03157641985394355,-0.6936893424932076,-0.16410302808070254
MCO,Moody's Corporation,Financials,2007-08-31,2006-03-31,2006-03-31,92.75824919227003,39.26944130812211,92.75824919227003,-0.5766474502259729,17,17,45.84999847412109,76.08999633789062,-0.397424094088317,288998708.9384775,-0.1768856525375766,-0.18891348019961085,-0.1868913752123272,-0.16773332907607474,-0.08357035586938921,-0.09916165628065417,-0.10476654362354476,0.005026277467534368,-0.06571800003903477,-0.3896819076525476,-0.1170005383806012,-0.19374392526378803,-0.5178893555178246,-0.2797608552248635,-0.42502785384461,-0.3532031242868886,-0.6589030911289016,,,,,,,,,,,,,,,,,,,,,,,,,,-0.3389688630306022,-0.9297128196326173,-1.4250440507983781
PGR,Progressive Corporation,Financials,2007-08-31,2005-11-30,2005-12-31,78.44794132796761,39.31927957774331,78.44794132796761,-0.49878506800629674,21,20,20.34000015258789,31.225000381469727,-0.348598882174601,146906368.7575507,-0.09537897422312147,-0.10740680188515572,-0.10538469689787208,-0.09172453316518558,-0.007561559958500053,-0.023152860369765008,-0.08478736704154888,0.02500545404953025,-0.045738823457038884,-0.18141242718475303,0.09126894208719338,0.014525555204006557,-0.009441569784218506,0.22868693050874256,0.08341993188899605,-0.2567304064852769,-0.5163790838950961,,,,,,,,,,,,,,,,,,,,,,,,,,-0.3103702124560175,-0.6980002062177187,-0.8800117550418117
TXNM,TXNM Energy,Utilities,2007-08-31,2005-05-31,2007-04-30,83.1347791385546,37.4710745147752,83.1347791385546,-0.549273181416349,27,4,23.1200008392334,34.279998779296875,-0.3255542105445892,25977917.671031043,-0.03148328368595632,-0.04351111134799057,-0.04148900636070693,-0.47664312605144954,-0.392480152844764,-0.40807145325602895,-0.4641281647780754,-0.35433534368699626,-0.4250796211935654,-0.44114925984108133,-0.16846789056913491,-0.24521127745232174,-0.42884816945291526,-0.1907196691599542,-0.3359866677797007,-0.60438820947137,-0.7227983983626527,,,,,,,,,,,,,,,,,,,,,,,,,,-0.6226344996435043,-0.7682782660995359,-0.9171863435569239
UFPI,UFP Industries,Industrials,2007-08-31,2006-04-30,2006-04-30,83.78213714741256,38.047869613170676,83.78213714741256,-0.5458713407342854,16,16,12.43000030517578,26.76000022888184,-0.5355007399529024,9079449.922075726,-0.2311707039744607,-0.24319853163649496,-0.24117642664921132,-0.25347506613403714,-0.1693120929273516,-0.18490339333861655,-0.11566786366238546,-0.0058750425713063326,-0.07661932007787547,0.11756391466819927,0.3902452839401457,0.31350189705695886,-0.29088384097188646,-0.0527553406789254,-0.1980223392986719,-0.37141067066565026,-0.6066942534755786,,,,,,,,,,,,,,,,,,,,,,,,,,-0.2769648171290796,-0.25458174268990724,-0.9762603010328343
ZION,Zions Bancorporation,Financials,2007-08-31,2006-03-31,2006-03-31,77.35965934869094,39.490313679295916,77.35965934869094,-0.48952316993412204,17,17,70.5999984741211,88.55999755859375,-0.20280035658977769,68143285.80354963,-0.22095453256027064,-0.2329823602223049,-0.23096025523502126,-0.31298015207880336,-0.22881717887211783,-0.24440847928338277,-0.6048666190370562,-0.49507379794597706,-0.5658180754525461,-0.7361073107370549,-0.4634259414651085,-0.5401693283482953,-0.7244867807422528,-0.48635828044929175,-0.6316252790690382,-0.7455542649819374,-0.9121608030745795,,,,,,,,,,,,,,,,,,,,,,,,,,-0.7760736776276833,-1.0258324716665872,-1.0889793673844466
HOG,Harley-Davidson,Consumer Discretionary,2007-09-30,2006-11-30,2006-11-30,73.62801700811565,36.73555684168382,73.62801700811565,-0.5010655137210249,10,10,46.209999084472656,75.87000274658203,-0.39093189124005356,143670620.2758668,0.017434113469232182,0.05409717758167942,0.043370845578978266,-0.17652917069449348,-0.0503472329334993,-0.08773745029196056,-0.16733149841309392,0.05635011673110446,-0.023955766119658356,-0.4658263088290221,-0.19086454174929268,-0.28306475796871966,-0.3297759003042051,-0.1289375352808465,-0.3064317373502863,-0.2875486274942527,-0.8161986281172017,,,,,,,,,,,,,,,,,,,,,,,,,,-0.2445402822623492,-0.607866204884443,-0.5287292461532613
MAS,Masco,Industrials,2007-09-30,2005-01-31,2005-01-31,72.04386211093329,36.05745327698789,72.04386211093329,-0.49950693618470166,32,32,20.360280990600582,33.769771575927734,-0.39708561709330314,97935555.19335617,-0.058416474069847846,-0.021753409957400605,-0.03247974196010176,-0.12667888174154518,-0.0004969439805510012,-0.037887161339012265,-0.18860128132514364,0.03508033381905473,-0.045225549031708084,-0.3835481682777906,-0.10858640119806118,-0.20078661741748818,-0.46255684957766907,-0.26171848455431046,-0.43921268662375024,-0.38941584611675795,-0.8295463273961703,,,,,,,,,,,,,,,,,,,,,,,,,,-0.3698672723422035,-0.7614790537742777,-1.0791289334394667
MTB,M&T Bank,Financials,2007-09-30,2006-04-30,2006-08-31,72.0083951220623,38.91659163359035,72.0083951220623,-0.4595547981923168,17,13,103.4499969482422,125.12999725341795,-0.17325981603970309,79149843.35740104,-0.20501533531122618,-0.16835227119877894,-0.17907860320148009,-0.20931552256524721,-0.08313358480425304,-0.1205238021627143,-0.10690748609668166,0.11677412904751672,0.0364682461967539,-0.3411129836074802,-0.0661512165277508,-0.1583514327471778,-0.10292578982541323,0.09791257519794538,-0.07958162687149442,-0.4690140614195033,-0.7001152301245225,,,,,,,,,,,,,,,,,,,,,,,,,,-0.2543949455275759,-0.6075694770094289,-0.46021683282222314
SWX,Southwest Gas Corp,Utilities,2007-09-30,2007-01-31,2007-02-28,87.0031914536191,39.959255183578925,87.0031914536191,-0.5407150644021952,8,7,28.290000915527344,39.95000076293945,-0.2918648216454799,10642162.11467319,0.060359618502723755,0.097022682615171,0.08629635061246985,0.0034151292729422966,0.12959706703393647,0.09220684967547521,0.10253437147616262,0.326215986620361,0.24591010376959818,-0.030159595690276264,0.24480217138945315,0.15260195517002614,0.316810511821805,0.5176488768451636,0.3401546747757238,-0.09778753625938996,-0.3660134879501813,,,,,,,,,,,,,,,,,,,,,,,,,,-0.023602773969159524,-0.2697472292798079,-0.03069660717798134
ASH,Ashland Global,Materials,2007-11-30,2005-07-31,2006-03-31,85.18360535372003,36.69570737485432,85.18360535372003,-0.5692163154813945,28,20,24.09001922607422,36.77592849731445,-0.3449514339839609,51974250.298787706,-0.09754961269639828,-0.002502027798522599,-0.01814711835112072,0.10206054108752904,0.14825036177305584,0.09426754338617456,-0.8009202638263585,-0.4197905054545701,-0.44698612076193284,-0.23811754213090697,-0.01293137390153154,-0.08374873862666843,0.08998818670444031,0.2384187502809153,0.036002552873142246,-0.8328146714578535,-0.8873795492435231,,,,,,,,,,,,,,,,,,,,,,,,,,-0.9966942179772554,-0.5740932999274739,-0.41635497491601514
ATO,Atmos Energy,Utilities,2007-11-30,2006-11-30,2006-11-30,76.050504581652,38.09822748259183,76.050504581652,-0.4990404377700417,12,12,26.190000534057617,33.470001220703125,-0.21750822889550447,12382384.682809738,0.004553304959385551,0.09960088985726123,0.08395579930466311,0.07067636830768431,0.1168661889932111,0.06288337060632983,0.00020417564165797764,0.3813339340134464,0.35413831870608364,0.15716840111073616,0.3823545693401116,0.3115372046149747,0.33198764695196314,0.48041821052843814,0.2780020131206651,-0.22152052216640084,-0.22152052216640084,,,,,,,,,,,,,,,,,,,,,,,,,,-0.16203398509751885,-0.18827453119122506,-0.20285907821387272
BBWI,"Bath & Body Works, Inc.",Consumer Discretionary,2007-11-30,2006-11-30,2006-11-30,72.27161699059671,37.543472734982295,72.27161699059671,-0.48052258551421245,12,12,16.232820510864258,26.354082107543945,-0.3840491031096257,99811057.26788682,-0.2341738018186359,-0.13912621692076022,-0.15477130747335832,-0.018864806255789235,0.02732501442973756,-0.026657803957143723,-0.515698311886053,-0.13456855351426456,-0.1617641688216273,-0.09527614381947991,0.12991002440989552,0.05909265968475863,0.9559676162944886,1.1043981798709637,0.9019819824631905,-0.6481032207381688,-0.6834786599840481,,,,,,,,,,,,,,,,,,,,,,,,,,-0.7692383816408437,-0.6234587286262545,0.21728319129374574
EWBC,East West Bancorp,Financials,2007-11-30,2004-12-31,2004-12-31,83.30146164319405,31.205383430659523,83.30146164319405,-0.6253921261991555,35,35,26.950000762939453,43.68000030517578,-0.3830128073569161,21828938.148816425,-0.2993082658219156,-0.20426068092403993,-0.21990577147663803,-0.5033950002862115,-0.45720517960068474,-0.511187997987566,-0.4370271194939086,-0.05589736112212018,-0.08309297642948293,-0.4419785293335269,-0.21679236110415145,-0.28760972582928834,-0.3352608826480359,-0.1868303190715609,-0.38924651647933395,-0.7460713194256053,-0.8764967438710156,,,,,,,,,,,,,,,,,,,,,,,,,,-0.6926184711972535,-0.9149648861874868,-0.9815677788299618
M,Macy's,Consumer Discretionary,2007-11-30,2005-07-31,2006-10-31,72.96231609547178,38.693189221457935,72.96231609547178,-0.4696825526916171,28,13,29.649999618530277,46.70000076293945,-0.36509637828399877,189345730.55518618,-0.1638855363221502,-0.06883795142427451,-0.08448304197687263,-0.19375556346240397,-0.14756574277687717,-0.20154856116375847,-0.7441649902492147,-0.36303523187742626,-0.390230847184789,-0.42108223489047647,-0.19589606666110104,-0.26671343138623793,-0.07910122021630017,0.06932934336017482,-0.13308685404759824,-0.8251909537882667,-0.8251909537882667,,,,,,,,,,,,,,,,,,,,,,,,,,-0.9411161636721779,-0.69984676683351,-0.41039322804155504
SBUX,Starbucks,Consumer Discretionary,2007-11-30,2004-12-31,2006-04-30,85.32617582528424,37.26835493996482,85.32617582528424,-0.5632248301356394,35,19,11.69499969482422,20.0049991607666,-0.4153961416924117,320506343.92567587,-0.23129524380430733,-0.13624765890643165,-0.15189274945902975,-0.22231718984960103,-0.17612736916407423,-0.23011018755095553,-0.6182127484108177,-0.23708299003902933,-0.2642786053463921,-0.06370269835788767,0.16148346987148776,0.09066610514635087,0.32617885423237536,0.47460941780885035,0.2721932204010773,-0.6981616181833179,-0.6981616181833179,,,,,,,,,,,,,,,,,,,,,,,,,,-0.8345037008454399,-0.511284139019051,-0.4083738825783947
SSD,Simpson Manufacturing,Industrials,2007-11-30,2004-12-31,2005-11-30,82.66279458216027,38.78991921924525,82.66279458216027,-0.5307451264463223,35,24,26.61000061035156,45.459999084472656,-0.4146502167563728,9276122.647666931,-0.09586021201103379,-0.0008126271131581042,-0.016457717665756225,-0.0008638538018692632,0.04532596688365753,-0.008656851503223751,-0.0074271886093706385,0.3737025697624178,0.346506954455055,-0.03420831559753856,0.19097785263183686,0.12016048790669998,0.020466016496547335,0.16889658007302233,-0.03351961733475073,-0.27198573525598213,-0.47739839808378093,,,,,,,,,,,,,,,,,,,,,,,,,,-0.17994906684909848,-0.38388701141168463,-0.5540849999262087
WSO,Watsco,Industrials,2007-11-30,2005-11-30,2006-04-30,89.14752651887724,38.43351402480663,89.14752651887724,-0.5688773931751407,24,19,36.25,73.5999984741211,-0.5074728158758581,13820314.183141315,0.06075949494980115,0.15580707984767683,0.14016198929507873,0.3120116633982075,0.3582014840837343,0.304218665696853,0.1347937839664648,0.5159235423382532,0.48872792703089046,0.5120081271981272,0.7371942954275026,0.6663769307023657,0.8846998725957629,1.0331304361722378,0.8307142387644648,-0.15865045544975942,-0.15865045544975942,,,,,,,,,,,,,,,,,,,,,,,,,,-0.05745161791137418,0.081122871891048,0.1801264177806864
BAC,Bank of America,Financials,2007-12-31,2006-10-31,2006-11-30,70.49830750923967,33.27618182407819,70.49830750923967,-0.52798608931545,14,13,41.2599983215332,55.08000183105469,-0.2509078258913495,1350023992.4923851,-0.06577452616896229,0.02715129273579131,-0.0012785714823872751,-0.400242313069038,-0.284292090521713,-0.3196477109681259,-0.6309295145913365,-0.2629797811670821,-0.31320980687227723,-0.6033191651683618,-0.4019257519522711,-0.5009170913703835,-0.6475782546890816,-0.5664243648937972,-0.786441209444112,-0.7434569045084078,-0.9336826461746789,,,,,,,,,,,,,,,,,,,,,,,,,,-0.8130819793213878,-0.9348149859002514,-1.1093955138946883
BRO,Brown & Brown,Financials,2007-12-31,2005-12-31,2006-03-31,79.2385218663062,39.22910071095643,79.2385218663062,-0.5049238705241745,24,21,11.75,17.625,-0.33333333333333337,13552688.094923232,-0.25818726695786254,-0.16526144805310894,-0.19369131227128752,-0.25505296825531854,-0.13910274570799352,-0.1744583661544064,-0.09777727411501724,0.27017245930923717,0.21994243360404203,-0.21178139005511198,-0.010387976839021262,-0.10937931625713374,0.06682696368608187,0.14798085348136625,-0.07203599106894856,-0.30131768401742187,-0.35208975930774067,,,,,,,,,,,,,,,,,,,,,,,,,,-0.2610382193857449,-0.5926203897093478,-0.5589436635606672
BYD,Boyd Gaming,Consumer Discretionary,2007-12-31,2004-12-31,2005-04-30,89.33878933971349,39.18121983176009,89.33878933971349,-0.5614310410814691,36,32,34.06999969482422,59.25,-0.42497890810423256,32094671.432955302,-0.40953521853364894,-0.31660939962889534,-0.34503926384707395,-0.6261149917169212,-0.5101647691695962,-0.545520389616009,-0.8591977708370353,-0.4912480374127809,-0.5414780631179761,-0.7508425669669097,-0.5494491537508189,-0.6484404931689314,-0.6844601730525096,-0.6033062832572252,-0.82332312780754,-0.9163521645282786,-0.9163521645282786,,,,,,,,,,,,,,,,,,,,,,,,,,-1.0946923339977968,-1.204294063247346,-1.3897819120192527
CDP,COPT Defense Properties,Real Estate,2007-12-31,2006-03-31,2007-02-28,86.21734753174465,37.7722903583735,86.21734753174465,-0.5618945439667348,21,10,31.5,56.45000076293945,-0.4419840642290943,17684640.416369364,0.07763809958264156,0.17056391848739516,0.14213405426921658,0.11146260020266396,0.22741282274998897,0.1920572023035761,0.01734488982595095,0.38529462325020536,0.3350645975450102,0.2733966994724668,0.47479011268855753,0.3757987732704451,0.26738859319568187,0.34854248299096624,0.12852563844065143,-0.3335731046689817,-0.3335731046689817,,,,,,,,,,,,,,,,,,,,,,,,,,-0.046861830760890455,0.1747523368318649,0.13393754357303544
DRI,Darden Restaurants,Consumer Discretionary,2007-12-31,2006-02-28,2006-02-28,73.82803477018525,34.58447974224336,73.82803477018525,-0.5315535643079319,22,22,24.769969940185547,42.54964065551758,-0.4178571297294017,64114902.96889487,0.1833779311858279,0.2763037500905815,0.24787388587240292,0.1672210583346263,0.2831712808819513,0.24781566043553843,0.04466241700956641,0.4126121504338208,0.3623821247286257,0.3367855668823121,0.5381789800984028,0.43918764068029037,0.821506529751225,0.9026604195465093,0.6826435749961945,-0.510291378697145,-0.510291378697145,,,,,,,,,,,,,,,,,,,,,,,,,,-0.13817300263711468,-0.021473021518087554,0.25309900368027716
FCFS,FirstCash,Financials,2007-12-31,2006-04-30,2006-12-31,82.23727048173052,39.380441168298475,82.23727048173052,-0.5211363298220475,20,12,14.68000030517578,26.46999931335449,-0.44540987208225913,8455887.713719929,-0.29632142912441495,-0.20339561021966135,-0.23182547443783993,0.021117036025739777,0.1370672585730648,0.1017116381266519,0.2983645934103072,0.6663143268345616,0.6160843011293664,0.5115802871560253,0.712973700372116,0.6139823609540036,1.111035338626337,1.1921892284216213,0.9721723838713066,-0.48637609975758045,-0.48637609975758045,,,,,,,,,,,,,,,,,,,,,,,,,,0.14550037207479857,0.2199615605205147,0.6884926327595381
FDX,FedEx,Industrials,2007-12-31,2004-12-31,2006-04-30,79.22173749759223,38.06250184382215,79.22173749759223,-0.5195447228738328,36,20,71.85334777832031,97.8404541015625,-0.2656069676073506,222018404.9732362,0.040422142389331395,0.133347961294085,0.10491809707590641,-0.11433218161577818,0.001618040931546827,-0.033737579514866056,-0.2766828561315049,0.09126687729274952,0.04103685158755438,-0.051521197158374665,0.14987221605771606,0.050880876639603584,0.0630847842926896,0.14423867408797397,-0.07577817046234084,-0.39330593670033165,-0.6152272642205239,,,,,,,,,,,,,,,,,,,,,,,,,,-0.4424825480478356,-0.33129779247307745,-0.3300730677526043
KNX,Knight-Swift,Industrials,2007-12-31,2005-02-28,2005-11-30,79.21554670141377,39.91200859064424,79.21554670141377,-0.49615939985765545,34,25,14.8100004196167,22.50666618347168,-0.3419727160438899,15246308.616470154,0.11355797002808643,0.20648378893284003,0.17805392471466144,0.24083351424166,0.356783736788985,0.3214281163425721,0.09844651616105926,0.46639624958531367,0.41616622388011854,0.33009030909937653,0.5314837223154673,0.4324923828973548,0.37962511746390293,0.4607790072591873,0.2407621627088725,-0.1954201689564531,-0.1954201689564531,,,,,,,,,,,,,,,,,,,,,,,,,,-0.023803607327861076,0.10335540614307104,0.027212525367006635
MAR,Marriott International,Consumer Discretionary,2007-12-31,2007-01-31,2007-02-28,79.60400933604208,39.94081876530091,79.60400933604208,-0.49825619213859096,11,10,31.863121032714844,48.47520065307617,-0.34269233332832316,125280875.82961981,0.005266399170480662,0.09819221807523426,0.06976235385705568,-0.22812016594736162,-0.11216994340003661,-0.1475255638464495,-0.4227433736367079,-0.054793640212453476,-0.10502366591764861,-0.17807653319835914,0.023316880017731578,-0.0756744594003809,0.2606449724836917,0.34179886227897605,0.12178201772866123,-0.6494972664092611,-0.6494972664092611,,,,,,,,,,,,,,,,,,,,,,,,,,-0.6482210268663515,-0.6219331620162419,-0.44056306042149873
SPGI,S&P Global,Financials,2007-12-31,2005-11-30,2007-05-31,80.6161527038306,35.50569053843597,80.6161527038306,-0.5595710121657931,25,7,41.44749450683594,68.59034729003906,-0.3957240902780049,133413486.15549143,-0.1520475824114742,-0.059121763506720604,-0.08755162772489919,-0.07432614327742848,0.04162407926989653,0.006268458823483647,-0.4556770622782862,-0.08772732885403178,-0.13795735455922692,-0.18710175270851492,0.014291660507575799,-0.08469967891053667,-0.08971756062987057,-0.008563670834586201,-0.228580515384901,-0.6022136589365013,-0.6022136589365013,,,,,,,,,,,,,,,,,,,,,,,,,,-0.677740933403316,-0.6971727635168365,-0.9459354712848779
TPR,"Tapestry, Inc.",Consumer Discretionary,2007-12-31,2007-03-31,2007-04-30,78.90850360136122,39.52648104919538,78.90850360136122,-0.4990846455677367,9,8,30.57999992370605,54.0,-0.43370370511655465,247970528.3479721,-0.014061405739720034,0.07886441316503356,0.05043454894685498,-0.055591997791023195,0.060358224756301815,0.02500260430988893,-0.32079807457865106,0.04715165884560335,-0.0030783668595917857,0.20352815540517288,0.4049215686212636,0.30593022920315116,0.8447960325594455,0.9259499223547298,0.705933077804415,-0.5686722347768045,-0.6268803341964029,,,,,,,,,,,,,,,,,,,,,,,,,,-0.5579934855936688,-0.2206629863708892,0.3602751020933254
TSCO,Tractor Supply,Consumer Discretionary,2007-12-31,2005-07-31,2006-03-31,70.87947032513773,36.01825910915769,70.87947032513773,-0.4918379194435988,29,21,1.7970000505447388,3.379499912261963,-0.4682645074128814,19881808.59366296,0.09961070219565626,0.19253652110040986,0.16410665688223128,-0.19198646078884185,-0.07603623824151684,-0.11139185868792972,0.005564705099160294,0.3735144385234147,0.32328441281821957,0.47384551389584373,0.6752389271119345,0.576247587693822,1.720557777128144,1.8017116669234283,1.5816948223731135,-0.257095170825163,-0.257095170825163,,,,,,,,,,,,,,,,,,,,,,,,,,-0.2509215962976771,-0.13150027606443726,0.7350446128182504
VMRK,Vivmark Residential,Real Estate,2007-12-31,2006-10-31,2006-11-30,78.35148093891505,39.929692184581434,78.35148093891505,-0.4903773137905113,14,13,36.470001220703125,61.5,-0.40699185006986793,89823000.49497211,0.1522005219200604,0.245126340824814,0.2166964766066354,0.07534602193655848,0.1912962444838835,0.1559406240374706,-0.13997081061619165,0.22797892280806276,0.17774889710286762,0.040891097468425786,0.2422845106845165,0.14329317126640403,0.6532981262118776,0.7344520160071619,0.5144351714568471,-0.3954591697957751,-0.5477780729941029,,,,,,,,,,,,,,,,,,,,,,,,,,-0.27662983630242705,-0.20506350451016045,0.3328244067408431
VNO,Vornado Realty Trust,Real Estate,2007-12-31,2006-11-30,2007-02-28,82.52119386305014,39.576355613802455,82.52119386305014,-0.5204098030927393,13,10,64.34498596191406,99.9011688232422,-0.3559135821948054,124191962.01562192,-0.00971025932965175,0.08321555957510185,0.054785695356923264,0.02057508737166147,0.13652530991898648,0.1011696894725736,-0.2830061610744904,0.08494357234976402,0.03471354664456888,-0.11217867206956744,0.08921474114652328,-0.009776598271589193,0.09320058147341892,0.1743544712687033,-0.04566237328161152,-0.5644574829563779,-0.6708623793246034,,,,,,,,,,,,,,,,,,,,,,,,,,-0.3633413429598953,-0.24277095468706142,-0.02012178000485766
WFC,Wells Fargo,Financials,2007-12-31,2006-07-31,2006-07-31,74.20001155714644,38.900070537433145,74.20001155714644,-0.4757403709098674,17,17,30.190000534057617,37.9900016784668,-0.20531720978655066,807404876.0510309,-0.026197596470920792,0.0667282224338328,0.03829835821565422,-0.19727206274259834,-0.08132184019527333,-0.11667746064168621,0.01710419527398699,0.3850539286982414,0.33482390299304626,-0.0458427294497078,0.15555068376638292,0.05655934434827045,0.10322225720572087,0.18437614700100524,-0.03564069754930957,-0.31376550047782703,-0.72585816538646,,,,,,,,,,,,,,,,,,,,,,,,,,-0.13355110282422494,-0.3303123776639128,-0.3027596222683397
ALL,Allstate,Financials,2008-01-31,2005-07-31,2005-07-31,79.98852286245913,39.49460863586451,79.98852286245913,-0.5062465560993571,30,30,49.220001220703125,66.13999938964844,-0.25582096046395575,248081348.34235054,0.03188269687870826,0.020421317681410533,-0.0033329355304511157,-0.04517552109055811,0.022340268644783112,-0.027519384641673923,-0.5405249932458751,-0.1580080188748869,-0.19065175552977331,-0.3432212180051303,-0.16232778463867714,-0.25432754635121047,-0.29794474276389216,-0.2987060988312862,-0.5247991998664032,-0.6305759010755871,-0.7080309434134442,,,,,,,,,,,,,,,,,,,,,,,,,,-0.7233077172804472,-0.7264237227257311,-0.9097689513401263
AXP,American Express,Financials,2008-01-31,2006-12-31,2007-05-31,75.60799220345683,39.22133123013186,75.60799220345683,-0.48125416259448506,13,8,49.130001068115234,65.88999938964844,-0.25436330970988386,622076657.7539474,-0.018792148057045988,-0.030253527254343715,-0.054007780466205364,-0.23821516401502163,-0.1706993742796804,-0.22055902756613743,-0.6519366260247745,-0.26941965165378634,-0.30206338830867274,-0.1922445871744688,-0.011351153808015657,-0.10335091552054901,-0.05297440490894567,-0.0537357609763397,-0.27982886201145674,-0.6937541617000402,-0.7979859769332281,,,,,,,,,,,,,,,,,,,,,,,,,,-0.8732644823184028,-0.627418257931881,-0.697280126141333
CBT,Cabot Corp,Materials,2008-01-31,2007-03-31,2007-03-31,70.08114881564616,35.451182324903186,70.08114881564616,-0.49414096480980585,10,10,29.65999984741211,49.869998931884766,-0.4052536498361792,16998713.118017286,-0.010667782029094575,-0.022129161226392302,-0.04588341443825395,-0.08450137541542246,-0.01698558568008124,-0.06684523896653827,-0.5367511548299302,-0.154234180458942,-0.1868779171138284,-0.06654413493993105,0.11434929842652208,0.022349536713988732,0.6051177050674652,0.6043563490000712,0.37826324796495414,-0.5471531238866407,-0.7190651136770309,,,,,,,,,,,,,,,,,,,,,,,,,,-0.7067534978228115,-0.38949898392522103,0.16013868273735926
CSL,Carlisle Companies,Industrials,2008-01-31,2006-04-30,2007-08-31,74.59645121021546,38.616769065875545,74.59645121021546,-0.48232431383294483,21,5,33.29999923706055,51.56999969482422,-0.354275752683344,14811667.852168612,-0.129526389246572,-0.14098776844386973,-0.16474202165573137,-0.07365930547593702,-0.006143515740595795,-0.05600316902705283,-0.4275893729206103,-0.045072398549622084,-0.07771613520450849,0.05295709425393813,0.23385052762039127,0.14185076590785792,0.20733999832291006,0.20657864225551603,-0.01951445877960098,-0.4910541325746114,-0.4910541325746114,,,,,,,,,,,,,,,,,,,,,,,,,,-0.6362185434998334,-0.39149534230306976,-0.5178665439521256
GGG,Graco Inc.,Industrials,2008-01-31,2005-03-31,2006-04-30,81.99677479344187,37.92343603583372,81.99677479344187,-0.537500881816795,34,21,11.40666675567627,16.666667938232422,-0.31560004687499643,17835743.912905738,0.21592488450131087,0.20446350530401314,0.1807092520921515,0.06887233854540753,0.13638812828074875,0.08652847499429173,-0.3625247820875638,0.019992192283424415,-0.012651544371461987,-0.1748251942349217,0.006068239131531428,-0.08593152258100192,0.345281263948775,0.344519907881381,0.11842680684626397,-0.4855913090573928,-0.5753163484454396,,,,,,,,,,,,,,,,,,,,,,,,,,-0.5522784411841793,-0.5822974212158522,-0.29457394462594244
KRC,Kilroy Realty Corp,Real Estate,2008-01-31,2006-03-31,2007-01-31,90.91157735089804,35.88238651905334,90.91157735089804,-0.6053045435505373,22,12,48.790000915527344,90.1500015258789,-0.45879090305371273,26915939.13494292,0.08502884264913946,0.07356746345184173,0.04981321023998008,-0.03856733960628467,0.028948450129056558,-0.020911203157400478,-0.5056717018862166,-0.12315472751522838,-0.15579846417011478,-0.32810020996462363,-0.1472067765981705,-0.23920653831070385,-0.07458042058226355,-0.07534177664965758,-0.3014348776847746,-0.5590279392155839,-0.6840710248883863,,,,,,,,,,,,,,,,,,,,,,,,,,-0.5984367447505453,-0.49659491735637284,-0.3177560765552514
LAMR,Lamar Advertising Company,Real Estate,2008-01-31,2007-01-31,2007-01-31,74.69689390849119,38.05816790761526,74.69689390849119,-0.49049865508143997,12,12,43.119998931884766,71.54000091552734,-0.39726029661643714,69254911.66803874,-0.08302368106557134,-0.09448506026286907,-0.11823931347473071,-0.11920196901834323,-0.05168617928300201,-0.10154583256945904,-0.7910481095630069,-0.40853113519201867,-0.44117487184690507,-0.3367345792685834,-0.15584114590213027,-0.24784090761466362,-0.145639886519642,-0.14640124258703602,-0.37249434362215306,-0.798469358246101,-0.8759276205622188,,,,,,,,,,,,,,,,,,,,,,,,,,-1.0068017451169295,-0.724485469100464,-0.729811086073322
MRVL,Marvell Technology,Information Technology,2008-01-31,2006-01-31,2006-01-31,80.72828331482368,37.1276720142099,80.72828331482368,-0.5400909013583304,24,24,11.869999885559082,36.834999084472656,-0.6777521330097511,174176113.52820623,0.09098508384614123,0.07952370464884351,0.05576945143698186,0.24599826736789998,0.3135140571032412,0.2636544038167842,-0.3858468140278637,-0.0033298396568754995,-0.0359735763117619,0.46840721498362425,0.6493006483500774,0.5573008866375441,0.6015157604769212,0.6007544044095272,0.37466130337441017,-0.6225780917583774,-0.6225780917583774,,,,,,,,,,,,,,,,,,,,,,,,,,-0.6383987571530243,0.012943743728012602,-0.05717469585749568
AFG,American Financial Group,Financials,2008-02-29,2006-12-31,2007-02-28,85.02101615641108,39.60427735693474,85.02101615641108,-0.5341824980769965,14,12,25.8700008392334,36.84000015258789,-0.2977741386514051,19619396.76304469,0.15824445551119237,0.10425513696029909,0.06306449162992833,0.11311649543592561,0.1411016577896832,0.08062851784023774,-0.3846054976150519,0.049638586608522495,0.019361169200578288,0.04770510506534009,0.18063897935586337,0.07068016251084427,0.4306258821813518,0.36762927656414646,0.12504463295733842,-0.4635213931149723,-0.4949493246805826,,,,,,,,,,,,,,,,,,,,,,,,,,-0.5961487254231495,-0.3926814655317549,-0.24999233930307385
CBSH,Commerce Bancshares,Financials,2008-02-29,2005-07-31,2005-08-31,73.02756480580206,39.909613404873525,73.02756480580206,-0.4534993257545581,31,30,23.192277908325195,27.086793899536133,-0.1437791421773853,12134195.282328561,0.06103840410792327,0.007049085557029988,-0.03414155977334077,0.09338520630272673,0.12137036865648432,0.060897228707038856,-0.1041027871923188,0.3301412970312556,0.2998638796233114,0.12844933691171834,0.2613832112022416,0.15142439435722252,0.14627236774280172,0.0832757621255964,-0.15930888148121164,-0.1861345606556588,-0.27706702362273317,,,,,,,,,,,,,,,,,,,,,,,,,,-0.1967464750253747,-0.06339344447238024,-0.13931428964181614
DTE,DTE Energy,Utilities,2008-02-29,2007-05-31,2007-05-31,71.14943544611026,37.86923925895429,71.14943544611026,-0.46775067122441094,9,9,33.88085174560547,46.58723449707031,-0.27274387262167055,70747126.92237648,0.12648191395193553,0.07249259540104225,0.03130195007067149,0.08664427725909607,0.11462943961285366,0.054156299663408194,-0.2908287219575215,0.1434153622660529,0.11313794485810869,0.2275160436084458,0.3604499178989691,0.25049110105394995,0.3946829475726019,0.3316863419553966,0.08910169834858855,-0.29162345551095625,-0.38222364734622694,,,,,,,,,,,,,,,,,,,,,,,,,,-0.44219412742272557,-0.07449713719699624,-0.06635942765270963
GBCI,Glacier Bancorp,Financials,2008-02-29,2006-12-31,2006-12-31,72.20714468912742,38.944064323857354,72.20714468912742,-0.46066189860404005,14,14,17.190000534057617,25.38999938964844,-0.3229617586731405,8336485.095765855,0.21436920516479385,0.16037988661390057,0.11918924128352981,0.2587657784011219,0.2867509407548795,0.22627780080543403,-0.07932157331271839,0.354922510910856,0.3246450935029118,-0.10112609378071535,0.031807780509807926,-0.07815103633521117,0.0020946199891827,-0.060901985628022626,-0.30348662923483066,-0.2492196917689674,-0.29408670363159684,,,,,,,,,,,,,,,,,,,,,,,,,,-0.1871823117658299,-0.3660142977084949,-0.4203247802361486
GPC,Genuine Parts Company,Consumer Discretionary,2008-02-29,2007-04-30,2007-04-30,70.20091135923138,37.55466852959991,70.20091135923138,-0.4650401568517317,10,10,41.25,51.68000030517578,-0.20181889016225896,47442642.26244972,0.07705044963084084,0.02306113107994756,-0.018129514250423195,0.047517300995611356,0.07550246334936894,0.01502932339992348,-0.2911727431311494,0.14307134109242503,0.11279392368448082,0.06676537859576381,0.1996992528862871,0.089740436041268,0.4469360584080513,0.38393945279084596,0.14135480918403792,-0.3088054832656426,-0.36276168462014624,,,10457942000.0,,,,,,,,,,,,,,,,,,,,2006-12-31,,,-0.41974868566161533,-0.20159280966788173,0.022691739225796648
HIG,Hartford (The),Financials,2008-02-29,2007-05-31,2007-05-31,73.12696009480906,35.12829972386764,73.12696009480906,-0.5196258715209299,9,9,69.9000015258789,106.2300033569336,-0.341993793495286,214185846.5507144,0.02445174448046572,-0.029537574070427564,-0.07072821940079832,-0.08264237206524905,-0.05465720971149146,-0.11513034966093692,-0.9064000627862432,-0.4721559785626688,-0.502433395970613,-0.6224813735919883,-0.489547499301465,-0.5995063161464841,-0.5367385519736348,-0.5997351575908402,-0.8423198011976483,-0.9395021091179101,-0.9489036479682439,,,,,,,,,,,,,,,,,,,,,,,,,,-1.116994503843828,-1.0163619404711999,-1.1163643229762397
ORLY,O'Reilly Automotive,Consumer Discretionary,2008-02-29,2005-07-31,2006-03-31,79.60165718102267,39.55253589027755,79.60165718102267,-0.50311919009009,31,23,1.797333002090454,2.5893330574035645,-0.30587029082588657,35366475.08085342,-0.030044527065576476,-0.08403384561646976,-0.12522449094684052,0.08011873884153764,0.10810390119529523,0.047630761245849765,0.23738893934797378,0.6716330235715482,0.641355606163604,0.45771533851089097,0.5906492128014142,0.4806903959563951,1.0615728916964393,0.998576286079234,0.755991642472426,-0.2581602775383791,-0.2581602775383791,,,,,,,,,,,,,,,,,,,,,,,,,,-0.025581052756548095,-0.13514274519246128,0.06706594430323054
OSK,Oshkosh,Industrials,2008-02-29,2006-03-31,2006-04-30,85.36802162862898,39.614804908954255,85.36802162862898,-0.5359526418301224,23,22,40.06999969482422,65.83000183105469,-0.3913109740197277,39004706.55272953,0.010987299646810555,-0.04300201890408273,-0.08419266423445348,-0.6119318740485626,-0.583946711694805,-0.6444198516442505,-0.8377772805341204,-0.40353319631054596,-0.43381061371849017,-0.012151559866792394,0.12078231442373089,0.010823497578711781,-0.0756411705232034,-0.13863777614040873,-0.38122241974721677,-0.9012526574137361,-0.9012526574137361,,,,,,,,,,,,,,,,,,,,,,,,,,-1.088859519927966,-0.39788358073059027,-0.5742074773741019
RJF,Raymond James Financial,Financials,2008-02-29,2006-04-30,2007-10-31,83.41937552802554,37.92928849206206,83.41937552802554,-0.5453180001411142,22,4,14.979999542236328,25.06666755676269,-0.40239365650361847,47590104.63708696,0.33040100999685595,0.27641169144596267,0.23522104611559191,0.38428416000302423,0.4122693223567818,0.35179618240733634,-0.3666939327115415,0.06755015151203292,0.03727273410408871,0.19854602845333003,0.3314799027438533,0.2215210858988342,0.8054659110028872,0.7424693053856819,0.49988466177887386,-0.4349060335990106,-0.5114107021123598,,,,,,,,,,,,,,,,,,,,,,,,,,-0.5724538502280142,-0.22895398148493235,0.16769173437402696
SON,Sonoco,Materials,2008-02-29,2007-05-31,2007-06-30,78.74105901829196,39.10314573450038,78.74105901829196,-0.5033957350584208,9,8,28.170000076293945,44.90999984741211,-0.372745487151962,16076900.304527888,0.23914282011595,0.18515350156505672,0.14396285623468597,0.2468734279306457,0.2748585902844033,0.21438545033495782,-0.2865820096260031,0.1476620745975713,0.1173846571896271,0.1407059420666421,0.2736398163571654,0.1636809995121463,0.4390583715584673,0.37606176594126195,0.1334771223344539,-0.3447066876564696,-0.38172915644884753,,,,,,,,,,,,,,,,,,,,,,,,,,-0.3762509291656433,-0.022408034686443257,0.1873690404572424
STZ,Constellation Brands,Consumer Staples,2008-02-29,2005-06-30,2005-06-30,84.94387255638428,37.506021993460486,84.94387255638428,-0.5584611242139375,32,32,19.209999084472656,31.600000381469727,-0.3920886439059216,36748709.87395332,0.10983832625191714,0.055849007701023856,0.0146583623706531,0.09890689211915538,0.12689205447291296,0.0664189145234675,-0.3206663373205064,0.11357774690306799,0.08330032949512378,-0.21707437565668375,-0.08414050136616047,-0.19409931821117957,0.057782484903750264,-0.0052141207134550616,-0.2477987643202631,-0.4450808744290734,-0.4450808744290734,,,,,,,,,,,,,,,,,,,,,,,,,,-0.5258991384522208,-0.7427693339702047,-0.9457308778998526
THO,Thor Industries,Consumer Discretionary,2008-02-29,2006-03-31,2006-03-31,74.75697776119746,38.86273840046256,74.75697776119746,-0.4801456724935418,23,23,30.479999542236328,56.93000030517578,-0.46460566697967776,25343405.58365413,-0.1133772523481783,-0.1673665708990716,-0.20855721622944234,-0.24222170192609882,-0.21423653957234123,-0.2747096795217867,-0.6436240284204229,-0.20937994419684847,-0.23965736160479267,0.16195814993605673,0.29489202422658,0.1849332073815609,0.15092385040903222,0.0879272447918269,-0.15465739881498114,-0.6705767545375788,-0.6825557631075719,,,,,,,,,,,,,,,,,,,,,,,,,,-0.8312610866853545,-0.19583962340959177,-0.34594052061691716
VMC,Vulcan Materials Company,Materials,2008-02-29,2007-04-30,2007-04-30,80.62441194623585,39.326443922458694,80.62441194623585,-0.5122265952316847,10,10,70.0999984741211,128.6199951171875,-0.45498366400766854,155018060.75980777,0.10437002075941715,0.050380702208523864,0.009190056878153108,0.08145311915077902,0.1094382815045366,0.04896514155509114,-0.38713790298525885,0.04710618123831556,0.01682876383037135,-0.3397826767303017,-0.20684880243977843,-0.31680761928479756,-0.2855731060451876,-0.3485697116623929,-0.5911543552692009,-0.43320729020112825,-0.4923648294190812,,,,,,,,,,,,,,,,,,,,,,,,,,-0.532693516413176,-0.6577204996084478,-0.825397211852293
WTRG,Essential Utilities,Utilities,2008-02-29,2005-09-30,2006-02-28,88.50597529429812,38.64380188375754,88.50597529429812,-0.5633763510852231,29,24,15.232000350952148,23.832000732421875,-0.36085935369119004,20762194.665182203,-0.09637049288594157,-0.15035981143683486,-0.1915504567672056,-0.02539713735345861,0.002588025000298977,-0.057885114949146485,-0.005801441729769263,0.42844264249380515,0.39816522508586094,-0.043606749499633835,0.08932712479088945,-0.02063169205412966,0.29571986410044837,0.23272325848324305,-0.009861385123564992,-0.34990935851423255,-0.34990935851423255,,,,,,,,,,,,,,,,,,,,,,,,,,-0.10683626398811022,-0.2521775940857518,-0.030551732022048028
WTS,Watts Water Technologies,Industrials,2008-02-29,2005-02-28,2005-07-31,79.36802184620203,39.749757396660925,79.36802184620203,-0.49917162514535995,36,31,27.71999931335449,46.709999084472656,-0.40655106279868936,14460501.067933582,0.027159762642536167,-0.026829555908357117,-0.06802020123872787,0.03344670273149264,0.061431865085250226,0.0009587251358047638,-0.375944685478678,0.058299398744896425,0.028021981336952217,0.0897991484063807,0.22273302269690398,0.11277420585188488,0.48061878941308755,0.41762218379588223,0.1750375401890742,-0.39053314701428565,-0.4171315051098673,,,,,,,,,,,,,,,,,,,,,,,,,,-0.5715948767712298,-0.29458387072970743,-0.12640906879735925
WTW,Willis Towers Watson,Financials,2008-02-29,2007-05-31,2007-05-31,71.6405363243602,39.38760276618148,71.6405363243602,-0.45020508238729684,9,9,87.01986694335938,123.54966735839844,-0.29566894995412474,33692630.377298266,0.09887818734372944,0.044888868792836156,0.0036982234624654,0.06392141293740727,0.09190657529116486,0.0314334353417194,-0.3102032902822781,0.1240407939412963,0.0937633765333521,-0.02270372662814335,0.11023014766237993,0.00027133081736082504,0.3185438135534495,0.2555472079362442,0.012962564329436155,-0.3913657556438974,-0.4163984176236629,,,,,,,,,,,,,,,,,,,,,,,,,,-0.436135103430512,-0.28381562483667677,-0.06537542734941915
DGX,Quest Diagnostics,Health Care,2008-03-31,2005-04-30,2006-08-31,76.56819819163594,39.98698861296836,76.56819819163594,-0.4777598329676196,35,19,45.27000045776367,64.69000244140625,-0.30020097775127585,75819077.88598803,0.07296757919984631,0.09835073321572918,0.0891903619463468,0.1461694558950013,0.25774837786575844,0.20669755478402996,0.057447916847541025,0.4390279998665386,0.40920451838608624,0.30789561722457015,0.37974272352639027,0.2673974354099782,0.3049197843629574,0.23220237767512497,-0.019003747427626505,-0.1407616238282271,-0.1407616238282271,1.74,339939000.0,6704907000.0,,,,,0.3114888540284569,,,,,8844275106.673405,,,1.3190749859279784,6.527673180541451,26.017241642392914,,,,,2007-12-31,,,-0.05481375535084783,0.0744335445430577,-0.046822226864633054
EEFT,Euronet Worldwide,Financials,2008-03-31,2006-03-31,2006-03-31,74.61118580435465,37.468248651589235,74.61118580435465,-0.4978199549081229,24,24,19.26000022888184,39.77999877929688,-0.5158370834615128,15495098.943004912,-0.12253377893591944,-0.09715062492003657,-0.10631099618941894,-0.13136036638522897,-0.019781444414471827,-0.07083226749620031,-0.3219106820137918,0.05966940100520579,0.029845919524753406,-0.043094491892134545,0.028752614409685573,-0.08359267370672652,0.003634459708844684,-0.06908294697898776,-0.32028907208173923,-0.6433021908661769,-0.6433021908661769,,,,,,,,,,,,,,,,,,,,,,,,,,-0.4132335111186475,-0.24072249510206778,-0.3514236588311706
ELV,Elevance Health,Health Care,2008-03-31,2007-02-28,2007-02-28,70.22836896316286,27.155931295995742,70.22836896316286,-0.6133196356839792,13,13,44.130001068115234,90.0,-0.5096666547987196,418270760.8362894,0.07999093330933116,0.10537408732521403,0.09621371605583165,0.059822925116379544,0.17140184708713668,0.1203510240054082,-0.1395875204576813,0.2419925625613163,0.2121690810808639,0.458871690959763,0.5307187972615831,0.418373509145171,0.5873069623622571,0.5145895556744247,0.2633834305716732,-0.3768411818886386,-0.3768411818886386,5.56,3345400000.0,61167900000.0,,,,,,,,,,26552608916.056244,,,0.4340938452367376,4.082510970830114,7.937050551819287,,,,,2007-12-31,,,-0.3135785353552515,0.07246232812923525,-0.053646210578658815
HUM,Humana,Health Care,2008-03-31,2005-08-31,2008-01-31,84.72219909287956,38.98615936947471,84.72219909287956,-0.5398353703409561,31,2,44.86000061035156,88.0999984741211,-0.490805886636548,241784704.0370457,-0.11346417811656151,-0.08808102410067864,-0.09724139537006102,-0.08158716336137806,0.029991758609379082,-0.02105906447234939,-0.4186357166426833,-0.03705563362368569,-0.06687911510413808,0.04257691459097668,0.1144240208927968,0.0020787327763847133,0.5590719874101595,0.48635458072232707,0.2351484556195756,-0.5860454949815443,-0.5860454949815443,4.91,833684000.0,25289989000.0,,,,,0.6138252865235632,,,,,7616917464.122268,,,0.3011831070437503,3.6140639045763536,9.136456336120482,,,,,2007-12-31,,,-0.5981495320185158,-0.3426679407265547,-0.0563703606434387
MO,Altria,Consumer Staples,2008-03-31,2006-08-31,2007-01-31,74.1143599265718,22.02075810187958,74.1143599265718,-0.7028813562756736,19,14,22.200000762939453,90.5,-0.7546961241664149,1028352535.6689878,-0.0609862346544211,-0.03560308063853823,-0.04476345190792061,-0.07968363974498116,0.03189528222577598,-0.019155540855952495,-0.22587185521299746,0.15570822780600013,0.12588474632554775,0.0647849301097847,0.13663203641160482,0.024286748295192735,0.439296543938394,0.36657913725056157,0.1153730121478101,-0.3348118158328297,-0.3348118158328297,4.62,9786000000.0,18664000000.0,,,,,2.237823004802195,,,,,47023637979.68084,,,2.5194833893956727,9.159964816434492,4.805194970333215,,,,,2007-12-31,net income 2.24x operating income,,-0.3947522110917509,-0.29187976399973936,-0.09688109978479365
PCG,PG&E Corporation,Utilities,2008-03-31,2007-04-30,2007-04-30,83.58358354980713,38.915635002778764,83.58358354980713,-0.5344105463055542,11,11,36.81999969482422,52.16999816894531,-0.2942303816920263,100481112.78153677,0.08844087782509025,0.11382403184097312,0.10466366057159074,0.03730337677770246,0.1488822987484596,0.09783147566673112,0.08066545296658267,0.46224553598558027,0.4324220545051279,0.24975670137645767,0.3216038076782778,0.2092585195618657,0.3557184317369877,0.28300102504915525,0.031794899946403776,-0.261284797884204,-0.261284797884204,2.78,1006000000.0,13237000000.0,,,,,0.47587511825922424,,,,,13324071832.01193,,,1.0065779128210266,,13.244604206771303,,,,,2007-12-31,,,0.0626025408917038,0.19988613160304108,0.2692563290143503
PPC,Pilgrim's Pride,Consumer Staples,2008-03-31,2005-03-31,2005-07-31,72.12914322504429,39.09499613489675,72.12914322504429,-0.45798612895040736,36,32,20.229999542236328,41.0,-0.5065853770186262,23183988.43919966,-0.35712794655632274,-0.33174479254043987,-0.3409051638098223,-0.8765474467258245,-0.7649685247550674,-0.8160193478367959,-0.9107571859559638,-0.5291771029369662,-0.5590005844174186,-0.4724757692947552,-0.4006286629929351,-0.5129739511093472,-0.6177432583077838,-0.6904606649956162,-0.9416667900983677,-0.9930588928462314,-0.9930588928462314,,,,,,,,,,,,,,,,,,,,,,,,,,-1.1271535531073593,-0.8951691225244118,-1.1945580953117114
RRX,Regal Rexnord,Industrials,2008-03-31,2006-05-31,2006-12-31,82.01791321485447,39.96125280213486,82.01791321485447,-0.5127740851263529,22,15,36.630001068115234,59.0,-0.3791525242692333,13114434.2135717,0.15750040392836717,0.18288355794425004,0.17372318667486766,0.16906244405046267,0.2806413660212198,0.22959054293949133,-0.1492359749520744,0.23234410806692318,0.2025206265864708,0.6717369683975178,0.743584074699338,0.6312387865829259,1.0994073169986156,1.0266899103107832,0.7754837852080316,-0.30219191000571877,-0.30219191000571877,,,,,,,,,,,,,,,,,,,,,,,,,,-0.2877118214952612,0.4306430436118558,0.7446775387450433
SHW,Sherwin-Williams,Materials,2008-03-31,2007-01-31,2007-07-31,77.91388378519929,39.84994603460133,77.91388378519929,-0.4885385749160752,14,8,17.01333236694336,24.65333366394043,-0.3098972902059016,108686053.22144826,-0.09453403092153922,-0.06915087690565636,-0.07831124817503873,0.13375680035590864,0.24533572232666578,0.1942848992449373,0.04556168989385134,0.42714177291284894,0.39731829143239655,0.3945371755134637,0.4663842818152838,0.3540389936988717,0.7639030534268982,0.6911856467390658,0.4399795216363143,-0.15119777554374303,-0.15119777554374303,1.5666666666666667,615578000.0,8005292000.0,,,,,,,,,,6684914752.198889,,,0.8350619505445759,6.199769622892914,10.859573851240443,,,,,2007-12-31,,,-0.1789540724604263,-0.10707511946465431,-0.08660687306087611
SMG,Scotts Miracle-Gro Company,Materials,2008-03-31,2005-11-30,2006-02-28,81.1978002848215,37.57865271258709,81.1978002848215,-0.5371961730395329,28,25,32.41999816894531,57.45000076293945,-0.43568324215133514,20185430.983976334,-0.4556639833252828,-0.4302808293093999,-0.43944120057878233,-0.2639540223458192,-0.15237510037506208,-0.20342592345679056,0.08951467398929469,0.4710947570082923,0.4412712755278399,0.47423376184995747,0.5460808681517776,0.4337355800353655,0.8724228817626494,0.7997054750748169,0.5484993499720654,-0.500586541695496,-0.500586541695496,,,,,,,,,,,,,,,,,,,,,,,,,,-0.03131794701487675,0.22351120786239714,0.5475381255551179
TTC,Toro,Industrials,2008-03-31,2005-03-31,2007-06-30,84.21400929334818,38.761170822174236,84.21400929334818,-0.5397301334133742,36,9,10.34749984741211,15.922499656677246,-0.3501334545124144,21074068.292127337,-0.19285560253011624,-0.16747244851423337,-0.17663281978361575,0.0019558306694735794,0.11353475264023072,0.062483929558502245,-0.40475750260641796,-0.023177419587420367,-0.05300090106787275,0.23065997183441067,0.3025070781362308,0.1901617900198187,0.6788687236545954,0.6061513169667629,0.35494519186401147,-0.5047067177038501,-0.5047067177038501,,,,,,,,,,,,,,,,,,,,,,,,,,-0.601637551561514,-0.16228080898736486,0.028007564967872933
UNH,UnitedHealth Group,Health Care,2008-03-31,2005-12-31,2005-12-31,90.24795504264762,33.4710639128581,90.24795504264762,-0.6291210820561973,27,27,34.36000061035156,64.61000061035156,-0.4681937736300449,462756757.9964108,-0.2360305011564523,-0.21064734714056943,-0.2198077184099518,-0.26105918355660584,-0.1494802615858487,-0.2005310846675772,-0.3899704760944148,-0.008390393075417224,-0.03821387455586961,-0.04779474708764997,0.02405235921417015,-0.08829292890224194,0.33725357625274577,0.2645361695649133,0.01333004446216185,-0.5777065997586726,-0.5777065997586726,3.42,4654000000.0,75431000000.0,,,,,0.5929417760224233,,,,,46757731824.72987,,,0.6198742138474881,4.383196278164243,10.046783804196364,,,,,2007-12-31,,,-0.6041455983148715,-0.5416847432476395,-0.5106075453944205
WCC,WESCO International,Industrials,2008-03-31,2006-04-30,2006-05-31,89.04010509832533,38.43815007232394,89.04010509832533,-0.5683052032578195,23,22,36.4900016784668,80.29000091552734,-0.5455224652835946,33798929.03432695,0.0972873001230643,0.12267045413894717,0.1135100828695648,-0.1181142874493476,-0.00653536547859046,-0.057586188560318934,-0.503425466099923,-0.1218453830809254,-0.1516688645613778,-0.04878034021693434,0.02306676608488578,-0.08927852203152631,0.7127985315695369,0.6400811248817044,0.38887499977895296,-0.6985474826870797,-0.6985474826870797,,,,,,,,,,,,,,,,,,,,,,,,,,-0.7471031462669329,-0.5125241205195549,0.04163041406758283
WRB,W. R. Berkley Corporation,Financials,2008-03-31,2006-03-31,2006-04-30,89.66353012289495,39.87756688335928,89.66353012289495,-0.555253213556257,24,23,8.20444393157959,12.133333206176758,-0.3238095589921717,42603196.75088787,-0.1255099220754219,-0.10012676805953902,-0.1092871393289214,-0.14539479091144436,-0.03381586894068722,-0.0848666920224157,-0.1775136261636998,0.20406645685529778,0.1742429753748454,-0.03913448703198563,0.032712619269834486,-0.0796326688465776,0.1984210245396265,0.12570361785179407,-0.1255025072509574,-0.39687705350061087,-0.39687705350061087,,,,,,,,,,,,,,,,,,,,,,,,,,-0.35875103751210446,-0.43213682676175535,-0.42447185972606327
AOS,A. O. Smith,Industrials,2008-04-30,2006-03-31,2006-03-31,75.92426469307955,39.48478613938115,75.92426469307955,-0.4799450966170481,25,25,5.156667232513428,9.67666721343994,-0.4671029685353524,13577941.690849122,0.28971924500505386,0.3678014837904,0.3441090561096941,0.03171582333813583,0.32379181524761547,0.3058265878391253,0.02978092403906918,0.38085338476965813,0.33232445112166437,0.7412063172640491,0.8415737323625824,0.7067229849190311,1.2557742649813566,1.202205712412295,0.9665471602772373,-0.3104843616177281,-0.3104843616177281,,,,,,,,,,,,,,,,,,,,,,,,,,-0.18087725630091778,0.28644266699133125,0.4865891823639781
CHE,Chemed Corp.,Health Care,2008-04-30,2006-03-31,2007-06-30,80.99456312499689,36.338610479458275,80.99456312499689,-0.5513450646881346,25,10,34.099998474121094,71.30000305175781,-0.5217391723059625,18571105.902263097,0.2572281994534409,0.33531043823878703,0.31161801055808114,0.2879896573204823,0.580065649229962,0.5621004218214718,0.24869511320914195,0.5997675739397309,0.5512386402917371,0.6374180865416823,0.7377855016402156,0.6029347541966643,1.0920263074693306,1.038457754900269,0.8027992027652113,-0.14702675784000785,-0.14702675784000785,,,,,,,,,,,,,,,,,,,,,,,,,,0.0663083433689243,0.22297578153900388,0.3667482853081321
FIS,Fidelity National Information Services,Financials,2008-04-30,2007-06-30,2007-06-30,74.59702136699093,39.18049908979027,74.59702136699093,-0.4747712660397513,10,10,36.060001373291016,57.79999923706055,-0.376124535479754,74142987.98836602,-0.05540038321441765,0.0226818555709285,-0.0010105721097773968,-0.24606268418003896,0.04601330772944068,0.02804808032095052,-0.1027539767977318,0.24831848393285716,0.1997895502848634,0.3331025359510684,0.43346995104960173,0.2986192036060505,0.6908287538529709,0.6372602012839093,0.4016016491488516,-0.4429159687014633,-0.4429159687014633,2.86,561200000.0,,,,,,2.1452599388379205,,,,,7075829640.10172,,,,9.022056168749792,12.608392088563292,,,,,2007-12-31,net income 2.15x operating income,,-0.21092160107539393,0.07809461039674104,0.28103324238770483
GRMN,Garmin,Consumer Discretionary,2008-04-30,2007-09-30,2007-10-31,88.2089922196526,39.45505883233081,88.2089922196526,-0.5527093345077307,7,6,40.900001525878906,125.68000030517578,-0.6745703260139588,311958967.9976327,-0.1278728287562646,-0.04979058997091845,-0.07348301765162435,-0.451100473882904,-0.15902448197342434,-0.1769897093819145,-0.3555586689140414,-0.004486208183452467,-0.05301514183144623,0.02008881850492017,0.12045623360345348,-0.014394513840097767,-0.06587412744410637,-0.11944268001316805,-0.3551012321482257,-0.6479218015295175,-0.6479218015295175,3.89,855011000.0,3180319000.0,,,,,0.9423155978226728,,,,,8989704679.856876,,,2.82666760153836,8.78378966443789,10.514139209737507,,,,,2007-12-29,,,-0.5754260887645666,-0.4290985207728073,-0.7589951887796897
BA,Boeing,Industrials,2008-06-30,2006-04-30,2007-07-31,79.6078155324839,38.17076251014128,79.6078155324839,-0.5205148859465221,26,11,65.72000122070312,107.83000183105467,-0.3905221171778188,527630787.7935622,-0.12197185315013104,-0.03353118201865857,-0.09332890269052188,-0.3418126844940981,-0.05676141554513958,-0.09393387062747996,-0.33131874610262413,-0.06917416225841788,-0.11448244616362804,0.018288964796550955,0.17412847602667259,0.03067705507932888,0.22781879760348778,0.12687908494287492,-0.13902835725738838,-0.5473853911343323,-0.5473853911343323,5.28,4074000000.0,66387000000.0,,,,,0.6987993138936535,,,,,50708955487.337975,,,0.7638386353855119,6.095331586730594,12.44696992816347,,,,,2007-12-31,,,-0.5099051251569866,-0.3214126457071899,-0.3082525905114575
CHH,Choice Hotels,Consumer Discretionary,2008-06-30,2006-06-30,2006-06-30,86.0393032714006,35.30930499455236,86.0393032714006,-0.5896142384699069,24,24,26.5,61.75,-0.5708502024291497,10645670.430137997,0.02924449153654929,0.11768516266802176,0.057887441996158445,0.1568380574441337,0.4418893263930922,0.40471687131075185,0.038728130370097036,0.3008727142143033,0.25556443030909315,0.20664519711652996,0.3624847083466516,0.21903328739930789,0.3596756157752119,0.25873590311459904,-0.007171539085664258,-0.302109717127373,-0.302109717127373,,,,,,,,,,,,,,,,,,,,,,,,,,-0.08901992798690378,-0.06895123781364271,-0.1126419336636093
CI,Cigna,Health Care,2008-06-30,2007-05-31,2007-05-31,76.24361762159126,37.38846803496018,76.24361762159126,-0.509618389036511,13,13,35.38999938964844,57.61333465576172,-0.38573249402932797,107099971.8626658,-0.03984196604738166,0.04859870508409081,-0.0111990155877725,-0.5238768176902104,-0.23882554874125195,-0.2759980038235923,-0.31726734991560923,-0.055122766071402984,-0.10043104997661315,-0.1187183715739043,0.03712113965621733,-0.10633028129112637,0.46059437146367177,0.3596546588030589,0.09374721660279561,-0.7739475142592547,-0.7739475142592547,,,,,,,,,,,,,,,,,,,,,,,,,,-0.508468728751724,-0.5283421459316222,-0.21440775731919037
CME,CME Group,Financials,2008-06-30,2007-12-31,2007-12-31,79.69545686854013,37.712793400026435,79.69545686854013,-0.5267886667337295,6,6,76.63800048828125,142.89599609375,-0.4636798609948368,405649450.14887005,-0.014638152331651333,0.07380251879982114,0.014004798127957827,-0.44474468446644944,-0.15969341551749094,-0.19686587059983132,-0.16176082434458794,0.10038375949961831,0.055075475594408146,-0.229672342313757,-0.07383283108363536,-0.21728425203097906,-0.18777486675933242,-0.28871457941994527,-0.5546220216202086,-0.5875912150455362,-0.5875912150455362,2.9859999999999998,658500000.0,1756100000.0,,,,,0.6260100770035174,,,,,16900912029.984327,,,9.624117094689554,13.869740869025852,25.665773773704373,,,,,2007-12-31,,,-0.3251987753635427,-0.5821753280993536,-0.7638227511541964
EG,Everest Group,Financials,2008-06-30,2005-11-30,2005-11-30,70.1505458596171,35.16204914207256,70.1505458596171,-0.49876300018480735,31,31,79.70999908447266,115.86000061035156,-0.3120145117852612,44529001.157270156,0.09199258981977665,0.18043326095124912,0.1206355402793858,-0.031676326837631996,0.2533749421113265,0.21620248702898612,-0.07648166454499072,0.18566291929921552,0.14035463539400536,-0.06549666676337451,0.09034284446674712,-0.05310857648059659,0.104860347964288,0.003920635303675146,-0.26198680689658815,-0.30881297899688176,-0.30881297899688176,,,,,,,,,,,,,,,,,,,,,,,,,,-0.20575215820069015,-0.35185692173167993,-0.3784992183985329
EXP,Eagle Materials,Materials,2008-06-30,2006-04-30,2006-04-30,85.97409878491904,35.02947731196571,85.97409878491904,-0.5925577841810383,26,26,25.32999992370605,74.55000305175781,-0.6602280498081241,24757952.206878055,-0.11685778465929564,-0.028417113527823168,-0.08821483419968648,-0.26257992836755617,0.02247134058140232,-0.014701114500938056,0.019660906282040536,0.2818054901262468,0.23649720622103662,0.06308876811594222,0.21892827934606385,0.07547685839872015,0.1597234634355864,0.05878375077497355,-0.20712369142528975,-0.48159298649959315,-0.48159298649959315,,,,,,,,,,,,,,,,,,,,,,,,,,-0.18800842575660184,-0.39841472587438975,-0.586142703471151
JLL,Jones Lang LaSalle,Real Estate,2008-06-30,2006-04-30,2007-07-31,86.11700233390212,34.98648616853225,86.11700233390212,-0.5937331163377138,26,11,60.18999862670898,124.98999786376952,-0.5184414780748142,47581294.85716441,-0.2776208696564203,-0.18918019852494783,-0.24897791919681114,-0.535182988478995,-0.25013171953003654,-0.2873041746123769,-0.4491856580007566,-0.18704107415655036,-0.23234935806176052,0.10820348456996531,0.26404299580008694,0.12059157485274324,0.596450513255464,0.4955108005948512,0.2296033583945879,-0.731849267946644,-0.731849267946644,,,,,,,,,,,,,,,,,,,,,,,,,,-0.664825687440901,-0.25292347105630747,0.16358483923792794
MGM,MGM Resorts,Consumer Discretionary,2008-06-30,2005-07-31,2007-10-31,82.75074506002217,33.10503343932177,82.75074506002217,-0.5999427749525461,35,8,33.88999938964844,100.5,-0.6627860757248911,127559322.36444382,-0.1590438759602899,-0.07060320482881743,-0.13040092550068075,-0.5939804640328482,-0.3089291950838897,-0.34610165016623007,-0.8114487878626452,-0.5493042040184389,-0.5946124879236491,-0.7155502916368284,-0.5597107804067067,-0.7031622013540505,-0.6102093805010007,-0.7111490931616136,-0.9770565353618769,-0.9465919010953778,-0.9465919010953778,,,,,,,,,,,,,,,,,,,,,,,,,,-0.9963297243207794,-1.0170202027070663,-1.0343599054225523
PAG,Penske Automotive Group,Consumer Discretionary,2008-06-30,2006-02-28,2007-01-31,74.40340567588176,37.2148345365359,74.40340567588176,-0.49982350675381404,28,17,14.739999771118164,24.6200008392334,-0.4012997860004489,17543998.248068493,-0.21681438954231014,-0.12837371841083767,-0.18817143908270098,-0.469633602270604,-0.18458233332164553,-0.2217547884039859,0.1491278313970139,0.41127241524122016,0.36596413133601,-0.21549961792719896,-0.05966010669707733,-0.20311152764442103,0.5756361799658105,0.47469646730519766,0.20878902510493436,-0.66713990577371,-0.66713990577371,,,,,,,,,,,,,,,,,,,,,,,,,,-0.08425645950840666,-0.7407040468939592,-0.3099147321727359
PFG,Principal Financial Group,Financials,2008-06-30,2007-01-31,2007-12-31,81.40661444711243,34.14903882085497,81.40661444711243,-0.5805127254979922,17,6,41.970001220703125,70.8499984741211,-0.40762170607479653,91404362.50024825,0.036216252490342216,0.12465692362181469,0.06485920294995137,-0.4502432757250745,-0.165192006776116,-0.20236446185845638,-0.541097884245636,-0.27895330040142974,-0.32426158430663987,-0.4181850273927362,-0.2623455161626146,-0.4057969371099583,-0.2297246183755821,-0.33066433103619497,-0.5965717732364583,-0.8682239864837871,-0.8682239864837871,3.09,860300000.0,10906500000.0,,,,,,,,,,11685045970.929094,,,1.071383667622894,,13.582524666894216,,,,,2007-12-31,,,-0.719911281041513,-0.7576343701749858,-0.7248002841029655
PRU,Prudential Financial,Financials,2008-06-30,2007-05-31,2007-05-31,83.0865582303885,33.24034878866493,83.0865582303885,-0.5999310899785539,13,13,59.7400016784668,103.2699966430664,-0.4215163782279665,247122504.30398366,0.20522250049789736,0.29366317162936983,0.23386545095750652,-0.4755907291907766,-0.19053946024181811,-0.2277119153241585,-0.3549730263979124,-0.09282844255370615,-0.1381367264589163,-0.056496220466103475,0.09934329076401816,-0.04410813018332555,0.1422183073952552,0.04127859473464235,-0.22462884746562095,-0.8157808834238738,-0.8157808834238738,7.51,3662000000.0,34377000000.0,,,,,,,,,,29130211204.599922,,,0.8473750241324118,,7.954727254123409,,,,,2007-12-31,,,-0.5054563541521966,-0.3241557250229529,-0.2332365761887653
ROK,Rockwell Automation,Industrials,2008-06-30,2006-04-30,2006-04-30,76.05723992058446,34.33654443991588,76.05723992058446,-0.5485433802782147,26,26,43.72999954223633,79.47000122070312,-0.4497294718696442,94587812.50032698,-0.14068874081475735,-0.05224806968328488,-0.1120457903551482,-0.24964472979059948,0.03540653915835901,-0.0017659159239813704,-0.23632249922792536,0.025822084616280883,-0.01948619928892928,0.19570133023413527,0.3515408414642569,0.2080894205169132,1.1567211819829248,1.055781469322312,0.7898740271220487,-0.5877990141723716,-0.5877990141723716,9.23,1487800000.0,5003900000.0,,,,,,,,,,7048915852.539459,,,1.4086843966784826,6.795045851443109,4.73781143469516,,,,,2007-09-30,,,-0.4551073633279341,-0.22314867110176861,0.5729534825421481
SJM,J.M. Smucker Company (The),Consumer Staples,2008-06-30,2007-06-30,2007-06-30,78.44989484924639,38.60648594956772,78.44989484924639,-0.507883522039691,12,12,40.63999938964844,64.31999969482422,-0.3681592104715339,13370382.981515309,0.3786405776590256,0.46708124879049806,0.4072835281186348,0.18903909337791203,0.4740903623268705,0.43691790724453017,0.3561331273260302,0.6182777111702364,0.5729694272650263,0.7225588594983514,0.878398370728473,0.7349469497811293,1.2437944585471694,1.1428547458865566,0.8769473036862933,-0.05802117737374479,-0.05802117737374479,,,,,,,,,,,,,,,,,,,,,,,,,,0.26298246337508807,0.5371630523908771,0.9632525475529234
TGT,Target Corporation,Consumer Staples,2008-06-30,2005-07-31,2005-07-31,71.2480731402926,39.35640165453849,71.2480731402926,-0.4476145119455668,35,35,46.4900016784668,70.75,-0.34289750277785447,511417435.85539925,0.05836034787784938,0.14680101900932185,0.08700329833745854,-0.2511581019726079,0.033893166976350586,-0.0032792881059897916,-0.1359535829774523,0.12619100086675394,0.08088271696154378,0.09161644307363015,0.24745595430375178,0.10400453335640808,0.06147228103578972,-0.039467431624823135,-0.30537487382508643,-0.4548889702769382,-0.4548889702769382,3.33,2849000000.0,61471000000.0,,,,,,,,,,39774779213.79937,,,0.6470494902279021,5.385193942259323,13.960961465005044,,,,,2008-02-02,,,-0.2731150787632214,-0.183586506200153,-0.4005085579646333
USB,U.S. Bancorp,Financials,2008-06-30,2006-12-31,2006-12-31,73.78057621544616,37.68453529540701,73.78057621544616,-0.4892350096946295,18,18,27.88999938964844,36.84999847412109,-0.2431478821027645,419288652.98479474,0.30723652225225795,0.3956771933837304,0.33587947271186713,-0.07614653698349039,0.2089047319654681,0.17173227688312773,-0.33418283793184655,-0.07203825408764031,-0.11734653799285047,-0.16244664385759866,-0.00660713262747703,-0.15005855357482073,-0.030651837908661772,-0.13159155056927463,-0.39749899276953793,-0.7022686582480382,-0.7022686582480382,2.42,4324000000.0,,,,,,,,,,,49833205521.00821,,,,,11.524793136218364,,,,,2007-12-31,,,-0.4542500454124677,-0.37563240979369783,-0.33697900314803225
VLO,Valero Energy,Energy,2008-06-30,2005-09-30,2006-04-30,90.20519888964161,37.2488970764617,90.20519888964161,-0.5870648528580646,33,26,37.64168167114258,71.91956329345703,-0.4766141513185874,519305202.43567115,-0.26084127724926276,-0.1724006061177903,-0.2321983267896536,-0.46782115825964543,-0.18276988931068694,-0.21994234439302732,-0.5789512555657188,-0.31680667172151256,-0.3621149556267227,-0.5418536299605694,-0.3860141187304478,-0.5294655396777915,-0.34246879167317346,-0.4434085043337863,-0.7093159465340496,-0.6571821600529014,-0.6571821600529014,8.117001828153565,5234000000.0,,,,,,0.7894419306184012,,,,,24272085437.18871,,,,2.7696323897877457,4.637387359034907,,,,,2007-12-31,,,-0.8367269714914929,-1.0667810939064288,-1.1867388517648614
WHR,Whirlpool Corporation,Consumer Discretionary,2008-06-30,2007-05-31,2007-06-30,70.86705785173433,34.561620343172436,70.86705785173433,-0.512303439836869,13,12,61.72999954223633,118.0,-0.4768644106590142,113526441.2032415,0.2914716956125427,0.3799123667440152,0.3201146460721519,-0.3194171334701963,-0.0343658645212378,-0.07153831960357818,-0.2801877176801104,-0.018043133835904168,-0.06335141774111433,0.5181026679253007,0.6739421791554223,0.5304907582080786,0.43812261132283714,0.3371828986622243,0.07127545646196098,-0.6786827548208607,-0.6786827548208607,,,,,,,,,,,,,,,,,,,,,,,,,,-0.39878317962870813,0.30340706734201184,0.10518450717670152
WY,Weyerhaeuser,Real Estate,2008-06-30,2007-02-28,2007-02-28,70.16486953659691,35.27833932198551,70.16486953659691,-0.4972079396002457,16,16,51.13999938964844,87.08999633789062,-0.4127913475706654,137038259.90573943,0.19874985842365311,0.2871905295551256,0.22739280888326227,-0.38465058296392807,-0.09959931401496958,-0.13677176909730995,-0.37840020570252053,-0.11625562185831428,-0.16156390576352445,-0.277359138973987,-0.12151962774386538,-0.2649710486912091,0.2378375881492829,0.13689787548867005,-0.12900956671159325,-0.6213820438852706,-0.6213820438852706,,790000000.0,10933000000.0,,,,,,,,,,10716182312.103271,,,0.9801685092932655,,,,,,,2007-12-30,,,-0.4807888650553912,-0.4872415132713525,-0.07472004079800487
ALV,Autoliv,Consumer Discretionary,2008-07-31,2006-03-31,2007-01-31,74.09322307417389,35.22220494059029,74.09322307417389,-0.5246231236920313,28,18,28.12680053710937,46.894813537597656,-0.4002151108979489,49560598.168657154,-0.4468695750121887,-0.2147515248705032,-0.2144224860382337,-0.5146085837661482,-0.17679998479132697,-0.17592261608046483,-0.04427876749501425,0.15562850234188064,0.11433688263271508,0.5329977185663393,0.6230033987289247,0.49740244971934877,0.8025133595630982,0.7138142173883604,0.5122997788146173,-0.6797359446286084,-0.6797359446286084,,,,,,,,,,,,,,,,,,,,,,,,,,-0.225820754712938,0.21915052840732613,0.3759045440910968
ANF,Abercrombie & Fitch,Consumer Discretionary,2008-07-31,2005-07-31,2005-07-31,76.48531391603406,36.99876551513011,76.48531391603406,-0.5162631409770047,36,36,55.220001220703125,85.7699966430664,-0.35618510689113947,178545760.02670774,-0.47373881688776,-0.24162076674607447,-0.24129172791380496,-0.6723438293090145,-0.3345352303341933,-0.33365786162333116,-0.46776866807714346,-0.26786139824024857,-0.30915301794941413,-0.2986546469682847,-0.20864896680569922,-0.3342499158152752,0.40798716894261844,0.3192880267678806,0.11777358819413752,-0.7517704428826617,-0.7517704428826617,,,,,,,,,,,,,,,,,,,,,,,,,,-0.8144147668063646,-0.9098737218510593,-0.28262373669773444
ATI,ATI Inc.,Industrials,2008-07-31,2006-04-30,2007-04-30,86.18719443815388,35.80984048075791,86.18719443815388,-0.5845108926656812,27,15,47.290000915527344,119.6999969482422,-0.604928971418643,155170952.66790238,-0.43668476003013446,-0.20456670988844894,-0.20423767105617943,-0.5277073415789287,-0.18989874260410755,-0.18902137389324541,-0.4119963705298756,-0.2120891006929807,-0.25338072040214626,0.05163091838570222,0.1416365985482877,0.01603564953871174,0.3018309024578947,0.21313176028315683,0.011617321709413764,-0.6816228947195676,-0.6816228947195676,7.26,747100000.0,5452500000.0,,,,,0.6481304762730979,,,,,4866440727.82238,,,0.8925154934107987,3.3793729912570725,6.513774230788891,,,,,2007-12-31,,,-0.6498324499724191,-0.35963906590529304,-0.24622586513329314
CRS,Carpenter Technology,Industrials,2008-07-31,2006-04-30,2007-12-31,80.84702410383053,37.353267353479964,80.84702410383053,-0.5379759766357293,27,7,38.70000076293945,79.66000366210938,-0.5141853002280581,43393322.79545618,-0.5258400087946626,-0.2937219586529771,-0.2933929198207076,-0.56328077151096,-0.22547217253613883,-0.2245948038252767,-0.5009704983751125,-0.30106322853821765,-0.3423548482473832,-0.04087277218227503,0.04913290798031045,-0.07646804102926551,0.6058259735702407,0.5171268313955029,0.3156123928217598,-0.6929749101548215,-0.6929749101548215,,,,,,,,,,,,,,,,,,,,,,,,,,-0.8281472145189874,-0.805054396266378,-0.6227536874939312
DINO,HF Sinclair,Energy,2008-07-31,2005-09-30,2007-07-31,91.56474275902401,35.2682604178008,91.56474275902401,-0.6148270682022421,34,12,14.289999961853027,40.275001525878906,-0.6451893377913116,49577036.41526964,-0.30978143138968106,-0.07766338124799554,-0.07733434241572604,-0.17202395397447,0.16578464500035117,0.1666620137112133,-0.2357212158998513,-0.0358139460629564,-0.07710556577212196,-0.016886150112023657,0.07311953005056182,-0.052481418959014134,1.8134844111489214,1.7247852689741836,1.5232708304004405,-0.6188502814755397,-0.6188502814755397,,,,,,,,,,,,,,,,,,,,,,,,,,-0.48817549214055855,-0.5104328873261523,1.1387038128739353
MET,MetLife,Financials,2008-07-31,2007-05-31,2007-10-31,86.97818371891853,38.5718946729213,86.97818371891853,-0.5565336843826094,14,9,45.24955368041992,63.48484802246094,-0.2872385287208905,295446440.1055148,-0.34567639528915006,-0.11355834514746455,-0.11322930631519504,-0.4221532280885528,-0.08434462911373164,-0.0834672604028695,-0.3171638213657416,-0.11725655152884673,-0.1585481712380123,-0.13490324922869323,-0.044897569066107756,-0.17049851807568372,-0.13750881685270244,-0.2262079590274403,-0.42772239760118336,-0.7713151648980682,-0.7713151648980682,4.884135472370766,4317000000.0,47152000000.0,,,,,,,,,,39995271290.77634,,,0.8482200392512796,,9.264598399531232,,,,,2007-12-31,,,-0.4439413889883104,-0.37513176616141264,-0.4798892243065568
NVDA,Nvidia,Information Technology,2008-07-31,2007-09-30,2007-10-31,79.06856075490575,37.15622440474812,79.06856075490575,-0.5300758727615666,10,9,0.2860000133514404,0.9917500019073486,-0.7116208592877229,432670556.0095575,-0.23426589997066527,-0.002147849828979753,-0.0018188109967102462,-0.3050701048368496,0.032738494137971585,0.03361586284883372,0.1302441066652993,0.33015137650219417,0.2888597567930286,-0.19667854304975285,-0.10667286288716737,-0.23227381189674334,0.20891588843604825,0.1202167462613104,-0.08129769231243267,-0.4973777188183558,-0.4973777188183558,0.03275,797645000.0,4097860000.0,,,,,0.9537260894414513,,,,,6965694065.63999,,,1.699837004104579,6.434740119149523,8.732824835158484,,,,,2008-01-27,,,-0.5329980987274077,-2.074730669177678,-3.262158009708597
SWK,Stanley Black & Decker,Industrials,2008-07-31,2007-05-31,2007-05-31,71.90994010571062,39.77238658997303,71.90994010571062,-0.4469139241180571,14,14,44.47999954223633,64.25,-0.30770428728036847,32798389.993249804,-0.25900421006445684,-0.026886159922771324,-0.026557121090501817,-0.28493374981282804,0.05287484916199314,0.05375221787285528,-0.06205377321368255,0.13785349662321233,0.09656187691404677,0.39202978037323,0.4820354605358155,0.3564345115262395,0.6148741681727485,0.5261750259980107,0.3246605874242676,-0.47654105155648174,-0.47654105155648174,,,,,,,,,,,,,,,,,,,,,,,,,,-0.17373151426844302,0.2001301514325273,0.341583835247833
TT,Trane Technologies,Industrials,2008-07-31,2007-06-30,2007-06-30,75.5440811273686,39.56445162051276,75.5440811273686,-0.4762733091715494,13,13,22.30721092224121,35.10906982421875,-0.3646311043292474,162805043.37357622,-0.4851638906226603,-0.2530458404809748,-0.25271680164870525,-0.542529586814932,-0.20472098784011084,-0.2038436191292487,-0.16875148540831042,0.031155784428584465,-0.010135835280581096,0.0872418366080625,0.17724751677064798,0.05164656776107203,0.09468925601593225,0.005990113841194411,-0.19552432473254866,-0.6728039061318669,-0.6728039061318669,8.321828596355994,3966700000.0,8763100000.0,,,,,3.74995273208546,,,,,10633001213.699707,,,1.2133835302232894,4.928715705916519,2.6805660155039974,,,,,2007-12-31,net income 3.75x operating income,,-0.4495541109467839,-0.5126199350037898,-0.8538940227503706
ADM,Archer Daniels Midland,Consumer Staples,2008-08-31,2006-05-31,2007-12-31,83.63925073666401,37.68042188876151,83.63925073666401,-0.5494887680498558,27,8,25.459999084472656,48.95000076293945,-0.47987745275483873,255654206.34738076,0.08089545738330317,0.3773357455785562,0.407018166226898,0.057655824562741875,0.47561129821948434,0.48631906214168225,0.15618742549000952,0.3391656714984399,0.3084460370719596,0.2605377466585481,0.4047015798003748,0.31219585838828584,0.18879425271760764,0.17560518486631027,0.006345305699092613,-0.4685778140285072,-0.4685778140285072,,,,,,,,,,,,,,,,,,,,,,,,,,0.04638000599545933,0.04466673172937627,-0.1344465970625361
TXT,Textron,Industrials,2008-08-31,2007-12-31,2007-12-31,84.77978857492641,39.20619949622751,84.77978857492641,-0.5375525210047205,8,8,41.09999847412109,74.4000015258789,-0.44758067700005255,150093767.93525332,-0.6271338228516374,-0.3306935346563844,-0.3010111140080426,-0.8595551140728841,-0.44159964041614164,-0.4308918764939437,-0.615856498332768,-0.43287825232433763,-0.4635978867508179,-0.571330691944244,-0.42716685880241734,-0.5196725802145064,-0.574815936758381,-0.5880050046096784,-0.757264883776896,-0.9112587565781906,-0.9112587565781906,,,,,,,,,,,,,,,,,,,,,,,,,,-0.7957425582556878,-0.8924361530840099,-1.0333024695226065
APD,Air Products,Materials,2008-09-30,2007-11-30,2008-06-30,88.50727105900258,36.25878289526202,88.50727105900258,-0.590329896499798,10,3,63.358001708984375,98.11286163330078,-0.3542334750586885,184263429.6852546,-0.25922373316292546,-0.04353771954763086,-0.024059866063507296,-0.1647072577438241,0.13920399304186826,0.15155444602054868,0.16672699370310418,0.23278256179976353,0.18835502748877972,0.27729375023549285,0.24786864506413608,0.11499366619685364,0.2080368644307482,0.16716099738961643,0.025599822265364558,-0.3946560540225762,-0.3946560540225762,4.292321924144311,1035600000.0,9148200000.0,,,,,0.7528351264902587,,,,,15286259448.702583,,,1.6709581610264952,7.0406204159520565,14.760775829183645,,,,,2007-09-30,,,0.0315945793478937,-0.01451403881756469,-0.2508265444259829
BG,Bunge Global,Consumer Staples,2008-09-30,2007-10-31,2008-01-31,84.69908890594672,39.09633915052722,84.69908890594672,-0.5384089763475335,11,8,63.18000030517578,135.0,-0.5319999977394387,213672696.78732252,-0.1767499022763115,0.038936111338983115,0.05841396482310668,-0.09570550113290965,0.2082057496527827,0.22055620263146314,0.005971864282748651,0.07202743237940801,0.0275998980684242,-0.03446726768085706,-0.06389237285221383,-0.19676735171949628,-0.035011242044236,-0.07588710908536778,-0.21744828420961965,-0.563153032181047,-0.563153032181047,,,,,,,,,,,,,,,,,,,,,,,,,,-0.09058258130792468,-0.20988524471351888,-0.2927757738569229
CAT,Caterpillar Inc.,Industrials,2008-09-30,2006-02-28,2007-07-31,77.42672880980516,39.015463076344076,77.42672880980516,-0.49609826378971034,31,14,59.59999847412109,87.0,-0.31494254627447027,529964666.50239855,-0.2429437534652703,-0.027257739849975704,-0.00777988636585214,-0.5210283069684344,-0.21711705618274202,-0.2047666032040616,-0.09816468967879333,-0.03210912158213397,-0.07653665589311778,0.4200096718866111,0.3905845667152543,0.2577095878479719,0.3576161856127751,0.3167403185716433,0.17517914344739144,-0.6280945977826937,-0.6280945977826937,5.37,3541000000.0,44958000000.0,,,,,0.7195691932534037,,,,,39300483165.15135,,,0.8741599529594589,5.683013272573884,11.09869617767618,,,,,2007-12-31,,,-0.37068805610981537,-0.09342907283107649,-0.35918563980502694
CMC,Commercial Metals,Materials,2008-09-30,2006-04-30,2007-05-31,78.62968798917993,35.61061423565745,78.62968798917993,-0.5471098112387556,29,16,16.889999389648438,39.79999923706055,-0.5756281479040586,55098035.59674611,-0.2921881997952097,-0.07650218617991511,-0.057024332695791546,-0.3049991393891067,-0.0010878886034143553,0.011262564375266071,0.10355432298902456,0.16960989108568392,0.1251823567747001,-0.07704171152674133,-0.1064668166980981,-0.23934179556538054,-0.38017912122846054,-0.4210549882695923,-0.5626161633938442,-0.62731052259446,-0.62731052259446,,,,,,,,,,,,,,,,,,,,,,,,,,-0.046232035173531805,-0.3884874343376228,-0.8792331920821408
COR,Cencora,Health Care,2008-09-30,2006-03-31,2007-02-28,80.26817339295326,38.23150224996026,80.26817339295326,-0.5237028496612506,30,19,18.825000762939453,28.280000686645508,-0.3343352084206608,69300851.15674943,-0.04964527765978355,0.16604073595551105,0.18551858943963462,-0.1272612247226934,0.17665002606299895,0.18900047904167938,0.2028998502253263,0.26895541832198566,0.22452788401100185,0.6670348388390093,0.6376097336676525,0.50473475480037,1.0503232035416987,1.009447336500567,0.8678861613763151,-0.2894995834188435,-0.2894995834188435,1.25,469167000.0,65672072000.0,,,,,0.5948332587415069,,,,,7065655306.356812,,,0.1075899555347791,7.424688105684094,15.060000610351562,,,,,2007-09-30,,,-0.02915749820799557,0.17639823405802058,0.26287142281975384
CTSH,Cognizant,Information Technology,2008-09-30,2006-11-30,2007-02-28,80.2226853548708,38.851304354711246,80.2226853548708,-0.5157067582211975,22,19,11.414999961853027,23.887500762939453,-0.5221350247086977,162493951.71195138,-0.20893545962214766,0.006750553993146946,0.02622840747727051,-0.08935584348050496,0.2145554073051874,0.22690586028386783,0.6933859292871292,0.7594414973837885,0.7150139630728047,1.82391686346975,1.7944917582983932,1.6616167794311107,1.7463872422671134,1.7055113752259816,1.5639502001017298,-0.37012689713432423,-0.37012689713432423,0.575,350133000.0,2135577000.0,,,,,0.9177268938619529,,,,,6950901185.466932,,,3.254811784106559,15.182473326903667,19.852173846700918,,,,,2007-12-31,,,0.556956209130485,1.565484990759489,1.419688009283302
CXT,Crane NXT,Information Technology,2008-09-30,2006-04-30,2006-04-30,74.15531774246081,35.03819774923322,74.15531774246081,-0.527502560626605,29,29,10.319555282592772,17.77005958557129,-0.4192728936614306,12402152.41194133,-0.41093169533248497,-0.19524568171719037,-0.1757678282330668,-0.41620336448437945,-0.11229211369868708,-0.09994166072000665,-0.09200973791557943,-0.02595416981892007,-0.07038170412990388,0.37075449162092533,0.34132938644956856,0.20845440758228612,0.3184981564322411,0.27762228939110933,0.13606111426685746,-0.6341299880243274,-0.6341299880243274,,,,,,,,,,,,,,,,,,,,,,,,,,-0.2742071259876571,0.008252285460234932,-0.2224997991869324
DE,Deere & Company,Industrials,2008-09-30,2007-12-31,2008-04-30,90.61790489066077,37.771621406004165,90.61790489066077,-0.5831770614032705,9,5,49.5,94.88999938964844,-0.4783433415703029,376307801.52977234,-0.22018291329570328,-0.0044968996804086725,0.014980953803714891,-0.32583590462222733,-0.02192465383653497,-0.009574200857854542,-0.10813437577519469,-0.042078807678535335,-0.08650634198951915,0.47761085555376637,0.4481857503824096,0.31531077151512715,0.393471827522728,0.35259596048159625,0.21103478535734438,-0.501218134231723,-0.501218134231723,4.0,1821700000.0,24082200000.0,,,,,,,,,,22543537500.0,,,0.9361078929665895,4.433273719673601,12.375,,,,,2007-10-31,,,-0.3314088428136803,0.02117096279519909,-0.29401811600190764
EIX,Edison International,Utilities,2008-09-30,2005-09-30,2007-05-31,93.10939620871011,36.64981663372859,93.10939620871011,-0.6063789679016294,36,16,39.900001525878906,60.2599983215332,-0.33786918955785783,98860022.62899005,-0.18688245702598072,0.028803556589313883,0.04828141007343745,-0.26292687873620246,0.0409843720494899,0.05333482502817033,-0.12446760161986292,-0.058412033523203566,-0.10283956783418738,-0.06956802656921401,-0.09899313174057078,-0.23186811060785323,0.07050755312239754,0.029631686081265762,-0.11192948904298611,-0.4154768297937901,-0.4154768297937901,3.31,1098000000.0,12868000000.0,,,,,0.4376245516141889,,,,,13235710475.956205,,,1.0285755732014459,,12.054381125643173,,,,,2007-12-31,,,-0.22263682243538974,-0.26028043346680574,-0.23385853123847583
EQT,EQT Corporation,Energy,2008-09-30,2005-09-30,2008-05-31,85.65586293733213,37.95307501236733,85.65586293733213,-0.556912116568895,36,4,19.96733856201172,41.44801330566406,-0.5182558349718758,83953499.30089992,-0.07931142735630825,0.13637458625898635,0.15585243974310992,-0.13493811290246527,0.1689731378832271,0.18132359086190752,0.19006849079899513,0.2561240588956545,0.21169652458467067,0.028886787607107056,-0.0005383175642497129,-0.13341329643153216,0.5506046106425573,0.5097287436014255,0.36816756847717363,-0.4353869219958686,-0.4353869219958686,1.1431682090364725,257483000.0,,,,,,0.5881816790440446,,,,,4497369848.393354,,,,8.064202381083737,17.4666671135312,,,,,2007-12-31,,,0.0387080326063087,-0.30101942356482553,0.06459963984789135
ETN,Eaton Corporation,Industrials,2008-09-30,2007-07-31,2007-07-31,74.43335013966878,35.96727881599526,74.43335013966878,-0.5167854362526304,14,14,28.09000015258789,52.060001373291016,-0.46043028406450925,162589513.52895102,-0.1051176061601441,0.11056840745515051,0.13004626093927407,-0.3286829189371696,-0.024771668151477244,-0.012421215172796818,0.05274484308778504,0.1188004111844444,0.07437287687346059,0.5807224376091407,0.5512973324377839,0.41842235357050145,0.39727774342906486,0.3564018763879331,0.2148407012636812,-0.4532572716730754,-0.4532572716730754,,,,,,,,,,,,,,,,,,,,,,,,,,-0.18649498893393052,0.08581922376455337,-0.3654898675941447
FCX,Freeport-McMoRan,Materials,2008-09-30,2007-10-31,2007-10-31,78.9702837682828,39.576433058896995,78.9702837682828,-0.49884398066716507,11,11,28.424999237060547,63.619998931884766,-0.5532065433151927,1180975183.120897,-0.5644265859612729,-0.34874057234597833,-0.32926271886185476,-0.3207978927404669,-0.016886641954774517,-0.004536188976094091,0.22277757232966633,0.2888331404263257,0.24440560611534187,0.5345267270744432,0.5051016219030864,0.37222664303580394,0.13370189549930234,0.09282602845817056,-0.04873514666608131,-0.7201923568418412,-0.7201923568418412,3.75,2769000000.0,,,,,,0.42242562929061783,,,,,20989019436.645508,,,,,7.579999796549479,,,,,2007-12-31,,,0.019407825864763667,0.1670175307023416,-0.2949759563609782
FHI,Federated Hermes,Financials,2008-09-30,2006-02-28,2006-02-28,75.06647860213403,36.873802322252295,75.06647860213403,-0.5087847064507962,31,31,28.850000381469727,45.0099983215332,-0.3590312939943475,64237972.88631561,-0.40656189293015643,-0.19087587931486183,-0.17139802583073827,-0.211647087527027,0.09226416325866538,0.1046146162373458,-0.04756723364244109,0.01848833445421827,-0.025939199856765537,-0.10201253230527985,-0.13143763747663662,-0.26431261634391906,-0.2804210873803987,-0.3212969544215305,-0.46285812954578237,-0.44715091393175,-0.44715091393175,,,,,,,,,,,,,,,,,,,,,,,,,,-0.17700857818008917,-0.3471919344669603,-0.6390886071114241
GS,Goldman Sachs,Financials,2008-09-30,2007-01-31,2007-05-31,84.861371365966,37.96748575443179,84.861371365966,-0.5525940113470897,20,16,128.0,250.6999969482422,-0.48942959091289495,2556406423.876953,-0.3386915152090113,-0.1230055015937167,-0.10352764810959314,-0.1646559822512581,0.13925526853443426,0.1516057215131147,0.4593980769484245,0.5254536450450839,0.48102611073410007,0.15534607784731747,0.1259209726759607,-0.006954006191321749,-0.2369188215389978,-0.27779468858012957,-0.41935586370438144,-0.6284793140429261,-0.6284793140429261,24.73,11599000000.0,,,,,,,,,,,60035260816.82167,,,,,5.175899716942984,,,,,2007-11-30,,,0.2775657005980498,-0.2033943786093132,-0.7505246488745516
MTN,Vail Resorts,Consumer Discretionary,2008-09-30,2005-11-30,2007-10-31,85.86323996499912,38.390382626351254,85.86323996499912,-0.552889191672705,34,11,34.95000076293945,66.25,-0.472452818672612,22852927.800944496,-0.23891273224057596,-0.023226718625281362,-0.003748865141157798,-0.4154505901956571,-0.11153933940996474,-0.09918888643128432,-0.040343164043124324,0.025712404053535032,-0.018715130257448774,0.07353384139865393,0.04410873622729716,-0.08876624263998528,0.08484263783827006,0.04396677079713829,-0.09759440432711358,-0.5776824961798164,-0.5776824961798164,,,,,,,,,,,,,,,,,,,,,,,,,,-0.19691954433061287,-0.27438772907426207,-0.5250827307082332
NEE,NextEra Energy,Utilities,2008-09-30,2007-04-30,2007-12-31,87.49344347773803,39.86074971017099,87.49344347773803,-0.5444144369479157,17,9,12.574999809265137,18.4375,-0.31796611203985703,160061573.20388916,0.00988947738751067,0.22557549100280527,0.24505334448692884,0.027816686911044997,0.33172793769673736,0.3440783906754178,0.1375452881960253,0.20360085629268465,0.15917332198170084,0.16526164155129752,0.13583653637994075,0.0029615575126583082,0.2038711308832175,0.16299526384208574,0.021434088717833866,-0.3278329574956361,-0.3278329574956361,0.8175,,15263000000.0,,,,,,,,,,,,,,,15.382262763627079,,,,,2007-12-31,,,-0.025662059734627263,-0.1964529649694124,-0.39239773275887
NOC,Northrop Grumman,Industrials,2008-09-30,2007-10-31,2007-10-31,77.94260936585604,35.250872192238674,77.94260936585604,-0.5477329732858436,11,11,54.69789123535156,76.98723602294922,-0.28952000278271317,166417083.67793995,-0.24841033562817072,-0.03272432201287612,-0.013246468528752553,-0.26459595329819974,0.03931529748749263,0.051665750466173055,-0.11223776998247703,-0.046182201885817675,-0.09060973619680149,0.0729348514481103,0.043509746276753525,-0.08936523259052892,0.055064304395193275,0.0141884373540615,-0.12737273777019037,-0.43904856178077123,-0.43904856178077123,4.62592,1790000000.0,30341000000.0,,,,,0.611965811965812,,,,,21165352040.519356,,,0.6975825464064914,5.7803582376307165,11.82421901704992,,,,,2007-12-31,,,-0.324843031588265,-0.3879961203550307,-0.721952068765471
NUE,Nucor,Materials,2008-09-30,2006-04-30,2006-10-31,84.32328861138778,37.18016794578701,84.32328861138778,-0.5590759260216298,29,23,39.5,83.55999755859375,-0.527285768859652,467042013.0702367,0.17872100315914352,0.3944070167744381,0.4138848702585617,-0.017785570461328115,0.28612568032436425,0.2984761333030447,0.2283374594427714,0.29439302753943075,0.24996549322844694,0.03268896124952181,0.0032638560781650394,-0.1296111227891174,-0.11311318355070654,-0.15398905059183832,-0.2955502257160902,-0.3607595683651309,-0.3607595683651309,4.94,1471947000.0,16592976000.0,,,,,,,,,,11769616700.404858,,,0.7093131877250264,,7.995951417004048,,,,,2007-12-31,,,0.05509463343816434,-0.3209008575622524,-0.6922952394682843
OKE,Oneok,Energy,2008-09-30,2007-05-31,2007-07-31,83.55088966946025,36.93899306232632,83.55088966946025,-0.5578862988956494,16,14,15.058658599853516,24.194536209106445,-0.37760085708170454,36035903.42388518,-0.1419238681950391,0.0737621454202555,0.09323999890437906,-0.32446966232113794,-0.020558411535445575,-0.00820795855676515,0.12449290632796028,0.19054847442461964,0.14612094011363583,0.4390608178948121,0.40963571272345534,0.2767607338561729,1.1823446566409044,1.1414687895997726,0.9999076144755208,-0.4596952343580346,-0.4596952343580346,1.2213272631763263,304921000.0,13477414000.0,,,,,0.37070523972606906,,,,,3759599394.3377795,,,0.27895554698681657,3.5606563253150902,12.329748998389022,,,,,2007-12-31,,,-0.12344778968433348,-0.04708847500773178,0.47141988413878855
PEG,Public Service Enterprise Group,Utilities,2008-09-30,2007-12-31,2008-01-31,78.46104178359951,37.89556830048271,78.46104178359951,-0.5170142093575425,9,8,32.790000915527344,52.29999923706055,-0.3730401263124328,107743649.07505096,-0.10099940119829309,0.11468661241700151,0.13416446590112507,-0.07947707715807106,0.2244341736276213,0.23678462660630173,0.002862065279729986,0.06891763337638934,0.024490099065405536,0.1017241121701562,0.07229900699879943,-0.060575971868483014,0.16016428544337202,0.11928841840224025,-0.022272756722011622,-0.3263189596846878,-0.3263189596846878,2.62,1335000000.0,12677000000.0,,,,,0.4690794096978215,,,,,16707882145.888931,,,1.3179681427694985,4.475844886482712,12.515267525010437,,,,,2007-12-31,,,-0.10411548706624917,-0.12963491640813316,-0.19010484539959688
TEX,Terex,Industrials,2008-09-30,2006-12-31,2007-07-31,84.1782183729885,35.6534007594548,84.1782183729885,-0.5764533694277447,21,14,30.520000457763672,96.94000244140624,-0.6851660853195153,133468304.58742474,-0.43250345679019453,-0.21681744317489993,-0.19733958969077636,-0.6969200768821204,-0.39300882609642807,-0.38065837311774764,-0.3207733027354308,-0.25471773463877145,-0.29914526894975524,-0.2490172561930981,-0.2784423613644549,-0.4113173402317373,-0.6638269378519892,-0.704702804893121,-0.8462639800173728,-0.7595019645315653,-0.7595019645315653,5.85,613900000.0,7976100000.0,,,,,0.7376832492189378,,,,,3202774065.131815,,,0.40154637794558934,2.1733551735327796,5.217094095344217,,,,,2007-12-31,,,-0.5163189041666312,-0.5513303719352574,-1.0308416437533334
ADSK,Autodesk,Information Technology,2008-10-31,2005-10-31,2005-10-31,72.87404603233541,35.63658000297245,72.87404603233541,-0.5109839244117184,36,36,21.309999465942383,51.31999969482422,-0.5847622838530226,125440426.55129206,-0.22290005251250455,-0.08526099373187146,-0.08687276150919113,-0.06428901765456618,0.01904827299650269,-0.05166637851158864,0.16987334256009157,0.07263522283731128,-0.029463361492404,0.698733067581454,0.41850508241293505,0.14233387994748425,0.6236508372240352,0.24072472553160762,-0.10440805516508844,-0.4509619848670544,-0.4509619848670544,1.47,356200000.0,2171900000.0,,,,,0.7993716337522442,,,,,5163688305.965086,,,2.3774981840623814,8.375987977836035,14.496598276151282,,,,,2008-01-31,,,-0.029395012302009194,0.26527329342001377,-0.04645032639837199
AFL,Aflac,Financials,2008-10-31,2007-10-31,2008-04-30,80.01824793001074,36.03549386113696,80.01824793001074,-0.5496590491126976,12,6,22.13999938964844,34.404998779296875,-0.35648887733804735,236550925.72775948,-0.4728062854700661,-0.335167226689433,-0.33677899446675263,-0.3353658982720502,-0.25202860762098134,-0.32274325912907265,-0.030652393134275258,-0.12789051285705555,-0.22998909718677082,0.3378356254367738,0.05760764026825482,-0.21856356219719597,0.10602609266447471,-0.2769000190279529,-0.622032799724649,-0.7508484649324704,-0.7508484649324704,1.655,1634000000.0,15393000000.0,,,,,,,,,,21859068883.797916,,,1.4200655417266235,,13.37764313573924,,,,,2007-12-31,,,-0.20790804712940897,-0.003900347153125594,-0.4129141790857688
AGCO,AGCO,Industrials,2008-10-31,2007-11-30,2007-12-31,86.00836478549719,39.06638533104586,86.00836478549719,-0.545783884759622,11,10,31.520000457763672,71.94999694824219,-0.5619179736666585,88657963.2910683,-0.3248732243927276,-0.1872341656120945,-0.18884593338941416,-0.22906124398601102,-0.14572395333494215,-0.21643860484303348,-0.10818563753048083,-0.20542375725326112,-0.3075223415829764,0.3473983432138632,0.06717035804534421,-0.20900084442010658,0.39054526444436743,0.007619152751939806,-0.33751362794475626,-0.5361676036948044,-0.5361676036948044,,,,,,,,,,,,,,,,,,,,,,,,,,-0.2575201183638748,0.08383836591520949,0.0020876012188403292
ALB,Albemarle Corporation,Materials,2008-10-31,2007-04-30,2007-09-30,90.14724911283554,36.0492865428171,90.14724911283554,-0.6001066377777661,18,13,24.350000381469727,48.84000015258789,-0.5014332451802932,29402546.820813134,-0.08098310347634197,0.05665595530429113,0.05504418752697146,0.11591460739158377,0.19925189804265264,0.1285372465345613,0.32474489780307003,0.22750677808028974,0.12540819375057446,1.1317849698026472,0.8515569846341282,0.5753857821686774,1.2929760226475553,0.9100499109551277,0.5649171302584316,-0.35813407880320713,-0.35813407880320713,,,,,,,,,,,,,,,,,,,,,,,,,,0.10332911912200579,0.7224874293734365,0.7573944068012032
ALGN,Align Technology,Health Care,2008-10-31,2007-07-31,2007-07-31,79.70328894461375,37.70833297487147,79.70328894461375,-0.5268911299121521,15,15,6.929999828338623,29.709999084472656,-0.7667452022251845,9188847.063408958,0.13708518176544393,0.274724240546077,0.2731124727687574,0.7907648131049441,0.8741021037560129,0.8033874522479216,1.268398363120519,1.1711602433977386,1.0690616590680233,1.4559885828805275,1.1757605977120085,0.8995893952465577,2.323232504634369,1.9403063929419413,1.5951736122452451,-0.18181815054196704,-0.18181815054196704,,,,,,,,,,,,,,,,,,,,,,,,,,0.992084196379,0.8318654983077584,1.2652837487786082
AMG,Affiliated Managers Group,Financials,2008-10-31,2006-03-31,2007-05-31,85.6102107254103,29.51813017947947,85.6102107254103,-0.6552031594203508,31,17,46.380001068115234,136.50999450683594,-0.6602446492238875,71500719.7784,-0.13346287649543542,0.0041761822851976715,0.0025644145078780045,0.22574394210831072,0.3090812327593796,0.23836658125128826,0.36890896137622753,0.27167084165344724,0.16957225732373196,0.8458389923501846,0.5656110071816656,0.2894398047162148,0.9967655559062718,0.6138394442138442,0.2687066635171481,-0.6134109452861518,-0.6134109452861518,,,,,,,,,,,,,,,,,,,,,,,,,,0.1975431442118345,0.5405711388200227,0.5989210458041931
APH,Amphenol,Information Technology,2008-10-31,2006-10-31,2007-12-31,81.45978435885016,39.54059037758102,81.45978435885016,-0.5145998643527572,24,10,1.790624976158142,3.2674999237060547,-0.4519892829478066,88524184.66917977,-0.08662221899196143,0.051016839788671664,0.049405072011352,0.1827259666115868,0.2660632572626557,0.19534860575456434,0.40339340930509215,0.30615528958231186,0.2040567052525966,0.755957824920733,0.47572983975221406,0.19955863728676326,0.665463649287227,0.2825375375947994,-0.06259524310189668,-0.35846468762604267,-0.35846468762604267,0.12125,353194000.0,2851041000.0,,,,,0.638851205915443,,,,,5215983487.251124,,,1.8295013951925365,7.922378704311868,14.768041040479522,,,,,2007-12-31,,,0.13587736148420831,0.20041892334624456,-0.21151600492640021
ARE,Alexandria Real Estate Equities,Real Estate,2008-10-31,2006-03-31,2007-01-31,77.07790562749561,36.92950515798873,77.07790562749561,-0.5208807912287765,31,21,69.5199966430664,116.5,-0.40326183138998795,53786075.695407204,-0.13403703734112782,0.0036020214395052763,0.0019902536621856093,-0.45581151064074354,-0.37247421998967467,-0.443188871497766,-0.17862532431278533,-0.2758634440355656,-0.3779620283652809,0.13729658609478146,-0.14293139907373753,-0.4191026015391883,0.04943471049952386,-0.33349140119290377,-0.6786241818895998,-0.5453162585076419,-0.5453162585076419,,,,,,,,,,,,,,,,,,,,,,,,,,-0.25272667191892256,-0.02394310971151567,-0.2183960272674338
AVT,Avnet,Information Technology,2008-10-31,2007-05-31,2007-06-30,78.44555953000756,32.70042310766348,78.44555953000756,-0.5831450077788701,17,16,16.739999771118164,44.68000030517578,-0.6253357283621374,38070379.80348194,0.18399053409260624,0.32162959287323933,0.3200178250959197,0.30764672055097964,0.3909840112020485,0.3202693596939572,0.4802864549721808,0.3830483352494005,0.2809497509196852,0.7789728042870785,0.4987448191185595,0.2225736166531087,0.8106324472822948,0.42770633558986715,0.08257355489317109,-0.29032262035114764,-0.29032262035114764,3.21,489578000.0,17952707000.0,,,,,0.6887985019084909,,,,,2553126357.6151056,,,0.1422140046966235,2.4852359587315047,5.214953199725285,,,,,2008-06-28,,,0.3765699438291608,0.5997797947478575,0.5578187927857888
AYI,Acuity Brands,Industrials,2008-10-31,2007-01-31,2007-07-31,82.57321600890049,39.24981649175804,82.57321600890049,-0.5246664912805705,21,15,34.959999084472656,66.88999938964844,-0.47735088348822896,23599757.966843862,-0.2279781988279732,-0.09033914004734012,-0.09195090782465978,-0.16969560603911427,-0.08635831538804539,-0.15707296689613673,-0.07732563743438459,-0.17456375715716488,-0.2766623414868802,0.47694275860480717,0.19671477343628818,-0.07945642902916261,0.37927390237263303,-0.003652209319794597,-0.34878499001649066,-0.4247906123252748,-0.4247906123252748,,,,,,,,,,,,,,,,,,,,,,,,,,-0.2938765460255023,0.02300969273204978,-0.3418985169578085
BALL,Ball Corporation,Materials,2008-10-31,2007-05-31,2007-06-30,77.80600147898183,35.72670890879856,77.80600147898183,-0.5408232240484738,17,16,8.550000190734863,14.050000190734863,-0.3914590694188689,41295193.040971905,0.12437936732416133,0.2620184261047944,0.2604066583274748,0.10897425607834554,0.19231154672941442,0.12159689522132308,0.45698806167319606,0.35974994195041576,0.25765135762070046,0.91561373773779,0.635385752569271,0.3592145501038202,1.0708637381873731,0.6879376264949455,0.34280484579824944,-0.17690095947394613,-0.17690095947394613,,,,,,,,,,,,,,,,,,,,,,,,,,0.3185970833382981,0.6260334734330857,0.6067824434840939
BCO,Brink's,Industrials,2008-10-31,2006-01-31,2007-05-31,77.0719852934595,38.9102688651034,77.0719852934595,-0.4951438098169062,33,17,48.4900016784668,74.61000061035156,-0.35008710250916175,39169888.62167843,-0.003792852712370398,0.1338462060682627,0.13223443829094303,0.06857662938378839,0.15191392003485726,0.08119926852676593,-0.0994175357322079,-0.1966556554549882,-0.2987542397847035,-0.0884895959262676,-0.3687175810947866,-0.6448887835602374,0.0886356461363711,-0.29429046555605654,-0.6394232462527526,-0.31687658157261855,-0.31687658157261855,,,,,,,,,,,,,,,,,,,,,,,,,,-0.25429496184547085,-0.4010156410699141,-0.4135773511197045
BDC,Belden Inc.,Information Technology,2008-10-31,2007-05-31,2007-07-31,83.98750878464857,34.712020479101156,83.98750878464857,-0.5867002012393788,17,15,20.84000015258789,60.0,-0.6526666641235351,22053409.563963752,-0.37152177548667564,-0.23388271670604255,-0.23549448448336222,-0.220087619656136,-0.13675032900506712,-0.20746498051315845,0.11569571795853473,0.018457598235754435,-0.08364098609396084,0.3674154432605663,0.08718745809204731,-0.18898374437340348,0.5913195410432812,0.2083934293508536,-0.13673935134584247,-0.6063589326127601,-0.6063589326127601,,,,,,,,,,,,,,,,,,,,,,,,,,-0.05926934546604312,0.012535801444827965,0.07292307593248637
BEN,Franklin Resources,Financials,2008-10-31,2006-02-28,2007-06-30,87.9792861615093,32.81522071827517,87.9792861615093,-0.627011968953304,32,16,22.666667938232425,48.52999877929688,-0.5329349163737847,164689510.35854703,-0.28542509014538586,-0.14778603136475277,-0.14939779914207243,-0.10407226745893783,-0.020734976807868954,-0.09144962831596029,0.5577971463775311,0.4605590266547508,0.3584604423250355,0.7720392726276732,0.49181128745915426,0.21564008499370346,0.6619400104809492,0.27901389878852156,-0.0661188819081745,-0.4523364004895317,-0.4523364004895317,2.3433333333333333,1772938000.0,6205769000.0,,,,,0.8575079550791348,,,,,17149330122.791145,,,2.7634496422266355,6.10936494625334,9.672831268093496,,,,,2007-09-30,,,0.4781786422060247,0.6712035124889671,0.547278858235416
BF-B,Brown–Forman,Consumer Staples,2008-10-31,2006-03-31,2006-03-31,83.68864331077111,38.17928582554065,83.68864331077111,-0.5437937058704021,31,31,12.106666564941406,17.610666275024414,-0.3125378463328684,29295262.494580906,0.0067554298468894824,0.14439448862752258,0.1427827208502029,0.037926136727556514,0.12126342737862539,0.05054877587053406,0.10318210086226798,0.005943981139487686,-0.09615460319022759,0.40488924875667953,0.12466126358816054,-0.15150993887729025,0.7844483646715725,0.4015222529791449,0.05638947228244884,-0.2194348347779541,-0.2194348347779541,,,,,,,,,,,,,,,,,,,,,,,,,,0.010393274686408285,0.1908947362920298,0.40842742351389405
BKR,Baker Hughes,Energy,2008-10-31,2006-01-31,2006-06-30,80.689220533895,30.784941809288284,80.689220533895,-0.6184751617924417,33,28,34.95000076293945,100.29000091552734,-0.6515106147782641,398820940.8163464,-0.04259386145849875,0.09504519732213434,0.09343342954481468,0.02651143764470043,0.1098487282957693,0.039134076787677975,0.22280276239489205,0.12556464267211176,0.023466058342396484,0.3663978840017714,0.08616989883325243,-0.19000130363219836,0.7178589235050519,0.33493281181262424,-0.01019996888407182,-0.3018597825207775,-0.3018597825207775,,,,,,,,,,,,,,,,,,,,,,,,,,0.10215642542631165,0.15719704542585883,0.49000240323046806
BWA,BorgWarner,Consumer Discretionary,2008-10-31,2007-10-31,2007-10-31,85.24371025680307,32.912394054825896,85.24371025680307,-0.6139023752523811,12,12,9.889965057373049,24.64348602294922,-0.5986783262658932,51523520.19873223,-0.24395787497248078,-0.10631881619184769,-0.10793058396916735,0.29664798868102826,0.37998527933209714,0.30927062782400583,0.3580093315141464,0.2607712117913661,0.1586726274616508,1.513123435029263,1.232895449860744,0.9567242473952933,2.4259281851083734,2.0430020734159458,1.6978692927192496,-0.34518162642110894,-0.34518162642110894,1.0783450704225355,288500000.0,5328600000.0,,,,,0.690026309495336,,,,,2645957214.729153,,,0.49655767269623413,3.7166624542183198,9.171428820551657,,,,,2007-12-31,,,0.19373514696521082,1.2490801770717868,2.132904137811595
BXP,"BXP, Inc.",Real Estate,2008-10-31,2006-11-30,2007-02-28,82.19019927781444,37.21886460851686,82.19019927781444,-0.5471617670287932,23,20,70.87999725341797,133.02000427246094,-0.46714783508624336,226792403.48909166,-0.38129229377257223,-0.24365323499193914,-0.2452650027692588,-0.28082420085069637,-0.1974869101996275,-0.2682015617077188,-0.09933285059773977,-0.19657097032052007,-0.29866955465023537,0.3112648976571053,0.03103691248858631,-0.24513428997686448,0.5385103510115969,0.15558423931916932,-0.18954854137752675,-0.5813365206856468,-0.5813365206856468,10.8,1310106000.0,1482289000.0,,,,,3.894778149386845,,,,,8598176822.37837,,,5.800607588923867,11.393314357015722,6.5629627086498115,,,,,2007-12-31,net income 3.89x operating income,,-0.1818816191774488,0.17270813514949418,0.37991215878838486
CMI,Cummins,Industrials,2008-10-31,2007-09-30,2008-05-31,91.62902336255493,36.62938382450541,91.62902336255493,-0.6002425598320373,13,5,26.149999618530277,75.9800033569336,-0.6558305019324016,187626598.2572616,-0.07529526561246791,0.062343793168165185,0.06073202539084552,0.32152233951831066,0.40485963016937954,0.33414497866128823,0.6892498044747173,0.592011684751937,0.4899131004222217,2.499323209413311,2.219095224244792,1.9429240217793413,2.997158332656561,2.6142322209641335,2.2690994402674374,-0.3174614844477722,-0.3174614844477722,3.7,788000000.0,13048000000.0,,,,,0.6804835924006909,,,,,5569243162.000502,,,0.4268273422747166,3.4476817417130534,7.0675674644676425,,,,,2007-12-31,,,0.4331641582464098,2.0278848733633184,2.3681318305046157
CRL,Charles River Laboratories,Health Care,2008-10-31,2007-12-31,2007-12-31,76.26829667056575,32.56617613964397,76.26829667056575,-0.5730050681437042,10,10,35.83000183105469,69.19000244140625,-0.4821505916061005,47354323.85031685,-0.3187273625463396,-0.1810883037657065,-0.18270007154302617,-0.22830035708886331,-0.14496306643779444,-0.21567771794588578,0.01925756604653439,-0.0779805536762459,-0.18007913800596118,-0.08540332729313016,-0.36563131246164915,-0.6418025149270999,-0.09907906420146884,-0.48200517589389646,-0.8271379565905925,-0.4440413324503706,-0.4440413324503706,,,,,,,,,,,,,,,,,,,,,,,,,,-0.14117877689775687,-0.4214176021043567,-0.6628542510887697
DHR,Danaher Corporation,Health Care,2008-10-31,2007-12-31,2007-12-31,84.60545242982458,34.52382419940322,84.60545242982458,-0.5919432707006824,10,10,19.90816116333008,29.98322486877441,-0.3360233513752837,181316785.72284773,-0.05535436637218527,0.08228469240844782,0.08067292463112816,-0.012422904225476206,0.07091438642559267,0.00019973491750133882,0.15410605781697972,0.05686793809419943,-0.04523064623551584,0.4698520077703814,0.1896240226018624,-0.0865471798635884,0.6418867175312704,0.25896060583884273,-0.08617217485785333,-0.2032412323111369,-0.2032412323111369,1.4080890853268382,1369904000.0,11025917000.0,,,,,0.7869804774950896,,,,,19368284219.0061,,,1.7566143676762758,9.990946767325273,14.138424458214663,,,,,2007-12-31,,,-0.052928870694512214,-0.003112196051628102,-0.17424690867194836
EGP,EastGroup Properties,Real Estate,2008-10-31,2006-01-31,2006-11-30,76.88956359050721,36.54623130224047,76.88956359050721,-0.524691914017412,33,23,33.47999954223633,57.54999923706055,-0.4182450045859224,10454741.491626557,-0.07878411769357507,0.05885494108705802,0.057243173309738354,0.03952005833305394,0.12285734898412282,0.05214269747603149,0.1722195121766017,0.0749813924538214,-0.02711719187589387,0.36093588017599276,0.08070789500747377,-0.19546330745797702,0.5417712764163007,0.1588451647238731,-0.18628761597282295,-0.3898988728105105,-0.3898988728105105,,,,,,,,,,,,,,,,,,,,,,,,,,0.010882043060438717,0.023576910939313245,-0.009994769471848297
EME,Emcor,Industrials,2008-10-31,2007-06-30,2007-07-31,84.87901964056546,39.144548324129865,84.87901964056546,-0.5388195046326635,16,15,17.770000457763672,38.68999862670898,-0.5407081651975956,35474728.39561947,0.1586942322890783,0.2963332910697114,0.29472152329239176,0.16994922826993597,0.25328651892100484,0.1825718674129135,0.32920624529193265,0.23196812556915236,0.1298695412394371,0.4546987401563618,0.1744707549878428,-0.10170044747760798,0.4141605395560346,0.031234427863606973,-0.3138983528330891,-0.37141250270064174,-0.37141250270064174,,,,,,,,,,,,,,,,,,,,,,,,,,0.04872723304610471,-0.16835828004187758,-0.6381829346058197
EMR,Emerson Electric,Industrials,2008-10-31,2007-11-30,2007-12-31,78.13134212317404,32.462533192531154,78.13134212317404,-0.584513304003482,11,10,32.72999954223633,59.04999923706055,-0.44572396333420183,246957714.0490759,0.009563310307786344,0.14720236908841944,0.14559060131109977,0.061618203609490774,0.14495549426055965,0.07424084275246831,0.19939228470118997,0.10215416497840968,5.558064869440327e-05,0.795129249483465,0.514901264314946,0.2387300618494952,0.6144292024683509,0.23150309077592324,-0.11362968992077283,-0.239340394315257,-0.239340394315257,2.66,2136000000.0,22131000000.0,,,,,,,,,,26282435722.63789,,,1.1875846424760692,,12.304511106103883,,,,,2007-09-30,,,0.061612717764924496,0.5406742995232345,0.26070111895364645
EPR,EPR Properties,Real Estate,2008-10-31,2006-11-30,2007-02-28,77.56604380537344,37.664596157272534,77.56604380537344,-0.5144190123737715,23,20,37.45000076293945,68.93000030517578,-0.45669518936405074,23845195.967734806,-0.3775531259473679,-0.2399140671667348,-0.24152583494405447,-0.34121449713304064,-0.25787720648197177,-0.3285918579900631,0.020517177308154944,-0.07672094241462535,-0.17881952674434062,0.4795177836236151,0.1992897984550961,-0.0768814040103547,0.5256099826906715,0.14268387099824387,-0.2024489096984522,-0.6735246002900577,-0.6735246002900577,,,,,,,,,,,,,,,,,,,,,,,,,,-0.1469939983555443,0.20460224963991647,0.1524092943849139
ETR,Entergy,Utilities,2008-10-31,2007-04-30,2007-11-30,89.00394810693034,36.057863629807684,89.00394810693034,-0.5948734365526418,18,11,39.025001525878906,63.7400016784668,-0.38774708976729333,194113530.61258227,-0.011923417228444255,0.12571564155218884,0.12410387377486917,-0.1533477065728005,-0.07001041592173163,-0.14072506742982296,0.02275580415698153,-0.07448231556579876,-0.17658089989551404,0.0353019340123768,-0.2449260511561422,-0.521097253621593,0.008615525870342422,-0.3743105858220852,-0.7194433665187813,-0.2173989476758731,-0.2173989476758731,2.8,1159954000.0,,,,,,0.5640789975335154,,,,,16166859507.124765,,,,4.677927986681453,13.937500544956754,,,,,2007-12-31,,,-0.10174118616339005,-0.21699036174980268,-0.34545658956319375
EXC,Exelon,Utilities,2008-10-31,2007-05-31,2008-06-30,83.42807712206397,35.88875210032754,83.42807712206397,-0.5698240527847891,17,4,38.68758773803711,65.71326446533203,-0.41126668941477873,341632867.78566414,0.009730265646967329,0.14736932442760042,0.14575755665028076,-0.1327984014850233,-0.049461110833954436,-0.12017576234204577,-0.09865508553963376,-0.19589320526241405,-0.29799178959212935,-0.17798859484927188,-0.45821658001779086,-0.7343877824832417,-0.05972308713806851,-0.44264919883049614,-0.7877819795271922,-0.2779272859581733,-0.44612144318193336,,,,,,,,,,,,,,,,,,,,,,,,,,-0.17130084872086246,-0.32966311312884305,-0.27610436997363186
EXPD,Expeditors International,Industrials,2008-10-31,2006-06-30,2006-06-30,87.2532749282962,39.78762578714154,87.2532749282962,-0.5439984823510797,28,28,32.650001525878906,58.31999969482422,-0.44015772124949915,103105716.23685019,-0.1440002285522568,-0.006361169771623709,-0.007972937548943376,0.06838415385669094,0.15172144450775982,0.08100679299966848,-0.0024231667014011915,-0.09966128642418148,-0.20175987075389676,0.545518562728621,0.265290577560102,-0.010880624905348801,0.4400578120003853,0.05713170030795767,-0.2880010803887384,-0.2655824546933987,-0.2655824546933987,1.21,269154000.0,5235171000.0,,,,,0.6356967406707605,,,,,7262709512.972241,,,1.3872917451927056,14.454435162452462,26.983472335437114,,,,,2007-12-31,,,-0.13036932236488394,0.31381051167824253,0.09503773647452485
FDS,FactSet,Financials,2008-10-31,2007-06-30,2007-10-31,81.41236120720696,37.56778546583154,81.41236120720696,-0.5385493688088009,16,12,38.790000915527344,73.98999786376953,-0.4757399373500789,50349285.81719171,0.03106814983212791,0.168707208612761,0.16709544083544134,0.39451193866004153,0.4778492293111104,0.4071345778030191,0.6787456774193319,0.5815075576965516,0.4794089733668363,1.3293468397329442,1.0491188545644252,0.7729476520989744,1.6661398135538845,1.283213701861457,0.9380809211647608,-0.19695801271280167,-0.19695801271280167,,,,,,,,,,,,,,,,,,,,,,,,,,0.5444006643473814,1.0196509001789316,1.1767973130920306
FE,FirstEnergy,Utilities,2008-10-31,2007-05-31,2008-06-30,81.48638814878609,37.45279130221385,81.48638814878609,-0.5403797842428755,17,4,52.15999984741211,84.0,-0.37904762086414157,143293757.1172139,-0.03229146797192872,0.10534759080870437,0.1037358230313847,-0.19972267052362525,-0.11638537987255637,-0.1871000313806477,-0.13064432660521863,-0.22788244632799892,-0.3299810306577142,-0.22918511244947282,-0.5094130976179918,-0.7855843000834426,0.02239327708233474,-0.3605328346100929,-0.705665615306789,-0.30283898966308964,-0.30283898966308964,4.22,1309000000.0,12802000000.0,,,,,0.464513839602555,,,,,16179488104.327597,,,1.2638250354887983,,12.360189537301448,,,,,2007-12-31,,,-0.19936529143755044,-0.3606431145439256,-0.1495919675924196
FISV,Fiserv,Financials,2008-10-31,2007-05-31,2007-05-31,77.66942496863263,35.487340456343304,77.66942496863263,-0.5430976800629703,17,17,8.34000015258789,14.962499618530272,-0.4426064918819288,101702518.40408568,-0.04826140830021397,0.08937765048041912,0.08776588270309946,0.11870500635554193,0.2020422970066108,0.13132764549851947,0.37499994282528193,0.27776182310250164,0.17566323877278636,0.6342925497683052,0.3540645645997862,0.0778933621343354,0.7646881850960603,0.38176207340363266,0.0366292927069366,-0.16816548284506883,-0.16816548284506883,0.65,439000000.0,3677000000.0,,,,,0.5964673913043478,,,,,5632707795.363206,,,1.5318759302048426,,12.83076946551983,,,,,2007-12-31,,,0.212406559573818,0.2316447932124891,0.08461736478349591
FLR,Fluor,Industrials,2008-10-31,2007-10-31,2008-06-30,86.05937710126857,38.117090851398466,86.05937710126857,-0.557083816600892,12,4,39.93000030517578,101.36499786376952,-0.6060770369783848,264984600.46139067,-0.02302842233492086,0.11461063644571223,0.11299886866839257,-0.04501100364086541,0.038326287010203464,-0.032388364497887866,0.12569329084101422,0.028455171118233924,-0.07364341321148135,0.23530728808230683,-0.04492069708621216,-0.32109189955166295,0.4687977859313208,0.08587167423889319,-0.25926110645780287,-0.28374648297178984,-0.28374648297178984,2.88,527961000.0,16691033000.0,,,,,,,,,,7319959337.194761,,,0.4385563995466764,,13.864583439297148,,,,,2007-12-31,,,0.03857305970953376,0.06528124863046714,0.2413787869375064
FLS,Flowserve,Industrials,2008-10-31,2007-12-31,2008-07-31,86.55528392174404,39.29667375501548,86.55528392174404,-0.545993358527433,10,3,18.97333335876465,48.48333358764648,-0.6086627722397571,142646454.82951573,-0.05890204866443316,0.07873701011619993,0.07712524233888027,0.20455922706037,0.28789651771143887,0.21718186620334753,0.7533475530316116,0.6561094333088313,0.554010848979116,0.8058911908759809,0.525663205707462,0.24949200324201115,0.6941470001098793,0.31122088841745166,-0.033911892279244404,-0.3468024939917942,-0.3468024939917942,1.4800000000000002,255774000.0,3762694000.0,,,,,0.6209764743013911,,,,,3278976598.989641,,,0.8714438641541515,6.0570796642034015,12.81981983700314,,,,,2007-12-31,,,0.6282261473004074,0.5848578694353955,0.39369240755542184
GD,General Dynamics,Industrials,2008-10-31,2007-10-31,2008-05-31,83.77958353254726,35.68821016090152,83.77958353254726,-0.5740225881280835,12,5,60.31999969482422,95.12999725341795,-0.3659203044636169,261804060.88631645,-0.0535036231531032,0.0841354356275299,0.08252366785021023,-0.1306752845152881,-0.04733799386421922,-0.11805264537231056,0.06813675227391558,-0.029101367448864712,-0.13119995177858,0.1893699062693377,-0.0908580788991813,-0.3670292813646321,0.1512986666865357,-0.23162744500589194,-0.576760225702588,-0.4113804609091012,-0.4113804609091012,5.08,2072000000.0,27240000000.0,,,,,0.6655958882107292,,,,,24602960505.447987,,,0.903192382725697,6.402819376422291,11.874015687957524,,,,,2007-12-31,,,-0.09439906857154809,-0.14285094042484447,-0.37668949060764845
GEF,"Greif, Inc.",Materials,2008-10-31,2006-12-31,2008-03-31,80.27111767210621,37.62134087821156,80.27111767210621,-0.5313215765614687,22,7,40.58000183105469,73.44999694824219,-0.4475152686575319,23478643.254077245,-0.24599524668399686,-0.10835618790336377,-0.10996795568068343,0.14247363438384064,0.22581092503490952,0.15509627352681818,0.37186154358266976,0.27462342385988947,0.1725248395301742,0.5492584366973252,0.2690304515288062,-0.007140750936644569,0.21567153231294478,-0.16725457937948285,-0.5123873600761789,-0.36086505037528427,-0.36086505037528427,,,,,,,,,,,,,,,,,,,,,,,,,,0.27062340036186305,0.3673382712616214,-0.010060646885139746
GL,Globe Life,Financials,2008-10-31,2007-05-31,2007-05-31,78.04863281067473,26.304178498194858,78.04863281067473,-0.6629770753063438,17,17,18.56444358825684,31.351110458374023,-0.40785371500937717,55654377.93636322,-0.2793535043604073,-0.1417144455797742,-0.14332621335709386,-0.2916670980323999,-0.208329807381331,-0.2790444588894223,-0.012626917440983543,-0.10986503716376383,-0.2119636214934791,0.41004660333283915,0.12981861816432017,-0.14635258430113063,0.5281486541937215,0.14522254250129385,-0.1999102381954022,-0.6118118213271999,-0.6118118213271999,2.4444444444444446,527535000.0,3486697000.0,,,,,,,,,,4006388351.589984,,,1.1490497601569576,,7.594545104286889,,,,,2007-12-31,,,-0.18480557804591122,0.06944225560003942,0.01585351922033784
HAL,Halliburton,Energy,2008-10-31,2006-01-31,2008-06-30,77.48666022880089,35.25433107443658,77.48666022880089,-0.5450270927881216,33,4,19.790000915527344,55.380001068115234,-0.6426507668140631,658045607.9751393,-0.12386732553366508,0.01377173324696801,0.012159965469648343,0.032544110235980694,0.11588140088704957,0.04516674937895824,0.5033402692550593,0.40610214953227897,0.30400356520256366,0.6605846405287048,0.3803566553601858,0.10418545289473502,0.9632449959101803,0.5803188842177527,0.23518610352105662,-0.3498842822723698,-0.3498842822723698,3.65,3486000000.0,15264000000.0,,,,,0.9965694682675815,,,,,18900806353.843376,,,1.2382603743346028,4.178830275384311,5.421918059048587,,,,,2007-12-31,,,0.37928607740241127,0.4533752412139997,0.7524002482614247
HRL,Hormel Foods,Consumer Staples,2008-10-31,2006-07-31,2006-07-31,73.33611380292658,33.14731654501341,73.33611380292658,-0.5480082755122672,27,27,7.065000057220459,10.692500114440918,-0.33925648991308255,21397451.78522988,0.06211205472113046,0.19975111350176356,0.1981393457244439,0.12088934110709526,0.20422663175816413,0.1335119802500728,0.3201739676348274,0.22293584791204712,0.12083726358233185,0.6964244929753949,0.4161965078068759,0.1400253053414251,1.2175168208705522,0.8345907091781246,0.48945792848142855,-0.12208079792919446,-0.12208079792919446,,,,,,,,,,,,,,,,,,,,,,,,,,0.21383237460086396,0.4569545970849067,0.8209594404367864
IDXX,Idexx Laboratories,Health Care,2008-10-31,2006-03-31,2007-11-30,82.57160080063326,36.659031166317625,82.57160080063326,-0.556033420560299,31,11,17.594999313354492,32.337501525878906,-0.45589490581782743,28804788.22931562,-0.06791700718721949,0.0697220515934136,0.06811028381609394,0.11679456580689118,0.20013185645796006,0.12941720494986872,0.45268544833318103,0.35544732861040074,0.25334874428068543,0.7038931919412863,0.4236652067727673,0.14749400430731652,1.0457516531168483,0.6628255414244206,0.31769276072772457,-0.24012501237147887,-0.24012501237147887,,,,,,,,,,,,,,,,,,,,,,,,,,0.1929527382377243,0.15351153297480913,0.11563830790332241
IEX,IDEX Corporation,Industrials,2008-10-31,2006-03-31,2007-06-30,72.66478849528863,34.439890514961306,72.66478849528863,-0.5260443025001815,31,16,23.18000030517578,44.9900016784668,-0.4847744067484612,24528025.41912018,-0.019558170160186017,0.11808088862044708,0.11646912084312741,0.10044115587980529,0.18377844653087416,0.11306379502278283,0.2507118435994753,0.153473723876695,0.051375139546979726,0.6152170359174829,0.3349890507489639,0.05881784828351311,0.6137886032722677,0.23086249157984007,-0.114270289116856,-0.277135638715969,-0.277135638715969,,,,,,,,,,,,,,,,,,,,,,,,,,0.08462919767484339,0.2642655231774233,0.04563431481147995
INGR,Ingredion,Consumer Staples,2008-10-31,2007-06-30,2007-09-30,74.36625903432983,35.31567234058075,74.36625903432983,-0.5251116191782901,16,13,24.31999969482422,54.959999084472656,-0.5574963591712445,33152429.261807032,-0.043726300860137735,0.09391275792049536,0.09230099014317569,-0.006678043198695249,0.07665924745237362,0.005944595944282295,0.18308161338877982,0.08584349366599953,-0.01625509066371575,0.8162830630462081,0.5360550778776891,0.25988387541223834,1.0971460400881021,0.7142199283956745,0.36908714769897843,-0.2647223622589504,-0.2647223622589504,,,,,,,,,,,,,,,,,,,,,,,,,,0.04525603787102439,0.5146168358861416,0.6430605633345385
ITT,ITT Inc.,Industrials,2008-10-31,2007-06-30,2007-06-30,76.11221222240992,36.757345299662276,76.11221222240992,-0.5170637637984761,16,16,14.756199836730955,24.352703094482425,-0.3940631650014139,91188863.85374501,0.02185241214272371,0.1594914709233568,0.15787970314603714,-0.06920229229059527,0.014134998360473605,-0.056579653147617724,0.1617014301520303,0.06446331042925002,-0.037635273900465255,0.10273905475070744,-0.17748893041781155,-0.45366013288326235,0.08673696459932367,-0.29618914709310395,-0.6413219277898,-0.27506278056178657,-0.27506278056178657,1.3330319999999998,742100000.0,7057500000.0,,,,,0.7594146541137945,,,,,8214788466.321921,,,1.163979945635412,5.483217328678756,11.06965161881407,,,,,2007-12-31,,,-0.04584714660462566,-0.3384055168423954,-0.6149394642579541
ITW,Illinois Tool Works,Industrials,2008-10-31,2007-09-30,2007-09-30,73.89046544628235,30.20034542456615,73.89046544628235,-0.5912822413262302,13,13,33.38999938964844,60.0,-0.44350001017252605,176480848.22396475,-0.01288951990083198,0.12474953887980111,0.12313777110248145,0.0009186947229138376,0.08425598537398271,0.013541333865891382,0.4236236189248641,0.3263854992020838,0.22428691487236854,0.4554494382171179,0.17522145304859893,-0.10094974941685186,0.5916896068291875,0.20876349513675985,-0.13636928555993622,-0.2262694416626021,-0.2262694416626021,3.36,1869862000.0,16110267000.0,,,,,0.7115785804367665,,,,,18581753285.33536,,,1.1534106346800683,5.934957425682905,9.93749981834775,,,,,2007-12-31,,,0.2611391698999703,0.11063386542652076,0.037150278222121025
J,Jacobs Solutions,Industrials,2008-10-31,2007-10-31,2007-12-31,89.2126269427828,36.9861128575256,89.2126269427828,-0.5854161666907653,12,10,30.133087158203125,85.43636322021484,-0.6473037238191639,115812081.401079,0.06148765264642275,0.19912671142705585,0.19751494364973618,0.044194153392527635,0.1275314440435965,0.05681679253550518,0.16085647108460455,0.06361835136182425,-0.03848023296789102,0.059840534534362666,-0.22038745063415632,-0.4965586530996071,0.0650560638551263,-0.31787004783730133,-0.6630028285339974,-0.28630248126472335,-0.28630248126472335,1.9438034028966806,287130000.0,8473970000.0,,,,,0.6496800586483722,,,,,4451125717.15914,,,0.5252704124700865,7.805620290844919,15.502126970916098,,,,,2007-09-28,,,0.046545894852027245,-0.1819099617771203,-0.30916698020432914
JEF,Jefferies,Financials,2008-10-31,2007-10-31,2008-05-31,86.72029458162801,36.42075597988504,86.72029458162801,-0.5800203844371985,12,5,23.394250869750977,49.59511184692383,-0.5282952291355298,66379902.03603814,-0.40685546395586114,-0.26921640517522805,-0.2708281729525477,-0.20901661021699391,-0.12567931956592504,-0.19639397107401638,-0.162816796693252,-0.2600549164160323,-0.3621535007457476,-0.052906112501236446,-0.33313409766975544,-0.6093053001352062,0.008565566188080798,-0.37436054550434683,-0.7194933262010429,-0.6177347786021125,-0.6177347786021125,1.8303996071941526,484294000.0,1154895000.0,,,,,,,,,,6189738724.912994,,,5.359568380599963,,12.780952737207139,,,,,2007-12-31,,,-0.3040520322304345,-0.3312027069184331,-0.3645720824378756
KIM,Kimco Realty,Real Estate,2008-10-31,2006-03-31,2007-02-28,80.60846577830401,31.330172267763047,80.60846577830401,-0.6113290091151239,31,20,22.57999992370605,53.59999847412109,-0.5787313327143465,159874037.29172963,-0.34698381378396803,-0.20934475500333494,-0.2109565227806546,-0.4187311524104419,-0.335393861759373,-0.40610851326746433,-0.3822354677259022,-0.4794735874486825,-0.5815721717783978,-0.12197604776478854,-0.40220403293330753,-0.6783752353987583,-0.07084785697852125,-0.4537739686709489,-0.7989067493676449,-0.7125457184791327,-0.7125457184791327,1.65,442830000.0,,,,,,,,,,,6060061434.069546,,,,10.148375315313471,13.684848438609729,,,,,2007-12-31,,,-0.5102296829174638,-0.34653614917268916,-0.37918331527069904
L,Loews Corporation,Financials,2008-10-31,2007-05-31,2007-06-30,87.94202915407912,37.265603055228894,87.94202915407912,-0.576248087362897,17,16,33.20000076293945,53.459999084472656,-0.3789749096239262,130891529.22715384,-0.2632428119762624,-0.12560375319562933,-0.127215520972949,-0.24613050770002065,-0.16279321704895178,-0.2335078685570431,0.006889030257563711,-0.09034908946521658,-0.19244767379493186,0.21001085354093374,-0.07021713162758525,-0.34638833409303604,0.22416867077987424,-0.1587574409125534,-0.5038902216092495,-0.47298799330745456,-0.47298799330745456,,2488000000.0,14302000000.0,,,,,,,,,,,,,,,,,,,,2007-12-31,,,-0.09827904953564573,0.019331983608856573,-0.03968677745121413
LECO,Lincoln Electric,Industrials,2008-10-31,2006-06-30,2007-09-30,86.96118885056748,35.440176443550754,86.96118885056748,-0.5924598443053659,28,13,21.575000762939453,43.48500061035156,-0.5038518923740444,26736491.447109647,-0.040393674574207394,0.0972453842064257,0.09563361642910603,0.04606135756487695,0.12939864821594582,0.05868399670785449,0.1291879817031334,0.0319498619803531,-0.07014872234936217,0.4517753502129913,0.17154736504447232,-0.10462383742097847,0.8014975074418651,0.41857139574943747,0.07343861505274141,-0.38652315672938586,-0.38652315672938586,,,,,,,,,,,,,,,,,,,,,,,,,,-0.07428668630694538,0.032437438779282124,0.13586540802806168
LHX,L3Harris,Industrials,2008-10-31,2005-11-30,2007-11-30,76.87395380427152,39.083288593631245,76.87395380427152,-0.49159257902694775,35,11,33.96556091308594,63.244911193847656,-0.46295187593859655,69943184.4839371,0.21185235014230597,0.34949140892293906,0.3478796411456194,-0.13888825464792298,-0.05555096399685411,-0.12626561550494544,0.25958335101135876,0.16234523128857847,0.0602466469588632,0.3921576653482113,0.11192968017969229,-0.1642415222857585,0.19029033448041965,-0.19263577721200797,-0.537768557908704,-0.23350349176203022,-0.23350349176203022,3.24,444200000.0,4596100000.0,,,,,,,,,,4656636468.392831,,,1.0131712687697898,4.801340130368314,10.483197812680844,,,,,2008-06-27,,,0.07468134604648657,0.021533074018042775,-0.4038418806344526
LNT,Alliant Energy,Utilities,2008-10-31,2007-03-31,2007-04-30,76.00313584394202,38.09395545265403,76.00313584394202,-0.4987844247522534,19,18,14.6899995803833,23.26499938964844,-0.3685794126038323,28135903.264639113,-0.006020213313372436,0.13161884546726066,0.130007077689941,-0.21645000975148943,-0.13311271910042055,-0.2038273706085119,-0.04267534592077382,-0.1399134656435541,-0.2420120499732694,0.37865957850304044,0.09843159333452145,-0.17773960913092934,0.607146709291633,0.22422059759920532,-0.12091218309749074,-0.29976676613347475,-0.29976676613347475,,,,,,,,,,,,,,,,,,,,,,,,,,-0.1958930190122468,0.06790082216498666,0.1396812537429321
MAA,Mid-America Apartment Communities,Real Estate,2008-10-31,2006-10-31,2006-10-31,78.08954697804096,36.65292956797595,78.08954697804096,-0.5306295018168965,24,24,35.2400016784668,65.9800033569336,-0.4658987589341558,21270731.849761236,-0.14414382614087173,-0.006504767360238639,-0.008116535137558306,0.09101189664463871,0.17434918729570759,0.10363453578761625,0.3337046969624553,0.236466577239675,0.13436799290995974,0.9463464878567054,0.6661185026881864,0.3899473002227356,1.0707473474705105,0.6878212357780829,0.3426884550813868,-0.356224811725267,-0.356224811725267,,,,,,,,,,,,,,,,,,,,,,,,,,0.19066010464564687,0.6628804504016891,0.652242856490857
MLM,Martin Marietta Materials,Materials,2008-10-31,2006-03-31,2007-06-30,87.56863856144545,35.60432807428343,87.56863856144545,-0.5934123373483708,31,16,78.37999725341797,170.25,-0.5396182246495274,80272979.7611055,0.03248831913555961,0.1701273779161927,0.16851561013887303,0.08329267063248125,0.16662996128355012,0.09591530977545878,0.08417928165406963,-0.013058838068710665,-0.11515742239842594,0.06740529828575603,-0.21282268688276296,-0.48899388934821375,-0.023635400049051847,-0.4065615117414795,-0.7516942924381755,-0.2521051132490967,-0.2521051132490967,,,,,,,,,,,,,,,,,,,,,,,,,,-0.07730792770417116,-0.2709340281448503,-0.5943175135610371
MUR,Murphy Oil,Energy,2008-10-31,2007-12-31,2008-05-31,77.8282166506966,39.43033186065236,77.8282166506966,-0.49336714166764306,10,5,43.73057174682617,87.62521362304688,-0.5009362038767765,180524634.90570953,-0.12285660105725282,0.014782457723380271,0.013170689946060604,-0.047470195108249125,0.03586709554281975,-0.03484755596527158,0.23149366742031985,0.13425554769753956,0.03215696336782428,0.3370081019141775,0.056780116745658527,-0.21939108571979227,0.1561909475586596,-0.22673516413376804,-0.5718679448304641,-0.2941953550775147,-0.2941953550775147,3.46286701208981,766529000.0,18297637000.0,,,,,,,,,,9680057395.647266,,,0.5290331967809432,5.253682069312111,12.628429447088456,,,,,2007-12-31,,,0.12170194000170584,0.13663532831736533,-0.08863759749996819
NDSN,Nordson Corporation,Industrials,2008-10-31,2006-04-30,2008-06-30,73.3154596482464,38.58171077537962,73.3154596482464,-0.4737574999803955,30,4,18.46500015258789,39.4900016784668,-0.532413285192223,22013485.553826228,-0.17737593839743393,-0.039736879616800835,-0.0413486473941205,-0.0048008586870825765,0.0785364319639863,0.007821780455894968,0.4595204397288426,0.3622823200060623,0.260183735676347,1.1852398276293337,0.9050118424608147,0.6288406399953639,1.6222578530923188,1.2393317413998912,0.8941989607031952,-0.44314953618938824,-0.44314953618938824,,,,,,,,,,,,,,,,,,,,,,,,,,0.25261044969639646,0.7731252850273054,1.0016108935752688
NNN,NNN Reit,Real Estate,2008-10-31,2006-03-31,2006-03-31,70.76189011088792,38.07190199716749,70.76189011088792,-0.46197166387858435,31,31,17.829999923706055,26.149999618530277,-0.3181644289175648,30525076.974105835,-0.17045047933325064,-0.03281142055261754,-0.03442318832993721,0.04171973593707423,0.1250570265881431,0.054342375080051776,0.1811957217087099,0.08395760198592961,-0.018140982343785667,0.7610752135390095,0.48084722837049054,0.20467602590503975,0.8789335364242077,0.49600742473178006,0.150874644035084,-0.4374650800877117,-0.4374650800877117,,,,,,,,,,,,,,,,,,,,,,,,,,0.05392747547811644,0.5249315288645326,0.5259181596137021
NOV,NOV Inc.,Energy,2008-10-31,2007-10-31,2008-06-30,85.64575106041995,37.45273373549952,85.64575106041995,-0.5627017888011983,12,4,26.95220947265625,83.58882141113281,-0.6775620349987779,523134371.9011608,-0.11542344684721872,0.02221561193341437,0.020603844156094703,0.013048160359903305,0.09638545101097218,0.02567079950288085,0.37136184785877724,0.27412372813599695,0.17202514380628167,0.8596785243887848,0.5794505392202658,0.303279336754815,1.4834293565359764,1.1005032448435488,0.7553704641468527,-0.4111742878695629,-0.4111742878695629,3.3904418394950406,1337000000.0,9789000000.0,,,,,0.6541095890410958,,,,,10628438938.303196,,,1.0857532882115841,3.891336996591318,7.9494681662701545,,,,,2007-12-31,,,0.3282909815804801,0.8075906039688305,1.4857219063350275
OGE,OGE Energy,Utilities,2008-10-31,2006-07-31,2007-02-28,79.9292402040353,36.85116339138931,79.9292402040353,-0.5389526624134124,27,20,13.649999618530272,20.649999618530277,-0.33898305710952925,18782517.32967619,-0.0834270710465822,0.05421198773405089,0.052600219956731226,-0.030953672560072976,0.0523836180909959,-0.01833103341709543,0.2819790114966365,0.18474089177385622,0.08264230744414094,0.7696559596958437,0.48942797452732467,0.21325677206187388,1.1384598646338597,0.7555337529414321,0.41040097224473604,-0.26837569377108417,-0.26837569377108417,,,,,,,,,,,,,,,,,,,,,,,,,,0.14987909384016943,0.514935995598078,0.7906394169036917
PCAR,Paccar,Industrials,2008-10-31,2007-06-30,2007-07-31,88.41843923645332,34.32320849657884,88.41843923645332,-0.611809382828056,16,15,19.49333381652832,43.83555603027344,-0.5553077094980623,173393640.5272552,-0.08858331864858426,0.04905574013204883,0.047443972354729164,0.23147464853446476,0.31481193918553363,0.2440972876774423,0.3110941080786356,0.2138559883558553,0.11175740402614001,0.8126028943530177,0.5323749091844987,0.2562037067190479,0.5551591384127534,0.1722330267203258,-0.17289975397637025,-0.29183224089138016,-0.29183224089138016,2.1933333333333334,1227300000.0,,,,,,,,,,,10907675650.315443,,,,4.615482047388913,8.887538214222639,,,,,2007-12-31,,,0.1492127848608698,0.49286979479048904,0.05961790502097436
PEP,PepsiCo,Consumer Staples,2008-10-31,2007-11-30,2007-12-31,75.66336592847311,39.443567631582816,75.66336592847311,-0.47869663016485386,11,10,57.0099983215332,79.79000091552734,-0.2854994652539362,619304873.1556605,-0.1119952072557453,0.025643851524887795,0.024032083747568128,-0.11252276333585376,-0.029185472684784886,-0.09990012419287622,0.09754700024030849,0.00030888051752819834,-0.10178970381218708,0.21888200477561237,-0.06134598039290662,-0.3375171828583574,0.21123669563180103,-0.1716894160606266,-0.5168221967573227,-0.22602345008090274,-0.22602345008090274,3.41,5658000000.0,39474000000.0,,,,,0.7878028404344194,,,,,94593129179.83426,,,2.3963401018349866,10.883263148214947,16.71847458109478,,,,,2007-12-29,,,-0.001264910454444254,0.015402188036862052,-0.12569998512723718
PH,Parker Hannifin,Industrials,2008-10-31,2007-10-31,2007-11-30,79.9737503785209,34.61661412477591,79.9737503785209,-0.5671502966794324,12,11,38.77000045776367,86.91000366210938,-0.5539063534217012,124178301.95657639,-0.007327755977788453,0.13031130280284464,0.12869953502552497,0.18544849602326363,0.2687857866743325,0.19807113516624117,0.39924110224424925,0.30200298252146895,0.19990439819175368,1.0569867593436948,0.7767587741751758,0.500587571709725,1.228202985122453,0.8452768734300253,0.5001440927333293,-0.2761836708167782,-0.2761836708167782,5.53,949466000.0,12145605000.0,,,,,,,,,,6656563698.8482895,,,0.5480635751655261,3.7433488232167407,7.010849992362328,,,,,2008-06-30,,,0.15315762304638883,0.5517532201071492,0.4636278339593153
PKG,Packaging Corporation of America,Materials,2008-10-31,2007-10-31,2007-10-31,79.61203889955276,36.87317744763035,79.61203889955276,-0.5368391771230281,12,12,16.829999923706055,31.8799991607666,-0.47208279903538897,28608254.557382494,-0.13663104842716978,0.0010080103534633178,-0.0006037574238563492,-0.02111010511579481,0.062227185535274065,-0.008487465972817264,0.14557769430638534,0.04833957458360505,-0.053759009746110226,0.5720544553413311,0.29182647017281216,0.015655267707361364,0.7255220272014302,0.3425959155090026,-0.002536865187693471,-0.4126660485563215,-0.4126660485563215,,,,,,,,,,,,,,,,,,,,,,,,,,-0.085755234635056,0.07253921161895854,-0.05506890077383242
PLD,Prologis,Real Estate,2008-10-31,2006-03-31,2006-11-30,78.76328173172013,25.58316512698353,78.76328173172013,-0.6751891926732594,31,23,24.030000686645508,66.86000061035156,-0.6405922753921561,71947860.0955842,-0.329171608582033,-0.1915325498013999,-0.19314431757871955,-0.19009678045942424,-0.10675948980835537,-0.1774741413164467,-0.041704348439395744,-0.13894246816217604,-0.2410410524918913,0.28399568630891703,0.0037677011403980387,-0.27240350132505275,0.4049263292575056,0.022000217565077973,-0.3231325631316181,-0.6367039761587627,-0.6367039761587627,,,,,,,,,,,,,,,,,,,,,,,,,,-0.21947213580427857,-0.07388735086647291,-0.15794251836660045
PPL,PPL Corporation,Utilities,2008-10-31,2007-08-31,2007-12-31,83.56792875089094,35.90489726582388,83.56792875089094,-0.5703507577308349,14,10,30.577861785888672,51.44122314453125,-0.4055766967286931,108856955.72357629,-0.05567417891932103,0.08196487986131207,0.0803531120839924,-0.06599797026783161,0.017339320383237267,-0.05337533112485406,-0.06018621102851307,-0.15742433075129336,-0.25952291508100866,-0.09892356603325103,-0.37915155120177,-0.6553227536672208,0.038176682854278,-0.34474942883814963,-0.6898822095348457,-0.24274337257724876,-0.24274337257724876,3.110876,1288000000.0,,,,,,0.7763713080168776,,,,,12660191528.117676,,,,,9.829341248538569,,,,,2007-12-31,,,-0.13130378197863524,-0.25027901538619995,-0.17879184383005178
PVH,PVH Corp.,Consumer Discretionary,2008-10-31,2007-03-31,2007-05-31,80.16429784184405,35.474319213397976,80.16429784184405,-0.5574798237067431,19,17,24.51000022888184,62.18999862670898,-0.6058851781618237,42153830.90972598,-0.22252642583230786,-0.08488736705167477,-0.08649913482899443,0.18903089232212045,0.2723681829731893,0.20165353146509798,0.6485688778558276,0.5513307581330473,0.449232173803332,1.5262899229664564,1.2460619377979374,0.9698907353324866,2.071891210691363,1.6889650989989353,1.3438323183022391,-0.4669686171616826,-0.4669686171616826,,,,,,,,,,,,,,,,,,,,,,,,,,0.510310291709475,1.314471128681652,1.7738186606084183
R,Ryder,Industrials,2008-10-31,2006-06-30,2008-05-31,73.4238273795776,37.11604083433694,73.4238273795776,-0.49449596733143675,28,5,39.619998931884766,76.63999938964844,-0.48303758810786035,67773776.87926519,-0.1419407487518375,-0.004301689971204392,-0.005913457748524059,-0.2914767271982983,-0.20813943654722944,-0.27885408805532075,0.05376255933871077,-0.04347556038406952,-0.1455741447137848,0.16614400524180462,-0.11408397992671437,-0.39025518239216517,0.38941165471553396,0.006485543023106333,-0.33864723767358973,-0.513833753472752,-0.513833753472752,,,,,,,,,,,,,,,,,,,,,,,,,,-0.14638079035162993,-0.2266078969288795,-0.18028680309396095
REG,Regency Centers,Real Estate,2008-10-31,2007-01-31,2007-02-28,80.81902973709721,33.12849353453663,80.81902973709721,-0.5900904323857512,21,20,39.459999084472656,93.48999786376952,-0.5779227726374276,66189402.17500717,-0.0851459451905151,0.05249311359011799,0.05088134581279832,-0.006803144924698246,0.07653414572637063,0.005819494218279299,-0.08381029836514264,-0.18104841808792294,-0.28314700241763824,0.2141398215320569,-0.06608816363646208,-0.3422593661019129,0.23220513402565102,-0.1507209776667766,-0.4958537583634727,-0.4504932296106289,-0.4504932296106289,,,,,,,,,,,,,,,,,,,,,,,,,,-0.19702122722393023,0.0021989109684509567,-0.07593734813855807
RL,Ralph Lauren Corporation,Consumer Discretionary,2008-10-31,2007-06-30,2007-07-31,88.9190736865666,38.929196445535084,88.9190736865666,-0.5621952092893171,16,15,47.16999816894531,102.58000183105467,-0.5401638006730348,135719117.43162245,-0.12915745367526776,0.00848160510536533,0.006869837328045664,0.1441173755025642,0.22745466615363308,0.15674001464554174,0.5840584463568297,0.4868203266340494,0.3847217423043341,1.0721826786518163,0.7919546934832973,0.5157834910178465,2.4147671993813,2.031841087688872,1.686708306992176,-0.33813828125141054,-0.33813828125141054,,,,,,,,,,,,,,,,,,,,,,,,,,0.39765671278117953,0.7019510243465539,1.9137469335850068
ROP,Roper Technologies,Information Technology,2008-10-31,2007-10-31,2007-10-31,86.748350166728,37.61982415646583,86.748350166728,-0.5663338370797653,12,12,45.34999847412109,71.01000213623047,-0.3613575959747398,45184011.69822935,-0.09118306300737689,0.04645599577325621,0.04484422799593654,0.008972816375886872,0.09231010702695575,0.021595455518864416,0.12283406047039858,0.025595940747618284,-0.07650264358209699,0.5524018777539568,0.2721738925854378,-0.003997309880013011,0.8235089814430021,0.4405828697505745,0.09545008905387842,-0.23153260226223427,-0.23153260226223427,2.64,245705000.0,2102049000.0,,,,,0.5605172988041629,,,,,4220727793.5923944,,,2.007911230229359,8.320503901004543,17.178029725045864,,,,,2007-12-31,,,-0.03698843250054831,0.1868038839682567,0.22189226311775678
RPM,RPM International,Materials,2008-10-31,2007-02-28,2007-02-28,74.54726368713344,34.54541793231503,74.54726368713344,-0.5365971033182613,20,20,14.199999809265137,25.739999771118164,-0.448329450834013,16959372.08672478,-0.11965830933679733,0.017980749443835764,0.016368981666516097,0.003035623014790989,0.08637291366585986,0.015658262157768534,0.31104619788217414,0.21380807815939384,0.11170949382967857,0.604637031237327,0.32440904606880805,0.048237843603357256,0.8073062720101296,0.424380160317702,0.07924737962100592,-0.3499343468199817,-0.3499343468199817,,,,,,,,,,,,,,,,,,,,,,,,,,0.14619430738888342,0.24765646466619456,0.22739790378536362
RS,"Reliance, Inc.",Materials,2008-10-31,2006-03-31,2008-06-30,83.25849446921238,35.388962561805144,83.25849446921238,-0.5749507268007182,31,4,25.040000915527344,78.44000244140625,-0.680775113001406,75556056.68064602,-0.11119528285882352,0.026443775921809576,0.02483200814448991,0.42137617108039827,0.5047134617314671,0.43399881022337583,0.4799991332670599,0.3827610135442796,0.2806624292145643,0.7136692769069048,0.43344129173838586,0.15727008927293507,0.8272430017921288,0.4443168900997012,0.09918410940300515,-0.4976037454761819,-0.4976037454761819,,,,,,,,,,,,,,,,,,,,,,,,,,0.29392267506658454,0.31972271334225005,0.18031899801163698
RSG,Republic Services,Industrials,2008-10-31,2006-04-30,2007-11-30,84.42464959504011,37.775553460821605,84.42464959504011,-0.5525530322954293,30,11,23.700000762939453,36.52000045776367,-0.3510405129827663,49932984.26020486,0.10014168401023893,0.23778074279087202,0.23616897501355236,-0.09683018522175724,-0.013492894570688363,-0.0842075460787797,0.13123585296195306,0.03399773323917277,-0.06810085109054251,0.3357950208122866,0.05556703564376764,-0.22060416682168316,0.311083753313635,-0.0718423583787926,-0.41697513907548867,-0.35973976989579015,-0.35973976989579015,1.51,290200000.0,3176200000.0,,,,,0.5414179104477612,,,,,4554794848.612602,,,1.4340390556679687,5.386803147489723,15.695364743668511,,,,,2007-12-31,,,-0.043516108371371875,-0.046254261058400636,-0.3168041970130534
RTX,RTX Corporation,Industrials,2008-10-31,2007-09-30,2007-10-31,81.1845301356957,36.350173815127505,81.1845301356957,-0.5522524580191559,13,12,34.587791442871094,51.9194450378418,-0.33381815969601414,468929955.8347016,-0.12028112639280053,0.017357932387832564,0.015746164610512897,-0.09708969023490277,-0.013752399583833896,-0.08446705109192523,0.15217934542126166,0.054941225698481366,-0.04715735863123391,0.4357260255321902,0.1554980403636712,-0.12067316210177959,0.5320235849740151,0.1490974732815875,-0.19603530741510855,-0.30858197157578116,-0.30858197157578116,2.687224669603524,4224000000.0,55716000000.0,,,,,0.5991489361702128,,,,,54367925654.77716,,,0.9758045382794379,6.258534069655498,12.871194520543835,,,,,2007-12-31,,,-0.004176694192863706,0.14167567447222146,0.14240840660058723
RYN,Rayonier,Real Estate,2008-10-31,2006-03-31,2006-03-31,80.47185388312363,38.26208547226449,80.47185388312363,-0.5245283459253233,31,31,16.470001220703125,24.67015266418457,-0.33239159704861465,43455797.358566314,-0.09487465826352581,0.04276440051710728,0.041152632739787615,0.21312961962710486,0.29646691027817373,0.2257522587700824,0.24201267140148852,0.14477455167870823,0.042675967348992955,0.7589722910461432,0.4787443058776242,0.20257310341217338,1.1901863126129868,0.8072602009205592,0.4621274202238631,-0.30014153539445776,-0.30014153539445776,,,,,,,,,,,,,,,,,,,,,,,,,,0.1610515125533722,0.5941916908426401,0.967800197131778
SEIC,SEI Investments Company,Financials,2008-10-31,2007-01-31,2007-04-30,79.08960012120357,32.16842314614834,79.08960012120357,-0.5932660792714752,21,18,17.68000030517578,33.119998931884766,-0.46618354844947874,22701564.764343746,-0.2797032544253155,-0.14206419564468242,-0.1436759634220021,-0.20238630836906624,-0.11904901771799736,-0.1897636692260887,-0.0024283609712681953,-0.09966648069404849,-0.20176506502376376,0.2771981868963438,-0.0030297982721751993,-0.279201000737626,-0.05738561746602877,-0.4403117291584564,-0.7854445098551525,-0.4775433555738031,-0.4775433555738031,,,,,,,,,,,,,,,,,,,,,,,,,,-0.14731918442113315,-0.009108024079317711,-0.5050129989728316
SLB,Schlumberger,Energy,2008-10-31,2006-01-31,2007-10-31,84.85683380611994,36.3132394507395,84.85683380611994,-0.5720646432117933,33,12,51.650001525878906,114.83999633789062,-0.5502437898560142,1070766017.9558164,-0.20659071134726958,-0.06895165256663649,-0.07056342034395616,-0.04276885326214164,0.040568437388927236,-0.030146214119164093,0.22430330840563184,0.12706518868285155,0.024966604353136274,0.3948643533717704,0.1146363682032514,-0.1615348342621994,0.4835978970155206,0.10067178532309295,-0.2444609953736031,-0.3151472805025909,-0.3151472805025909,4.2,5177000000.0,23277000000.0,,,,,,,,,,63664775690.35121,,,2.7350936843386697,,12.297619410923549,,,,,2007-12-31,,,0.15206210354501945,0.26861083869767477,0.33374708992618096
SNA,Snap-on,Industrials,2008-10-31,2007-02-28,2008-05-31,78.07127790260161,36.93893473293152,78.07127790260161,-0.5268562815250064,20,5,36.95000076293945,62.209999084472656,-0.406044023360836,31469347.783067487,-0.17540723406764536,-0.03776817528701226,-0.03937994306433193,-0.06277674080956575,0.02056054984150313,-0.0501541016665882,0.02778801887216531,-0.06945010085061498,-0.17154868518033026,0.47634661468783146,0.19611862951931247,-0.08005257294613832,0.5902790193710596,0.20735290767863201,-0.13777987301806405,-0.43330020330389274,-0.43330020330389274,,,,,,,,,,,,,,,,,,,,,,,,,,-0.17496540395583085,0.05395808745558883,-0.09115842997343149
SPG,Simon Property Group,Real Estate,2008-10-31,2007-01-31,2007-02-28,83.45504916298461,36.52627382886091,83.45504916298461,-0.5623239792534727,21,20,62.21342849731445,115.0526123046875,-0.4592610523909004,332719113.1586722,-0.34878289306740795,-0.21114383428677486,-0.21275560206409452,-0.20286572831871252,-0.11952843766764365,-0.190243089175735,0.07072942826408068,-0.026508691458699607,-0.12860727578841488,0.5603130096847779,0.28008502451625894,0.003913822050808147,1.1493282153532105,0.7664021036607829,0.4212693229640868,-0.6250689969197032,-0.6250689969197032,1.834430856067733,436164000.0,3650799000.0,,,,,0.2843252291999124,,,,,14792194394.979551,,,4.051769049728444,5.857441420299628,33.91429461161295,,,,,2007-12-31,,,-0.11852101635838361,0.22692368528058438,0.6754952250300853
SPXC,SPX Technologies,Industrials,2008-10-31,2008-05-31,2008-06-30,88.82976219070524,29.732854050204054,88.82976219070524,-0.6652827462672734,5,4,9.755728721618652,35.462100982666016,-0.7248970463879937,93699621.88794954,0.09492020647925492,0.23255926525988802,0.23094749748256835,0.20692170413420796,0.29025899478527684,0.2195443432771855,0.3921232682546869,0.2948851485319066,0.19278656420219134,0.7996078577602863,0.5193798725917673,0.24320867012631653,0.48748363439076314,0.10455752269833551,-0.24057525799836055,-0.34305608759201844,-0.34305608759201844,1.3120120876353563,294200000.0,4542200000.0,,,,,0.7203721841332027,,,,,2187583039.019909,,,0.4816131035665336,3.8054857596926297,7.435700336573449,,,,,2007-12-31,,,0.15015628777563483,0.29324785057807257,-0.2723498723877694
SRE,Sempra,Utilities,2008-10-31,2007-04-30,2007-04-30,86.32514250222187,34.629368254421465,86.32514250222187,-0.5988495674533041,18,18,21.30500030517578,33.189998626708984,-0.3580897503252377,148264109.20855203,0.03780628300600575,0.17544534178663884,0.17383357400931918,0.09977487562120424,0.1831121662722731,0.11239751476418178,0.2490339229800811,0.1517958032573008,0.049697218927585524,0.337782330585491,0.05755434541697202,-0.21861685704847877,0.3923958985952718,0.009469786902844168,-0.3356629937938519,-0.13760761376581188,-0.13760761376581188,,,,,,,,,,,,,,,,,,,,,,,,,,0.12312999033452132,0.07289573614620082,-0.029291975778179324
STLD,Steel Dynamics,Materials,2008-10-31,2008-06-30,2008-06-30,78.60751801299224,36.64054157498386,78.60751801299224,-0.533879932846526,4,4,11.920000076293944,40.91999816894531,-0.7086998873489643,137888223.4167833,-0.10073405275111913,0.036905006029513965,0.0352932382521943,0.06516019301394382,0.1484974836650127,0.07778283215692136,0.15648465139303047,0.05924653167025018,-0.042852052659465095,0.2800030407208185,-0.0002249444477004925,-0.2763961469131513,0.12745845719931048,-0.25546765449311715,-0.6006004351898132,-0.5654363198155326,-0.5654363198155326,2.01,394157000.0,4384549000.0,,,,,0.5706259183924604,,,,,2337488293.568056,,,0.5331194368150649,2.7856861160625663,5.930348296663654,,,,,2007-12-31,,,-0.09889713953357043,-0.2698326470851412,-0.7721210603893857
SYK,Stryker Corporation,Health Care,2008-10-31,2007-12-31,2007-12-31,73.76324216968013,39.59029305047993,73.76324216968013,-0.4632788379961795,10,10,53.459999084472656,76.88999938964844,-0.30472103643078086,134445798.0757698,-0.20185907587622398,-0.06422001709559089,-0.06583178487291055,-0.26855979018253306,-0.1852224995314642,-0.2559371510395555,-0.13081261553149026,-0.22805073525427055,-0.33014931958398586,-0.05203130745427953,-0.3322592926227985,-0.6084304950882493,-0.0702088848499216,-0.45313499654234923,-0.7982677772390453,-0.41764455664970834,-0.41764455664970834,2.44,1017400000.0,6000500000.0,,,,,0.7782452382773656,,,,,22291066831.36987,,,3.7148682328755718,15.23163031803508,21.909835690357646,,,,,2007-12-31,,,-0.29258206277162335,-0.4035753050303812,-0.6445035933453936
TAP,Molson Coors Beverage Company,Consumer Staples,2008-10-31,2007-10-31,2007-10-31,78.07007955572436,39.825336001159236,78.07007955572436,-0.4898770921229437,12,12,37.36000061035156,59.5099983215332,-0.37220632391056285,86311146.69260298,0.08276340925671,0.2204024680373431,0.21879070026002342,0.03418945958580477,0.11752675023687364,0.046812098728782316,0.3380784230626761,0.2408403033398958,0.13874171901018054,0.32239283998505375,0.04216485481653476,-0.23400634764891604,0.21714665381237142,-0.1657794578800562,-0.5109122385767523,-0.1683221717117993,-0.1683221717117993,2.71,492000000.0,6190600000.0,,,,,0.7674309780065512,,,,,6782701217.820284,,,1.0956452068976001,6.490729777910917,13.785978085000577,,,,,2007-12-30,,,0.2892358308506267,0.20002249888423976,0.001954398666289936
TMO,Thermo Fisher Scientific,Health Care,2008-10-31,2007-05-31,2007-10-31,80.49179726750954,37.977501843924074,80.49179726750954,-0.5281817137501827,17,12,40.59999847412109,62.77000045776367,-0.35319423007747486,184192854.34461927,-0.11502485020038944,0.022614208580243655,0.02100244080292399,-0.13596078089600805,-0.052623490244939175,-0.12333814175303051,0.1083742528922258,0.011136133169445506,-0.09096245116026977,0.26650183436622155,-0.013726150802297443,-0.28989735326774824,0.23817680433068822,-0.1447493073617394,-0.48988208805843547,-0.34359637721492275,-0.34359637721492275,1.69,748400000.0,9746400000.0,,,,,0.7680623973727422,,,,,17979312933.746876,,,1.8447132206503813,10.024383626240109,24.023667736166324,,,,,2007-12-31,,,-0.08172336433051913,-0.15993491421840167,-0.49135840552846155
TRMB,Trimble Inc.,Information Technology,2008-10-31,2007-10-31,2007-10-31,85.65092062267232,39.57463007233952,85.65092062267232,-0.5379544109434373,12,12,10.28499984741211,21.575000762939453,-0.5232908698163659,29285870.621311855,-0.2795333050708213,-0.1418942462901882,-0.14350601406750788,0.042294645218313054,0.12563193586938193,0.0549172843612906,0.01944577659040614,-0.07779234313237415,-0.17989092746208943,0.742343251546371,0.46211526637785205,0.18594406391240126,0.9645114461319113,0.5815853344394837,0.23645255374278762,-0.41857072359819614,-0.41857072359819614,,,,,,,,,,,,,,,,,,,,,,,,,,-0.14845495326235078,0.4076075689630195,0.5193850218803935
TROW,T. Rowe Price,Financials,2008-10-31,2007-10-31,2007-12-31,81.91217100560988,38.14875673387948,81.91217100560988,-0.5342724253851505,12,10,39.540000915527344,70.19999694824219,-0.4367520992247361,178571407.65713283,-0.2970817532893679,-0.15944269450873483,-0.1610544622860545,-0.008358784206145775,0.0749785064449231,0.004263854936831769,0.2686479576001106,0.17140983787733033,0.06931125354761505,0.47002582471410004,0.18979783954558105,-0.08637336291986975,0.43493040751829204,0.05200429582586441,-0.29312848487083165,-0.4879757894969652,-0.4879757894969652,,670600000.0,2233100000.0,,,,,0.6730228823765556,,,,,,,,,,,,,,,2007-12-31,,,0.14384346457523509,0.23088941318708248,0.08480002670257719
VFC,VF Corporation,Consumer Discretionary,2008-10-31,2006-12-31,2007-06-30,82.7055749210778,36.38332540271288,82.7055749210778,-0.5600861799530219,22,16,12.970809936523438,22.64595031738281,-0.42723490272045805,85115112.34888089,0.028088002381453592,0.1657270611620867,0.16411529338476702,0.10124936684747521,0.18458665749854408,0.11387200599045275,0.3446704602385027,0.24743234051572238,0.1453337561860071,0.6263318308097354,0.34610384564121643,0.06993264317576564,1.7724341104836343,1.3895079987912067,1.0443752180945105,-0.30635165295708977,-0.30635165295708977,1.2288135593220337,591621000.0,7219359000.0,,,,,0.6127987106410439,,,,,6244888402.508966,,,0.865019789500559,5.587859973441945,10.555555672481143,,,,,2007-12-29,,,0.25221307852787445,0.4168892773669052,1.4436228613304598
WYNN,Wynn Resorts,Consumer Discretionary,2008-10-31,2007-10-31,2007-10-31,77.13063296479733,38.84002223187767,77.13063296479733,-0.49643843517264563,12,12,60.400001525878906,176.13999938964844,-0.6570909405292722,184256362.0478373,-0.5019866361848533,-0.3643475774042202,-0.36595934518153983,-0.35049646305234916,-0.2671591724012803,-0.3378738239093716,-0.1023178022498189,-0.1995559219725992,-0.3016545063023145,0.8953738138001082,0.6151458286315892,0.3389746261661384,1.5607736185054653,1.1778475068130376,0.8327147261163416,-0.7599338240482341,-0.7599338240482341,,,,,,,,,,,,,,,,,,,,,,,,,,-0.29987209275297383,0.5507437215640101,1.2175255554834266
XRAY,Dentsply Sirona,Health Care,2008-10-31,2007-12-31,2007-12-31,79.9762427265725,39.21054105366871,79.9762427265725,-0.509722641163276,10,10,30.3799991607666,47.84000015258789,-0.36496657475191907,55701018.37734646,-0.1125551870438607,0.0250838717367724,0.023472103959452734,-0.05434705149031949,0.028990239160749387,-0.04172441234734194,0.09249794323167815,-0.004740176491102144,-0.10683876082081742,0.04676051029081618,-0.2334674748777028,-0.5096386773431536,0.23968659187196706,-0.14323951982046057,-0.48837230051715663,-0.2810740466039413,-0.2810740466039413,1.68,259654000.0,2009833000.0,,,,,0.7316443640441713,,,,,4695409703.624816,,,2.3362188319252475,11.385683963847805,18.083332833789644,,,,,2007-12-31,,,0.10168165673030205,0.06357911321358511,0.2290688726367345
ACN,Accenture,Information Technology,2008-11-30,2007-06-30,2007-06-30,76.5058325182306,39.24288710108772,76.5058325182306,-0.4870601912378836,17,17,30.979999542236328,44.02999877929688,-0.29638881669005923,157229410.24573493,-0.05777921344468784,0.11493560154917082,0.08644020028215535,-0.03389281558050383,-0.07672580762662662,-0.2008322053591319,0.35041860624315446,0.0984375290271382,-0.10655373428302412,0.4522431202081052,0.07623668276316442,-0.3824077627859722,0.9812547918948522,0.500907514362408,-0.0035998507125463153,-0.1526792782984011,-0.1526792782984011,2.64,1691751000.0,25313826000.0,,,,,0.5617482771513443,,,,,19852441365.749187,,,0.7842528966482264,4.638786026089383,11.734848311453154,,,,,2008-08-31,,,0.1920912383452099,0.08444260084163369,0.37269342443080244
AIT,Applied Industrial Technologies,Industrials,2008-11-30,2006-03-31,2007-10-31,80.98278619861364,39.748860187094785,80.98278619861364,-0.5091690215546665,32,13,19.059999465942383,35.68000030517578,-0.46580719442489693,9900755.35788309,-0.14681770741263622,0.025897107581222434,-0.002598293685793035,0.10724326538321693,0.06441027333709415,-0.05969612439541114,0.12179517825965269,-0.13018589895636357,-0.3351771622665259,0.6542088954955185,0.27820245805057775,-0.1804419874985589,0.9577725664277046,0.47742528889526037,-0.027082076179693937,-0.22567857547170278,-0.22567857547170278,,,,,,,,,,,,,,,,,,,,,,,,,,-0.0851598983347975,0.1981545707278392,0.23671311050938726
BDX,Becton Dickinson,Health Care,2008-11-30,2008-01-31,2008-01-31,75.36424318040022,36.65395853284366,75.36424318040022,-0.5136425845197612,10,10,48.72679901123047,71.5140380859375,-0.31864008360601737,144811060.22554487,-0.02067913246504194,0.15203568252881672,0.12354028126180125,0.0764942712378962,0.03366127919177342,-0.09044511854073187,0.20133120994942266,-0.050649867266593596,-0.2556411305767559,0.27699143284024497,-0.09901500460469581,-0.5576594501538324,0.23377063906912432,-0.2465766384633199,-0.7510840035382742,-0.03929910935643732,-0.03929910935643732,2.676790918852585,890033000.0,6282835000.0,,,,,0.7512957260455285,,,,,16201661025.8647,0.0,0.0,2.5787182101495105,9.650933605449671,18.203438553249935,,,,,2007-09-30,,,0.10525031535949536,0.06353308743673314,-0.13045183028548152
CLF,Cleveland-Cliffs,Materials,2008-11-30,2008-06-30,2008-06-30,91.18392070579696,39.31851898836807,91.18392070579696,-0.5687998642301371,5,5,23.75,121.9499969482422,-0.8052480476069226,246950036.0418592,-0.3481202048035268,-0.17540538980966813,-0.2039007910766836,0.15317999322708342,0.11034700118096064,-0.01375939655154465,0.8711073330566803,0.619126255840664,0.41413499253050173,1.9282231057465586,1.5522166683016179,1.0935722227524813,1.9369851663021067,1.4566378887696625,0.9521305236947082,-0.5014789340110735,-0.5014789340110735,2.57,270000000.0,2275200000.0,,,,,0.7075471698113207,,,,,2495136186.770428,,,1.0966667487563415,4.783216421379763,9.241245136186771,,,,,2007-12-31,,,0.6378355119948181,1.6340669972431514,1.6374673779929012
CNX,CNX Resources,Energy,2008-11-30,2008-06-30,2008-06-30,83.03569176163978,39.268705734740635,83.03569176163978,-0.527086426310936,5,5,24.14166641235352,99.25,-0.7567590285908965,306025895.74806756,-0.05613062063833141,0.11658419435552725,0.08808879308851178,0.430248168260829,0.3874151762147062,0.2633087784822009,0.6036773554114789,0.3516962781954627,0.14670501488530036,0.4796920310927988,0.10368559364785801,-0.3549588519012786,0.4820839549104079,0.0017366773779636802,-0.5027706876969906,-0.2865032438202375,-0.2865032438202375,1.2083333333333333,267782000.0,3762197000.0,,,,,,,,,,5350099626.399601,,,1.4220679104256373,6.766466536225963,19.979310134361533,,,,,2007-12-31,,,0.49520898564430543,0.30420258055711336,0.29067774879471175
COHR,Coherent Corp.,Information Technology,2008-11-30,2007-02-28,2007-02-28,74.97423733280792,38.780042573596575,74.97423733280792,-0.4827550909060485,21,21,10.0600004196167,24.1299991607666,-0.5830915553460344,8025128.244472685,-0.10735594754791478,0.06535886744594388,0.03686346617892841,0.1928428925907757,0.1500099005446529,0.025903502812147622,0.4155068764560479,0.16352579924003163,-0.041465464070130686,1.0293240620267476,0.6533176245818069,0.19467317903267023,0.9453279203312264,0.46498064279878215,-0.039526722276172155,-0.3016898804826199,-0.3016898804826199,,,,,,,,,,,,,,,,,,,,,,,,,,0.08112982015109299,0.45379774071028844,0.1736593583332543
COST,Costco,Consumer Staples,2008-11-30,2007-12-31,2007-12-31,75.25376909642641,39.76533957386615,75.25376909642641,-0.4715834163347641,11,11,51.470001220703125,75.2300033569336,-0.31583146452220145,417486372.65186006,-0.17438105209174548,-0.0016662370978868246,-0.030161638364902293,-0.05022838483562997,-0.09306137688175276,-0.21716777461425804,0.18065671413113216,-0.0713243630848841,-0.2763156263950464,0.3503138230014866,-0.025692614443454165,-0.4843370599925908,0.7236577536465498,0.2433104761141056,-0.2611968889608487,-0.25569507557150395,-0.25569507557150395,,1283000000.0,72483000000.0,,,,,0.6515997968511935,,,,,,,,,,,,,,,2008-08-31,,,-0.04793568359569836,-0.16773240896644925,-0.12685633705763644
CPRT,Copart,Industrials,2008-11-30,2007-12-31,2008-05-31,74.95409194602703,37.97478544217949,74.95409194602703,-0.4933594089896468,11,6,1.6668750047683716,3.083750009536743,-0.45946493729601057,34562957.45965564,0.013123373845837838,0.1858381888396965,0.15734278757268103,0.1507311753379752,0.10789818329185241,-0.016208214440652874,0.21559797811033166,-0.0363830991056846,-0.24137436241584692,0.33033368731683255,-0.04567275012810823,-0.5043171956772449,0.6846644235712818,0.20431714603883755,-0.30019021903611676,-0.15485561113431034,-0.15485561113431034,,,,,,,,,,,,,,,,,,,,,,,,,,-0.0058293627730162945,-0.21195357502997203,-0.27022055174913173
DAR,Darling Ingredients,Consumer Staples,2008-11-30,2008-02-29,2008-07-31,88.1042985689592,34.987937724694476,88.1042985689592,-0.6028804690237738,9,4,5.0,17.520000457763672,-0.7146118796027576,9374885.54991919,-0.13400001525878902,0.03871479973506964,0.01021939846805417,0.5140000343322755,0.4711670422861527,0.3470606445536474,0.42399997711181636,0.1720188998958001,-0.032972363414362216,1.3159999847412114,0.9399935472962706,0.48134910174713397,1.8739999771118163,1.393652699579372,0.8891453345044178,-0.43600001335144045,-0.43600001335144045,,,,,,,,,,,,,,,,,,,,,,,,,,0.2548573016027665,0.9202680676811474,1.2827794698452895
DECK,Deckers Brands,Consumer Discretionary,2008-11-30,2007-12-31,2007-12-31,87.42201344413064,38.31752229170677,87.42201344413064,-0.5616948090975438,11,11,3.313333034515381,9.25,-0.6418018341064453,66120002.523926325,-0.3080146211526038,-0.13529980615874515,-0.16379520742576062,-0.02816891780358055,-0.07100190984970334,-0.19510830758220862,0.5531523568254328,0.3011712796094166,0.09618001629925427,2.868209585204884,2.492203147759943,2.0335587022108066,4.480382634510185,4.000035356977741,3.4955279919027866,-0.37558679398891526,-0.37558679398891526,,,,,,,,,,,,,,,,,,,,,,,,,,0.2141862898495267,2.13745769703322,3.499936079661613
DOC,Healthpeak Properties,Real Estate,2008-11-30,2007-01-31,2007-01-31,80.98885834162442,36.676010292591336,80.98885834162442,-0.5471474590012635,22,22,18.825136184692383,38.39708709716797,-0.5097248878006463,139237290.94889772,-0.09891136096685482,0.07380345402700383,0.045308052759988365,0.17024305157447506,0.12741005952835227,0.003303661795846985,0.6313396938801403,0.37935861666412407,0.17436735335396175,0.8179523871713281,0.44194594972638734,-0.016698495822749293,1.2473813661655275,0.7670340886330833,0.262526723558129,-0.2636426521401294,-0.2636426521401294,2.459016393442623,589015000.0,953743000.0,,,,,,,,,,4509236953.196144,,,4.727937141552959,5.9230255474391,7.655555381774902,,,,,2007-12-31,,,0.5643253657619265,0.7145293206562104,1.115500262942606
ELS,Equity Lifestyle Properties,Real Estate,2008-11-30,2007-02-28,2007-02-28,73.28556626343594,36.00113026359637,73.28556626343594,-0.508755514910195,21,21,8.649999618530273,14.917499542236328,-0.420144133804778,17051630.22549947,-0.03156345692935714,0.14115135806450152,0.11265595679748605,0.14765859979562235,0.10482560774949956,-0.019280789983005725,0.4237064011840428,0.17172532396802653,-0.033265939342135786,0.6350196081373465,0.2590131706924057,-0.19963127485673093,0.9208695589970526,0.44052228146460837,-0.06398508361034594,-0.21965350347381107,-0.21965350347381107,,,,,,,,,,,,,,,,,,,,,,,,,,0.2676079633368167,0.29983496551138755,0.36410026642167603
ESS,Essex Property Trust,Real Estate,2008-11-30,2006-08-31,2007-02-28,82.44481079955798,38.05721631734751,82.44481079955798,-0.5383916107240123,27,21,86.47000122070312,148.5399932861328,-0.4178672066173059,91391961.27976917,-0.3617607296288494,-0.18904591463499076,-0.21754131590200623,-0.18747948590857,-0.23031247795469278,-0.3544188756871981,-0.01991633894047784,-0.2718974161564941,-0.4768886794666564,0.42217874669689737,0.04617230925195659,-0.41247213629718005,0.763315760505846,0.2829684829734018,-0.22153888210155248,-0.42288644073352855,-0.42288644073352855,,,,,,,,,,,,,,,,,,,,,,,,,,-0.16508613347718173,0.14299618671884318,0.3624211076769332
FRT,Federal Realty Investment Trust,Real Estate,2008-11-30,2007-01-31,2007-02-28,81.57285387070989,38.84260597186985,81.57285387070989,-0.5238292626927823,22,21,57.84000015258789,98.91999816894533,-0.4152850664857167,95288472.62545389,-0.280773967525911,-0.10805915253205234,-0.1365545537990678,-0.06526320151648002,-0.1080961935626028,-0.2322025912951081,0.16793838196323985,-0.08404269525277641,-0.28903395856293873,0.45633581720849303,0.08032937976355226,-0.3783150657855844,0.7195453984866467,0.23919812095420245,-0.26530924412075185,-0.3543928771504251,-0.3543928771504251,,,,,,,,,,,,,,,,,,,,,,,,,,0.06629365208950472,0.2839197137050299,0.4731001893380712
FTI,TechnipFMC,Energy,2008-11-30,2007-10-31,2008-05-31,88.51134313343871,37.47142164767509,88.51134313343871,-0.5766483670778377,13,6,10.219493865966797,30.9449405670166,-0.669752351153019,106384272.6160487,-0.03567474200789078,0.13704007298596788,0.1085446717189524,0.5151077341782369,0.47227474213211407,0.34816834439960875,0.9828912319780578,0.7309101547620416,0.5259188914518793,2.066619119096675,1.6906126816517342,1.2319682361025976,2.81216046428388,2.3318131867514356,1.8273058216764813,-0.2398977619114615,-0.2398977619114615,,,,,,,,,,,,,,,,,,,,,,,,,,0.7916338366704464,1.6755719727850882,2.1837747198081994
GME,GameStop,Consumer Discretionary,2008-11-30,2007-10-31,2007-12-31,92.15429140595703,37.114115147150116,92.15429140595703,-0.5972611304268465,13,11,5.462500095367432,15.942500114440918,-0.657362392588636,107384329.08723317,0.2320370309387203,0.40475184593257896,0.3762564446655635,0.14187660554395776,0.09904361349783497,-0.025062784234670316,0.11716247566807603,-0.13481860154794023,-0.33980986485810255,-0.08832945379546897,-0.46433589124040975,-0.9229803367895464,0.05812370561425362,-0.4222235719181906,-0.9267309369931449,-0.17574351269814947,-0.21647581677023076,0.4375,288291000.0,7093962000.0,,,,,0.57494799779028,,,,,3599519119.985308,,,0.5074060334669551,4.340896292626154,12.485714503696986,,,,,2008-02-02,,,-1.9581144404782873,-3.3136083528747493,-3.036625376027631
HSIC,Henry Schein,Health Care,2008-11-30,2007-03-31,2007-10-31,74.56354938231371,30.967703626507273,74.56354938231371,-0.5846803983575823,20,13,14.011764526367188,24.949020385742188,-0.4383841806320139,48097513.5634965,0.02658830415725144,0.1993031191511101,0.17080771788409463,0.27455922790013876,0.23172623585401597,0.10761983812151069,0.3898685034439575,0.13788742622794126,-0.06710383708222106,0.6059334077482235,0.22992697030328269,-0.22871747524585395,0.8007277231766086,0.32038044564416435,-0.18412691943078996,-0.09935626582450774,-0.09935626582450774,,,,,,,,,,,,,,,,,,,,,,,,,,0.28922601279143545,0.3993144161834803,0.4760534958561056
IRM,Iron Mountain,Real Estate,2008-11-30,2007-12-31,2007-12-31,75.88738833431526,38.27469939369268,75.88738833431526,-0.49563820505883227,11,11,20.083179473876957,35.905731201171875,-0.4406692524556779,31940073.62103093,-0.14496133419272972,0.027753480801128938,-0.0007419204658865308,0.25402664768707295,0.21119365564095016,0.08708725790844488,0.10446367496377906,-0.1475174022522372,-0.3525086655623995,0.03035669209499381,-0.34564974534994697,-0.8042941908990836,0.45015683291356967,-0.030190444618874546,-0.5346978096938289,-0.22181330309216074,-0.22181330309216074,,,,,,,,,,,,,,,,,,,,,,,,,,-0.08851993839766983,-0.3836957181416149,-0.21230241988293663
ISRG,Intuitive Surgical,Health Care,2008-11-30,2006-01-31,2007-12-31,92.47896349146507,39.46426224664551,92.47896349146507,-0.5732622776390904,34,11,14.725556373596191,39.95444488525391,-0.6314413473673116,226554068.61291614,-0.31366487564006296,-0.1409500606462043,-0.16944546191321977,0.12940460265665177,0.08657161061052898,-0.037534787121976304,1.1168035599041892,0.864822482688173,0.6598312193780107,0.964007974941818,0.5880015374968772,0.1293570919477406,2.2763146365180966,1.7959673589856524,1.291459993910698,-0.35969215455222225,-0.35969215455222225,0.41111111111111115,144537000.0,600828000.0,,,,,0.6991177409524915,,,,,5177159371.387635,,,8.61670789541705,23.211319115638524,35.81892090874749,,,,,2007-12-31,,,0.851244881878639,0.4230768118446656,1.4186975238129298
KEX,Kirby Corporation,Industrials,2008-11-30,2006-05-31,2008-05-31,86.89654673742626,33.41953238537731,86.89654673742626,-0.6154101211137825,30,6,25.43000030517578,61.650001525878906,-0.5875101431343681,30671831.09655229,-0.13330709197665525,0.03940772301720341,0.010912321750187942,0.3220605005278774,0.2792275084817546,0.1551211107492493,0.3114431016083532,0.05946202439233694,-0.14552923891782538,0.7565866155280228,0.380580178083082,-0.07806426746605466,1.527723083283406,1.0473758057509617,0.5428684406760074,-0.2347621372024934,-0.2347621372024934,,,,,,,,,,,,,,,,,,,,,,,,,,0.18661581710775238,0.5092926710179014,1.193485138160557
LIN,Linde plc,Materials,2008-11-30,2007-12-31,2008-06-30,86.74231332752674,36.20564466008522,86.74231332752674,-0.5826068815645047,11,5,59.04999923706055,99.73999786376952,-0.40796069278330693,247247718.8123612,-0.032374318093167265,0.1403404969006914,0.11184509563367592,0.25720986048519756,0.21437686843907477,0.09027047070656949,0.4237907057720931,0.17180962855607684,-0.033181634754085476,0.6327136174230323,0.25670717997809156,-0.20193726557104508,0.8454842027685268,0.36513692523608254,-0.13937043983887176,-0.150535211734648,-0.150535211734648,,,,,,,,,,,,,,,,,,,,,,,,,,0.27533164300950974,0.309624446533223,0.3256641310756263
LMT,Lockheed Martin,Industrials,2008-11-30,2007-02-28,2007-10-31,83.54582735257844,38.6815700981623,83.54582735257844,-0.5370017710768593,21,13,77.11000061035156,120.3000030517578,-0.3590191300562494,337897767.15049136,-0.1748839216550201,-0.002169106661161435,-0.030664507928176904,0.10107380201405802,0.058240809967935236,-0.06586558776457005,0.03282069930361109,-0.21916037791240517,-0.4241516412225675,-0.05690912626339373,-0.4329155637083345,-0.8915600092574711,0.12987745979908216,-0.35046981773336205,-0.8549771828083164,-0.24940752013573186,-0.24940752013573186,7.1,3033000000.0,41862000000.0,,,,,0.6699801192842942,,,,,32940088993.12624,,,0.7868732739268607,5.833254187006786,10.860563466246699,,,,,2007-12-31,,,-0.14288247569231233,-0.4478638422479626,-0.5412126885745614
LSTR,Landstar System,Industrials,2008-11-30,2006-02-28,2006-02-28,74.2183248182862,35.281746033799905,74.2183248182862,-0.5246221722171363,33,33,32.13999938964844,59.209999084472656,-0.45718628801538197,37605723.84844886,-0.014152555705439496,0.15856225928841916,0.1300668580214037,0.18487675933545233,0.14204376728932955,0.017937369556824262,0.16657275619107526,-0.085408321024941,-0.2903995843351033,0.1291786556448946,-0.24682778180004616,-0.7054722273491828,0.46020755205748953,-0.020139725474954684,-0.524647090549909,-0.1524509499870006,-0.1524509499870006,,,,,,,,,,,,,,,,,,,,,,,,,,0.042125440686583485,-0.1267358406846486,0.04369911809673016
MIDD,Middleby,Industrials,2008-11-30,2007-04-30,2007-08-31,80.37068824916162,37.002917976956766,80.37068824916162,-0.5395968507543201,19,15,8.680610656738281,21.169214248657227,-0.5899417637908362,12014574.474222183,-0.3280814806839605,-0.15536666569010182,-0.1838620669571173,0.38492443651480723,0.34209144446868445,0.21798504673617916,0.38554230368654885,0.1335612264705326,-0.07143003683962973,1.4859439612932142,1.1099375238482734,0.6512930782991367,1.8198952350400122,1.339547957507568,0.8350405924326136,-0.3682421327403683,-0.3682421327403683,,,,,,,,,,,,,,,,,,,,,,,,,,0.18122718084161032,1.0686198063411945,1.133289848542796
MOG-A,Moog Inc.,Industrials,2008-11-30,2006-04-30,2007-06-30,77.54988701636172,39.7522132242666,77.54988701636172,-0.4873981800143752,31,17,32.18000030517578,49.41999816894531,-0.3488465905003383,8093981.111859518,-0.277501584777447,-0.10478676978358836,-0.13328217105060383,-0.257302685968805,-0.3001356780149278,-0.4242420757474331,-0.17930399878089598,-0.43128507599691224,-0.6362763393070745,0.14543182719006986,-0.23057461025487092,-0.6892190558040076,0.29956506752665524,-0.18078221000578898,-0.6852895750807433,-0.4437539126311155,-0.4437539126311155,,,,,,,,,,,,,,,,,,,,,,,,,,-0.36258227879965643,-0.22230622800571187,-0.2981806549032966
MOS,Mosaic Company (The),Materials,2008-11-30,2007-12-31,2008-06-30,94.2114606463197,38.57334260201832,94.2114606463197,-0.5905663457779629,11,5,30.350000381469727,163.25,-0.8140888184902314,662041789.044368,0.4204497756603467,0.5931645906542053,0.5646691893871899,0.8068856996626428,0.76405270761652,0.6399463098840147,0.8499240897934901,0.5979430125774738,0.3929517492673115,1.306001149414584,0.9299947119696432,0.4713502664205066,0.8040610071732115,0.3237137296407673,-0.18079363543418703,-0.2207577962843048,-0.2207577962843048,,,,,,,,,,,,,,,,,,,,,,,,,,0.7953829630761936,1.200353889277733,0.7436442883070193
NFG,National Fuel Gas,Utilities,2008-11-30,2007-04-30,2008-05-31,81.14670525946748,36.680368201708255,81.14670525946748,-0.5479746456196543,19,6,32.529998779296875,63.709999084472656,-0.4894051287590576,34172566.53916798,-0.05798808536991806,0.1147267296239406,0.08623132835692512,0.05253214793605254,0.009699155889929756,-0.11440724184257553,0.49475493875039644,0.2427738615343802,0.03778259822421787,1.0777600776949297,0.7017536402499889,0.24310919470085224,0.9425767310320767,0.4622294534996325,-0.04227791157532179,-0.17522267773561095,-0.17522267773561095,,,,,,,,,,,,,,,,,,,,,,,,,,0.38228022947830376,0.8777562172643247,0.7439498492910477
O,Realty Income,Real Estate,2008-11-30,2007-01-31,2007-01-31,71.10952945528113,38.09553414468393,71.10952945528113,-0.4642696353568029,22,22,19.563953399658203,33.77907180786133,-0.42082619940121835,40794195.17959517,-0.11354210032478906,0.05917271466906959,0.030677313402054124,0.10888153799557054,0.06604854594944776,-0.05805785178305753,0.3534701318053979,0.10148905458938162,-0.1035022087207807,0.9257888331949942,0.5497823957500534,0.09113795020091675,1.0145659708289925,0.5342186932965483,0.029711328221593947,-0.2794056651244018,-0.2794056651244018,,,,,,,,,,,,,,,,,,,,,,,,,,0.21992960045214413,0.6785209024800525,0.64864496030638
OVV,Ovintiv,Energy,2008-11-30,2008-05-31,2008-05-31,77.81029062815952,39.233305344692724,77.81029062815952,-0.4957825625895529,6,6,234.0500030517578,496.7999877929688,-0.5288848454052432,340812250.9812806,-0.1517163584601363,0.020998456533722343,-0.007496944733293126,0.20694475305679205,0.16411176101066927,0.04000536327816398,0.1902626674585841,-0.06171840975743215,-0.26670967306759447,0.1727169240971702,-0.20328951334777057,-0.6619339588969072,-0.12659694938447297,-0.6069442269169172,-1.1114515919918715,-0.23596289986331553,-0.23596289986331553,,,,,,,,,,,,,,,,,,,,,,,,,,0.03493881772869925,-0.13640242186258145,-0.3627445063920136
TJX,TJX Companies,Consumer Discretionary,2008-11-30,2008-08-31,2008-08-31,72.01361292940989,36.79394836421691,72.01361292940989,-0.48906954022313043,3,3,5.704999923706055,9.380000114440918,-0.3917910603302702,240330476.32164425,-0.019307108601890444,0.1534077063919682,0.12491230512495274,0.3051407678786824,0.2623077758325596,0.1382013781000543,0.70859532747923,0.4566142502632138,0.25162298695305146,1.0573366917418188,0.681330254296878,0.22268580874774135,1.8209049813510947,1.3405577038186505,0.8360503387436962,-0.21034187149910466,-0.21034187149910466,0.415,771750000.0,18336726000.0,,,,,,,,,,10609237809.928066,,,0.5785786301179429,6.061202117437289,13.746987767966397,,,,,2008-01-26,,,0.4827904176455106,0.5761480329089403,1.0386220296382946
VTR,Ventas,Real Estate,2008-11-30,2007-01-31,2007-02-28,81.07584566601852,32.9626940098714,81.07584566601852,-0.5934338551871915,22,21,26.241863250732425,59.38106536865234,-0.558076920853197,97555034.16220559,-0.04497766545668547,0.1277371495371732,0.09924174827015772,0.37159310563657844,0.32876011359045565,0.20465371585795036,0.9978155340582975,0.7458344568422812,0.540843193532119,1.496642694374244,1.1206362569293031,0.6619918113801665,1.6828078608114971,1.202460583279053,0.6979532182040986,-0.2180156563903365,-0.2180156563903365,2.5351147653305928,280578000.0,746697000.0,,,,,,,,,,2904361415.055638,,,3.889611736829849,5.390503012084729,10.351351193092965,,,,,2007-12-31,,,0.8672392758979672,1.2849170132292287,1.41708658911472
YUM,Yum! Brands,Consumer Discretionary,2008-11-30,2007-10-31,2007-10-31,77.3603832680349,39.83065983777361,77.3603832680349,-0.4851284578080479,13,13,19.367361068725582,30.0,-0.3544212977091472,152526531.767338,-0.01825876200709675,0.1544560529867619,0.12596065171974644,0.30195918343446215,0.25912619138833937,0.13501979365583408,0.341075790700881,0.08909471348486475,-0.11589654982529757,0.9450921704185509,0.5690857329736101,0.11044128742447346,1.2208994902634762,0.740552212731032,0.2360448476560777,-0.1269677784035006,-0.1269677784035006,1.207764198418404,909000000.0,9100000000.0,,,,,0.6698599852616065,,,,,14576463878.069603,,,1.601809217370286,7.260381189083519,16.03571383726029,,,,,2007-12-29,,,0.18898863315338857,0.6326989849834269,0.734037826564579
AME,Ametek,Industrials,2008-12-31,2007-10-31,2008-05-31,82.26993457606373,38.02601659208882,82.26993457606373,-0.5377896337460755,14,7,13.42666721343994,23.608888626098636,-0.4312876211124431,40488672.65449592,0.037183750233716006,0.1496708902081948,0.13140267824321603,0.1489219736991647,0.11688235447908824,0.02815984240681381,0.274780307001947,0.011262784716077556,-0.21720303233330435,0.9740209871747525,0.5202661850721573,0.06177108477306614,1.1299581853663607,0.6486554482230749,0.21249134523635094,-0.18768624117989607,-0.18768624117989607,0.9422222222222223,228020000.0,2136850000.0,,,,,0.5898482567373905,,,,,3249285132.320421,,,1.5205957986383796,7.010183823204272,14.25000058030182,,,,,2007-12-31,,,0.07490816601182435,0.5615477136786773,0.47897379038062493
BRK-B,Berkshire Hathaway,Financials,2008-12-31,2007-12-31,2007-12-31,87.94333933766156,38.17670558916295,87.94333933766156,-0.5658942919760854,12,12,64.27999877929688,101.18000030517578,-0.3646965943326975,172378769.53669956,-0.1225886341484489,-0.010101494173970105,-0.028369706138948875,-0.0989421395633252,-0.13098175878340168,-0.21970427085567612,0.022402029694344794,-0.24111549259152465,-0.46958130964090655,0.24626636794761692,-0.2074884341549783,-0.6659835344540694,0.1869944695196899,-0.29430826762359596,-0.7304723706103199,-0.30273801266375067,-0.30273801266375067,,13213000000.0,118245000000.0,,,,,,,,,,,,,,,,,,,,2007-12-31,,,-0.1204111849458209,-0.05154441376911473,-0.2820276715123447
CSX,CSX Corporation,Industrials,2008-12-31,2006-04-30,2008-05-31,86.6626189734231,38.36801056808013,86.6626189734231,-0.5572715084938007,32,7,3.6077780723571777,7.855556011199951,-0.5407354912607794,274161707.72743225,-0.19727399059258288,-0.08478685061810409,-0.10305506258308286,0.08335820188302212,0.051318582662945644,-0.03740392940932878,0.5317634512604941,0.2682459289746246,0.03978011192524272,1.0802560369931782,0.626501234890583,0.16800613459149183,1.07525716433726,0.5939544271939741,0.15779032420725014,-0.35719802090602915,-0.35719802090602915,0.33222222222222225,1336000000.0,10030000000.0,,,,,0.5911504424778761,,,,,14508335632.783512,,,1.4464940810352456,4.498993201649224,10.859532659269096,,,,,2007-12-28,,,0.32738234337703626,0.679087034730181,0.4761865590230232
ECL,Ecolab,Materials,2008-12-31,2006-08-31,2007-12-31,80.86506407592735,38.03851983525258,80.86506407592735,-0.5296050244944253,28,12,35.150001525878906,52.77999877929688,-0.3340279966117278,122807418.27425276,-0.0073320915846820656,0.10515504838979672,0.08688683642481795,0.1185052642169504,0.08646564499687392,-0.002256867075400501,0.2872930867737111,0.023775564487841683,-0.20469025256154022,0.47585982654385983,0.02210502444126461,-0.4363900758578265,0.715826165405318,0.2345234282620321,-0.20164067472469183,-0.16339198214360862,-0.16339198214360862,1.7,428900000.0,5469600000.0,,,,,0.6411061285500748,,,,,8868138620.26439,,,1.6213504863727495,9.086001269918192,20.67647148581112,,,,,2007-12-31,,,0.13843042024853766,0.1550758175798394,0.21023104909532797
GPN,Global Payments,Financials,2008-12-31,2006-03-31,2006-03-31,88.4149125858597,39.93334475484803,88.4149125858597,-0.5483415230878754,33,33,16.395000457763672,27.38999938964844,-0.4014238472761753,32088858.160697088,0.01949403761620605,0.13198117759068484,0.11371296562570607,0.14376515397046208,0.1117255347503856,0.023003022678111176,0.6458849294037066,0.3823674071178371,0.15390159006845522,0.4148446501720835,-0.03891015193051173,-0.49740525222960286,0.4530794467243684,-0.028223290418917468,-0.4643873934056414,-0.16145812767501821,-0.16145812767501821,,,,,,,,,,,,,,,,,,,,,,,,,,0.5249542942682076,0.10962360375209951,-0.11042091553448474
MTD,Mettler Toledo,Health Care,2008-12-31,2007-11-30,2007-12-31,86.65848298189913,38.1470140002111,86.65848298189913,-0.5598005793826428,13,12,67.4000015258789,119.83999633789062,-0.4375834146736486,49504380.37833562,-0.2384272897776416,-0.12594014980316282,-0.14420836176814159,0.14465875043424714,0.11261913121417066,0.02389661914189624,0.5577150665709933,0.2941975442851239,0.065731727235742,1.2434718589109912,0.789717056808396,0.33122195650930486,1.1915430767038253,0.7102403395605394,0.2740762365738155,-0.34703268063525006,-0.34703268063525006,,,,,,,,,,,,,,,,,,,,,,,,,,0.34590495228036117,0.7937803218764545,0.4720848032001246
UNP,Union Pacific Corporation,Industrials,2008-12-31,2008-05-31,2008-08-31,83.08344369573614,39.79925372775325,83.08344369573614,-0.5209725071880265,7,4,23.899999618530277,42.900001525878906,-0.4428904715979347,425860554.46989876,-0.13409705360478152,-0.021609913630302735,-0.039878125595281505,0.10275938550616348,0.070719766286087,-0.01800274578618742,0.365363046320508,0.10184552403463853,-0.12662029301474337,1.0151659973851328,0.5614111952825376,0.10291609498344645,1.3514608236832273,0.8701580865399414,0.4339939835532175,-0.2990209803801246,-0.2990209803801246,1.73,1855000000.0,16283000000.0,,,,,0.5496296296296296,,,,,25626878203.6842,,,1.5738425476683782,5.270204046781133,13.815028681231373,,,,,2007-12-31,,,0.17472617417534977,0.6198826954832677,0.7251227978500816
BLK,BlackRock,Financials,2009-01-31,2006-02-28,2008-01-31,92.07618799382644,37.89125974199682,92.07618799382644,-0.5884792738754849,35,12,108.8000030517578,249.3699951171875,-0.5637005045429425,85568965.79461476,0.35768309056853376,0.29471436652963856,0.18712696644932436,0.7739919186039124,0.565741964097658,0.4026475796770482,1.0053193611155797,0.6787945294424385,0.41889946228121056,0.9021316457493986,0.281420930587718,-0.25730187281117534,0.801749690635426,0.11308806124725757,-0.47793161240973037,-0.17614209514544132,-0.17614209514544132,,,,,,,,,,,,,,,,,,,,,,,,,,0.833059029668124,0.5355544343829922,0.24312141967817236
CFR,Frost Bank,Financials,2009-01-31,2006-04-30,2006-08-31,73.56146604219019,38.02073707348174,73.56146604219019,-0.48314329336944617,33,29,43.77000045776367,73.0,-0.40041095263337434,39764940.28182257,0.08655318226303299,0.023584458224137794,-0.0840029418561764,0.11823748045586924,-0.09001247405038515,-0.25310685847099496,0.2162343877631756,-0.11029044390996567,-0.3701855110711936,0.4156092893747696,-0.20510142578691104,-0.7438242291858044,0.4118985661946737,-0.27676306319349475,-0.8677827368504827,-0.18318126821173675,-0.18318126821173675,,,,,,,,,,,,,,,,,,,,,,,,,,0.09084269579380477,0.16854355593275425,0.0773560196028345
DCI,Donaldson Company,Industrials,2009-01-31,2007-11-30,2008-05-31,78.81715350604587,37.55613090128779,78.81715350604587,-0.5235030798415354,14,8,15.5600004196167,26.165000915527344,-0.4053124450539277,23413901.64120992,0.06419311447542819,0.001224390436532996,-0.1063630096437812,0.23038058642206405,0.022130631915809662,-0.14096375250480014,0.2448228510534909,-0.0817019806196504,-0.3415970477808783,0.9285584822887734,0.3078477671270927,-0.23087503627180062,1.403917730810662,0.7152561014224936,0.1242364277655057,-0.2961295625466981,-0.2961295625466981,,,,,,,,,,,,,,,,,,,,,,,,,,0.10694273935176934,0.6686372884524726,1.0299346879936309
DVN,Devon Energy,Energy,2009-01-31,2008-05-31,2008-05-31,75.27052655509645,38.95306518445316,75.27052655509645,-0.4824924579750305,8,8,61.59999847412109,127.43000030517578,-0.5165973606952969,409950700.79953635,-0.15508322022275622,-0.21805194426165142,-0.3256393443419656,-0.051018533261883214,-0.2592684877681376,-0.4223628721887474,0.09849309010789464,-0.22803174156524664,-0.48792680872647454,0.46972658760517993,-0.1509841275565007,-0.689706930955394,0.06732817837400162,-0.6213334510141668,-1.2123531246711547,-0.3741881006075011,-0.3741881006075011,8.0,3606000000.0,9975000000.0,,,,,,,,,,27766199312.21008,,,2.7835788784170505,4.143359389671912,7.699999809265136,,,,,2007-12-31,,,-0.04203142694140341,0.14192738451606468,-0.2640048356616324
NKE,"Nike, Inc.",Consumer Discretionary,2009-01-31,2007-10-31,2008-03-31,81.79106564697896,38.02710554614226,81.79106564697896,-0.5350701785660519,15,10,11.3125,17.649999618530273,-0.3590651419548303,210552833.40767148,0.16641154218351373,0.10344281814461853,-0.004144581935695668,0.2645454081394376,0.05629545363318322,-0.10679893078742658,0.4359218313354558,0.10939699966231453,-0.15049806749891337,0.8858775728310346,0.265166857669354,-0.27355594572953934,1.4127379777067466,0.7240763483185781,0.1330566746615902,-0.14992227916800827,-0.14992227916800827,0.935,1883400000.0,18627000000.0,,,,,,,,,,22787125668.449196,,,1.2233384693428462,7.359068472634668,12.098930481283421,,,,,2008-05-31,,,0.30338257100187077,0.583645233257349,0.8846178617588354
NSC,Norfolk Southern,Industrials,2009-01-31,2006-03-31,2008-07-31,80.87606689031531,36.616398751311046,80.87606689031531,-0.5472529740971397,34,6,38.36000061035156,75.52999877929688,-0.49212231920668037,219708139.726221,-0.05217655805187782,-0.11514528209077302,-0.22273268217108722,0.1489173020464334,-0.059332652459821,-0.2224270368804308,0.2685413453663861,-0.057983486306755205,-0.3178785534679831,0.6907685753432735,0.07005786018159288,-0.46866494321730046,1.042788020942711,0.3541263915545425,-0.23689328210244542,-0.2979248972298938,-0.2979248972298938,3.68,1464000000.0,9432000000.0,,,,,0.5663442940038684,,,,,15260608938.465948,,,1.617961083382734,4.46591781028358,10.423913209334664,,,,,2007-12-31,,,0.09198632774961155,0.3415094859915562,0.5224624279568728
PG,Procter & Gamble,Consumer Staples,2009-01-31,2007-11-30,2007-12-31,73.20735851268202,37.49801311221924,73.20735851268202,-0.4877835524454376,14,13,54.5,75.18000030517578,-0.2750731606973944,1318586861.0821738,-0.08500663107082351,-0.1479753551097187,-0.2555627551900329,0.03554270288324468,-0.1727072516230097,-0.3358016360436195,0.16528358032109036,-0.16124125135205092,-0.4211363185132788,0.23222077663997132,-0.3884899385217093,-0.9272127419206027,0.2711014061695316,-0.41756022321863684,-1.0085798968756248,-0.1939448128582697,-0.24889818133767128,3.64,12075000000.0,79257000000.0,0.09409036319211506,,1.0,0.19736842105263164,0.7556793291194693,,,,-0.024698705549769495,180793269230.76923,0.0,0.0,2.281101596461754,11.185441067159532,14.972527472527473,,,,,2008-06-30,,,0.0635180257813186,0.015857980879518757,-0.07492268502542127
TDY,Teledyne Technologies,Information Technology,2009-01-31,2007-09-30,2007-12-31,75.40581979524828,36.923134651891004,75.40581979524828,-0.5103410485802089,16,13,27.8700008392334,66.20999908447266,-0.5790665877569937,13830775.866693163,0.14567633095392685,0.08270760691503165,-0.02487979316528255,0.1743810031093136,-0.033868951396940794,-0.1969633358175506,0.3369213203998629,0.010396488726721609,-0.2494985784345063,0.6975242177492644,0.07681350258758379,-0.46190930081130954,1.036598371451447,0.3479367420632786,-0.2430829315937093,-0.22317908264814434,-0.22317908264814434,,,,,,,,,,,,,,,,,,,,,,,,,,0.12976245987899007,0.24199631280347034,0.3006725720092165
VMI,Valmont Industries,Industrials,2009-01-31,2007-08-31,2008-05-31,87.26413822225689,36.5759164986526,87.26413822225689,-0.5808597065899421,17,8,40.58000183105469,120.93000030517578,-0.6644339557707098,21588606.130715024,0.5756789292068181,0.5127102051679229,0.4051228050876087,0.7782340755158246,0.5699841210095702,0.4068897365889604,0.7259046693266518,0.3993798376535105,0.13948477049228258,1.3280291083106888,0.7073183931490081,0.1685955897501148,1.6481247192905695,0.959463089902401,0.3684434162454131,-0.07614519954073684,-0.07614519954073684,,,,,,,,,,,,,,,,,,,,,,,,,,0.5550544745124452,0.994484797489879,1.1876835775401455
WST,West Pharmaceutical Services,Health Care,2009-01-31,2006-12-31,2007-04-30,83.79287980241394,39.99847904805701,83.79287980241394,-0.5226506220770238,25,21,16.610000610351562,27.415000915527344,-0.3941273005413628,9289574.207859948,-0.012875191770346683,-0.07584391580924188,-0.18343131588955608,0.10837480831160984,-0.09987514619464455,-0.26296953061525435,0.11218795582235397,-0.2143368758507873,-0.4742319430120152,0.245438309694743,-0.37527240546693763,-0.913995208865831,0.28207987861500095,-0.4065817507731675,-0.9976014244301554,-0.16165000583987132,-0.16165000583987132,,,,,,,,,,,,,,,,,,,,,,,,,,-0.12455490341827788,-0.2952831419962505,-0.6602068973123053
ACGL,Arch Capital Group,Financials,2009-02-28,2006-04-30,2007-10-31,79.12641265908952,34.2068360078062,79.12641265908952,-0.5676938349880223,34,16,6.0,8.941110610961914,-0.3289424254919826,37071510.213497706,0.052222251566893974,-0.20832611911181154,-0.3550843684469081,0.20314829697639936,-0.20056175786180308,-0.48221221492574085,0.37000011366417196,-0.16257975254817247,-0.5498127708648355,0.6759260621248246,-0.20297007660733923,-0.9352886434532388,1.0583334559123423,0.08426382928711096,-0.6597142024128819,-0.17259261605897125,-0.17259261605897125,,,,,,,,,,,,,,,,,,,,,,,,,,0.177286703084457,0.2592720474582647,0.3693209785442303
APA,APA Corporation,Energy,2009-02-28,2008-04-30,2008-05-31,74.79919310844215,35.79182081296841,74.79919310844215,-0.521494559960316,10,9,59.09000015258789,149.22999572753906,-0.6040340290535614,384703627.33404374,0.42906318045864755,0.16851480977994204,0.021756560444845474,0.44363384142114337,0.039923786582940934,-0.24172667048099683,0.766237116980155,0.23365725076781052,-0.1535757675488525,1.1361862961792357,0.25729015744707184,-0.47502840939882773,0.8606103364175834,-0.11345929020764789,-0.8574373219076408,-0.13640241531750796,-0.13640241531750796,,,,,,,,,,,,,,,,,,,,,,,,,,0.7027088332880158,1.0577560218409683,0.8458279678853143
ATR,AptarGroup,Materials,2009-02-28,2007-10-31,2007-10-31,80.80190592235894,39.65863032662281,80.80190592235894,-0.5091869446157612,16,16,28.059999465942383,46.18999862670898,-0.39250919462645484,16642932.558683366,0.11063357251068595,-0.14991479816801956,-0.2966730475031161,0.23647548859270762,-0.16723456624549482,-0.4488850233094326,0.39728355189377074,-0.1352963143185737,-0.5225293326352367,0.7740960306141376,-0.10480010811802631,-0.8371186749639259,0.976324277919187,0.002254651293955634,-0.7417233804060372,-0.1108336930362337,-0.1108336930362337,,,,,,,,,,,,,,,,,,,,,,,,,,0.2857086185181635,0.5374408528741739,0.6177181803916287
BIO,Bio-Rad Laboratories,Health Care,2009-02-28,2007-11-30,2007-11-30,73.68397733762194,36.823582684066096,73.68397733762194,-0.5002497962977831,15,15,55.70000076293945,115.2300033569336,-0.5166189435020276,8658365.612260122,0.33644526789550144,0.07589689721679593,-0.07086135211830064,0.5486535180377308,0.14494346319952833,-0.13670699386440943,0.6766606483026549,0.1440807820903105,-0.24315223622635251,1.0495512046396032,0.17065506590743929,-0.5616635009384603,0.82980245552813,-0.1442671710971013,-0.8882452027970942,-0.05870736827600542,-0.05870736827600542,,,,,,,,,,,,,,,,,,,,,,,,,,0.5569392008953129,0.7812058336354779,0.39713372777507416
CASY,Casey's,Consumer Staples,2009-02-28,2006-02-28,2006-02-28,70.11062609917593,38.67572600299013,70.11062609917593,-0.44836142315601546,36,36,19.90999984741211,31.38999938964844,-0.36572155990618205,14881579.052355934,0.27076924104340394,0.010220870364698431,-0.13653737897039814,0.4020518808072624,-0.0016581740309400406,-0.2833086310948778,0.5448287261086946,0.012248859896350162,-0.37498415842031285,1.109914696964975,0.23101855823281103,-0.5013000086130885,1.6653318403818158,0.6912622137565845,-0.052715817943408405,-0.07985990915607999,-0.07985990915607999,,,,,,,,,,,,,,,,,,,,,,,,,,0.3052956311088669,0.6094797862627988,0.877414540837475
CVX,Chevron Corporation,Energy,2009-02-28,2007-09-30,2007-09-30,80.68796466853865,35.73706033543519,80.68796466853865,-0.5570955286548508,17,17,60.709999084472656,104.62999725341795,-0.4197648793067378,1173048790.518691,0.10879446287143679,-0.15175390780726872,-0.2985121571423653,0.17481784508891685,-0.2288922097492856,-0.5105426668132234,0.23687516731953462,-0.2957046988928098,-0.6829377172094728,0.837422680015963,-0.041473458716200895,-0.7737920255621005,0.9937560935513106,0.019686466926079227,-0.7242915647739137,-0.07560547210095303,-0.07560547210095303,8.77,18688000000.0,220904000000.0,,,,,,,,,,129366985506.34265,0.0,0.0,0.5856253644404024,2.965028324738569,6.922462837454123,,,,,2007-12-31,,,0.11415852790129516,0.5906541149110195,0.6492382896743749
CW,Curtiss-Wright,Industrials,2009-02-28,2007-10-31,2007-10-31,78.00753787013586,36.25775460954147,78.00753787013586,-0.5352019099756478,16,16,26.59000015258789,56.790000915527344,-0.5317837696086789,13264167.360130189,0.10431543466852644,-0.15623293601017907,-0.30299118534527564,0.2316812160345656,-0.17202883880363684,-0.4536792958675746,0.21822770722948737,-0.31435215898285707,-0.7015851772995201,0.41684654123938647,-0.4620495974927774,-1.194368164338677,0.44112491512544194,-0.5329447114997894,-1.2769227431997823,-0.14930411696584822,-0.14930411696584822,,,,,,,,,,,,,,,,,,,,,,,,,,-0.025091161066956025,-0.11615279277339063,-0.4145392464744526
EOG,EOG Resources,Energy,2009-02-28,2008-04-30,2008-05-31,78.26601960876557,35.30141892604222,78.26601960876557,-0.5489559951750944,10,9,25.020000457763672,72.49500274658203,-0.654872756606064,267823312.15135485,0.466060482960857,0.2055121122821515,0.058753862947054925,0.44546517337945213,0.04175511854124969,-0.23989533852268807,0.8940760756046977,0.3614962093923533,-0.02573680892430974,1.2755821935179203,0.39668605478575647,-0.3356325120601431,1.3223014278047254,0.34823180117949404,-0.39574623052049884,-0.10011977006643091,-0.10011977006643091,2.185,1089918000.0,4239303000.0,,,,,0.6611991293354267,,,,,12480434260.377512,0.0,0.0,2.9439825981718015,4.578656374761836,11.450801124834632,,,,,2007-12-31,,,0.7389124549684517,0.95197633101976,0.8654101317145342
ES,Eversource Energy,Utilities,2009-02-28,2007-03-31,2007-04-30,84.87600617144223,39.55819698551478,84.87600617144223,-0.5339295665537016,23,22,21.90999984741211,33.619998931884766,-0.34830456444087055,36060554.30992671,-0.040027124030795225,-0.30057549470950073,-0.4473337440445973,0.1093573877124756,-0.29435266712572683,-0.5760031241896646,0.21734277973772054,-0.3152370864746239,-0.7024701047912869,0.6767245839128551,-0.20217155481930882,-0.9344901216652084,0.8254363133236526,-0.1486333133015787,-0.8926113450015716,-0.1323596116899779,-0.1323596116899779,,,,,,,,,,,,,,,,,,,,,,,,,,0.10008897230949175,0.44107436275752265,0.474754375828032
FAST,Fastenal,Industrials,2009-02-28,2006-03-31,2006-04-30,77.49236459857707,36.2725956614321,77.49236459857707,-0.5319203917788548,35,34,3.765000104904175,7.059999942779541,-0.46671386183866115,75230689.24402207,0.10292184732655918,-0.15762652335214633,-0.3043847726872429,0.21377766588414793,-0.1899323889540545,-0.4715828460179923,0.5019054635769986,-0.03067440263534582,-0.41790742095200883,1.1550219720173187,0.27612583328515483,-0.45619273356074475,2.7113652682606433,1.737295641635412,0.9933176099354191,-0.14110209984352562,-0.14110209984352562,,232622000.0,2061819000.0,,,,,0.6179770206548449,,,,,,,,,,,,,,,2007-12-31,,,0.30684291290242394,0.7369097123602404,2.0636873243762754
FCN,FTI Consulting,Industrials,2009-02-28,2007-12-31,2008-09-30,84.79837430607482,38.82666765827049,84.79837430607482,-0.5421295752896409,14,5,36.540000915527344,80.0,-0.5432499885559082,53360360.290527344,0.3743842354246518,0.11383586474594631,-0.032922384589150255,0.19157087642615278,-0.21213917841204966,-0.4937896354759874,0.005473474491744401,-0.5271063917206,-0.914339410037263,-0.09715378073655179,-0.9760499194687157,-1.7083684863146154,0.09660642284759313,-0.8774632037776382,-1.621441235477631,0.0008209846345166305,-0.1576354702945335,,,,,,,,,,,,,,,,,,,,,,,,,,-0.10558054690239148,-0.36799627207736485,-0.39389902843918206
GIS,General Mills,Consumer Staples,2009-02-28,2007-05-31,2007-05-31,72.49266082427143,39.46276521015905,72.49266082427143,-0.4556308906108405,21,21,26.239999771118164,36.005001068115234,-0.27121235959758416,199330345.94308764,-0.016447602959897667,-0.2769959736386032,-0.42375422297369975,0.15694103639450963,-0.2467690184436928,-0.5284194755076306,0.4147850678287046,-0.11779479838363982,-0.5050278167003028,0.5037561367451482,-0.3751400019870157,-1.1074585688329153,0.6007448591467932,-0.3733247674784381,-1.117302799178431,-0.11642477471896995,-0.11642477471896995,1.85,1294700000.0,13652100000.0,,,,,0.580791315270052,,,,,18363744704.684696,,,1.3451223404959454,6.584862633791362,14.183783660063872,,,,,2008-05-25,,,0.3417918815112444,0.3414664828784872,0.334217431266704
HAS,Hasbro,Consumer Discretionary,2009-02-28,2008-07-31,2008-07-31,73.52381606551886,39.99638069055512,73.52381606551886,-0.456007823983002,7,7,22.88999938964844,41.68000030517578,-0.4508157576283419,59544146.37078482,0.11816193948879694,-0.14238643118990857,-0.28914468052500514,0.25887307837808704,-0.1448369764601154,-0.42648743352405316,0.6085488512978932,0.07596898508554872,-0.3112640332311143,1.066543328050519,0.1876471893183551,-0.5446713775275445,0.6758308396436048,-0.29823878698162654,-1.0422168186816194,-0.0764525420189639,-0.0764525420189639,,,,,,,,,,,,,,,,,,,,,,,,,,0.4705442725889569,0.8247870214136812,0.3321309011460674
LH,Labcorp,Health Care,2009-02-28,2007-02-28,2007-02-28,83.1425051131669,36.56417891382519,83.1425051131669,-0.5602227902075243,24,24,47.25944900512695,70.72164916992188,-0.3317541437477318,83188731.41801967,0.10816217989544463,-0.15238619078326088,-0.29914444011835745,0.26867850801769144,-0.135031546820511,-0.41668200388444876,0.3326668168244089,-0.19991304938793553,-0.5871460677045985,0.6384296905099116,-0.24046644822225227,-0.9727850150681518,0.6340664333944008,-0.3400031932308305,-1.0839812249308234,-0.03199421429975202,-0.03199421429975202,3.376288659793815,476800000.0,4068200000.0,,,,,0.6136422136422136,,,,,6673986603.687081,0.0,0.0,1.6405256879423533,7.041483936674911,13.997455125182638,,,,,2007-12-31,,,0.21633236916241022,0.4089804676831852,0.3005115425031554
MSM,MSC Industrial Direct,Industrials,2009-02-28,2006-03-31,2006-03-31,76.76530230031317,37.86932202001634,76.76530230031317,-0.5066869941856289,35,35,30.59000015258789,57.72999954223633,-0.47011951506759175,26846969.87867204,0.1960577264893555,-0.06449064418935002,-0.2112488935244466,0.3064483893848553,-0.09726166545334713,-0.3789121225172849,0.5198960450799639,-0.012683821132380535,-0.39991683944904355,1.1781192631928485,0.29922312446068466,-0.4330954423852149,1.7739867419465658,0.7999171153213345,0.05593908362134159,-0.12651243260584166,-0.12651243260584166,,,,,,,,,,,,,,,,,,,,,,,,,,0.40278200431024236,0.9682268880380475,1.474454729830985
PSA,Public Storage,Real Estate,2009-02-28,2007-01-31,2007-02-28,83.51571412156554,37.7181921937659,83.51571412156554,-0.5483701170433235,25,24,55.47999954223633,117.16000366210938,-0.5264595612147538,238477014.12615094,0.21275934502141447,-0.04778902565729104,-0.1945472749923876,0.29523278987466783,-0.1084772649635346,-0.39012772202747237,0.5316420580970838,-0.0009378081152606743,-0.3881708264319237,1.160105070316857,0.28120893158469307,-0.4511096352612065,1.661238060011386,0.6871684333861547,-0.05680959831383814,-0.1825890655048178,-0.1825890655048178,-0.01,457535000.0,1787202000.0,,,,,,,,,,,,,,,,,,,,2007-12-31,,,0.3829731464313788,0.8536378573914313,1.1984676492906163
RBA,RB Global,Industrials,2009-02-28,2006-05-31,2007-12-31,84.58184925709712,37.089222821091504,84.58184925709712,-0.5614990314487667,33,14,15.050000190734863,30.489999771118164,-0.5063955295601194,12503607.969226534,0.5270895841340277,0.2665412134553222,0.11978296412022565,0.6779695138559187,0.2742594590177163,-0.007390998046221453,0.4168261775907427,-0.11575368862160174,-0.5029867069382647,0.7579343676244141,-0.12096177110774975,-0.8532803379536493,0.716127433618156,-0.2579421930070753,-1.0019202247070682,-0.07043186293344716,-0.07043186293344716,,,,,,,,,,,,,,,,,,,,,,,,,,0.27785450353416397,0.4535664118962163,0.25503727107376656
TECH,Bio-Techne,Health Care,2009-02-28,2008-07-31,2008-08-31,76.96195275540217,34.07014886086671,76.96195275540217,-0.5573117931512563,7,6,12.212499618530272,20.729999542236328,-0.41087796004780797,17370927.068789043,0.23908116353461173,-0.02146720714409378,-0.16822545647919035,0.2729966322080688,-0.13071342263013364,-0.4123638796940714,0.33053831789216015,-0.20204154832018428,-0.5892745666368473,0.517552769462156,-0.3613433692700079,-1.0936619361159075,0.5389770079914542,-0.43509261863377713,-1.17907065033377,-0.07103405311747013,-0.07103405311747013,,,,,,,,,,,,,,,,,,,,,,,,,,0.20149128744332692,0.2288845428893611,0.0567153203624538
WAB,Wabtec,Industrials,2009-02-28,2006-04-30,2008-08-31,81.93655051510554,38.26942461978238,81.93655051510554,-0.5329382994622509,34,6,13.380000114440918,30.375,-0.5595061690719039,30990278.72751327,0.33370637104221834,0.07315800036351283,-0.07360024897158374,0.40024890513611644,-0.003461149702085997,-0.28511160676602376,0.4267810713826292,-0.10579879482971521,-0.49303181314637823,1.1250973713666932,0.2462012326345293,-0.48611733421137027,1.8022125754308895,0.8281429488056582,0.08416491710566532,-0.13527708561973428,-0.13527708561973428,,,,,,,,,,,,,,,,,,,,,,,,,,0.22023101013830007,0.6740747966512188,1.101083792994039
WELL,Welltower,Real Estate,2009-02-28,2007-01-31,2007-01-31,71.42757388167324,36.86918852155637,71.42757388167324,-0.4838241519635851,25,25,30.770000457763672,53.97999954223633,-0.4299740511541156,112813379.2920945,0.13571137155336865,-0.12483699912533686,-0.2715952484604334,0.43853887646122813,0.034828821623025696,-0.24682163544091207,0.4727170752625538,-0.059862790949790634,-0.44709580926645365,0.9253343168178894,0.04643817808572548,-0.6858803887601741,1.121769923971209,0.14770029734597756,-0.5962777343540153,-0.15957091271742585,-0.15957091271742585,,,,,,,,,,,,,,,,,,,,,,,,,,0.2890052506388904,0.5679517889843023,0.6059648941397705
WWD,"Woodward, Inc.",Industrials,2009-02-28,2007-11-30,2008-08-31,87.49486038694654,38.929807787425204,87.49486038694654,-0.5550617760259529,15,6,17.219999313354492,48.619998931884766,-0.6458247698137711,16466321.096671572,0.19581185540729162,-0.06473651527141389,-0.21149476460651045,0.22623943935514323,-0.1774706154830592,-0.45912107254699697,0.6901170844384092,0.1575372182260648,-0.2296958000905982,0.9459753067516905,0.06707916801952662,-0.665239398826373,1.6104059786890446,0.6363363520638132,-0.10764167963617965,-0.5354238856085352,-0.5354238856085352,1.75,121880000.0,1258204000.0,,,,,,,,,,1199299152.1780832,,,0.9531833885268869,4.910402770004296,9.839999607631139,,,,,2008-09-30,,,0.463053835033893,0.5290613518508714,0.9748575256862618
XOM,ExxonMobil,Energy,2009-02-28,2007-09-30,2007-10-31,80.03465364469974,38.72723870425773,80.03465364469974,-0.5161191191483039,17,16,67.9000015258789,96.12000274658205,-0.2935913484636955,3272295313.109104,0.0274497985124853,-0.2330985721662202,-0.3798568215013168,0.03074495003280031,-0.3729651048054021,-0.6546155618693399,-0.019118098094175195,-0.5516979643065196,-0.9389309826231826,0.32393516191417393,-0.55496097681799,-1.2872795436638895,0.3709755744311065,-0.6030940521941248,-1.3470720838941177,-0.08895435614798941,-0.1501051894682789,,,,,,,,,,,,,,,,,,,,,,,,,,-0.1322791317071791,0.08163426428102036,0.016102354122091433
CL,Colgate-Palmolive,Consumer Staples,2009-03-31,2007-11-30,2008-01-31,81.50778668607043,39.69147833927523,81.50778668607043,-0.5130345215709502,16,14,29.489999771118164,40.9900016784668,-0.28055626827138946,217744933.0325838,0.2081620730317013,0.0453173800653377,-0.045025545962813274,0.3105931685072194,-0.031109930354106252,-0.26469752519569134,0.4813220665730489,-0.019523666580613996,-0.3566698650668887,0.440536166006938,-0.29407388976975146,-0.9035918163405292,0.7909974214319615,-0.08986938386088372,-0.6979976653926248,-0.03357081040837351,-0.03357081040837351,1.83,1957000000.0,15330000000.0,0.11167512690355319,,1.0,0.14375000000000004,0.6310867462108997,,,,-0.014946314699988417,31536573525.72582,0.0,0.0,2.0571802691275813,10.048702095020532,16.114753973288614,,,,,2008-12-31,,,0.3931526128438718,0.25807504462582054,0.5063286458805636
DVA,DaVita,Health Care,2009-03-31,2006-03-31,2006-03-31,82.84682339094812,36.66617449385616,82.84682339094812,-0.557422083393214,36,36,21.975000381469727,33.720001220703125,-0.3483096208200106,62852270.62206571,0.12536969797232578,-0.037474994994037836,-0.1278179210221888,0.28873716510625735,-0.052965933755068306,-0.2865535285966534,0.44254836007512743,-0.05829737307853544,-0.39544357156481014,0.9456200375845321,0.21100998180784258,-0.39850794476293516,1.0516495245429112,0.17078271925006594,-0.4373455622816751,-0.03959048118911623,-0.03959048118911623,1.765,374160000.0,,,,1.0,-0.005633802816901401,0.43051630659904083,,,,-0.014401336154643785,4658451072.368676,0.9230769230769231,0.46153846153846156,,7.280929484609002,12.450425145308628,,,,,2008-12-31,,,0.2969607806340514,0.6513618897638243,0.6325572271771475
ABT,Abbott Laboratories,Health Care,2009-04-30,2007-04-30,2007-05-31,71.17554117309453,34.57807011354926,71.17554117309453,-0.5141860596541511,24,23,20.07962989807129,29.31098175048828,-0.31494516052036403,565637544.7260177,0.08458398435045589,-0.052090996937181,-0.07914273637548513,0.22893350479693142,0.03194129759554465,0.0025715450990818067,0.2629017281799306,-0.12343577556403074,-0.32494330933988813,0.33196832670796894,-0.291585134677276,-0.636465171305784,0.6455136717086463,-0.05396119120133602,-0.38912541603743156,-0.013858428851136861,-0.013858428851136861,1.4969759999999999,4880719000.0,29527552000.0,0.1394335422866766,,1.0,0.35064935064935043,0.8571930116042972,,,,0.002022913039570362,65467336254.21157,0.0,0.0,2.2171609842296296,10.095662270378691,13.413461470371796,,,,,2008-12-31,,,0.12651557639186006,0.01993896798568201,0.1304742521533151
SR,Spire,Utilities,2009-05-31,2008-11-30,2008-11-30,84.50842915249183,37.223203703261774,84.50842915249183,-0.5595326516353285,6,6,31.07999992370605,55.810001373291016,-0.44311056873437016,6858682.0803324375,0.05968873604247893,-0.05388222044720803,-0.11233007756165991,0.03095514449883452,-0.16960245845878563,-0.2071753931746426,0.11572729452508423,-0.08998046787786285,-0.2853339370340673,0.32751252297449773,-0.18917697303154934,-0.5257056294216809,0.4028845865653934,-0.10630892004588866,-0.4201376124026849,-0.00658201562900651,-0.00658201562900651,3.56,77922000.0,,,,,,0.6998122984903051,,,,,680285324.1727593,,,,4.487969271366244,8.730337057220801,,,,,2008-09-30,,,0.020503558759958074,0.1309055622665573,0.13581739722233993
BAX,Baxter International,Health Care,2010-04-30,2007-10-31,2008-08-31,75.1904255439984,39.29405334561056,75.1904255439984,-0.4774061582798562,30,20,25.64910316467285,38.853885650634766,-0.3398574496434228,300886345.13636196,-0.06650462712609684,0.000959201838650281,0.001792959266031735,0.09334341946109959,0.08592756798945334,0.07886420472699689,0.2364306511416594,0.06532083336593386,-0.001871284338683915,0.23261345219705043,0.006739623983964993,-0.0567276900432126,0.5979555299975388,0.16733274605732817,0.029282939646546047,-0.14273601002569003,-0.14273601002569003,1.9500271591526344,2205000000.0,12562000000.0,0.01733074182053773,0.09633312616531997,1.0,0.13607594936708844,,1.0270522388059702,,1.037900874635569,-0.03630021603649103,29002812710.9161,0.0,0.0,2.3087735003117418,8.695561109462911,13.153203043499365,0.02773459870735495,1.027734598707355,0.005749919015225138,1.031318923687693,2009-12-31,,,0.21157783094845095,0.14018449889032933,0.4097463660286418
GILD,Gilead Sciences,Health Care,2010-05-31,2008-05-31,2008-08-31,82.85636088804533,38.87774231234168,82.85636088804533,-0.5307814403667463,24,21,17.959999084472656,28.815000534057617,-0.37671356058990857,570488094.7222149,-0.11386369063268043,-0.08132332464373238,-0.06389278240671942,0.0161471219394691,-0.07822153518030905,-0.0945922466879516,0.1620270588955679,-0.09589757533198373,-0.15783303808519872,0.39059076697992823,0.13888321920442515,0.08899112701531758,2.033408179228051,1.4426125131033802,1.3025208616874353,-0.11664765587466408,-0.11664765587466408,1.555,2901544000.0,6809794000.0,0.272285259821633,0.3620807750322854,1.0,0.5097087378640777,0.7474264859303573,1.1012109432773514,1.111590526906271,1.1058823529411765,-0.02879174967000586,33512365005.50298,0.0,0.0,4.921200994553283,8.066918644839559,11.549838639532256,0.052630488780026186,1.0688332533412856,,,2010-03-31,,,-0.01621195937164302,-0.05270349741455155,1.2805946747776686
RRC,Range Resources,Energy,2010-08-31,2008-04-30,2008-05-31,82.67733856234108,38.17961855073252,82.67733856234108,-0.5382093906912111,28,27,33.810001373291016,76.80999755859375,-0.5598229078512938,168521956.66500878,0.2432828712002446,0.11210528130683883,0.07143546891126115,0.6092892553089417,0.3314731785109555,0.25724320346743684,0.9223969486599282,0.7385382767709192,0.6873102697777492,0.9402773916482257,0.5439106981052604,0.48042635407004014,1.2366294716924622,0.5816052034462318,0.3652767931154295,0.018633222281903672,0.018633222281903672,-0.07999999999999999,-8899000.0,979383000.0,-0.3150452979716504,0.5396639798225171,1.0,-1.0355555555555556,,0.15218802438111245,,0.1512605042016806,-0.287020353805834,3760940027.76146,0.0,0.0,3.8401116088000915,,,0.07939903520286196,1.079399035202862,,,2010-03-31,,,0.7747339347672403,0.5152928224383906,0.5998029785004001
DLB,Dolby,Information Technology,2011-08-31,2010-04-30,2010-05-31,75.12221026567853,35.00581833295347,75.12221026567853,-0.5340150641314829,16,15,33.599998474121094,70.13999938964844,-0.5209581014185192,37941204.10034543,-0.020238096668496852,-0.04819303321399049,-0.05737650715282198,0.1330355072350582,-0.0010039896916187452,-0.026953879368729866,-0.012500045057655673,-0.19200459800811098,-0.20152666743251013,0.05469180863833367,-0.34329961343353577,-0.4755674595483175,0.5630781648197034,-0.18519614637136406,-0.40091014069607134,-0.23511893284190843,-0.23511893284190843,2.6000000000000005,295207000.0,939544000.0,0.09404121879450345,0.12381780950938026,1.0,0.23222748815165906,0.7117400570921576,1.0788322834795516,1.0803342290389784,1.0837004405286343,-0.014071160596958121,3814982595.9807167,0.0,0.0,4.06046187935926,6.354702426098675,12.923076336200419,-0.01185300174376902,1.0744425541725908,-0.0065364564150531684,0.9856692313552221,2011-07-01,,,-0.05880710573850434,-0.07274074454345619,0.33277870120967007
HAS,Hasbro,Consumer Discretionary,2011-09-30,2010-12-31,2010-12-31,72.58087922675979,38.25823647214124,72.58087922675979,-0.47288821960101246,9,9,32.61000061035156,50.16999816894531,-0.35000993022685023,89320006.41784668,-0.014456859455464044,-0.13063842499993206,-0.17335712201733502,0.14460568750977654,-0.11322943326862678,-0.18635119374535591,0.21370890445621527,-0.08591889720961499,-0.1410816997690953,0.5547287862801689,0.0049045539009275885,-0.2435277381069304,0.8722512874226707,0.019475297235888478,-0.23691770829779046,-0.03833220035514573,-0.03833220035514573,2.5900000000000003,370425000.0,4172439000.0,0.026539604341618617,0.011544639837673287,1.0,-0.06498194945848368,0.6520005773265556,1.0405050490863892,1.0113064500345708,1.0528455284552845,-0.05335778008114167,4663922577.640724,0.3225806451612903,0.22580645161290325,1.1177928730990971,8.235085598043108,12.590733826390563,0.0426468148142225,1.0426468148142225,-9.718132337343682e-05,0.999590780862634,2011-06-26,,,0.07570432574727906,0.31297247964333114,0.5285513489251332
RRX,Regal Rexnord,Industrials,2011-09-30,2011-04-30,2011-04-30,71.12082605118138,38.56435251086191,71.12082605118138,-0.45776287127051274,5,5,45.380001068115234,76.6500015258789,-0.40795824964473304,25396344.0651606,0.12712441309620415,0.010942847551736135,-0.03177584946566683,0.45347959865658405,0.19564447787818073,0.1225227174014516,0.5719968600384195,0.2723690583725893,0.21720625581310898,0.5320706932715709,-0.017753539107670413,-0.2661858311155284,0.46592794902081125,-0.38684804116597094,-0.6432410466996499,-0.0821950991396212,-0.0821950991396212,3.66,143097000.0,2490879000.0,0.23313771812399509,-0.1869659151768125,1.0,0.3916349809885933,0.6301861532296066,1.0071964600111127,1.0056996235304014,1.0026041666666667,0.081837942796116,1774246451.5967445,0.37523173896922507,0.3010752688172043,0.7122973262036191,6.309395887818016,12.398907395659899,0.040765214775322134,1.069409529494928,0.09690589105595701,1.2205123029460285,2011-07-02,,,0.43352101349523275,0.2909767684859088,0.11119817076723887
ILMN,"Illumina, Inc.",Health Care,2011-10-31,2011-05-31,2011-05-31,79.45228344540942,34.500171974502436,79.45228344540942,-0.5657749471957337,5,5,29.78599166870117,77.23735046386719,-0.614357671647016,123725457.3477511,0.6936643298555023,0.6406537461316426,0.6129501694745163,0.45427824193967936,0.3277934506452451,0.30496142872345733,0.5512737283623834,0.40086208296646997,0.3711212280939975,2.0538864240360066,1.5918708890738165,1.4293797490964102,5.2893533083536735,4.579562562548238,4.36761871034174,-0.16231217387729513,-0.16231217387729513,0.8463035019455252,128644000.0,1068572000.0,0.438073474748943,0.16241266518382824,1.0,0.4999999999999998,0.4921327768447711,1.272372549818656,1.2548110556458019,1.2428571428571429,0.07490871414366773,4527677249.8514805,0.0,0.0,4.237128850326867,10.904255370847578,35.19540164991357,0.07596928886091892,1.1062487719666567,0.12441020754772844,1.2702116527386829,2011-07-03,,,0.35780492417467336,1.651736378834549,4.689171484268971
NFLX,Netflix,Communication Services,2011-10-31,2010-11-30,2011-07-31,91.54892514885553,38.710622633950024,91.54892514885553,-0.5771591794113604,11,3,1.1725709438323977,4.354143142700195,-0.7306999550994929,1256778397.4913228,0.4644257286169773,0.4114151448931176,0.38371156823599134,-0.02363515400908356,-0.1501199453035178,-0.1729519672253056,-0.03460001679503888,-0.18501166219095233,-0.21475251706342477,2.928851253904185,2.466835718941995,2.3043445789645887,3.7852115819076353,3.0754208361022,2.8634769838957026,-0.3566026970880535,-0.3566026970880535,0.06285714285714286,238002000.0,2924924000.0,0.45428528100753507,0.2686665548071623,1.0,0.6666666666666667,0.606144419061299,1.173829521364227,1.1547554831635765,1.1756756756756759,-0.012924497653296174,4439817291.859064,0.022727272727272724,0.022727272727272724,1.5179256937476202,8.914862263778232,18.654537742788143,0.10112547359037216,1.112582004789084,,,2011-09-30,,,-0.6136673742081329,1.691927661923904,1.9288296695960172
CHRW,C.H. Robinson,Industrials,2012-05-31,2010-12-31,2010-12-31,72.43184043425951,38.43875923732031,72.43184043425951,-0.4693113000185596,17,17,58.2599983215332,82.61000061035156,-0.2947585293416297,88687742.2134581,-0.028321665547068164,-0.10759007187818681,-0.09298973639238572,0.0659436365609325,-0.02669573955391802,-0.042856566271086596,-0.009312514298683072,-0.28021294863079615,-0.35924998272246056,0.07259234774106083,-0.4557861094219302,-0.6031337242060728,0.1300458350526681,-0.5775724149179955,-0.8218510986485846,-0.1278752006012296,-0.1278752006012296,2.68,441084000.0,10522988000.0,0.1001371644593505,0.20107898158242432,1.0,0.1074380165289257,0.6251544872158286,1.03448887866774,1.0367327151132437,1.0330578512396695,-0.004373869101953476,9588639216.289234,0.013071895424836602,0.006535947712418301,0.9112087950959589,12.548116440007297,21.73880534385567,0.018056864582512988,1.066295185995239,0.00014448268507792866,1.003853231472704,2012-03-31,,,-0.12736873740590965,-0.1279027287045598,-0.10608786067805379
IDCC,InterDigital,Information Technology,2012-05-31,2011-07-31,2011-07-31,77.3143829676299,38.98736695584954,77.3143829676299,-0.4957294430950471,10,10,24.690000534057617,82.5,-0.7007272662538471,23104260.41366335,0.3717411576116143,0.29247275128049566,0.30707308676629674,0.7392964676954743,0.6466570915806238,0.6304962648634552,0.947741946424685,0.6768415120925719,0.5978044780009075,0.6285117946746381,0.1001333375116471,-0.0472142772724955,1.5563573327273033,0.8487390827566397,0.6044603990260505,-0.0939651455464302,-0.0939651455464302,1.6699999999999997,77059000.0,292589000.0,-0.1800003363077889,0.3266297696063267,1.0,-0.5131195335276969,0.6594355446019032,0.9156189664705723,0.8827847131961027,0.9094650205761314,0.030302053428815867,1139273503.6849978,0.13675213675213674,0.21367521367521367,3.8937673791051535,5.086782303268449,14.784431457519533,-0.03033386137826355,1.0501820640311745,0.030832984830627685,1.0967026502806085,2012-03-31,,,0.6926543385615901,0.09935445155713107,0.7667860872124693
NFG,National Fuel Gas,Utilities,2012-05-31,2011-03-31,2011-07-31,75.26483159586085,38.27906618703401,75.26483159586085,-0.4914083327446235,14,10,43.22999954223633,75.9800033569336,-0.43103451392133485,29034908.444032215,0.16366506037751027,0.08439665404639163,0.09899698953219271,0.22282834095232507,0.13018896483747455,0.11402813812030597,0.4556241518801467,0.18472371754803363,0.10568668345636922,0.8247494547532082,0.2963709975902171,0.14902338280607452,0.598687274034317,-0.1089309759363466,-0.35320965966693574,-0.03839890099095533,-0.03839890099095533,3.12,260558000.0,1760317000.0,,,1.0,0.022950819672130862,0.5893044137104344,1.1599539910073333,1.0129296650166917,1.1509433962264155,-0.001676932523722252,3610231481.0019274,0.2857142857142857,0.23809523809523808,2.05089849214768,7.058455716577117,13.855769084050104,-0.010414078372334323,0.9895859216276657,,1.0,2011-12-31,,,0.343149442608054,0.6247455943226032,0.40006039229328794
DECK,Deckers Brands,Consumer Discretionary,2012-06-30,2010-12-31,2011-10-31,78.77591605556971,39.482117140526974,78.77591605556971,-0.4988047220844033,18,8,7.335000038146973,19.81666755676269,-0.6298570374087035,104691226.17881866,-0.16746189365783826,-0.23093378148354415,-0.22679747303903294,-0.08498063722606242,-0.14438971037026782,-0.18621664513696945,0.1476936618688247,-0.05734503936595381,-0.14742035507961987,0.961599624511055,0.46250304140361465,0.2721812558051686,0.6353101326757944,0.027618819756958013,-0.24399351182581375,-0.3517382290781603,-0.3517382290781603,0.7966666666666667,190060000.0,1418738000.0,0.3512910117314483,0.2309607871349042,1.0,0.17733990147783252,0.7076581675205529,1.2159754224270354,1.1448702747241706,1.2187499999999998,0.011996862305016176,1749903900.3140755,0.075,0.049999999999999996,1.2334228732254127,5.069521217732029,9.207113018594525,0.03009911543234023,1.1443457091699174,0.17850621908672432,8.52130989646039,2012-03-31,,,-0.19127240510708143,0.23084773633939115,-0.3451364221727782
SGI,Somnigroup International,Consumer Discretionary,2012-06-30,2011-07-31,2012-03-31,88.59084680824877,38.98724527206165,88.59084680824877,-0.5599179071349444,11,3,5.847499847412109,21.857500076293945,-0.7324716995538685,196180729.2003571,0.2778963454685497,0.2144244576428438,0.218560766087355,0.3463017021200099,0.2868926289758045,0.24506569420910285,0.876870963013564,0.6718322617787855,0.5817569460651195,1.55237296327077,1.0532763801633296,0.8629545945648835,1.8174435150320054,1.209752202113169,0.9381398705303973,-0.0560066178834715,-0.0560066178834715,0.84,227500000.0,1476493000.0,0.25406032088468367,0.3299801721939082,1.0,0.3999999999999997,0.6475651550171355,1.1136557585468225,1.1077756125135743,1.125,-0.05664211033513844,1583697875.3407798,0.05833333333333334,0.05000000000000001,1.0726077775788845,4.983308537373987,6.961309342157273,0.04129588176633958,1.0727351850104838,-0.0005767091058885482,0.9975729543472355,2012-03-31,,,0.549336901854576,0.9376387422612595,0.9599222074962562
GNTX,Gentex,Consumer Discretionary,2012-07-31,2011-01-31,2011-01-31,76.96466800153394,35.67020178906927,76.96466800153394,-0.5365379632592147,18,18,8.005000114440918,17.674999237060547,-0.5471003983040513,33828406.07165533,0.08227740905303227,0.050366468636624084,0.022777633861269256,0.21194613640938886,0.11132557430644541,0.032314795709083105,0.4481873866844004,0.19569267604874208,0.06672953122187159,0.8917495959747681,0.43008849482399514,0.25532542512228806,1.1474056375932622,0.5226188407530026,0.22798241567534216,-0.040422573347459356,-0.040422573347459356,0.585,168679930.0,1063522914.0,0.20657384857595518,0.4990430606114,1.0,0.125,0.7123969288803985,1.0598990024704715,1.0724200271996545,1.0467289719626167,0.015805690629336677,2308175827.2716002,0.0,0.0,2.170311327463886,6.696790446658435,13.683760879386185,0.03883799466764559,1.0798479594725534,0.00022411952530670417,1.01535824210681,2012-03-31,,,0.3066395632978641,0.6223425268484102,0.7948085442835402
EW,Edwards Lifesciences,Health Care,2013-04-30,2011-03-31,2012-09-30,88.91212511919726,39.652252284459166,88.91212511919726,-0.5540287420720108,25,7,10.631667137145996,18.46500015258789,-0.42422599245654724,109158304.31203388,0.118984104123111,0.056842901996328576,0.03827758318797174,0.021946946886338026,-0.0901618870599421,-0.1312202732425231,0.2771593321953827,0.07409017657646055,0.023370760558587278,0.9854208484289402,0.6275264080279745,0.5308095211525752,2.329988730826236,1.9572867710636583,1.8403015431640468,-0.049694338350237066,-0.049694338350237066,0.41333333333333333,293200000.0,1899600000.0,0.13165733349219577,0.16005528680027648,1.0,0.2525252525252524,,1.105580693815988,,1.1071428571428572,-0.011038881393352074,7541624527.285176,0.17510638297872338,0.12340425531914893,3.9701118800195707,16.386979963085636,25.721775331804828,0.044137855219040345,1.0442294402211472,0.025199571071130702,1.1033219345383487,2012-12-31,,,0.05787190778318385,0.5323889853735482,1.6117159088019148
RGLD,Royal Gold,Materials,2013-06-30,2011-08-31,2011-08-31,71.01066233125451,37.41496700100891,71.01066233125451,-0.4731077591351919,22,22,42.08000183105469,100.83999633789062,-0.58270524237174,53466513.603731185,0.16165515347036008,0.10923665545681538,0.0741941250756098,0.1095183826546362,-0.05366478802332941,-0.09230702215720565,0.839580798383974,0.5955571985017902,0.5389790741300431,0.5130628230353054,0.17892200973904515,0.07134409786930412,0.8029631134202493,0.41585871746238956,0.30184982582702047,-0.034341276481453575,-0.034341276481453575,1.28,80716000.0,,,,1.0,-0.22424242424242413,0.451719776591339,1.0339516939935565,1.068239712020283,1.0062111801242235,0.03413012851094277,2653538615.465164,0.0,0.0,,8.784405828538052,32.875001430511475,,,,,2013-03-31,,,0.6847963340029867,0.22950022530620673,0.4227127867424168
DLR,Digital Realty,Real Estate,2013-07-31,2012-04-30,2012-04-30,71.60930107254642,39.5283728804839,71.60930107254642,-0.44799945972886623,15,15,55.290000915527344,80.58999633789062,-0.3139346888202811,116079481.60675292,-0.1252146148117479,-0.17225886064219376,-0.19085855767466742,-0.04820945099288032,-0.11525077742594325,-0.15927366904557694,0.2385846348686287,0.07158481543708795,0.0597083752381832,0.30112135415514785,0.0038809083127393507,-0.07178890390917969,1.212152134356693,0.8451033794027909,0.7319337738871834,-0.21001317416597243,-0.21001317416597243,1.46,213003000.0,1354289000.0,0.2366614708748016,0.22799719436423116,1.0,0.08148148148148149,0.5623871281168481,1.0126893417136553,1.0777567295059427,1.0444444444444445,0.1807489509734319,8066394565.075392,0.0,0.0,5.956184067858036,10.171085820239073,37.86986364077215,0.058810054516299726,1.06593979880711,,,2013-03-31,,shares +18% y/y,0.09779931361352512,0.002757324547308204,0.7682156110207996
DOC,Healthpeak Properties,Real Estate,2013-11-30,2013-04-30,2013-04-30,74.79331915079442,39.07168452953229,74.79331915079442,-0.4776046179905723,7,7,33.4881591796875,51.05646514892578,-0.3440956188015283,113901018.86315548,0.06949208712882782,0.034677908112166644,0.007207497077313038,0.16667261904964392,0.09163923090668757,0.08952790632741638,0.2844559924453489,0.11744070888787927,0.11935265635727432,0.07904435795159559,-0.12010241164724955,-0.16475292927045238,0.044904210284878676,-0.2486811340456183,-0.3681567127516102,-0.03453964697182832,-0.03453964697182832,1.8488160291438978,918770000.0,2093015000.0,0.12331591034360989,0.15983855295240312,1.0,0.34437086092715186,,1.2626562888636792,,1.2582781456953638,0.03649629223224471,16641956541.110638,0.35507246376811596,0.3236714975845411,7.951188377107014,14.782850286429678,18.11329989127925,0.0376424021373396,1.074118487109551,0.08591668200727011,1.4022049364849654,2013-09-30,,,0.21744166432713513,-0.024378708563522075,-0.08697689293804287
RYN,Rayonier,Real Estate,2013-12-31,2013-03-31,2013-04-30,79.45793133704905,39.20410775602189,79.45793133704905,-0.5066054817142955,9,8,31.44137382507324,45.27259063720703,-0.3055097271320427,55941975.662598446,0.10229410386813997,0.0852636832752669,0.06181769066689464,0.15463145234309184,0.08513214110641032,0.06969791398080265,-0.06260157977954262,-0.19723965318458914,-0.20915335687739045,-0.22342286693724578,-0.372065300380219,-0.4080705286561721,-0.032024771051339496,-0.3184800806625909,-0.4375978992065594,-0.13914128783567592,-0.2512707044867133,2.10604929051531,367853000.0,1687750000.0,0.10663568327172057,0.07742139671048087,1.0,0.38916256157635454,0.8496823966923059,1.3383676911207996,1.0910954417805403,1.327188940092166,0.021191029434236563,5491706076.283113,0.39080459770114945,0.28735632183908044,3.2538622878288326,11.211120242416287,14.929077855238676,-0.0008163970898611428,1.0516528838043244,,,2013-09-30,,,-0.14356273862765895,-0.3882034671407488,-0.2544108865325483
HAE,Haemonetics,Health Care,2014-03-31,2013-01-31,2013-01-31,70.78301138474046,37.31111812979379,70.78301138474046,-0.4728803225538184,14,14,32.59000015258789,45.900001525878906,-0.2899782337869139,20735073.86198498,0.08254061411826585,0.030950327749818873,0.03830431330923908,0.0714942622107475,0.007971261978654942,0.05303857591030869,0.37833685052555377,0.25286624491273346,0.22959878071046844,0.07333535987905337,-0.071086020499747,-0.09969046482234714,0.24486037142907646,-0.094950679694914,-0.19591477153774317,-0.08376801256380328,-0.104019618710534,0.72,37525000.0,947360000.0,0.14316329559633068,0.1652275638456877,1.0,-0.14792899408284022,0.7162763175475768,1.4730592743270732,1.368108843537415,1.5000000000000004,-0.00011903860950290834,1698527438.5081398,0.48850574712643674,0.48850574712643674,1.7929060109231336,15.11544056860744,45.26388910081651,-0.005536229023948347,1.07634925270116,0.48551497614387523,2.916332080719753,2013-12-28,,,0.2735306184012695,-0.16816067914002175,-0.1369241554914598
CVLT,CommVault Systems,Information Technology,2014-04-30,2013-01-31,2013-09-30,78.59715252627376,37.68817566767705,78.59715252627376,-0.5204892994682154,15,7,48.400001525878906,90.0,-0.46222220526801217,65415175.5150689,-0.007851261490395833,-0.038148302440698556,-0.02670851765125431,-0.08388432324986972,-0.16493903229360274,-0.16133232460373914,-0.0547520959159884,-0.18344402028204287,-0.2074895083357384,-0.09566117607743518,-0.23666122029882286,-0.2891020658752761,0.04235535480230168,-0.3014131279658814,-0.44225394066998513,-0.18223139290828883,-0.39235539421033006,1.3200000000000003,65392000.0,567795000.0,0.20400135711104994,0.23373429676177127,1.0,0.375,0.671107051591252,1.1550601311162245,1.1099600718980256,1.1458333333333333,0.03238436551509105,2397706742.2577825,0.07909604519774012,0.07909604519774012,4.222838775011725,18.619760563557996,36.666667822635524,0.046256440117046216,1.0638149254668459,,,2013-12-31,,,-0.19096112857596853,-0.3606171058190578,-0.2765296505997849
TPR,"Tapestry, Inc.",Consumer Discretionary,2014-05-31,2011-07-31,2012-03-31,74.12864605237422,37.575160516053536,74.12864605237422,-0.49310877080493953,34,26,40.709999084472656,79.69999694824219,-0.4892095276878109,199509301.69919938,-0.08766783820204593,-0.13433478843897673,-0.13302572132066767,-0.0720689689737436,-0.1576308654032167,-0.15385665917787242,-0.10010912548313822,-0.2173836081007362,-0.25724927904864425,0.04415239517350633,-0.08993952763970836,-0.15752486926564827,0.26806932929436944,-0.06375753701096643,-0.20746714234543168,-0.18206064044399495,-0.292848986185665,3.2799999999999994,927404000.0,4892698000.0,-0.02300268795679139,0.07936544542880686,1.0,-0.11351351351351346,0.6931063346387253,0.9966183948492875,0.9933862060777637,1.0,-0.01723807244150377,11510553655.773258,0.11594202898550725,0.11594202898550725,2.3525984346005533,7.18500649227077,12.41158508672947,-0.0176587393211729,1.0266217553684922,0.0017152922396704562,1.0242089807145454,2014-03-29,,,-0.3373045364981559,-0.38003874660255577,-0.2164516011717506
MAT,Mattel,Consumer Discretionary,2014-09-30,2013-05-31,2013-05-31,78.84339073384089,36.63049550388597,78.84339073384089,-0.5354018242626957,16,16,30.649999618530277,48.47999954223633,-0.36778052995178667,111063246.93268368,0.02213810765655677,-0.026864390598974053,-0.06271104543640675,-0.23484100150674092,-0.2930885479793691,-0.3651768263319622,-0.2720751437553721,-0.26436195819650454,-0.33353752938803455,0.10266798549194567,-0.04148059308827046,-0.16937409633420492,-0.4057980967330521,-0.7616042938017771,-0.9926182828072188,-0.2966157892731639,-0.3277236158819935,2.31,809192000.0,6328606000.0,-0.02613398054547278,0.041470435795203375,1.0,0.03125,0.7974629154397127,1.0746206199661188,1.0996239203596057,1.0794979079497908,0.0005036878637498798,10736681597.973053,0.5857206306906507,0.47179658005773933,1.696531842553171,10.222995809022796,13.26839810325986,-0.016604399714519325,1.019873243346553,0.06454630006358453,1.2385502152610717,2014-06-30,,,-0.34554815233835934,-0.038119009268283294,-0.5940086442194699
IBM,IBM,Information Technology,2014-10-31,2012-03-31,2012-04-30,79.04777735537475,39.49671848844316,79.04777735537475,-0.5003437185731621,31,30,157.170166015625,206.4053497314453,-0.2385363740808093,731187455.6545151,-0.06107516043938743,-0.05557494875427704,-0.07427479061852653,0.05639954328910579,0.012334044176244063,-0.015275168867797326,-0.12231828024725377,-0.17423510392717656,-0.19993218766753468,-4.417496751840666e-05,-0.09848721597533339,-0.179509646776782,0.04028914524193872,-0.31553436524051404,-0.5110774093451209,-0.13954834461052745,-0.25372690491046324,11.577437858508604,12723000000.0,97449000000.0,-0.03854729863056949,-0.031837155766126335,1.0,-0.1572720946416144,,1.057530786233028,,1.0812112869924297,-0.06413341992967603,172721810011.45908,0.34375,0.39999999999999997,1.7724328624353156,9.060509739770902,13.575556866419797,-0.008324259415673607,0.9982615174469142,0.0254844311140929,1.0811371132401444,2014-09-30,,,-0.23311619655910665,-0.23377424909453517,-0.2782341589400405
HAL,Halliburton,Energy,2014-12-31,2014-06-30,2014-07-31,79.63828224484907,38.24779326721439,79.63828224484907,-0.5197310616316284,6,5,39.33000183105469,74.33000183105469,-0.4708731217248159,1063639892.2184172,0.12038431203843158,0.11157113167663879,0.07979546547889466,0.10407993682628347,0.09320784299633855,0.05614135242684175,-0.1193324286140216,-0.1316750075968507,-0.14631766617561956,0.4237182045225403,0.28991585841352796,0.18470691352923094,0.3072713217516878,-0.07262794537530626,-0.2524497441662171,-0.20712340922669503,-0.28491064699401836,3.96,3392000000.0,31739000000.0,0.09245172615564656,0.027442798033737725,1.0,0.8248847926267282,0.6863617968433833,1.3011764705882354,1.3403441682600383,1.3177966101694916,-0.07109071726762883,33688728841.145832,0.22764227642276424,0.17479674796747968,1.0614300652555477,5.632952174821037,9.931818644205729,0.04028187479514922,1.0402818747951492,0.00815750524902764,1.1142168674698796,2014-09-30,,,-0.2433866204666696,0.21650880520783516,0.09642657410293218
CFR,Frost Bank,Financials,2015-01-31,2014-03-31,2014-04-30,75.27856207602728,39.55333015787998,75.27856207602728,-0.4745737821355668,10,9,62.29999923706055,82.0,-0.24024391174316406,51270461.159975566,0.1794969972786784,0.12965715680776424,0.11777417302787896,0.1800060239432726,0.11473582791439707,0.09755705625224838,-0.20780477582510648,-0.19911849249830815,-0.19330802058664853,0.5295021930162025,0.3401711509435352,0.22750224218569637,0.8654895309779207,0.3633120874599318,0.20532263814042007,-0.29801508316341685,-0.29801508316341685,4.17,267844000.0,983190000.0,0.07344645105080261,,1.0,0.10026385224274414,,1.0684995990792785,,1.0583756345177664,0.03377379036795958,4001602157.2305145,0.2,0.22253521126760564,4.070019179640267,10.538380312786929,14.940047778671595,0.030928159346708783,1.0309281593467088,0.13724139361668444,1.232236156580474,2014-09-30,,,-0.3331964677944773,0.28243645957418717,0.5309469843860815
KEX,Kirby Corporation,Industrials,2015-01-31,2014-08-31,2014-09-30,81.36918139062013,37.48877637650526,81.36918139062013,-0.5392754881416714,5,4,72.48999786376953,124.12000274658205,-0.4159684477950455,65895456.37546115,0.08332185257996993,0.03348201210905577,0.021599028329170482,-0.0011035205410060422,-0.06637371656988156,-0.08355248823203025,-0.30128289393709917,-0.29259661061030084,-0.2867861386986412,-0.1109118658085343,-0.30024290788120156,-0.4129118166390404,0.033246016459242966,-0.4689314270587459,-0.6269208763782577,-0.38432884006993073,-0.38432884006993073,4.859999999999999,278222000.0,2466418000.0,0.12809894486195939,0.01678733469379412,1.0,0.11724137931034484,0.5910198428461877,1.0459902059684072,1.040102710593948,1.0463576158940397,0.00950156151454462,4149858474.414339,0.26760563380281693,0.26760563380281693,1.682544675888004,7.5264644778968055,14.915637420528713,0.05546725824438692,1.055467258244387,0.04814053017153254,1.216499743907782,2014-09-30,,,-0.4261101784377,-0.3582058103186556,-0.300991928663606
PB,Prosperity Bancshares,Financials,2015-01-31,2014-03-31,2014-03-31,77.96382092548427,38.55942927837705,77.96382092548427,-0.505418938930262,10,10,45.790000915527344,67.68000030517578,-0.32343379566998043,27531549.217520818,0.1711020002254271,0.12126215975451293,0.10937917597462765,0.2042232109270019,0.1389530148981264,0.1217742432359777,-0.05390724182443862,-0.045220958497640296,-0.03941048658598068,0.6587936075164653,0.46946256544379805,0.3567936566859592,0.7668378088665235,0.26466036534853465,0.1066709160290229,-0.2509357090314369,-0.2509357090314369,4.17,282184000.0,,,,1.0,0.18130311614730865,,1.0905488442085023,,1.05,0.15570040907180327,3098610460.035292,0.23943661971830985,0.11971830985915492,,5.64213629178892,10.980815567272744,,,,1.5687548343497342,2014-09-30,,shares +16% y/y,-0.1457637574179076,0.4785973097282028,0.5144261728288402
VMI,Valmont Industries,Industrials,2015-01-31,2013-02-28,2013-03-31,76.58423393581494,37.150547238096856,76.58423393581494,-0.514906067099494,23,22,120.12000274658205,164.92999267578125,-0.2716909714371146,37444399.95847429,0.05238538682410132,0.002545546353187156,-0.009337437426698132,-0.06827858385254904,-0.13354877988142455,-0.15072755154357326,-0.10062838716062861,-0.09194210383383028,-0.08613163192217067,0.22880395599664172,0.03947291392397445,-0.07319599483386441,0.4095756082395685,-0.09260183527842036,-0.2505912845979321,-0.22372682499643004,-0.22372682499643004,7.469999999999999,198383000.0,3187897000.0,-0.03143413752013602,0.06319353638304137,1.0,-0.304469273743017,0.5058984036313562,0.9647748019275473,0.977213385664119,0.9636871508379886,-0.011888305394572307,3190062450.4518323,0.2535211267605634,0.3427230046948357,1.0006792724017848,7.357330384335984,16.08032165282223,-0.0038634348885918657,1.0362176910583059,0.028142487082839365,1.1924372995163461,2014-09-27,,,-0.2714785819748352,-0.10474035482416816,-0.05086553351085549
WBD,Warner Bros. Discovery,Communication Services,2015-01-31,2013-04-30,2013-12-31,79.5938592226531,36.84205540469218,79.5938592226531,-0.5371243992374902,21,13,28.989999771118164,46.37710952758789,-0.3749071456496621,134397415.5457966,0.1162470115846923,0.06640717111377814,0.05452418733389285,0.13901347769793615,0.07374328166906063,0.05656451000691194,-0.04829250188284062,-0.039606218556042294,-0.03379574664438268,-0.022076557250823026,-0.2114075993234903,-0.32407650808132915,-0.135219044747952,-0.6373964882659409,-0.7953859375854526,-0.1479820297360852,-0.18385650106200302,,1178000000.0,6126000000.0,0.1785302039245864,0.16547085201793732,1.0,,0.5530516431924882,1.0735567970204842,1.0451388888888888,,-0.03350543643321424,20065535053.23503,0.20312234854912606,0.17088070592228066,3.27547095220944,10.914003681673456,,0.03252991741109046,1.0748135146994295,0.6819930742593305,1.5163122633265365,2014-09-30,,,-0.1526637627276728,-0.13606416537883242,-0.15503561916151085
DAR,Darling Ingredients,Consumer Staples,2015-03-31,2013-10-31,2013-10-31,70.72860303371112,35.3683349662676,70.72860303371112,-0.4999429728675666,17,17,14.010000228881836,23.950000762939453,-0.4150313243179059,41549663.03404248,0.046395403848052075,0.044354477432505535,0.044389561421149866,-0.19771594664597314,-0.1353857931281527,-0.1271953571854122,-0.059957183359370614,-0.07679527284075816,-0.07577716879507321,0.036402585335470805,-0.15404258883632505,-0.2252370631911189,0.23483218803924966,-0.11939724166953702,-0.23748299305666865,-0.4446823638325318,-0.4446823638325318,0.39,64215000.0,3956443000.0,1.2955197122218678,0.013001424097038417,1.0,-0.5714285714285714,0.39034575826099643,3.830301222785565,1.2235252567330157,2.5999999999999996,0.3750493268604256,2306800422.301659,0.5416666666666666,0.5416666666666666,0.5830490726902066,10.023515747483806,35.92307750995342,0.19064425721416223,1.2819836964404863,0.8968106524324795,3.18586293404079,2015-01-03,TTM net income jumped 3.83x in one quarter,shares +38% y/y,-0.2290998588684205,-0.3593293317245932,-0.3563883192272772
RL,Ralph Lauren Corporation,Consumer Discretionary,2015-03-31,2012-03-31,2012-03-31,72.70120574293273,38.409626004574356,72.70120574293273,-0.47167828081987284,36,36,131.5,192.02999877929688,-0.3152111605690575,177749958.5456969,0.010159176304442852,0.008118249888896312,0.008153333877540645,-0.09410925421225902,-0.03177910069443857,-0.023588664751698088,-0.2547965222431574,-0.27163461172454495,-0.27061650767886,-0.3537323189212379,-0.5441774930930338,-0.6153719674478276,-0.09513938756719087,-0.44936881727597755,-0.5674545686631092,-0.36732526027756496,-0.40490692439064346,8.15,731000000.0,7602000000.0,0.051917861294072054,0.04367165386170635,1.0,0.004932182490752224,0.6831775700934579,1.0346666666666666,1.0398454035152296,1.0394574599260173,-0.030116973415133086,11794662576.687115,0.05238095238095238,0.05238095238095238,1.5515209914084602,7.976855669635978,16.134969325153374,0.002373417721518889,1.0308850390214204,-0.004566336414457298,0.9730171708912511,2014-12-27,,,-0.44119825581880756,-0.7239639732265002,-0.5961596533634838
WYNN,Wynn Resorts,Consumer Discretionary,2015-03-31,2014-02-28,2014-03-31,81.00175033068717,37.513696862539135,81.00175033068717,-0.5368779475827299,13,12,125.87999725341795,249.30999755859372,-0.49508644464274565,296532203.3169701,-0.21269560299906742,-0.21473652941461396,-0.21470144542596964,-0.5740316897437892,-0.5117015362259687,-0.5035111002832282,-0.2408507638059605,-0.25768885328734803,-0.25667074924166305,-0.04863187845409778,-0.23907705262589363,-0.3102715269806875,0.5355837615540664,0.18135433184527971,0.0632685804581481,-0.596726592743412,-0.596726592743412,7.18,731554000.0,5433661000.0,-0.0333174047880993,0.0905367263425918,1.0,0.001394700139470073,0.5777199003694291,1.0984885428224054,1.0504907468382343,1.097428958051421,0.002584392223824228,12825628901.215448,0.18199608610567516,0.15916503587736464,2.360402848321868,11.230461017842634,17.532033043651527,-0.06567217766473288,1.0428214717920166,0.014835073731492406,3.877398205659075,2014-12-31,,,-0.4384050543091154,-0.3932619706901959,0.1923356985320278
CBT,Cabot Corp,Materials,2015-06-30,2014-03-31,2014-03-31,70.5401900521619,38.744200730511125,70.5401900521619,-0.4507499809419113,15,15,37.290000915527344,61.459999084472656,-0.3932638875527035,19451327.522374712,-0.14780341891481008,-0.08356344803494564,-0.07659969342584129,0.10972895713169195,0.1082742872858633,0.13073926499627142,0.25407069490650724,0.21437204980566338,0.19363733474799372,0.5017703755765157,0.2772677851393859,0.18834953027250334,0.7744908448748458,0.37500985923954344,0.24672405735208358,-0.17102552843780283,-0.17102552843780283,2.36,154000000.0,3357000000.0,-0.0675,0.07270560190703224,1.0,-0.3058823529411765,0.5167785234899329,0.9684684684684685,1.0567823343848581,0.9647058823529413,-0.0006107802717971733,2433330568.2166147,0.32023117448656285,0.4000125952515901,0.7248527161801057,6.792933947488014,15.800847845562435,-0.05728727885425444,1.0228125902396765,0.005277777777777778,1.023485784919654,2015-03-31,,,0.08406835191362594,0.17881552659122574,0.3295118225447398
OGE,OGE Energy,Utilities,2015-06-30,2013-04-30,2013-07-31,80.82086530035795,36.07212571614475,80.82086530035795,-0.5536780560058544,26,23,28.56999969482422,40.0,-0.2857500076293945,34589964.94501205,-0.034194956935120535,0.030045013944743904,0.037008768553848256,-0.06275058812298273,-0.06420525796881138,-0.04174028025840326,0.19155645794595078,0.1518578128451069,0.13112309778743725,0.31236317483185516,0.08786058439472533,-0.0010576704721572128,0.38041821818908184,-0.019062767446220485,-0.14734856933368035,-0.15802933156192922,-0.15802933156192922,1.9500000000000002,389700000.0,2372800000.0,-0.06090948668223373,-0.32294541654385167,1.0,-0.05797101449275344,0.7333458788106888,1.0219913001449976,1.0224761904761905,1.0193236714975846,-0.00028627727999419594,5709604554.396409,0.7280701754385964,0.5614035087719298,2.4062729915696264,10.302500979180047,14.651281894781649,-0.03273409155762097,1.0131015264318097,,,2015-03-31,,,0.05945654028948369,0.05764321073408951,0.03259777045891371
OKE,Oneok,Energy,2015-06-30,2014-06-30,2014-08-31,79.20612595614995,38.29322627743327,79.20612595614995,-0.516537063072203,12,10,39.47999954223633,71.19000244140625,-0.4454277540623658,88994112.830377,-0.1718716626085277,-0.10763169172866327,-0.10066793711955892,-0.35397706492561065,-0.3554317347714393,-0.3329667570610312,0.2985547966835105,0.2588561515826666,0.23812143652499695,0.49847518560675086,0.273972595169621,0.18505434030273848,1.116807237736618,0.7173262521013157,0.5890404502138559,-0.5064446672391134,-0.5064446672391134,1.33,281392000.0,10837101000.0,,,1.0,0.12711864406779672,0.26903855659674714,1.245108614413781,1.0559961807354301,1.2457627118644066,0.00860132490748855,8352899271.57065,0.7910569105691057,0.7630266075388027,0.7707687943086117,11.85593872573333,29.684210182132578,-0.11135546262016416,0.9527502675415289,,1.0215143327921685,2015-03-31,,,0.050614100671216716,0.012325892704206975,0.4058824652345022
BKH,Black Hills Corporation,Utilities,2015-07-31,2014-06-30,2014-06-30,82.100262039934,37.778064274703404,82.100262039934,-0.5398545225552636,13,13,41.65999984741211,62.130001068115234,-0.3294704791371429,11517657.232538858,0.10952368069242269,0.1165975744682678,0.1283748625846974,0.20527958050626527,0.2747046706208386,0.2927474920174396,0.5652349049044783,0.5114219750538667,0.46217114319596836,0.7786603768841198,0.5565944129118199,0.4509116353474942,0.5811453274261409,0.16187836271925748,0.014061157108249511,-0.1078732758185198,-0.1078732758185198,2.88,128557000.0,1375388000.0,0.014784373040174215,0.14019133442808296,1.0,0.06666666666666665,0.4890255778213965,1.159366502209979,1.0090354277818294,1.1377952755905514,0.005331760966942989,1859612708.466583,0.49350649350649345,0.4675324675324675,1.3520640782576139,8.055795856073017,14.465277724795872,-0.013047066168186738,1.0623097349849355,-4.057992400486959e-05,0.9998457534523182,2015-03-31,,,0.4326453491802671,0.5360378625604185,0.23707823313454446
COP,ConocoPhillips,Energy,2015-07-31,2014-06-30,2014-07-31,76.35637777768743,35.1575935598718,76.35637777768743,-0.5395591752370237,13,12,50.34000015258789,87.08999633789062,-0.42197723884061933,401832993.40434605,0.07412535157758193,0.08119924535342704,0.09297653346985665,-0.2131800665072816,-0.1437549763927083,-0.12571215499610727,-0.16200409063844234,-0.21581702048905393,-0.26506785234695224,-0.04714401592897299,-0.26920997990127293,-0.37489275746559864,0.5446551405728879,0.12538817586600448,-0.022429029745003493,-0.36998277668319735,-0.36998277668319735,4.02,5018000000.0,44825000000.0,-0.19469296827278937,-0.061310745769144526,1.0,-0.4538043478260869,,1.0244248173590667,,1.0216802168021681,0.005162371947701416,62837343474.05126,0.7191011235955056,0.7928838951310861,1.4018369988633856,,12.52238809765868,-0.14658061076841067,1.0229540734750886,,,2015-03-31,,,-0.32118776438169216,-0.385806372967322,0.06630112135414584
DCI,Donaldson Company,Industrials,2015-07-31,2013-12-31,2013-12-31,70.15827060853503,38.9697209555642,70.15827060853503,-0.4445455878893432,19,19,33.599998474121094,43.7400016784668,-0.2318244813725654,24071950.11504037,-0.09669408680622449,-0.08962019303037938,-0.07784290491394977,-0.15224340659520075,-0.08281831648062743,-0.0647754950840264,0.0985938641145283,0.044780934263916716,-0.004469897593981587,0.4684099693173074,0.24634400534500744,0.14066122778068174,0.4978201574079819,0.0785531927010985,-0.06926401290990947,-0.24159170086929926,-0.24159170086929926,1.5799999999999998,224805000.0,2429693000.0,-0.0033394398470116826,-0.009488511031465752,1.0,-0.09195402298850586,0.7267316874476704,1.0013352470591856,0.9975799350536453,1.0114942528735633,-0.047356775354728264,4780663074.034679,0.15714285714285714,0.15238095238095237,1.9675996407919352,12.567907767767885,21.265821819063987,-0.022615826613470946,1.0146162536087362,0.021250831680910184,1.2558940187996108,2015-04-30,,,-0.039286247587193235,0.20848877548100664,0.12383711459095059
EMR,Emerson Electric,Industrials,2015-07-31,2013-12-31,2013-12-31,70.23736298153304,36.888994470624645,70.23736298153304,-0.4747952812476234,19,19,51.75,70.66000366210938,-0.26761962471068557,249845229.0427314,-0.07849099255786607,-0.07141709878202096,-0.05963981066559135,-0.0939739507056937,-0.02454886059112038,-0.00650603919451935,0.12273368287689479,0.0689207530262832,0.019669921168384896,0.2387215164478984,0.016655552475598467,-0.08902722508872724,0.547345133660299,0.12807816895341562,-0.019739036657592357,-0.18717710795634268,-0.18717710795634268,3.7799999999999994,2636000000.0,24106000000.0,-0.019044518596891047,-0.004980361987285908,1.0,0.35483870967741904,,1.2672672672672673,,1.2724014336917562,-0.026216692883359483,36088095238.095245,0.18998775260257195,0.1701367626046132,1.497058625989183,7.766600125584579,13.690476190476193,-0.0168039807488376,1.0045608176894572,-0.009318792219418897,0.9733379904529049,2015-03-31,,,-0.015045884059370684,-0.015733433512331974,0.1936170501455946
FCFS,FirstCash,Financials,2015-07-31,2013-03-31,2013-11-30,75.92742956700602,36.84971561260061,75.92742956700602,-0.5146718936391662,28,20,40.66999816894531,64.05999755859375,-0.36512644834640073,8595250.478314597,-0.06196157121388768,-0.05488767743804257,-0.04311038932161296,-0.12712030338685876,-0.05769521327228544,-0.03965239187568441,0.26904815774993485,0.21523522789932326,0.16598439604142495,0.45892910659525143,0.2368631426229515,0.1311803650586258,1.0615167290982797,0.6422497643913962,0.4944325587803883,-0.2712071811113389,-0.2712071811113389,2.67,76596000.0,721420000.0,0.039982124451299894,0.09602644297995444,1.0,-0.0949152542372882,,1.0260592990614796,,1.0280701754385966,-0.022945652929681537,1166726284.5500133,0.0,0.05384615384615385,1.6172635698345115,,15.232209052039444,0.0031941684524066094,1.0386975062765738,0.11520646979536822,1.3624994897056621,2015-06-30,,,0.11618393641442623,0.1673103799597408,0.6389740232314808
FLS,Flowserve,Industrials,2015-07-31,2013-12-31,2014-02-28,81.24200006449804,37.538482882247365,81.24200006449804,-0.5379424084531947,19,17,46.9900016784668,82.23999786376953,-0.4286235056048313,68620854.30475265,-0.00909981481552391,-0.002025921039678802,0.009751367076750807,-0.17043526513785856,-0.10101017502328524,-0.08296735362668421,0.03539877136176184,-0.018414158488849752,-0.06766499034674806,-0.09531811162216486,-0.3173840755944648,-0.4230668531587905,-0.00707274108292133,-0.42633970578980473,-0.5741569114008127,-0.2730572605973549,-0.2730572605973549,2.8499999999999996,390251000.0,4762238000.0,-0.03029376232307357,0.01671857557860279,1.0,-0.20168067226890773,0.5984113962385665,1.0358063363339982,1.0338439950993226,1.0444444444444445,-0.019575319111294176,6434349173.692403,0.449438202247191,0.4419475655430712,1.3511187751835172,10.438933110761274,16.487719887181335,-0.012878575415769422,1.0130705287670052,0.058831470750116424,1.2427665039663967,2015-06-30,,,-0.08972263436944236,-0.31635143306275026,-0.3075273336373788
WCC,WESCO International,Industrials,2015-07-31,2013-12-31,2013-12-31,72.84704327635781,38.16042772192755,72.84704327635781,-0.4761568073921766,19,19,61.36000061035156,94.75,-0.3524010489672659,38952867.42352682,-0.2025751473960612,-0.1955012536202161,-0.18372396550378647,-0.34191657965440525,-0.27249148953983193,-0.2544486681432309,-0.0915908338930842,-0.1454037637436958,-0.1946545956015941,-0.16476544152502925,-0.3868314054973292,-0.4925141830616549,-0.0058670543464801606,-0.42513401905336357,-0.5729512246643715,-0.44589323763840216,-0.44589323763840216,4.82,253971000.0,7806683000.0,0.02351559302203321,0.10835111988158097,1.0,0.0432900432900436,0.5840239707126826,1.0631519322433598,1.0300998245668302,1.065843621399177,-0.00373738783378863,3233124629.6704555,0.2597402597402597,0.22510822510822512,0.4141483174954658,8.97088977821437,12.730290583060489,-0.011202854012175356,1.039281919755061,-0.00490080770526448,0.9829883433089485,2015-06-30,,,-0.3352685140600941,-0.6285092218276498,-0.6770351718484342
BDC,Belden Inc.,Information Technology,2015-08-31,2013-12-31,2015-03-31,76.17602172928827,38.440933100860974,76.17602172928827,-0.4953670167041403,20,5,50.38999938964844,95.55999755859376,-0.472687309784084,27720405.95491803,0.24692566320786002,0.1856876505327607,0.19482064259221296,0.08911921483021867,0.09896255817542021,0.10706602848435372,0.4857429408920917,0.3621868032703621,0.31599923995843826,0.5394209169141999,0.23423838285961596,0.13514207872327555,0.4564518643942961,-0.10317753559902076,-0.25693316361822693,-0.2739868849626521,-0.2739868849626521,1.18,51795000.0,2352396000.0,0.10919695776613647,0.07117837652186876,1.0,-0.31395348837209314,0.34455805166208764,1.7139878884145736,1.2684842961537812,1.7611940298507465,-0.009020192817884132,2211822049.4803734,0.558974358974359,0.635904679125018,0.9402422251527266,19.990515881890424,42.70338931326139,-0.006393155404024076,1.044886483491512,0.4731159321202748,1.8894299041064562,2015-06-28,,,0.31077787746751384,0.18454127509846158,-0.061944600716498766
BWA,BorgWarner,Consumer Discretionary,2015-08-31,2014-06-30,2014-07-31,81.04526268242957,37.82173189681762,81.04526268242957,-0.5333258151680063,14,13,38.41549301147461,59.41020965576172,-0.35338566832091634,113035644.34189963,-0.018801840285494364,-0.08003985296059368,-0.07090686090114143,-0.2458671207274027,-0.23602377738220115,-0.22792030707326766,-0.20024327860452673,-0.3237994162262563,-0.36998697953818016,0.09441884199056383,-0.21076369206402013,-0.30985999620036053,0.046477372174229536,-0.5131520278190873,-0.6669076558382935,-0.363795667430031,-0.363795667430031,2.447183098591549,633500000.0,8040100000.0,0.00845384875888966,0.11361445951419835,1.0,-0.027972027972028246,0.6654411764705882,1.030192131747484,1.0273944173497978,1.0349650349650352,-0.008775337144732664,9944582747.7215,0.256599804672827,0.26891055175647055,1.2368730174651434,8.443207044706329,15.697841748573799,-0.02012138643786865,1.039519662042349,0.0020444767770015177,1.0139483142221462,2015-06-30,,,-0.3645174631534623,-0.16962441596691236,-0.24654667512254913
CXT,Crane NXT,Information Technology,2015-08-31,2014-06-30,2014-06-30,72.37998985658216,39.52818880136774,72.37998985658216,-0.453879602916619,14,14,18.249391555786133,26.731504440307617,-0.3173077259255026,17812266.98193641,-0.003641756233845883,-0.0648797689089452,-0.055746776849492946,-0.05404509382339695,-0.04420175047819541,-0.036098280169261907,0.25398923215045377,0.1304330945287242,0.08424553121680037,0.473067004989302,0.16788447093471803,0.06878816679837763,0.8399592151624617,0.2803298151691449,0.12657418714993873,-0.20168755736002653,-0.20168755736002653,1.1219173324070857,191072000.0,2848097000.0,0.02232930948458134,0.091612900192235,1.0,-0.11019283746556474,0.6094995055663658,1.0349473050933038,1.0208830934090762,1.0352564102564104,-0.00224810572227907,3108025558.23421,0.5042735042735043,0.4743589743589743,1.0912639415842262,9.53312031183911,16.266253340281203,-0.013474208667345389,1.0377532091159007,0.21621923335092197,1.6568579021348102,2015-06-30,,,0.07179184407837608,0.11056479882861159,0.2989612595432882
DOV,Dover Corporation,Industrials,2015-08-31,2013-12-31,2014-06-30,76.5967445405013,39.85802477305419,76.5967445405013,-0.47963813590042514,20,14,50.04038619995117,74.18416595458984,-0.32545731887607576,105801878.62270567,0.07058320291146924,0.009345190236369927,0.018478182295822182,-0.005607566825668098,0.004235776519533441,0.012339246828466946,0.2008437998771324,0.07728766225540284,0.03110009894347901,0.4379490518580449,0.13276651780346094,0.03367021366712053,0.8391547764215617,0.2795253764282448,0.12576974840903865,-0.17293770061256486,-0.17293770061256486,4.644588045234249,943044000.0,7461651000.0,-0.16776610256072788,0.06993483832257019,1.0,,0.8929064120566094,1.1436284193561297,1.0079337613495867,1.1639676113360322,0.219106515916756,10160273743.107979,0.5137365213314581,0.3670417252695734,1.361665634469902,8.883935389279957,10.77391271574601,-0.026613237035459036,1.0228831957195932,0.011330487708305217,1.021939875751715,2015-06-30,,shares +22% y/y,0.014060681406742437,0.06241823801467611,0.2794117102385495
LIN,Linde plc,Materials,2015-08-31,2013-12-31,2013-12-31,73.74375292347307,35.06407247239767,73.74375292347307,-0.5245146730085042,20,20,105.75,135.24000549316406,-0.21805681969345003,173034837.82336524,0.07412659145188294,0.012888578776783621,0.022021570836235876,-0.02439449316998732,-0.01455114982478578,-0.006447679515852275,0.18622371657588999,0.06266757895416042,0.016480015642236584,0.31070348861623476,0.005520954561650804,-0.0935753495746896,0.6190762679388686,0.05944686794555176,-0.09430876007365441,-0.08372258178023384,-0.08372258178023384,,,,,,,,,,,,,,,,,,,,,,,,,,0.0377646538133066,-0.01238568227357456,0.09925619624596815
NSC,Norfolk Southern,Industrials,2015-08-31,2014-09-30,2014-11-30,76.75028521906948,36.94832380872687,76.75028521906948,-0.5185904038888622,11,9,77.91000366210938,117.63999938964844,-0.3377252289499335,180253847.48501247,0.22911368778088592,0.1678756751057866,0.17700866716523886,-0.04546523979370054,-0.035621896448499,-0.027518426139565497,0.2414205750951699,0.11786443747344033,0.0716768741615165,0.6292516568162161,0.32406912276163213,0.22497281862529173,1.3956787801957669,0.83604938020245,0.6822937521832438,-0.15843853329662516,-0.15843853329662516,5.83,1813000000.0,11173000000.0,-0.022997551591465548,0.04754053311349282,1.0,-0.05048859934853411,0.547899667573285,1.04,1.0436182669789227,1.04071661237785,-0.00810229221893044,24228273866.107082,0.3037037037037037,0.3,2.1684662907103807,7.6452403331247565,13.363636991785484,-0.028603721091984058,1.0214362272240085,,,2015-06-30,,,0.06486555747839537,0.2799925674644988,0.8753531872099287
PG,Procter & Gamble,Consumer Staples,2015-08-31,2013-11-30,2013-11-30,70.30519174486248,37.297117037572555,70.30519174486248,-0.4694969729557985,21,21,70.66999816894531,93.88999938964844,-0.24731069732292676,726035699.8388745,0.06852525020333511,0.00728723752823579,0.016420229587688046,0.15632855962512449,0.16617190297032602,0.17427537327925952,0.27766486269676016,0.1541087250750306,0.10792116176310676,0.39280003143118014,0.08761749737659619,-0.01147880675974422,0.29452100582121865,-0.2651083941720982,-0.41886402219130436,-0.04726157425598909,-0.04726157425598909,3.1499999999999995,9094000000.0,80637000000.0,-0.047958063259306516,0.011645406335101027,1.0,-0.16223404255319174,0.624159231297186,1.06435688819819,1.0448681599092713,1.0664893617021276,-0.007673432904258148,204023162967.74246,0.4583333333333333,0.579861111111111,2.530143271299062,12.601702199082531,22.434920053633437,-0.01825021914872893,1.0055366117361912,0.004498282152091524,1.005165121197332,2015-03-31,,,0.1758993081569884,0.17643723567072758,-0.051503085373734214
PSKY,Paramount Skydance Corporation,Communication Services,2015-08-31,2013-12-31,2014-02-28,82.17359603729766,39.53159485679096,82.17359603729766,-0.5189258257744005,20,18,45.2400016784668,68.0999984741211,-0.3356827798511831,259449366.90683517,0.11973986175029316,0.058501849075193846,0.0676348411346461,0.0763976891985958,0.08624103254379734,0.09434450285273084,0.14189560490771025,0.018339467285980682,-0.027848096025943153,0.4508397612505639,0.14565722719597995,0.04656092305963955,0.21661542263411548,-0.34301397735920136,-0.49676960537840753,-0.14577662936547597,-0.14577662936547597,,,,,,,,,,,,,,,,,,,,,,,,,,0.10029229646418711,0.41725413985156057,0.2318342618147444
RTX,RTX Corporation,Industrials,2015-08-31,2014-04-30,2014-04-30,74.06214244435515,37.55495490811574,74.06214244435515,-0.49292643085052834,16,16,57.652610778808594,78.31969451904297,-0.263881056573954,544548950.4709675,0.05524291939323178,-0.005995093281867536,0.003137898777584719,0.06941945019138052,0.07926279353658205,0.08736626384551556,0.19303487002300979,0.06947873240128022,0.023291169089356384,0.37404095383445646,0.0688584197798725,-0.030237884356467903,0.5458772460161254,-0.013752153977191428,-0.1675077819963976,-0.08384458975940523,-0.08384458975940523,4.455632473253619,6433000000.0,64896000000.0,0.030553261767134687,0.0366295039586364,1.0,0.120253164556962,0.6468577174459528,1.0729094678645474,1.0415345939446934,1.0743670886075947,-0.007869388838781965,83238293859.82771,0.3865238732708612,0.3124497991967871,1.2826413624850177,8.22962692682297,12.93926532874673,-0.003133640552995365,1.0368397245815952,0.007964836261047119,1.0118484511222408,2015-03-31,,,0.03667883040888442,0.07999060277448772,0.1562620676426975
VTR,Ventas,Real Estate,2015-08-31,2013-04-30,2013-04-30,77.57384289463563,35.61580207900188,77.57384289463563,-0.5408787195527118,28,28,55.02000045776367,96.0488739013672,-0.42716662650033954,168934078.44835603,-0.016937586625351386,-0.0781755993004507,-0.06904260724099845,0.039625246129636915,0.049468589474838454,0.05757205978377196,0.38950681161026157,0.265950673988532,0.21976311067660817,0.37178225474918913,0.06659972069460518,-0.03249658344173523,0.26659942059163577,-0.2930299794016811,-0.44678560742088724,-0.12471311171589894,-0.12471311171589894,1.7585931254996,486585000.0,3358368000.0,0.14395221133614844,0.09636478184246977,1.0,-0.06666666666666698,,1.0240402220716303,,0.9937888198757762,0.07231889240544476,15223479800.1586,0.13333333333333333,0.19259259259259257,4.53299930208917,14.903156892547754,31.286372987573806,0.04352235652363046,1.0463477803433703,0.4980146531101497,4.197375269536768,2015-06-30,,,0.2589305534499313,0.160056573604174,0.0008781488948586547
WMT,Walmart,Consumer Staples,2015-08-31,2012-10-31,2012-10-31,72.92214014734904,36.05940494778796,72.92214014734904,-0.5055081368302541,34,34,21.57666778564453,30.32333374023437,-0.28844671333034755,610040932.2012402,-0.09099324872516223,-0.15223126140026155,-0.1430982693408093,0.033456836551039926,0.043300179896241464,0.05140365020517497,0.1370845892997794,0.013528451678049835,-0.032659111633874,0.2771272069509092,-0.028055327103674754,-0.12715163124001516,0.6050715177054404,0.045442117712123586,-0.10831351030708258,-0.13023354304237922,-0.13023354304237922,1.6566666666666667,16111000000.0,485517000000.0,0.01746286547746778,0.01455333280888893,1.0,0.024742268041237025,0.6049035067958248,1.0338008592367955,1.0226784705217555,1.0369609856262834,-0.006885098094091546,209832008869.931,0.06367041198501873,0.06741573033707865,0.4321826194961886,6.8842961553665685,13.024145544654646,-0.0002759183034730661,1.0069050932135193,-0.0011966034066523605,0.9684565241409789,2015-04-30,,,-0.021418812889842598,-0.06904024942481152,0.08219462887925144
BAX,Baxter International,Health Care,2015-09-30,2013-03-31,2013-03-31,70.1648175112868,38.21517620136259,70.1648175112868,-0.4553513062979855,30,30,32.849998474121094,43.43999862670898,-0.24378454160623864,386117115.35056585,0.16487065495679354,0.09466607399444604,0.11268483095973786,0.2579535948666196,0.1735227652988134,0.1595314126905888,0.4660771993864168,0.3130349923057816,0.2520767398121036,0.953630903322296,0.5872858331901984,0.44682495754974527,1.4243046320865043,0.8143222080913193,0.6552210658119987,-0.02039531822924956,-0.02039531822924956,,2183000000.0,16326000000.0,-0.0018952130586293858,0.14009897539555305,1.0,,,1.3352941176470587,,,-0.4594230723700701,17920954233.523598,0.4945054945054945,0.4945054945054945,1.0976941218622809,134.64019232316627,,-0.015735214324471003,1.0419967222070472,0.14214097939719997,1.654745142213461,2015-06-30,,,0.44122437919320834,0.861201950015575,1.2360954681176073
EQT,EQT Corporation,Energy,2015-09-30,2014-02-28,2014-04-30,79.83576310049072,37.610070910416056,79.83576310049072,-0.5289069779031789,19,17,35.258575439453125,60.680458068847656,-0.41894678185439915,115889926.49433245,-0.1947899516892151,-0.2649945326515626,-0.24697577568627077,0.039457033562251054,-0.04497379600555518,-0.058965148613779786,0.12325407008121458,-0.029788136999420622,-0.0907463894930986,0.011064754975797175,-0.35528031515630043,-0.4957411907967536,-0.312980562286002,-0.922962986281187,-1.0820641285605075,-0.2724844350227873,-0.2724844350227873,0.9363091997822539,446706000.0,,,,1.0,-0.4819277108433735,0.7209284310212934,1.0508622979190048,0.9507473092764781,1.0180722891566263,0.4774234128942523,16821598253.99471,0.8167965981573353,0.7320620555914674,,12.917885755282677,37.656978536206616,,,,,2015-06-30,,shares +48% y/y,-0.02810638811147184,-0.3188414561961354,-0.7989855330806679
ETN,Eaton Corporation,Industrials,2015-09-30,2013-12-31,2013-12-31,72.76114828545414,36.318851861026516,72.76114828545414,-0.5008482862510417,21,21,51.29999923706055,79.9800033569336,-0.35858968387235923,191650173.9822145,0.024354080822531765,-0.04585050013981573,-0.027831743174523915,0.24366261288699032,0.15923178331918408,0.1452404307109595,0.3299981377209149,0.1769559306402797,0.11599767814660172,0.6073023417231687,0.24095727159107105,0.10049639595061788,0.8606824924545342,0.2507000684593492,0.09159892618002863,-0.09079691818359048,-0.09079691818359048,4.619999999999999,2192000000.0,21888000000.0,-0.0225516902603492,0.16660588694972644,1.0,0.38323353293413165,,1.1984691088026245,,1.2062663185378588,-0.015107122005816764,24339739897.75687,0.32727272727272727,0.23030303030303031,1.1120129704750032,9.861049089677644,11.103895938757695,-0.017726517973342903,1.0863245636884606,0.005135533425624079,1.0057890762647874,2015-06-30,,,0.09075830569919935,0.11239912787858136,0.09791488143132465
GATX,GATX,Industrials,2015-09-30,2014-03-31,2014-03-31,77.03865432211911,37.14562556307239,77.03865432211911,-0.5178313290915408,18,18,44.150001525878906,69.87000274658203,-0.3681122113876162,18041559.640236508,-0.027596519214959203,-0.0978011001773067,-0.07978234321201488,0.09607124974315706,0.01164042017535083,-0.0023509324328737785,0.04689437751564829,-0.10614782956498692,-0.1671060820586649,0.48679732799055575,0.12045225785845814,-0.02000861778199503,1.1440659238113349,0.5340834998161499,0.3749823575368293,-0.23373230246735333,-0.23373230246735333,4.8500000000000005,217400000.0,1483600000.0,0.08912054030245198,0.06855977408220904,1.0,0.12009237875288692,,1.098048780487805,,1.1093749999999998,-0.04057768650213289,1979012439.5311491,0.12658227848101267,0.13502109704641352,1.3339258826713056,2.6757871527534474,9.103093098119361,-0.0003369045212586741,1.0323006900601968,0.001541623843782117,1.0265486725663717,2015-06-30,,,-0.12188300535705618,0.1317751443319093,0.613908783606942
HUBB,Hubbell Incorporated,Industrials,2015-09-30,2014-03-31,2014-09-30,80.29984623746542,31.451894830278135,80.29984623746542,-0.6083193641832447,18,12,84.94999694824219,127.29000091552734,-0.3326263152074528,30796104.74850803,0.19705769420248642,0.12685311324013893,0.14487187020543074,0.26322169610633406,0.17879086653852783,0.16479951393030323,0.30005835098931755,0.14701614390868234,0.08605789141500436,0.43454881360128206,0.06820374346918445,-0.07225713217126872,0.6934894455280662,0.08350702153288125,-0.07559412074643934,-0.014773348597941993,-0.014773348597941993,5.33,313400000.0,3427800000.0,0.05218245441709124,0.056492411467116366,1.0,-0.04651162790697638,0.6260487415101877,0.9978527607361963,1.0003865481252416,1.0,-0.012653034310457612,4994996068.213716,0.3291139240506329,0.3248945147679325,1.4572017236168142,8.801466372411298,15.938085731377521,0.005337869544814744,1.01823316348456,0.06179016514212045,1.1851885924563017,2015-06-30,,,0.08743115732006473,-0.018576755194038008,-0.03608460219027232
LECO,Lincoln Electric,Industrials,2015-09-30,2013-11-30,2014-03-31,76.1559898889924,35.852437141551704,76.1559898889924,-0.5292236737542055,22,18,52.43000030517578,76.26000213623047,-0.31248362396430174,28020305.192898948,-0.004170167732124308,-0.0743747486944718,-0.05635599172917999,0.13036609961490253,0.0459352700470963,0.03194391743887169,0.2217271442493456,0.06868493716871038,0.0077266846750324025,0.8178879991253818,0.4515429289932842,0.311082053352831,0.8850573076189248,0.2750748836237398,0.11597374134441918,-0.12603394394909428,-0.12603394394909428,3.35,259361000.0,2722371000.0,-0.03470886893721459,-0.002809555884386028,1.0,-0.048295454545454364,0.7041730017376194,1.0468489049944856,1.0269192796196358,1.0628930817610063,-0.04722370735561088,4059193226.6121483,0.3417721518987342,0.32911392405063294,1.4910507152082315,8.98689143762383,15.650746359753963,-0.02289565359085366,1.010679433472405,,,2015-06-30,,,0.01825247623926682,0.3985500876916726,0.21942520820512135
MOG-A,Moog Inc.,Industrials,2015-09-30,2013-11-30,2014-06-30,75.22811925771467,39.82798079108339,75.22811925771467,-0.47057056345325265,22,15,54.06999969482422,79.23999786376953,-0.3176425902006953,9421226.416487921,0.12076944656676747,0.05056486560441997,0.06858362256971179,-0.15516920989683636,-0.2396000394646426,-0.2535913920728672,0.10116492006307842,-0.051877287017556784,-0.11283553951123476,0.5429995129048839,0.1766544427727863,0.036193567132333127,0.5999545265687167,-0.010027897426468257,-0.16912903970578885,-0.29517283441338094,-0.29517283441338094,3.5199999999999996,143943000.0,2573732000.0,-0.02981060865933305,0.033355212031855874,1.0,0.20136518771331047,0.5701028967942777,1.1843915878684426,1.1299089817512715,1.2013651877133107,-0.10296408342572672,2211078967.6341147,0.5829268292682928,0.5373983739837399,0.8590944852199509,9.061324762853658,15.36079536784779,-0.01874229619149248,1.0167989451480903,0.0006381902387427087,1.001896464041115,2015-07-04,,,-0.08211335995568206,0.17526145770910218,0.002208804138764897
NDSN,Nordson Corporation,Industrials,2015-09-30,2013-01-31,2013-05-31,71.30513679782413,39.329708596547896,71.30513679782413,-0.44843092149080577,32,28,62.93999862670898,84.94999694824219,-0.2590935740108775,19741256.93298824,0.023048154686180933,-0.04715642627616656,-0.029137669310874748,0.21722377084938427,0.13279294128157804,0.11880158867335343,0.6039762201676149,0.45093401308697967,0.3899757605933017,0.9259172746176372,0.5595722044855396,0.4191113288450864,1.2782529537929053,0.6682705297977203,0.5091693875183997,-0.172471372357337,-0.172471372357337,3.8200000000000003,242058000.0,1706875000.0,0.0730615424173251,0.04804555698442803,1.0,0.052341597796143446,0.6730489039160948,1.0560998130756931,1.0649955933116264,1.0583090379008746,-0.018985516404715352,3988253975.807309,0.2936124530327429,0.25496511003757377,2.3365823366135827,12.004470059779514,16.476439431075647,-0.009708698434505725,1.035093111673872,0.1734980552759637,1.2777052884577988,2015-04-30,,,0.39706623013516873,0.5138027320156089,0.6576059942758552
PH,Parker Hannifin,Industrials,2015-09-30,2013-12-31,2013-12-31,73.4493043515873,38.773611849769445,73.4493043515873,-0.472103756569731,21,21,97.3000030517578,133.41000366210938,-0.2706693622601811,183757891.94757372,0.0026598850881955904,-0.0675446958741519,-0.04952593890886009,0.1556094712361913,0.07117864166838506,0.05718728906016045,0.32007324253767133,0.16703103545703613,0.10607278296335815,0.8736562499708949,0.5073111798387973,0.3668503041983441,1.000949805950118,0.3909673819549331,0.23186623967561248,-0.1385686194152992,-0.1385686194152992,6.97,1012140000.0,12711744000.0,-0.038152853089644334,0.01538656687337081,1.0,0.01455604075691408,0.5505452472541819,1.0393652277946617,1.0304344693099736,1.0579310344827584,-0.04171697878620417,14129300586.62929,0.41499828001375993,0.4274509803921569,1.1115155077563936,7.4281154035401045,13.959828271414318,-0.02909319128723431,1.0074078483921038,0.0031013990572467207,1.0104691287390202,2015-06-30,,,0.07398976333981092,0.3684227107343493,0.2363746547869804
PNR,Pentair,Industrials,2015-09-30,2013-12-31,2014-03-31,81.81918242912255,38.58642359808769,81.81918242912255,-0.5283939236191473,21,18,34.278038024902344,55.99059677124024,-0.38778937890318443,74084921.06322825,-0.023840836788374675,-0.09404541775072217,-0.07602666078543036,0.07722599145599784,-0.007204838111808387,-0.021196190720032995,0.2898995079007878,0.13685730082015257,0.0758990483264746,0.39522250982418683,0.028877439692089224,-0.11158343594836395,0.35023790883579453,-0.25974451515939045,-0.41884565743871105,-0.17470902109669217,-0.17470902109669217,0.7588985896574884,196500000.0,6697100000.0,-0.09222636394442563,0.16096160195233544,1.0,-0.6282894736842105,0.23603603603603604,0.9781293624941834,1.0762423417290674,1.027027027027027,-0.1349416328889006,8875539582.875343,0.43385790854145284,0.5311417595566471,1.3252810295314903,12.381996059538912,45.16814037086689,-0.02516739446870453,1.150960415418892,0.012009488309047781,1.014219454653421,2015-06-27,,,0.13466583193284473,0.07340936318901614,-0.11567980851497939
SLB,Schlumberger,Energy,2015-09-30,2014-06-30,2014-06-30,75.27153578617866,36.56333081473422,75.27153578617866,-0.5142475780141054,15,15,68.97000122070312,118.76000213623048,-0.4192489055230302,732115577.4973794,0.01789059346757238,-0.052313987494775116,-0.0342952305294833,0.08413994305470363,-0.00029088651310260616,-0.014282239121327214,0.17090853549996488,0.01786632841932967,-0.04309192407434831,0.06718713232731122,-0.2991579378047864,-0.43961881344523956,-0.03964955953916427,-0.6496319835343493,-0.8087331258136699,-0.13023234118472515,-0.13023234118472515,3.38,4350000000.0,44544000000.0,-0.04836780037600408,0.06987268862426,1.0,-0.31854838709677424,,1.0357958872810358,,1.0423387096774195,-0.027656975984353238,88763167251.49663,0.1698780671383411,0.3037282352350845,1.9927075981388431,9.692687153769384,20.405325804941754,-0.06398537477148081,1.0253708486663162,0.020722953341309178,1.05083857442348,2015-06-30,,,0.09866733063935249,-0.059066382346784435,-0.18950036662850392
URI,United Rentals,Industrials,2015-09-30,2014-08-31,2014-09-30,86.72198736987335,38.278967650964304,86.72198736987335,-0.558601355758803,13,12,60.04999923706055,119.83000183105467,-0.4988734180132657,184094620.7442087,0.20799336631260346,0.13778878535025596,0.15580754231554778,0.03563706508164155,-0.04879376448616468,-0.06278511709438929,0.3070772749882771,0.15403506790764188,0.0930768154139639,1.3104081082390149,0.9440630381069173,0.8036021624664641,1.7243967104491267,1.1144142864539417,0.9553131441746211,-0.3022480953104547,-0.3022480953104547,5.73,587000000.0,5852000000.0,0.11978568694986613,0.09467951403435282,1.0,0.3907766990291266,0.3854235062376888,1.1121281464530892,1.0695581014729951,1.1195652173913044,-0.03417318620932053,6151718944.529588,0.2610385572139303,0.2013370646766169,1.0512164976981524,7.969877327707873,10.479930058823829,0.005152868430092772,1.0445847684653655,0.0644852659778033,1.0860572012257406,2015-06-30,,,-0.12331147626534983,0.3356769737597929,0.17592873825575328
XPO,"XPO, Inc.",Industrials,2015-09-30,2015-05-31,2015-05-31,74.74897176581048,39.75168089976433,74.74897176581048,-0.468197622513031,4,4,8.24169921875,17.624717712402344,-0.5323783703525421,74306453.37748988,0.14351655996356438,0.07331197900121689,0.0913307359665087,0.2882920807660405,0.20386125119823428,0.1898698985900097,0.5388166092111502,0.38577440213051495,0.32481614963683697,1.844313986684638,1.4779689165525405,1.3375080409120872,3.7910199063925587,3.1810374823973735,3.021936340118053,-0.2429710526949167,-0.2429710526949167,-0.7574201233038458,-110300000.0,3412100000.0,1.5954930113150136,2.0531421497929543,0.0,,,,,,0.15325263951222579,1200205006.2557526,0.5145219846712384,0.5145219846712384,0.3517496574706933,34.66031969183336,,0.2286115512026501,1.5098362594994643,3.4398798136350672,46.19982408443947,2015-06-30,,shares +15% y/y,0.13079036460440197,1.0384416997989108,2.5126801448370664
GWW,W. W. Grainger,Industrials,2015-10-31,2013-05-31,2013-09-30,78.80623255255277,38.45428253140411,78.80623255255277,-0.5120400850813358,29,25,210.0,276.3800048828125,-0.24017658191647473,169258365.93405104,-0.05814972538502439,0.004645678973749123,0.013408331536904239,0.1296867800554089,0.12632723303245985,0.08696295383829472,0.013573857936333145,-0.03065608142819709,-0.09335563973946391,-0.012783803557846585,-0.3016913292872788,-0.4575756860361696,0.4460852073216415,0.06484702042366397,-0.05368967516374562,-0.15315371451204518,-0.22600666437145955,11.389999999999997,772603000.0,10006085000.0,0.01778608283442984,0.05433030428316332,1.0,0.02060931899641516,0.5874378805481718,1.0183810644762974,1.0118799873514257,1.027947598253275,-0.04189854238270674,14244655838.454788,0.4057971014492754,0.38405797101449274,1.4235993236570335,10.12155967855151,18.43722563652327,-0.0029259281698236217,1.0169364487773613,0.020354294541511435,1.4086402678096757,2015-09-30,,,-0.19881394116457726,-0.4694982916342301,-0.2956756072166923
PVH,PVH Corp.,Consumer Discretionary,2015-10-31,2013-02-28,2013-07-31,74.08747885889798,38.7234788822308,74.08747885889798,-0.47732762028546105,32,27,90.9499969482422,138.94000244140625,-0.3454009259385351,113022760.12635005,-0.1928228151137592,-0.1300274107549857,-0.12126475819183058,0.05212017524632828,0.04876062822337923,0.009396349029214095,0.1782987255665358,0.13406878620200557,0.07136922789073875,0.39876931841732466,0.10986179268789242,-0.04602256406099836,0.3337315067278115,-0.047506680170166016,-0.1660433757575756,-0.29424233095495145,-0.29424233095495145,5.92,493500000.0,8045200000.0,-0.0249011865851555,0.15329571230100414,1.0,,,1.254153132383148,,1.2517814726840852,0.011751024776965657,7581726941.54688,0.3621794871794872,0.25140324020921034,0.9423913565289713,12.067334263169442,15.363175160176048,-0.013681836014123205,1.0861555747243805,-0.004945064334923389,0.9874885004599816,2015-08-02,,,0.04004013942018311,0.18695052413252022,0.0356589566448669
SAIA,Saia,Industrials,2015-10-31,2014-09-30,2014-10-31,87.452994333319,34.776934269271024,87.452994333319,-0.6023356943420146,13,12,23.61000061035156,62.310001373291016,-0.6210881064035426,7672496.442661588,-0.09402800352871576,-0.031232599169942254,-0.02246994660678714,0.22490467296363703,0.22154512594068798,0.18218084674652285,0.5099534351663055,0.4657234958017753,0.40302393749050847,1.7445998041756479,1.4556922784462156,1.2998079216973248,1.6624311302555093,1.2811929433575318,1.162656247770122,-0.22575179101728482,-0.22575179101728482,2.24,57198000.0,,,,1.0,0.22404371584699456,0.6154889111276108,1.1184227509357656,1.0931348492284203,1.1147540983606556,0.005221426112931082,602877149.5137894,0.014705882352941176,0.014705882352941176,,4.35000159725626,10.540178843906945,,,,3.2878242074927955,2015-09-30,,,0.1886345732876688,1.06245155927772,0.49439024740853044
STX,Seagate Technology,Information Technology,2015-10-31,2013-12-31,2014-12-31,74.63632700183612,39.85162905250572,74.63632700183612,-0.4660558651080815,22,10,38.060001373291016,69.4000015258789,-0.45158500667901813,240502629.14692107,-0.2246314099735297,-0.1618360056147562,-0.15307335305160108,-0.4073414265100439,-0.41070097353299295,-0.4500652527271581,-0.01860770668751488,-0.06283764605204512,-0.12553720436331195,0.12720312304137815,-0.16170440268805408,-0.31758875943694487,0.28847761494154467,-0.09276057195643284,-0.21129726754384243,-0.4822392103313724,-0.4822392103313724,4.24,1395000000.0,12879000000.0,-0.08138373751783168,-0.043690335168280914,1.0,-0.06194690265486713,0.8264218009478673,1.3313648293963254,1.347206385404789,1.3452115812917596,-0.05278812642711228,12522099508.429472,0.5713654441007513,0.5444837236706436,0.9722881829668043,5.851964870357075,8.976415418229013,-0.06259553097023074,1.0215680559603615,0.03074905275429904,1.5403329065300897,2015-10-02,,,-0.5390073506202412,-0.7858389796023421,-1.2136617035697572
M,Macy's,Consumer Discretionary,2015-11-30,2014-03-31,2015-07-31,77.66780862717451,30.762240545155024,77.66780862717451,-0.6039254732572448,20,4,39.08000183105469,73.61000061035156,-0.46909385264209635,322034717.6044343,0.11628948322808075,0.18326913828314584,0.18136276212324007,-0.13500589932679286,-0.151717709054062,-0.18379531390436826,0.1237076305104845,0.04495282156975344,-0.044305046065374276,-0.33040768285734234,-0.6538744390142339,-0.7936095353982746,0.009929336060154226,-0.3918064699391719,-0.508299377464102,-0.22017695834983253,-0.5101845494251811,4.01,1420000000.0,27895000000.0,-0.004603197259491876,0.005237104526867098,1.0,0.005012531328320913,0.5397187381223869,1.0265957446808511,1.0227690047741462,1.0350877192982455,-0.0605600360800127,13838803640.92211,0.26540948763170985,0.2530638086193642,0.49610337483140743,5.505381424163617,9.745636366846556,-0.00580939482500531,1.0072242389390074,0.0064587496431630035,1.0426987497051192,2015-08-01,,,-0.07324354291247864,-0.6091722148003759,-0.32136267176510064
PII,Polaris,Consumer Discretionary,2015-11-30,2013-12-31,2014-11-30,85.7139994556277,38.111620910873704,85.7139994556277,-0.5553629377590381,23,12,105.43000030517578,159.3300018310547,-0.3382916017476212,114999163.72763012,-0.1610023958895952,-0.0940227408345301,-0.09592911699443588,-0.1833212153946293,-0.20003302512189847,-0.23211062997220472,-0.15520744921841767,-0.23396225815914873,-0.32322012579427645,0.2656395600743102,-0.057827196082581356,-0.1975622924666221,-0.011638562941068242,-0.41337436894039437,-0.5298672764653245,-0.35691906147396435,-0.35691906147396435,7.0600000000000005,480076000.0,4888672000.0,0.139986913406017,0.19319756093828477,1.0,0.1314102564102566,0.6259310880741193,1.0625234021043173,1.0607045539546565,1.0657051282051284,-0.0070101832168648626,7169180287.040731,0.22222222222222224,0.21810699588477367,1.4664882992846997,7.918059738331365,14.93342780526569,0.03245121715559507,1.0509356553482814,0.005058113151933677,1.1030691229787457,2015-09-30,,,-0.34368687040643087,-0.11945033714868325,-0.6435364066999261
R,Ryder,Industrials,2015-11-30,2014-11-30,2014-11-30,75.36067326741285,38.58793827119513,75.36067326741285,-0.48795656145124744,12,12,65.95999908447266,100.63999938964844,-0.3445945997168087,63966716.323707215,-0.13397674322534392,-0.06699708817027883,-0.0689034643301846,0.06968611162560934,0.05297430189834018,0.020896697048033916,0.2180576733562416,0.13930286441551054,0.05004499678038282,0.31499380068212,-0.00847295547477156,-0.1482080518588123,-0.07025187848047498,-0.4719876844798011,-0.5884805920047312,-0.3159490268369938,-0.3159490268369938,4.529999999999999,239646000.0,6555466000.0,-0.006775717112257551,0.03368706355366524,1.0,-0.11350293542074363,,1.042036379272504,,1.05,-0.005726104625170869,3489414997.924401,0.6790123456790123,0.5720164609053499,0.5322909153863967,5.4144057576643245,14.56070619966284,-0.002751024940861435,1.0124589357824836,-0.0002574169489440223,0.9962503007042549,2015-09-30,,,0.0179143236659009,-0.0777581014885641,-0.6399503362899699
WDC,Western Digital,Information Technology,2015-11-30,2014-03-31,2014-12-31,82.74775718518333,38.7779969272081,82.74775718518333,-0.5313710214474354,20,11,47.17309188842773,86.68933868408203,-0.4558374466283742,274432709.7323196,-0.29668388577375127,-0.22970423071868618,-0.23161060687859195,-0.2401887882581546,-0.25690059798542375,-0.28897820283573,0.06023421213920943,-0.018520596801521627,-0.10777846443664935,0.345942828006899,0.02247607185000744,-0.11725902453403331,-0.2043889495774982,-0.6061247555768243,-0.7226176631017545,-0.4287540158080919,-0.4287540158080919,4.255479969765685,1325000000.0,13989000000.0,-0.08382998231711314,0.009854497354497394,1.0,-0.11893583724569612,0.9050546448087432,1.0057952350289763,1.0011723329425557,1.0125195618153364,-0.026625739364362522,14687966385.988733,0.6091954022988505,0.5938697318007663,1.0499654289791074,4.708105499401478,11.085257649802818,-0.04000823497117756,1.0097883597883597,0.0468269041849499,1.348610433934666,2015-10-02,,,-0.4032817478018755,-0.31206514017092657,-1.2505924984910228
AMG,Affiliated Managers Group,Financials,2015-12-31,2013-12-31,2014-01-31,86.1079771501822,38.223767299158375,86.1079771501822,-0.5560949337772534,24,23,159.75999450683594,230.6300048828125,-0.30728876935152893,85225608.46017505,0.016524972504587065,0.003231954647509472,-0.03138995910605907,-0.11886592312216471,-0.1570543468287542,-0.2101631213858186,-0.09051094256751657,-0.2104898604237846,-0.32140916210041587,0.2908629391039872,-0.07221246222258237,-0.23106522581144517,-0.38229200695744703,-0.6830883099995574,-0.7995503764306158,-0.2740988068287803,-0.2740988068287803,9.6,538300000.0,,,,1.0,0.22137404580152698,0.6405283198476915,1.1123645211236453,1.0591139404962973,1.1098626716604243,0.002349613372754078,8958208858.648937,0.2682926829268293,0.0,,,16.641666094462078,,,,1.1432253313696612,2015-09-30,,,-0.2618767597319096,-0.014404914426174587,-0.7801365170595257
AXP,American Express,Financials,2015-12-31,2013-12-31,2014-06-30,82.15269248578947,38.06322041400096,82.15269248578947,-0.5366771403069349,24,18,69.55000305175781,96.23999786376952,-0.2773274667960005,400646436.0895914,-0.11331848124655386,-0.12661149910363145,-0.1612334128572,-0.11387446094579368,-0.15206288465238316,-0.20517165920944758,0.08582203248788112,-0.0341568853683869,-0.14507618704501818,0.4790666205914478,0.11599121926487821,-0.04286154432398459,0.44031338639388906,0.1395170833517787,0.02305501692072026,-0.274047247627763,-0.274047247627763,5.0600000000000005,5511000000.0,,,,1.0,0.0,,1.0283635006531069,,1.0368852459016396,0.0,75749025062.89273,0.13829787234042554,0.23936170212765956,,11.963659938938834,13.74505989165174,,,,,2014-03-31,,,-0.13550582380574716,0.04389294983403558,-0.2039923348384982
CMG,Chipotle Mexican Grill,Consumer Discretionary,2015-12-31,2014-03-31,2015-01-31,79.29715408194319,39.88679196765747,79.29715408194319,-0.4969959208568858,21,11,9.597000122070312,15.172200202941896,-0.36746154191865665,747017557.4787079,-0.01850577312309898,-0.03179879098017657,-0.06642070473374512,-0.16065442110568584,-0.19884284481227532,-0.25195161936933974,-0.21367094152308053,-0.33364985937934855,-0.4445691610559798,-0.3976659375402457,-0.7607413388668153,-0.9195941024556781,-0.10015627260715898,-0.40095257564926934,-0.5174146420803278,-0.26443683231867765,-0.4519120389729533,0.33520000000000005,528962000.0,,,,1.0,0.3063133281371784,0.6238877723365509,1.1030607139849713,1.0901305457400863,1.1013250194855806,0.0028862409421255286,15144535735.592352,0.05487804878048781,0.05487804878048781,,14.931182506517953,28.630668621928134,,,,1.0,2015-09-30,,,-0.4123235644371855,-0.8831310377369666,-0.9259918975875561
EXP,Eagle Materials,Materials,2015-12-31,2013-05-31,2014-09-30,82.94547775941788,39.27606936822452,82.94547775941788,-0.5264832944582685,31,15,60.43000030517578,105.69000244140624,-0.4282335234245289,54117501.488391936,0.1601852514551727,0.1468922335980951,0.11227031984452657,0.28015451488120835,0.24196609117461887,0.18885731661755445,0.6387107518399116,0.5187318339836435,0.40781253230701225,0.8918334693326391,0.5287580680060695,0.3699053044172067,0.02384237610755724,-0.2769539269345531,-0.39341599336561156,-0.25484041441457983,-0.25484041441457983,3.3,166405000.0,1129260000.0,0.16446768031430303,0.20684934745896655,1.0,0.16197183098591528,0.6087972956163522,1.1486135102073434,1.1253643514250407,1.1450617283950617,0.006615342277613623,3047228545.6917505,0.2149677992449478,0.16233622029757938,2.6984295429677405,9.759786328567248,18.312121304598723,0.04071589191580349,1.0797323380843282,0.00141271338932628,1.0103384522506886,2015-09-30,,,0.4310414198012692,0.4303299753423071,-0.7220237907991802
PCAR,Paccar,Industrials,2015-12-31,2014-03-31,2014-03-31,71.8336689470521,35.91098385601744,71.8336689470521,-0.5000814467309602,21,21,31.600000381469727,47.43333435058594,-0.33380183337081015,132818737.83187412,0.1593803275607204,0.1460873097036428,0.11146539595007426,0.10424711713365475,0.06605869342706527,0.012949918870000868,0.3837986819927677,0.26381976413649966,0.15290046245986838,0.5888716835728658,0.22579628224629622,0.06694351865743342,0.34548416081339495,0.04468785777128459,-0.07177420865977385,-0.0831227457529683,-0.0831227457529683,3.093333333333333,1651100000.0,19878900000.0,0.07588435226879109,0.11832174265671624,1.0,0.2712328767123289,,1.0874735187589695,,1.0875912408759123,9.077379767030713e-05,16866840720.85496,0.09973404255319149,0.0877659574468085,0.8484795798990367,4.419349638991144,10.215517364699267,-0.004068115891202928,1.0364304347562932,,,2015-09-30,,,0.2219173587750019,0.26913858401033713,-0.15005707257838413
UNP,Union Pacific Corporation,Industrials,2015-12-31,2014-11-30,2015-02-28,89.41865993277406,36.49822428732069,89.41865993277406,-0.5918276530339366,13,10,78.19999694824219,124.5199966430664,-0.37198844317029167,480487212.22612894,0.02429782514774126,0.011004807290663665,-0.02361710646290488,0.13094634378185388,0.0927579200752644,0.039649145518199994,0.3597882352328965,0.23980931737662847,0.1288900156999972,0.7990140293105055,0.4359386279839359,0.2770858643950731,0.8936803736722114,0.5928840706301011,0.4764220041990426,-0.14245511870304595,-0.14245511870304595,5.79,5086000000.0,22758000000.0,-0.030129980822501623,0.08719825788815272,1.0,0.07024029574861368,0.5978605854002587,1.0522039406865733,1.0478869867113612,1.0628465804066543,-0.03469352028141859,68691741706.176125,0.29787234042553196,0.29078014184397166,3.0183558180058054,7.714492584708428,13.506044377934748,-0.02652066044999568,1.0266450822541127,,,2015-09-30,,,0.1691513630877383,0.40373072740864036,0.26734234783906574
WMB,Williams Companies,Energy,2015-12-31,2014-06-30,2014-09-30,82.69826761086915,32.88823123910578,82.69826761086915,-0.6023105176294741,18,15,25.700000762939453,61.380001068115234,-0.581296834217722,330883051.72790647,-0.35160247436460734,-0.36489549222168494,-0.3995174059752535,-0.10083199141883081,-0.1390204151254203,-0.1921291896824847,0.31180054200772367,0.19182162415145565,0.08090232247482437,0.3382869060135656,-0.024788495313003978,-0.18364125890186678,0.018763404756301227,-0.28203289828580913,-0.3984949647168676,-0.6023344249287386,-0.6023344249287386,0.4299999999999997,337000000.0,7495000000.0,0.047372833985466656,0.01230725703777047,1.0,-0.8377358490566039,0.22377158034528552,1.1085474567383324,1.2059953881629515,1.10188679245283,0.0890720844867754,20141628504.908375,0.5913120567375887,0.6829787234042554,2.687342028673566,13.303476830046776,59.76744363474295,-0.0347714101738571,1.0672163219675797,1.2487423141419787,4.9504862953138815,2015-09-30,,,0.10328854513533037,-0.09493257024183899,-0.6169742746360015
ADM,Archer Daniels Midland,Consumer Staples,2016-01-31,2014-09-30,2014-11-30,74.58737031362088,39.504970024960514,74.58737031362088,-0.470353092502763,16,14,35.349998474121094,53.90999984741211,-0.34427752598448524,201152091.14245158,0.1401538751515674,0.06956635169148462,0.006827810844110382,0.2972255574041285,0.16479342469128944,0.07599591427401356,0.29164387282147475,0.0918914412057783,-0.06246041992220769,0.2923314727223345,-0.2230086443893502,-0.4103795431357222,0.391386226927261,-0.08717108404848939,-0.2800003983330501,-0.10648945975742319,-0.10648945975742319,2.8800000000000003,1832000000.0,72151000000.0,-0.14563647128478385,-0.06769556865602433,1.0,-0.010309278350515427,,1.170223841749089,,1.1786941580756014,-0.03639597431893127,22486526807.14925,0.46308186195826645,0.4435527019796683,0.3116592536090872,7.144647085430702,12.27430502573649,-0.021057487483548853,0.9914110971274647,0.031509769094138544,5.820652173913044,2015-09-30,,,0.18183645332692455,0.07646045779316266,0.06814537714711727
AJG,Arthur J. Gallagher & Co.,Financials,2016-01-31,2013-07-31,2013-11-30,76.93502235373136,35.9518569063533,76.93502235373136,-0.532698427758244,30,26,37.63999938964844,49.59000015258789,-0.24097601786992195,50866656.8089137,0.23472067314344347,0.16413314968336068,0.10139460883598644,0.3296531855883027,0.19722105287546365,0.10842354245818778,0.4772784521207518,0.27752602050505537,0.12317415937706938,0.9250369385849622,0.40969682147327746,0.22232592272690543,1.1542435827158086,0.6756862717400582,0.4828569574554975,-0.011955509117952512,-0.011955509117952512,2.01,346000000.0,5302900000.0,0.2415189754875564,0.4417403631944914,1.0,-0.051886792452830344,,1.1296114920013058,,1.0983606557377048,0.17003951068638856,6479323278.019084,0.3245481927710843,0.22841365461847388,1.2218452691959274,17.29406861447234,18.72636785554649,0.03271728758106285,1.1180535560034552,0.6161824268957928,1.9785833798103736,2015-09-30,,shares +17% y/y,0.27665292154538434,0.460900073722144,0.37408591607424235
AMP,Ameriprise Financial,Financials,2016-01-31,2013-12-31,2015-02-28,85.20452013181003,35.44069770663674,85.20452013181003,-0.5840514370386625,25,11,90.6500015258789,138.25999450683594,-0.3443511852490567,124570619.88187517,0.06694419698522336,-0.003643326474859432,-0.06638186732223367,0.07478122497201167,-0.05765090774082737,-0.14644841815810325,0.28013817735240387,0.08038574573670743,-0.07396611539127856,0.9693974009197741,0.4540572838080894,0.2666863850617174,0.5160152326753644,0.03745792169961404,-0.1553713925849467,-0.15445506342909243,-0.15445506342909243,8.700000000000001,1630000000.0,12184000000.0,0.0025508104994651504,0.10874920171517188,1.0,0.1523178807947021,,1.0865771812080538,,1.099337748344371,-0.050644141016740196,16983850860.5957,0.45263157894736844,0.27864137086903307,1.3939470502787015,,10.419540405273436,-0.01813200096704004,1.0279174614184152,,,2015-09-30,,,0.06319186881671676,0.46542401304354963,-0.27739699087558123
AN,AutoNation,Consumer Discretionary,2016-01-31,2014-06-30,2014-06-30,71.9694229236915,35.654372198514,71.9694229236915,-0.5045899946103779,19,19,43.25,67.5,-0.3592592592592593,64162964.37773326,0.1710983011763909,0.10051077771630812,0.037772236868933884,0.2335259762802564,0.10109384356741735,0.012296333150141475,0.22820806778924307,0.028455636173546628,-0.12589622495443936,0.3923699704208814,-0.1229701466908033,-0.31034104543717533,-0.10404624277456642,-0.5826035537503168,-0.7754328680348775,-0.0917919357388004,-0.1167629881401282,4.02,461800000.0,20570000000.0,0.10681251984137652,0.08258190036814383,1.0,0.18235294117647038,0.513567615658363,1.0391688559828038,1.0324951199908141,1.0539772727272727,-0.05061469511944405,4968370646.76617,0.04216867469879518,0.04216867469879518,0.2415347908004944,,10.758706467661693,0.022096565020148784,1.0303891400820564,0.009211779455364302,1.108237971802491,2015-09-30,,,0.018209527437757556,-0.05603963208463647,-0.7946245230105483
CAR,Avis Budget Group,Industrials,2016-01-31,2014-08-31,2014-08-31,80.16047313882302,35.422386142993574,80.16047313882302,-0.5581065735272221,17,17,26.270000457763672,69.76000213623047,-0.6234231701073857,96349494.51227643,-0.044537501554157255,-0.11512502501424005,-0.17786356586161428,0.3981727314903225,0.26574059877748346,0.17694308836020758,0.4168253683686778,0.21707293675298134,0.06272107562499535,0.7114579533911038,0.19611783627941914,0.008746937533047117,0.014084503813311278,-0.4644728071624391,-0.6573021214469998,-0.17282073983721202,-0.2116483106019148,3.2200000000000006,341000000.0,,,,1.0,0.829545454545455,,1.5043103448275863,,1.5190476190476188,-0.03925209707370203,2782009365.247643,,0.0,,,8.158385235330332,,,,1.1936708860759493,2015-09-30,TTM net income jumped 1.50x in one quarter,,0.015075332330962699,-0.2771915848874119,-1.4628353896607469
CF,CF Industries,Materials,2016-01-31,2015-02-28,2015-02-28,70.77371695457728,32.83831396914023,70.77371695457728,-0.5360097592413307,11,11,30.0,70.31999969482422,-0.5733788377389868,133849597.24852546,0.11407272148214109,0.0434851980220583,-0.019253342825315933,-0.16031335770571364,-0.2927454904185527,-0.3815430008358286,0.2315582793761486,0.031805847760452144,-0.12254601336753385,0.5370237312140287,0.021683614102343984,-0.16568728464402804,0.6249239702986586,0.14636665932290827,-0.04646265496165247,-0.29334306927285814,-0.29334306927285814,3.8260000000000005,911700000.0,4409000000.0,-0.09148980012363483,-0.13798003481473586,1.0,-0.31409107206884157,0.6181855166802278,1.0430732135028495,1.0633032802608862,1.0558777016341594,-0.10056488937477004,7148719289.074751,0.519298245614035,0.3508771929824561,1.6213924447890113,6.155112316921302,7.841087297438577,0.0013627072450601574,1.0013627072450602,0.09443643107356274,1.2170700516269597,2015-09-30,,,0.0474235371443853,0.16599957793592635,0.14765974708581603
CSX,CSX Corporation,Industrials,2016-01-31,2014-11-30,2014-11-30,76.53054507006193,35.731966874963774,76.53054507006193,-0.5331018896801011,14,14,7.673333168029785,12.66333293914795,-0.39405106026170034,234141508.65068436,0.19339356322585144,0.12280603976576865,0.06006749891839441,0.24848116076130466,0.11604902804846562,0.027251517631189742,1.0680885892715675,0.868336157655871,0.7139842965278851,1.570063365890812,1.0547232487791274,0.8673523500327553,2.014473496836508,1.5359161858607577,1.343086871576197,-0.05994796271219527,-0.05994796271219527,0.6700000000000002,1993000000.0,12222000000.0,-0.022943480693900398,0.050293870696893395,1.0,0.08648648648648671,0.5395235517054683,1.0349087003222341,1.0287849432604483,1.037837837837838,-0.01484788730889064,22825302990.870686,0.15087719298245614,0.14035087719298248,1.8675587457757066,6.55026700632596,11.452736071686244,-0.022552783109405006,1.0192292023140226,,,2015-09-25,,,0.8637074813881096,1.1688943636278148,1.4154028915222714
ENS,EnerSys,Industrials,2016-01-31,2013-11-30,2014-03-31,83.83101085366155,39.8849218919202,83.83101085366155,-0.5242223434291546,26,22,48.43000030517578,74.16999816894531,-0.3470405622114032,16251720.203756908,0.2091221657652227,0.1385346423051399,0.07579610145776566,0.2949357693952732,0.16250363668243417,0.0737061262651583,0.6266189187376359,0.4268664871219394,0.27251462599395343,0.4815630681209402,-0.03377704899074452,-0.22114794773711655,0.8126914134740102,0.3341341024982598,0.14130478821369907,-0.12037972040712408,-0.12037972040712408,3.3399999999999994,153341000.0,2334672000.0,-0.08115360350556677,0.12055553692071852,1.0,-0.04571428571428593,0.6755050616294129,1.0812094594191397,1.1333967346868519,1.0959302325581395,-0.07452944158047636,2223444514.010767,0.55,0.5166666666666667,0.9523584100939091,8.904882497844744,14.500000091369998,-0.01601777233057855,1.039113640830272,0.0352292050074524,1.1991884840345444,2015-12-27,,,0.4354116120244339,0.1742099502579152,0.3483675558236055
MLI,Mueller Industries,Industrials,2016-01-31,2013-12-31,2014-01-31,72.90424047420414,37.94748705614538,72.90424047420414,-0.4794886167208283,25,24,6.362500190734863,9.295000076293944,-0.3154921852059104,5604235.072359963,0.2435004694525884,0.17291294599250562,0.11017440514513138,0.34552525966113,0.21309312694829097,0.12429561653101509,0.6002462880345876,0.4004938564188911,0.24614199529090514,0.44240795762676033,-0.07293215948492437,-0.2603030582312964,0.14593775181465896,-0.3326195591610914,-0.5254488734456522,-0.039685925920221465,-0.039685925920221465,0.4025,91415000.0,2165361000.0,-0.06447723148708195,0.06426611342853139,1.0,-0.07204610951008661,0.6174019342986816,1.026293983306049,1.0527913368062678,1.031700288184438,-0.004502537559381015,1445038397.35659,0.44176706827309237,0.41365461847389556,0.667342949908394,7.972617124963192,15.807453890024505,-0.03028933760323005,1.0330111923678744,0.029817247040525362,1.7338274072813882,2015-09-26,,,0.3426466441281462,-0.1297256248146591,-0.7921893315230786
PAG,Penske Automotive Group,Consumer Discretionary,2016-01-31,2013-12-31,2014-06-30,72.10599219197698,33.37848780412405,72.10599219197698,-0.5370913458169158,25,19,31.3700008392334,54.38999938964844,-0.42323954419452026,20106531.817832824,0.25789987995109565,0.18731235649101285,0.12457381564363862,0.28331974253846104,0.150887609825622,0.06209009940834612,0.7849407794538601,0.5851883478381636,0.43083648671017766,0.7619163645940852,0.24657624748240048,0.05920534873602845,0.6300538080060709,0.15149649703032053,-0.041332817254240206,-0.062480214292458536,-0.062480214292458536,3.63,327600000.0,18157200000.0,0.07862845737097235,0.17910013903821964,1.0,0.19801980198019797,0.5829181494661921,1.0716711956521738,1.0448940269749518,1.073846153846154,-0.0023668746099178017,2831077761.6894937,0.10040160642570282,0.10040160642570282,0.15592039310518657,6.206036241103886,8.641873509430688,0.032257330953165964,1.0504003584718191,0.010653157969774736,1.1603504746644444,2015-09-30,,,0.5515564885484395,0.23671193562732495,-0.2554971041324755
PKG,Packaging Corporation of America,Materials,2016-01-31,2014-02-28,2015-02-28,89.95074651831068,39.85244392896183,89.95074651831068,-0.5569526049364211,23,11,50.83000183105469,84.87999725341797,-0.40115453020932024,59939611.40303233,0.2894582156911609,0.21887069223107813,0.1561321513837039,0.4963349948517033,0.36390286213886425,0.27510535172158834,0.8749312043352866,0.6751787727195901,0.5208269115916042,1.6161470869053685,1.1008069697936838,0.9134360710473117,1.0185990770195685,0.5400417660438181,0.3472124517592574,-0.1280740135732582,-0.1280740135732582,4.390000000000001,431100000.0,5784700000.0,0.017877566820925228,0.811372016053771,1.0,-0.17481203007518786,0.5768767563227619,1.0571358509073074,1.0770504115384025,1.0603864734299517,0.00045467003365629033,4991529336.985803,0.18473895582329317,0.14457831325301204,0.8628847368032573,6.63357459948442,11.578588116413368,-0.008263471000702904,1.1844596622377432,0.12625116573700973,7.9726341567705195,2015-09-30,,,0.6435982753938453,1.1166318431829958,0.2380081490443059
ST,Sensata Technologies,Industrials,2016-01-31,2015-03-31,2015-03-31,73.31647567136031,37.88564957325131,73.31647567136031,-0.4832587187759406,10,10,36.70000076293945,59.040000915527344,-0.37838753059220465,67372596.20871165,0.026430506486772254,-0.04415701697331054,-0.10689555782068477,0.0332426414447613,-0.09918949126807775,-0.18798700168535362,0.1430518602521047,-0.056700571363591745,-0.21105243249157773,0.5326975428820415,0.017357425770356816,-0.1700134729760152,0.29427777579520065,-0.18427953518054974,-0.3771088494651105,-0.18474116222265735,-0.18474116222265735,1.16,198927000.0,2953751000.0,0.33680688029319894,0.15016816123072885,1.0,-0.28395061728395077,0.5252295091922491,1.008720351515841,1.04055420322983,1.0185185185185184,-0.012386081467257726,6293638837.732119,0.07311516155758079,0.05385745847634829,2.1307276198068554,18.393171021303072,31.637931692189184,0.05359934024996016,1.0906272162247908,0.4234726689558133,1.4116912796090089,2015-09-30,,,0.12423201636975034,0.541085495165397,0.3310127414527446
TCBI,Texas Capital Bancshares,Financials,2016-01-31,2013-12-31,2014-03-31,81.03166156779153,37.79442820578436,81.03166156779153,-0.5335844350894208,25,22,35.70000076293945,67.08000183105469,-0.46779964537192165,29261748.985550895,0.28347331320066593,0.21288578974058314,0.1501472488932089,0.3596638036965156,0.22723167098367658,0.1384341605664007,1.3109242877023748,1.1111718560866783,0.9568199949586924,1.655462197496338,1.1401220803846532,0.9527511816382812,0.6322129257560773,0.15365561478032697,-0.03917369950423377,-0.1658263498600404,-0.1658263498600404,3.0,147935000.0,,,,1.0,0.08695652173913015,,1.1446992847308506,,1.043478260869565,0.14258537895832646,1760426537.621816,0.0,0.0,,-2.361524334661741,11.90000025431315,,,,,2015-09-30,,,1.1533339606127009,1.3994892749111218,0.33870381777885245
WAB,Wabtec,Industrials,2016-01-31,2014-02-28,2015-04-30,89.88696032827933,37.14936191981098,89.88696032827933,-0.5867102215478587,23,9,63.95000076293945,105.0999984741211,-0.3915318583121964,96371590.00300452,0.2985089039042219,0.22792138044413912,0.16518283959676489,0.0736375331954231,-0.058794599517415946,-0.14759210993469182,0.3615930554838285,0.16184062386813203,0.007488762740146038,0.28077266015487146,-0.23456745695681325,-0.4219383557031853,0.09898615413487222,-0.37957115684087817,-0.5724004711254389,-0.05660636189474222,-0.05660636189474222,4.0,389535000.0,3296015000.0,0.1345733493513066,0.1642120618279892,1.0,0.16618075801749277,0.656533309962061,1.05598510667047,1.0513499174252638,1.055393586005831,0.0029764514240244733,6227690886.797905,0.24899598393574296,0.24899598393574296,1.8894607235701006,9.836947888930975,15.987500190734863,0.003732308004332774,1.0605553379329782,0.042371784500889825,1.1054878210769967,2015-09-30,,,0.15504299423949933,-0.17024991456060284,-0.6021426283019783
WEX,WEX Inc.,Financials,2016-01-31,2013-11-30,2014-08-31,73.56204439717106,36.62030891864347,73.56204439717106,-0.5021847310152823,26,17,72.61000061035156,119.11000061035156,-0.39039543079272554,26929323.253655814,0.30133586378594046,0.23074834032585767,0.16800979947848343,0.29018040927850364,0.1577482765656646,0.06895076614838871,0.5745765165956402,0.3748240849799438,0.2204722238519578,1.132075420152571,0.6167353030408862,0.42936440429451417,1.2218702723444799,0.7433129613687295,0.5504836470841687,-0.25051648930592374,-0.25051648930592374,3.3,138309000.0,853859000.0,0.08348666228463109,0.11912897023195845,1.0,-0.31958762886597936,0.5745041433882324,1.0711122646806437,0.9702405657238992,1.068041237113402,0.07673407022670209,3043217143.762762,0.24899598393574296,0.29317269076305225,3.5640745647264502,7.739560357628293,22.003030487985324,0.004615641648312296,1.0404102147052572,0.6120578733253306,1.4686845327166371,2015-09-30,,,0.44110617606571223,0.863041744530763,0.8154646527058224
WLK,Westlake Corporation,Materials,2016-01-31,2014-08-31,2014-09-30,88.75469137172534,39.44822858477487,88.75469137172534,-0.555536411933917,17,16,45.47999954223633,98.44000244140624,-0.5379927020084434,41268783.278559126,0.10837880025682689,0.0377912767967441,-0.024947264050630136,0.014427400627258447,-0.1180047320855806,-0.20680224250285648,0.3828578143738637,0.18310538275816723,0.028753521630181245,1.543146969814118,1.0278068527024333,0.8404359539560613,0.6856946705066949,0.20713735953094448,0.014308045246383738,-0.12440725052875123,-0.12440725052875123,5.4,718332000.0,4612441000.0,0.09012706849087149,0.17240821302890086,1.0,0.08761329305135956,0.6644645253910713,1.0534646605671885,1.041519333125769,1.056112224448898,-0.008612427024355052,6049951672.439574,0.160038663352665,0.15064899199116266,1.3116594168770017,4.21252368524022,8.422222137451172,-0.013936541809304703,1.062546301621128,0.03702012524390797,3.525735294117647,2015-09-30,,,0.170994227144677,1.092583529721931,0.00851962829305375
WSM,"Williams-Sonoma, Inc.",Consumer Discretionary,2016-01-31,2013-07-31,2015-07-31,76.48882079109032,35.95189222289632,76.48882079109032,-0.5299719377150587,30,6,25.82999992370605,44.68999862670898,-0.4220183325700808,86280546.2551783,0.14477223937761652,0.07418471591753373,0.011446175070159492,0.060548535886234545,-0.0718835968266045,-0.16068110724388038,-0.039766507162226405,-0.23951893877792285,-0.39387079990590884,0.0519078969652329,-0.4634322201464518,-0.6508031188928238,0.15377801159727533,-0.32477929937847505,-0.5176086136630358,-0.0920230248763394,-0.13627494913093607,1.6850000000000003,315977000.0,4931911000.0,0.06683938585975358,0.06814581569617628,1.0,0.1049180327868855,0.6271413175292803,1.0447846015932887,1.0417906856634385,1.0622950819672132,-0.032615904950154206,4843730496.078852,0.14035087719298245,0.11522633744855966,0.9821204186529018,7.120869070122512,15.329376809321095,0.01836055445901108,1.0202180211259275,,,2015-11-01,,,-0.36571627439626103,-0.628613963864665,-0.8544589299735765
ZBRA,Zebra Technologies,Information Technology,2016-01-31,2014-06-30,2015-06-30,87.92296694802093,39.826340240622,87.92296694802093,-0.547031434185258,19,7,60.400001525878906,119.47000122070312,-0.4944337414519746,49139450.76563396,0.035761585974242616,-0.034825937485840175,-0.09756447833321441,-0.12235104333862301,-0.25478317605146206,-0.34358068646873796,0.38526483535097555,0.1855124037352791,0.031160542607293118,1.0390728568001841,0.5237327396884994,0.3363618409421274,1.8741722138721335,1.3956149028963831,1.2027855886118224,-0.23625827975599578,-0.23625827975599578,-3.5700000000000003,-182184000.0,3489842000.0,1.9968587376556464,0.1566360316210087,1.0,-2.4512195121951224,-29.60897123354461,0.2578682867093942,0.7607566765578635,0.2560975609756098,-0.001744981457651007,3082328817.364348,0.5561966174557385,0.35542168674698793,0.8832287585983399,19.511676406759623,,0.2130812929876904,1.4345830828681838,2.728121940747102,25.71601730254559,2015-10-03,,"growth 200% vs 16% a year earlier, goodwill up 273% of revenue",0.16174412886055883,0.5430504001553031,1.0771967823890374
BX,Blackstone Inc.,Financials,2016-02-29,2015-05-31,2015-05-31,78.96864469593007,39.97378251176944,78.96864469593007,-0.49380184165893837,9,9,25.96999931335449,43.60157012939453,-0.40437926349247466,171125145.16311523,0.018358182574010895,-0.07134132423285666,-0.1115236156413259,0.08032731256536763,-0.05439831905096226,-0.12131178176614815,0.20190685959455745,-0.04601603080797889,-0.16226859438873953,0.5023492837241075,0.04090056721393465,-0.09560406534326726,0.5730702613466134,0.04532230063220766,-0.1342480566834373,-0.127065912964048,-0.127065912964048,1.04,709789000.0,4646552000.0,-0.37919561004755287,0.13179160124164402,1.0,-0.5968992248062015,,1.2296059104285086,,1.2170542635658914,0.11121730085117432,17724249848.67939,0.7727272727272727,0.7322057787174066,3.8144951027513283,11.393258775219184,24.971153185917778,-0.19469204616296243,1.129184654405611,-0.013845392912073758,0.9521939202701487,2015-12-31,,,-0.09086464075128059,-0.10851742970795386,-0.4060417950554436
DINO,HF Sinclair,Energy,2016-02-29,2013-02-28,2013-02-28,76.19553387744271,39.17850755603832,76.19553387744271,-0.485816220947342,36,36,33.81999969482422,59.20000076293945,-0.4287162287336268,113510592.59129176,-0.19154825702191158,-0.28124776382877914,-0.3214300552372484,-0.20856350140149715,-0.34328913301782704,-0.41020259573301293,-0.08411497900623066,-0.332037869408767,-0.44829043298952764,0.39361793642938014,-0.06783078008079269,-0.2043354126379946,0.7002992622332624,0.17255130151885667,-0.007019055796788298,-0.33323873286731565,-0.33323873286731565,,,,,,,,,,,,,,,,,,,,,,,,,,-0.3365692552469379,-0.09992880078474853,0.0255186639582764
EOG,EOG Resources,Energy,2016-02-29,2014-06-30,2014-06-30,82.53091029415727,38.1217603480923,82.53091029415727,-0.5380911198941287,20,20,64.73999786376953,118.88999938964844,-0.4554630482283749,373929947.8854709,0.25944896803871464,0.1697494612318471,0.12956716982337785,0.37252959130110197,0.23780395968477208,0.1708904969695862,0.5094153842734499,0.26149249387091356,0.14523993029015292,0.5890572816466928,0.12760856513651997,-0.008896067420681941,0.483418444890267,-0.0443295158241388,-0.22389987313978377,-0.0341364756997915,-0.0341364756997915,-6.959999999999999,-3795631000.0,11606164000.0,-0.3228161069699711,0.2449225580960961,1.0,-2.308270676691729,,0.9555549437529436,1.0493100283355303,0.9551166965888691,-0.004880427125581455,35305911326.387566,0.4270833333333333,0.4270833333333333,3.0419965913274676,,,-0.20245442111350798,1.1013530316780114,,,2015-09-30,,,0.3542517636372039,0.2654514191485325,0.02652714880007573
EWBC,East West Bancorp,Financials,2016-02-29,2015-06-30,2015-06-30,74.89975348624255,39.11817502726807,74.89975348624255,-0.47772625133601765,8,8,29.96999931335449,46.5,-0.3554838857343121,45059969.22566853,0.29486216279883637,0.2051626559919688,0.16498036458349957,0.2531246879674429,0.11839905635111303,0.05148559363592714,0.8422599284114509,0.5943370380089146,0.47808447442815394,1.2613431206131658,0.799894404102993,0.663389771545791,0.9133245051345411,0.38557654442013534,0.20600618710449037,0.0026689910661652494,0.0026689910661652494,2.67,384979000.0,,,,1.0,0.17105263157894735,,1.0754957180356397,,1.0714285714285714,0.01069617378815102,4321281035.826179,0.4827586206896552,0.2413793103448276,,3.347294316719737,11.224718843952992,,,,1.4980766837167123,2015-09-30,,,0.586668576708106,0.7883567637592057,0.26701760895261517
JLL,Jones Lang LaSalle,Real Estate,2016-02-29,2015-03-31,2015-07-31,78.45344555136268,37.05492823406585,78.45344555136268,-0.527682589672797,11,7,102.06999969482422,179.97000122070312,-0.43284992497359365,51976404.08303397,0.15787069465721193,0.06817118785034437,0.027988896441875133,0.14696596381333582,0.012240332197005932,-0.05467313051817996,0.13091504616081395,-0.11700784424172239,-0.23326040782248303,0.5921298598063691,0.1306811432961963,-0.005823489261005621,0.645563782775394,0.11781582206098817,-0.061754535254656795,-0.14903476196268683,-0.14903476196268683,9.65,438672000.0,5965671000.0,0.09873060700754732,0.2169656519389609,1.0,0.13262910798122074,0.8279985956911879,1.0673257991571323,1.1458648295766904,1.0669014084507042,0.003214995152540201,4639922373.692013,0.10714285714285714,0.08760683760683761,0.777770409010489,7.44201080617615,10.577202040914427,0.023756721669882852,1.0619897071856939,0.08510898494788662,1.2423794208170997,2015-12-31,,,-0.08472498327933045,0.23100290418009634,0.21269810875785783
MCK,McKesson Corporation,Health Care,2016-02-29,2013-11-30,2015-05-31,88.17743374743374,39.385770477951176,88.17743374743374,-0.5533350336463219,27,9,155.6199951171875,243.6100006103516,-0.36119209093514193,357402718.3664715,0.17684086892001338,0.08714136211314583,0.046959070704676587,0.18996312998653564,0.05523749837020575,-0.011675964344980139,-0.028641539932185656,-0.276564430334722,-0.39281699391548264,-0.026180213970025235,-0.48762893048019806,-0.6241335630374,-0.16060056395924338,-0.6883485246736492,-0.8679188819892941,-0.26180023600185176,-0.26180023600185176,8.36,1959000000.0,189131000000.0,0.08777247368723762,0.3336657206412519,1.0,0.14520547945205498,0.5589158345221112,1.117208672086721,1.0842318059299192,1.1164274322169059,-0.0019778017229348244,36466455793.60889,0.4802867383512545,0.4910394265232975,0.19281056935990867,9.478433354574287,18.614831951816686,0.007537982910353902,1.085888277656258,0.025524817392304597,1.5304805163758068,2015-12-31,,,-0.25363754675882694,-0.5300975506250213,-0.9997846933848348
MTB,M&T Bank,Financials,2016-02-29,2014-06-30,2014-06-30,70.16427513938282,39.29062816651932,70.16427513938282,-0.4400194673362241,20,20,102.5500030517578,134.0,-0.23470146976300155,130889445.34665063,0.17221126777632478,0.08251176096945723,0.04232946956098799,0.1676485938841641,0.0329229622678342,-0.03399050044735169,0.6558483904242638,0.40792550002172745,0.2916729364409668,0.9178237943518595,0.4563750778416866,0.3198704452844847,0.7840105998661695,0.2562626391517637,0.07669228183611876,0.006045819786968609,0.006045819786968609,7.18,1079667000.0,4667624000.0,0.047557981102488656,,1.0,0.016997167138810276,,1.01181340891314,,1.005390835579515,0.05098748383491847,15420592499.287214,,0.40625,3.303734940793692,12.7683164060001,14.282730230049832,,,,1.3403297858362895,2015-12-31,,,0.5083609309933695,0.6513673009499108,0.4267195568693596
HRB,H&R Block,Consumer Discretionary,2016-03-31,2013-07-31,2013-07-31,75.69565934162254,39.78068763676712,75.69565934162254,-0.47446540550981064,32,32,26.420000076293945,37.52999877929688,-0.29602981786217586,100451425.19126469,-0.12128294471077239,-0.14585175690111063,-0.15941025846527979,-0.10659399676873871,-0.16986347937849955,-0.21290414328354068,-0.08511774970961761,-0.2558500290039074,-0.3375732828594236,0.03565788763597921,-0.29614650061178693,-0.4220329729489657,0.015007806691570869,-0.4423615809721144,-0.5572584367553881,-0.27403466810357313,-0.27403466810357313,1.42,412446000.0,3042046000.0,-0.0892835865757281,0.255027865687125,1.0,-0.39574468085106385,,1.0349890111746114,,1.0348837209302324,0.05854204973022292,7673819261.596573,0.7471394037066881,0.6885691262806493,2.5225848858290023,12.525970472594727,18.605633856545033,-0.011223837401111658,1.1363049719389355,0.04821305292553494,1.21299290442465,2016-01-31,,,-0.2252784227663196,-0.30197066385843735,-0.5416919894864011
SAM,Boston Beer Company,Consumer Staples,2016-04-30,2013-09-30,2015-01-31,82.6182486417372,36.14357758332389,82.6182486417372,-0.5625230723534749,31,15,156.0800018310547,325.0,-0.5197538405198318,31270666.03747171,0.17170683455505653,0.11393985343717694,0.09685528349997823,-0.005317797420025028,-0.046051343498145214,-0.06707614717040052,-0.07515373904362155,-0.25286489652667277,-0.3218228786061955,0.43612244532845756,0.10269022264702632,-0.0014412956393075604,0.9862250520805889,0.47527396810052336,0.36439476847543817,-0.1344182181023319,-0.17542288929781902,6.78,91703000.0,949258000.0,0.03330158436426767,0.16735030484163227,1.0,-0.04101838755304099,0.6312459989123925,1.0468332449491011,1.0407368299058681,1.043847241867044,-0.005673230963442744,2111062597.0373461,0.09104174597132343,0.07302372795330542,2.223908144084481,10.851379049571277,23.020649237618684,-0.011121597943191897,1.0638896724890274,0.0,1.0,2016-03-26,,,-0.24149311723790043,0.042553920187900496,0.30716595153728776
COR,Cencora,Health Care,2016-05-31,2015-04-30,2015-04-30,91.1547487085564,39.04748289229079,91.1547487085564,-0.5716352307970816,13,13,74.9800033569336,120.68000030517578,-0.3786874116065293,212991767.37145317,0.16436024513270509,0.12304048264019762,0.10193024875725776,0.048990778462227214,-0.012032412790075497,-0.06535078457580318,0.24456187199309198,0.07020656664745273,0.018701215341870664,0.13372918746831464,-0.2092712681122375,-0.3247502124690985,0.1109027052479028,-0.2800321192056241,-0.3714431156070914,-0.08452397579198345,-0.08452397579198345,6.75,1512962000.0,142111337000.0,0.10855833068521359,0.23254738990969281,1.0,,0.9231586853841334,3.8260506730528503,5.028278557753669,3.857142857142857,0.02484218154035811,16806206790.950068,0.5294117647058824,0.30718954248366015,0.11826084495250416,10.160859721647812,11.108148645471644,0.021779127569027557,1.0811621203620843,0.04326811216601406,2.5930935760929006,2016-03-31,,,0.012504523559770109,-0.35690741731267406,-0.6765490754740421
SYNA,Synaptics,Information Technology,2016-07-31,2014-06-30,2014-06-30,83.41204093050352,39.828883690258316,83.41204093050352,-0.522504386106047,25,25,51.95000076293945,102.5,-0.4931707242640053,48475440.246285334,0.003272341991312988,0.019375543683010754,0.013038808619393657,0.08527430683573911,0.025826771784269065,-0.024936756135088778,0.012704520456579882,-0.14695667685435065,-0.19896513190041015,-0.03541867421685441,-0.38221080828952936,-0.4760196900808097,-0.3805582322891392,-0.8325880237540129,-0.9317985996077147,-0.09528394013943364,-0.35072186627764346,2.8899999999999997,110600000.0,1821900000.0,0.18386527887340787,0.7836105625249181,1.0,-0.026936026936026924,0.7669902912621359,1.1301115241635689,1.0958046336881653,1.1402877697841727,0.0013090280012133526,1988121136.4640498,0.25702811244979923,0.21686746987951808,1.0912350493792469,10.378190385288692,17.975778810705695,-0.039588824459673155,1.2559778817136114,0.1639580958866546,2.816860841890004,2016-03-31,,,-0.1597816746058242,-0.4339319394269353,-1.0202537633289614
TSCO,Tractor Supply,Consumer Discretionary,2016-09-30,2013-12-31,2015-07-31,87.01825972589911,38.24434839692954,87.01825972589911,-0.5605020312128015,33,14,13.470000267028809,19.450000762939453,-0.3074550262900295,131718119.6240622,0.12973772163144992,0.09022107505026455,0.06723405504449897,0.031229546891261117,-0.06983871326491764,-0.09669769537775899,-0.04444835198698527,-0.22943972675332602,-0.2810119839481855,0.39432968331063023,-0.0019612886143851593,-0.05313800823467213,0.4065537325730135,-0.04711918458980158,-0.11577000855023545,-0.2508472220009689,-0.2508472220009689,0.6239999999999999,423117000.0,6442586000.0,0.06516208434020188,0.12201888812007367,1.0,0.07586206896551695,0.6315744693554647,1.0267700906918378,1.026962990375177,1.0310344827586206,-0.016883913140124718,9133631575.29556,0.2967032967032967,0.29304029304029305,1.4176964925723243,11.453069116774461,21.58653888946925,0.012515260212555335,1.03226770991573,0.0,1.0,2016-06-25,,,-0.30093465338382264,-0.21101610664965076,-0.57895943173688
VFC,VF Corporation,Consumer Discretionary,2016-09-30,2013-12-31,2015-02-28,82.63198213021553,38.30721414025127,82.63198213021553,-0.5364117723826971,33,19,52.77777862548828,73.2862548828125,-0.27984069168383685,155583966.41552153,-0.04106170343733795,-0.08057835001852331,-0.1035653700242889,-0.00399311609282027,-0.10506137624899903,-0.13192035836184038,0.16865310778465648,-0.01633826698168428,-0.06791052417654375,0.7583703199186094,0.362079347993594,0.310902628373307,0.8203064789326764,0.3666335617698613,0.2979827378094274,-0.13632634816061384,-0.13632634816061384,2.3728813559322033,1083357000.0,12410197000.0,-0.0032344968879884917,0.06472997457750784,1.0,0.05882352941176472,0.6795001580587376,1.1825355141936753,1.1491330631491994,1.182572614107884,-0.015255225832779273,24096095565.600098,0.5777669902912621,0.600453074433657,1.9416368302292137,13.24212699791857,22.24206384931292,0.002540968820501366,1.0240766588290227,-0.011148595749757429,0.9647377382257898,2016-07-02,,,0.07619572607402823,0.5489277664757791,0.4914952297795018
DVA,DaVita,Health Care,2016-10-31,2014-06-30,2015-04-30,75.43817940231922,36.503656639528074,75.43817940231922,-0.5161116436168152,28,18,58.619998931884766,85.16999816894531,-0.3117294799560206,137274402.77659705,0.0875128140837429,0.010725556646714374,-0.029830706566744858,0.17724331957799366,0.04562691120803697,0.00890792239686447,0.036165178867461734,-0.19814871804474654,-0.2628527395055843,0.14875464969111163,-0.17397910350747492,-0.20772562598726085,-0.0003411882996947613,-0.5123609800259058,-0.5971970595621723,-0.08597743419760984,-0.10423065031869516,1.71,360688000.0,,,,1.0,-0.17391304347826098,0.24904885994384993,1.7713248706123115,1.3664874284079116,1.7920000000000003,-0.03402569946709599,12364637529.089855,0.6346153846153846,0.6971153846153846,,9.31929392579312,34.280701129757176,,,,1.0009245292554365,2016-06-30,,,-0.10942240057361427,-0.14550349812959623,-0.41943348566545846
GILD,Gilead Sciences,Health Care,2016-10-31,2014-02-28,2015-06-30,89.76773937349648,39.34278758790863,89.76773937349648,-0.5617268757964913,32,16,73.62999725341797,123.37000274658205,-0.403177469285921,737927310.1605612,-0.009690525706481212,-0.08647778314350973,-0.12703404635696897,-0.0557893360383388,-0.1874057444082955,-0.224124733219468,0.047317671516873716,-0.18699622539533456,-0.2517002468561723,-0.018762949984997612,-0.34149670318358416,-0.3752432256633701,-0.04872020682488465,-0.5607399985510957,-0.6455760780873622,-0.12011408098822796,-0.12011408098822796,11.34,16346000000.0,32371000000.0,0.10882373090361042,0.6742983334210799,1.0,0.19242902208201884,0.8014709487619515,1.1242438343415542,1.111985955205618,1.146161934805468,-0.08873539592146251,106133680344.30072,0.0,0.0,3.2786654828179764,5.810983192857178,6.492945084075659,-0.01425134748317547,1.2026735980094665,-0.00719325888881277,0.9810725552050473,2016-06-30,,,-0.1309213467503372,-0.4620572143794774,-0.8015337112752673
JAZZ,Jazz Pharmaceuticals,Health Care,2016-10-31,2014-02-28,2015-07-31,92.13115785069067,39.61299633132058,92.13115785069067,-0.5700369206743491,32,15,109.47000122070312,194.72999572753903,-0.4378369864811654,72765589.75276645,0.11372975983750733,0.036942502400478805,-0.0036137608129804266,0.45501047778533876,0.32339406941538207,0.28667508060420954,0.2928655997176559,0.058551702805447636,-0.006152318655390121,0.450808491396842,0.12807473819825543,0.0943282157184695,0.1476203147210582,-0.36439947700515285,-0.44923555654141933,-0.12487437669234291,-0.12487437669234291,5.690000000000001,356124000.0,1390704000.0,0.09696782778593294,0.2699705890602524,1.0,0.3294392523364489,0.6744044676995097,1.2336433852257018,1.1604663602720435,1.2219626168224298,0.006323804702774938,6851475345.293791,0.046158008658008655,0.14419722434428317,4.926623742574833,13.303605767633341,19.239016031758013,0.03498102254967628,1.0843308100707925,0.0945446772327179,1.0650448108663977,2016-06-30,,,0.1320670553920103,0.2175076017331095,-0.03867129746558448
VMRK,Vivmark Residential,Real Estate,2016-10-31,2015-01-31,2015-03-31,73.90198017416536,38.39954719828483,73.90198017416536,-0.4803989404913329,21,19,61.75,82.52999877929688,-0.2517872178196331,154744202.1666754,-0.007992046924906515,-0.08477930436193504,-0.12533556757539427,0.06265383182596707,-0.06896257654398963,-0.10568156535516213,0.12353488618153197,-0.11077901073067631,-0.17548303219151407,0.12215376679943835,-0.2005799863991482,-0.23432650887893414,0.5780680287703814,0.0660482370441704,-0.018787842492096085,-0.0561946470721848,-0.07450163106881635,11.45,4207775000.0,2613719000.0,-0.022624158586743603,0.04798545952167377,1.0,3.624394184168013,4.3519237710691225,4.913524571323496,1.037466525707845,4.927966101694915,0.001632909206430444,22692585698.689957,0.35018274853801173,0.28741565452091766,8.682106109604726,13.10985929475284,5.393013100436682,-0.03112233228811312,1.0146756784400492,-0.0004225529602826393,0.9931485669591157,2016-06-30,net income 4.35x operating income,,-0.013124139504703425,-0.12380083517914789,0.257594309299347
VTRS,Viatris,Health Care,2016-10-31,2014-02-28,2015-04-30,90.00248258565044,39.94511428560385,90.00248258565044,-0.5561776393491116,32,18,36.5,76.69000244140625,-0.524057910574625,300556152.04613703,0.04246595466161773,-0.03432130277541079,-0.07487756598887002,0.023287754147882644,-0.10832865422207405,-0.14504764303324655,-0.021643945781348872,-0.25595784269355715,-0.3206618641543949,-0.1438356204720591,-0.46656937367064566,-0.5003158961504316,-0.4753424818882366,-0.9873622736144476,-1.0721983531507142,-0.19479444812800528,-0.19479444812800528,,,,,,,,,,,,,,,,,,,,,,,,,,-0.07823291915620745,-0.23316570283089783,-0.6066787822900598
CVS,CVS Health,Health Care,2016-11-30,2015-02-28,2015-07-31,85.3880244228628,36.4633212197141,85.3880244228628,-0.5729691433175848,21,16,76.88999938964844,113.6500015258789,-0.323449200551572,641762823.846048,0.054326992850496136,-0.025007658562423707,-0.02464723439799836,0.011725874583913498,-0.09508810934001288,-0.09221130320497567,0.021936733825086874,-0.20490994642883686,-0.23835380475545082,0.10064432853690497,-0.19875734678516555,-0.22238474127301855,0.0682881502985564,-0.44279793895671693,-0.5514950466309672,-0.11347688646317777,-0.19267328450729904,4.659999999999999,5111000000.0,172701000000.0,0.15752116301047603,0.10401651596098915,1.0,0.05191873589164775,0.5074463860206513,1.061033838488686,1.050698935948258,1.0737327188940091,-0.03996436606448528,84331499330.57794,0.08888888888888889,0.19047619047619047,0.4883092705344957,6.592152574240296,16.499999869023274,0.035818603842163066,1.0449018200795877,0.0936735500908183,1.3696865493982278,2016-09-30,,,-0.08997913924697376,-0.1296049972096224,-0.29455414767143234
BBWI,"Bath & Body Works, Inc.",Consumer Discretionary,2017-01-31,2015-03-31,2015-11-30,79.93703637235308,36.85330005358663,79.93703637235308,-0.5389708985216687,22,14,48.67421340942383,81.73807525634766,-0.40450991466619024,170179083.46253663,-0.11375677322666222,-0.164675978068882,-0.1611143312912657,-0.21227164615699223,-0.3068621369023332,-0.30571040579516956,-0.12578521572832924,-0.3888292214579021,-0.38783261406488506,-0.4792494769549601,-0.7116348191414225,-0.7345618849850098,-0.5408085859867464,-1.037505681510541,-1.0798953677361856,-0.3965252552945062,-0.5565015145085687,3.193209377526273,1162000000.0,12480000000.0,0.05512343591477853,0.05578862804605911,1.0,,0.5551839464882943,1.0600676818950932,1.0584258812168035,0.9657701711491441,0.2505058941232765,17712410711.246925,0.6507936507936507,0.6425320328934787,1.4192636787858113,8.78612059824409,15.243038477837286,0.007996123091834173,1.0275617179573893,0.002536354413256679,1.017351069982649,2016-10-29,,shares +25% y/y,-0.37932528548311994,-1.0074320617617347,-1.2794930109874891
TGT,Target Corporation,Consumer Staples,2017-02-28,2015-03-31,2015-03-31,70.39352787121611,38.22999691207507,70.39352787121611,-0.45691034292220345,23,23,58.77000045776367,85.80999755859375,-0.31511476366569435,426837140.89181083,-0.051395967495848294,-0.07685547857059649,-0.07306517762270984,-0.05149266094163396,-0.10777396017120755,-0.11101062601716433,0.3362465929121552,0.165141608982611,0.1636325162261169,0.3309567812155374,0.1067241203164273,0.06217797779674239,0.9412262278776073,0.6151212694877237,0.5881953441799528,-0.1647467191297367,-0.1647467191297367,5.540000000000001,3346000000.0,70431000000.0,-0.04705786845986282,0.0027950015603164236,1.0,,,1.017949498022513,,1.035514018691589,-0.05495272966297082,35495382947.95618,0.06849449685534591,0.06339349435746465,0.5039738602029813,4.262799570534483,10.608303331726292,-0.01636802927251646,1.0064313081554461,,,2016-10-29,,,0.1990850971263861,0.05575383194175426,0.4792453888771843
AZO,AutoZone,Consumer Discretionary,2017-05-31,2015-10-31,2016-07-31,83.40033630796431,37.54448326391457,83.40033630796431,-0.5498281550654939,19,10,605.9199829101562,819.5399780273438,-0.2606584191675151,302146772.05994624,-0.1278716375991159,-0.1579282003614254,-0.16508915461492257,0.13341700081783814,0.02496815749508574,-0.008269870813745889,0.07162665968799664,-0.07197992127369712,-0.12200594621675431,0.6951247925814965,0.51070060841677,0.47259971563221403,0.8944085320284993,0.558233863065734,0.5671323116537265,-0.1894474208888477,-0.1894474208888477,42.43000000000001,1269552000.0,10749506000.0,0.030963609723881902,0.06447084002839354,1.0,0.11746115354227049,0.6095963192358055,1.021088946959624,1.0168257331956112,1.0393258426966292,-0.05082078721515293,18129788502.087074,0.255663430420712,0.2071197411003236,1.6865694574324694,9.654281867722025,14.280461534531137,0.0029883896192741677,1.024199950294733,-0.0001860615178841084,0.9956970167461462,2017-02-11,,,-0.1565932275291264,0.18633233253546289,0.07964185936999046
FRT,Federal Realty Investment Trust,Real Estate,2017-05-31,2015-01-31,2016-07-31,76.47633920968447,36.99769698482499,76.47633920968447,-0.5162203451791291,28,10,122.73999786376952,171.0800018310547,-0.2825578878297067,71048272.68141489,0.04229649405132885,0.012239931289019346,0.005078977035522195,0.09443502113357849,-0.014013822189173908,-0.04725185049800554,0.0001181541266468411,-0.14348842683504692,-0.1935144517781041,0.13604987052239692,-0.04837431364232958,-0.08647520642688558,-0.2817965634590519,-0.6179712324218173,-0.6090727838338248,-0.11249506127286435,-0.11249506127286435,3.18,229145000.0,810636000.0,0.07005612727109534,0.08215080550928922,1.0,-0.08092485549132944,0.7037255425853073,1.0510772320613475,1.0241296357742669,1.0433526011560694,0.034579685744419164,8844420380.658321,0.4410774410774411,0.34006734006734013,10.910470766975957,16.879518385595375,38.59748360495897,0.011283809324206473,1.0221601853047608,,,2017-03-31,,,-0.10152657574708829,-0.036366232981066254,-0.5282417726076274
SPG,Simon Property Group,Real Estate,2017-05-31,2015-01-31,2015-01-31,77.36936961823609,37.12039374516928,77.36936961823609,-0.52021848015135,28,28,154.25,229.1000061035156,-0.32671324360286436,348726101.94423616,0.028400781001721054,-0.0016557817605884484,-0.0088167360140856,0.072894139076076,-0.035554704246676394,-0.06879273255550802,0.08987075797212118,-0.05373582298957258,-0.10376184793262977,0.1532270348908238,-0.031197149273902713,-0.06929804205845871,-0.5715259023125319,-0.9077005712752972,-0.8988021226873047,-0.026579759754132293,-0.026579759754132293,5.8500000000000005,1832300000.0,5444277000.0,0.010710686162266558,0.0926063142402147,1.0,,0.6754778997846345,1.00116394180291,1.0068612633664447,1.0,0.009490008543387107,48313209401.7094,0.6906906906906908,0.4271128271128271,8.874127712772403,17.846574950077688,26.367521367521366,0.0016646952685894778,1.0338999896755212,0.0,1.0,2017-03-31,,,-0.09937968665034311,-0.18016228951336977,-1.0453588926356572
KR,Kroger,Consumer Staples,2017-06-30,2015-03-31,2015-12-31,89.41769632234453,33.49219155747613,89.41769632234453,-0.6254411270366536,27,18,23.31999969482422,42.75,-0.454502931115223,350713503.89970446,-0.13520787774743293,-0.17936336798492902,-0.19278336875107638,0.19009617927335687,0.07531027626994713,0.06200376336238503,0.24529457575053493,0.10239704612121203,0.06814370109423223,-0.030972215950881732,-0.28979157334326555,-0.3253937275982637,0.5463473336568845,0.1950903702401252,0.21458778974974174,-0.15115871597403086,-0.15115871597403086,1.6599999999999997,1582000000.0,117018000000.0,0.05059120332546252,0.026051310395651894,1.0,-0.22429906542056077,0.5535339398180545,0.9838095238095238,0.9834502103786816,0.985981308411215,-0.02883534136546173,22224240673.01923,0.4575757575757576,0.40303030303030307,0.18992155628210386,6.5973741742403105,14.048192587243507,0.014574681151755309,1.0145746811517553,0.010136196726609986,1.371015445284259,2017-05-20,,,0.08507595501508305,-0.40007028715167836,-0.06235214591118754
ORLY,O'Reilly Automotive,Consumer Discretionary,2017-07-31,2015-10-31,2016-07-31,92.11040450327754,36.39777268533495,92.11040450327754,-0.6048462398833585,21,12,13.619999885559082,19.522666931152344,-0.30234942113233354,402524563.43149006,0.03255012304289351,-0.014684615944194013,-0.0293831430106581,0.2955947178205811,0.14169833702019008,0.14157332700390104,0.49779734140525544,0.3364304376960763,0.3018678408128629,0.8637298819005284,0.6116143546828381,0.565827848749578,1.3366617407497263,0.9346437780876486,0.9517686336921765,-0.08556041145235438,-0.08556041145235438,0.7313333333333334,1047251000.0,8653205000.0,0.060322113153650214,0.1043133590192531,1.0,0.1309278350515466,0.6219801548579142,1.0271758013218681,1.0272592732311399,1.038722168441433,-0.04900305035655428,19503498404.947536,0.2873611304792451,0.2345558499511923,2.2539045827468014,11.256756706882259,18.62351853084651,0.00699503415299918,1.0268298183103162,0.00357606696597112,1.0385835765960147,2017-03-31,,,0.23482734930073357,0.2708717981971761,0.34215479335651755
GIS,General Mills,Consumer Staples,2017-08-31,2016-07-31,2016-07-31,76.5802468866607,38.43628588623537,76.5802468866607,-0.49809138193140934,13,13,53.2599983215332,72.94999694824219,-0.2699108903414894,224259940.2759552,0.07204480251483147,-0.00406002841815889,-0.028738341872719314,-0.03399614339919965,-0.1427017361079982,-0.14127049639008055,-0.10140078659282514,-0.29635195955120597,-0.3320916129341277,0.09559322925332348,-0.13197619958549467,-0.16973241592653648,0.3485653050563142,-0.14694582147868673,-0.08167338537016461,-0.20776700341459264,-0.28075912016703797,2.77,1657500000.0,15619800000.0,-0.056951899101013725,-0.06053215203371465,1.0,0.0,0.6458463216957606,1.0179953322687632,1.0309725625677901,1.0259259259259261,-0.02350653941322023,31869475529.9427,0.7278287461773699,0.7125382262996941,2.0403254542275,12.41355694950874,19.22743621716,-0.007705941770270175,0.9965684077979388,0.01234672253382519,1.0156428085151954,2017-05-28,,,-0.17439397291028536,-0.06669642461333752,0.08203787717622502
GPC,Genuine Parts Company,Consumer Discretionary,2017-08-31,2014-12-31,2014-12-31,78.82862756438072,38.36271393799897,78.82862756438072,-0.5133403292266192,32,32,82.83000183105469,109.0,-0.24009172632059916,85166524.57432823,0.13137089857075712,0.05526606763776676,0.030587754183206334,0.12572730430711476,0.017021711598316225,0.018452951316233854,0.24310844296386946,0.04815727000548864,0.01241761662256688,0.15695015212793106,-0.07061927671088708,-0.1083754930519289,0.2514010539604332,-0.24411007257456774,-0.1788376364660456,0.0032590232389366758,0.0032590232389366758,4.619999999999999,687978000.0,15727627000.0,0.03325100021371097,-0.017004917398109054,1.0,-0.002159827213823018,,1.0031066294162156,,1.0065359477124183,-0.013190345449753282,12334462986.95354,0.6008771929824561,0.5701754385964912,0.7842545469162984,10.84467889689137,17.928571824903614,0.012915494065306676,1.0129154940653067,0.022948925457200432,1.2629545682086611,2017-06-30,,,0.11453250043340352,-0.11140803613571448,-0.17284326522182142
MANH,Manhattan Associates,Information Technology,2017-08-31,2015-07-31,2015-11-30,86.3571325085305,39.295120306229094,86.3571325085305,-0.544969602802091,25,21,42.04999923706055,77.75,-0.45916399695098975,29131872.980366055,0.05469677238503845,-0.021408058547951914,-0.04608637200251234,0.0011890425200407062,-0.10751655018875783,-0.1060853104708402,0.37907259763652057,0.18412142467813974,0.14838177129521798,0.9650415874584,0.7374721586195818,0.69971594227854,1.3127229908315723,0.8172118642965713,0.8824843004050935,-0.07015459729995643,-0.07229491012328138,1.73,122781000.0,597435000.0,0.015198193345352884,0.11321061661650678,1.0,0.09493670886075978,0.6464913989648219,1.0486497289031003,1.0554612907741845,1.0506329113924053,-0.025656466747938533,2984358934.2922144,0.27777777777777773,0.2740740740740741,4.9952864065416565,14.552451647418527,24.306357940497428,-0.0012554623478315818,1.0315827505518846,2.0391135973192455e-05,1.0001928392363566,2017-06-30,,,0.10542867589955712,0.32218001159001874,0.23689093612134426
SJM,J.M. Smucker Company (The),Consumer Staples,2017-08-31,2016-07-31,2016-07-31,78.24681560024385,38.13321353129346,78.24681560024385,-0.5126547548450697,13,13,104.76000213623048,157.30999755859375,-0.33405375524711833,125974580.848161,0.12215488654908335,0.04605005561609299,0.021371742161532564,0.2227373068001388,0.11403171409134027,0.1154629538092579,0.015417696190012986,-0.17953347676836784,-0.2152731301512896,0.064568819309055,-0.16300060952976314,-0.20075682587080496,0.2558790528964814,-0.23963207363851957,-0.17435963752999745,-0.06292163836850695,-0.09629607334008516,4.76,549100000.0,7325400000.0,-0.045550488599348515,0.2142258222721447,1.0,-0.2171052631578948,0.5652084405558415,1.0017998061747198,0.9910409556313993,1.0082236842105263,-0.028974901604003067,12084814532.143732,0.5578231292517007,0.5612244897959183,1.6497139449236535,14.231405366345976,22.008403810132457,-0.009049957388093,1.0942745495103545,-0.019583061889250814,0.9878267067313533,2017-07-31,,,-0.07773296776092913,-0.12082698779841927,-0.02466285809776464
CAH,Cardinal Health,Health Care,2017-10-31,2015-03-31,2015-04-30,84.545393347035,36.56876388995002,84.545393347035,-0.5674659204689538,31,30,61.900001525878906,91.91000366210938,-0.3265150793221253,162947110.1254236,0.16846075333866972,0.06661000503703352,0.0823791307537197,0.05220736525944769,0.014187240287115266,0.007906934601305544,-0.15494603679351537,-0.2265808587845597,-0.2137174635781233,-0.1393698577482655,-0.3643579223797334,-0.38098337507753466,-0.17111497418649568,-0.5153374045067585,-0.49262986825406735,-0.20834375794733573,-0.29573298851926644,,,,,,,,,,,,,,,,,,,,,,1.5299102691924227,,,,-0.34543789227936805,-0.5314215968542624,-0.7708051809002976
DXCM,Dexcom,Health Care,2017-10-31,2015-08-31,2015-09-30,87.89516393594153,38.88070582435719,87.89516393594153,-0.5576468137348982,26,25,11.24250030517578,25.82250022888184,-0.5646238665688416,109561465.39692348,0.29419611258861966,0.19234536428698346,0.20811449000366966,0.6273070562311982,0.5892869312588658,0.583006625573056,1.9524127344550033,1.880777912463959,1.8936413076703953,2.429842146016123,2.204854081384655,2.1882286286868537,6.106514963249292,5.762292532929029,5.78500006918172,-0.010451438913609334,-0.010451438913609334,-0.1875,-65000000.0,632700000.0,0.29518935516888445,0.5366467442592011,0.0,,,,,,3.136833731105808,3897400105.7942705,0.29347826086956524,0.29347826086956524,6.159949590318114,,,0.05555555555555558,1.134952004517222,0.012691914022517911,2.087719298245614,2017-06-30,,shares +314% y/y,1.6124708071841884,1.524636314391233,4.438677681928725
OHI,Omega Healthcare Investors,Real Estate,2017-10-31,2015-01-31,2015-01-31,73.78714939264563,39.601297405725454,73.78714939264563,-0.4633036005362674,33,33,28.86000061035156,45.459999084472656,-0.36515615504688825,61310250.0418769,-0.0397539863800922,-0.1416047346817284,-0.1258356089650422,-0.05311769326484672,-0.09113781823717915,-0.09741812392298888,0.2681156200904038,0.19648079809935948,0.20934419330579587,0.7930359954706367,0.5680479308391688,0.5514224781413676,0.2745526600501562,-0.06966977027010657,-0.04696223401741545,-0.11574989811580538,-0.11574989811580538,1.9,372505000.0,,,,1.0,0.1728395061728396,0.675723967289957,1.2100971604832265,1.083743832700664,1.2025316455696202,0.04596897858327331,5658155014.399478,0.33653846153846156,0.1826923076923077,,12.11819775788847,15.18947400544819,,,,1.1861393904911313,2017-06-30,,,0.10210203814207597,0.46486015730454194,-0.23258360506702813
SMCI,Supermicro,Information Technology,2017-10-31,2015-02-28,2015-02-28,82.99165764782563,38.697492424936925,82.99165764782563,-0.533718285407078,32,32,1.9900000095367432,4.199999809265137,-0.5261904524026804,13163144.839536576,0.14723617157271773,0.045385423271081526,0.06115454898776772,-0.11055277766628946,-0.14857290263862188,-0.1548532083244316,-0.3417085746223192,-0.4133433966133635,-0.40048000140692713,0.039196014216456465,-0.18579205041501146,-0.20241750311281267,0.14170857462231923,-0.20251385569794356,-0.17980631944525244,-0.5728643116741836,-0.5728643116741836,0.129,66854000.0,2484929000.0,0.11681097984649136,0.13849545092416782,1.0,-0.07194244604316535,0.7046534914361001,1.1299585903828278,1.1003955044711722,1.1315789473684212,0.00021494592070414598,1031313648.3532513,0.24031007751937986,0.16666666666666666,0.41502741058326065,9.728806893279375,15.426356663075527,0.06285479406118788,1.0657573021077646,,,2017-06-30,,,-0.9492815403978508,-1.9098450646843874,-3.4607108694821953
TAP,Molson Coors Beverage Company,Consumer Staples,2017-11-30,2016-09-30,2016-09-30,77.0503759520989,38.40936355021175,77.0503759520989,-0.50150322985977,14,14,78.0999984741211,112.19000244140624,-0.3038595527715531,118120316.07036288,-0.023687658415428192,-0.053982812603652564,-0.0292809017969027,-0.2063929218111311,-0.2381108832224581,-0.24833357490784055,-0.13710776911011013,-0.19624718419425902,-0.18771132373704807,-0.31295667984353515,-0.5446395898405038,-0.568960943878926,-0.3667284008633801,-0.8129657498239345,-0.8221402331910206,-0.2761172665122169,-0.3356985422036244,10.450000000000001,2243000000.0,12429600000.0,1.4882589634256203,-0.08813274675526184,1.0,2.8560885608856093,0.5718291905672402,3.4646677187445203,3.7847666971637692,3.4169741697416973,0.019950047276385163,16763473356.694124,0.014245014245014245,0.014245014245014245,1.3486735982408222,5.967304200194044,7.473684064509195,0.1844482561463694,1.320721478189498,3.1897383540528095,3.3679149947986327,2017-09-30,,,-0.18595036132215953,-0.43532702094434916,-0.5819206560094616
EIX,Edison International,Utilities,2017-12-31,2015-01-31,2016-07-31,71.132629226315,39.481496457306925,71.132629226315,-0.4449594105161935,35,17,63.2400016784668,83.37999725341797,-0.24154468983417454,206776670.00350347,0.016378562922746642,0.026332020780241105,0.019553482892389028,0.019872086099910202,-0.005344977149791985,-0.02262538631069226,-0.06650242395853023,-0.02081228955815284,-0.01124395350361048,0.28459537670121526,0.03231335437911209,0.008095545715518515,0.12081680206784262,-0.3610290722841736,-0.4094682033839442,-0.2598668623664594,-0.2598668623664594,4.369999999999999,1562000000.0,11984000000.0,0.05809641532756493,-0.07903724182793948,1.0,0.618518518518518,0.7524084778420038,1.4350453172205437,1.1229200214707462,1.4703703703703703,-0.028116725545638266,22604320966.078983,0.5758892501097447,0.5507468604813738,1.886208358317672,8.467509384259326,14.471396265095379,-0.007864889477605774,1.0479427865089175,,,2017-09-30,,,-0.16467164477405705,0.09388296980362351,-0.18354928229303075
HSIC,Henry Schein,Health Care,2017-12-31,2015-07-31,2016-07-31,79.05114840596303,38.74147047942388,79.05114840596303,-0.5099189415886902,29,17,54.80784225463867,73.32941436767578,-0.2525803904579057,151443049.2590728,-0.03820833159620085,-0.028254873738706388,-0.035033411626558465,0.039496303718373094,0.014279240468670906,-0.0030011686922293696,0.12364052123859426,0.16933065563897165,0.178898991693514,0.21734406019343444,-0.03493796212866873,-0.05915577079226231,0.21989842803367887,-0.26194744631833733,-0.31038657741810793,-0.10475100586063857,-0.10475100586063857,2.7254901960784315,554050000.0,12264423000.0,0.08518851934212801,0.07830961414848359,1.0,0.15448504983388678,0.6657974427994616,1.0532698735935657,1.037987047537968,1.063004846526656,-0.03537429347792276,11141586583.1677,0.4665689686755816,0.4319777737070282,0.9084476769243608,11.781675035967265,20.109352194148002,0.024726180951177845,1.0247261809511778,0.03460467549345883,1.1564007159984708,2017-09-30,,,0.022998030586072207,0.010725068628691242,-0.10477579928682407
PCG,PG&E Corporation,Utilities,2017-12-31,2015-01-31,2015-01-31,72.70386295061235,31.41050579282556,72.70386295061235,-0.5679664804858762,35,35,44.83000183105469,71.56999969482422,-0.3736202036857533,397715758.6788783,-0.020076025112216955,-0.010122567254722492,-0.01690110514257457,-0.05063584843945579,-0.07585291168915798,-0.09313332085005825,-0.4702208859715088,-0.4245307515711314,-0.414962415516589,-0.7575284661285147,-1.0098104884506178,-1.0340282971142114,-0.7220611695150831,-1.2039070438670993,-1.25234617496687,-0.6149899972987669,-0.9208119802546041,4.359999999999999,2224000000.0,17748000000.0,0.036682242990654146,0.008601390361729688,1.0,1.6265060240963853,0.6233183856502242,1.668263473053892,1.6234153616703952,1.6746987951807228,0.014074603087403048,22867413778.042576,0.364406779661017,0.2711864406779661,1.2884501790648284,,10.282110511709792,-0.016240784878887027,1.031892523364486,,,2017-09-30,,,-0.48828379804638766,-0.8073990359019312,-0.8085232722377205
EPR,EPR Properties,Real Estate,2018-01-31,2016-07-31,2016-07-31,77.5979783928357,36.95088500244828,77.5979783928357,-0.5238163961516322,18,18,59.060001373291016,84.66999816894531,-0.30246837545164085,31124309.73105052,-0.05023871475344155,0.0076916568760107,-0.011671494480120094,0.16730624853658727,0.16083207716982528,0.1341827839164579,0.3239378752981188,0.348211505831998,0.3262827162309886,0.3730635177171244,0.18807147568668325,0.16850960685596897,-0.20987904138059188,-0.5983706121138067,-0.6876342272646291,-0.11634890520190189,-0.11634890520190189,3.3699999999999997,255546000.0,559122000.0,0.17859017409395883,0.14672503438490314,1.0,0.0766773162939296,,1.1130305538497138,,1.0825396825396827,0.08085886187630176,4478500626.391402,0.21315963372038138,0.210133633364608,8.009880896103896,15.650647178566949,17.52522295943354,0.0483504739047691,1.059074318984245,,,2017-09-30,,,0.15642669963441955,0.09814798373342581,-0.5830797296863495
FN,Fabrinet,Information Technology,2018-01-31,2016-08-31,2016-08-31,80.90942316785643,38.74978456819162,80.90942316785643,-0.5210720451213638,17,17,24.809999465942383,49.630001068115234,-0.5001007670362201,17706658.54559399,0.13704150309223428,0.19497187472168653,0.17560872336555575,0.5767835459080222,0.5703093745412602,0.5436600812878928,1.291011744301498,1.3152853748353772,1.2933565852343678,1.5409110146118592,1.355918972581418,1.3363571037507038,2.181781706596574,1.7932901358633593,1.704026520712537,-0.03184195990262606,-0.03184195990262606,2.5100000000000002,95382000.0,1445760000.0,0.32352335362889595,0.3642610482143638,1.0,0.11555555555555563,0.8938263737911387,1.086504145083517,1.1321590838364348,1.079831932773109,0.029397939184748978,942799748.6296877,0.19446845289541917,0.21156246998943629,0.6521135932863599,5.473603456262566,9.884461938622463,0.01778963597068617,1.1183622780515323,0.008591513580267256,49.12820512820513,2017-09-29,,,0.9093372591041418,0.8000431341420065,0.8129475614379194
WELL,Welltower,Real Estate,2018-01-31,2015-01-31,2015-01-31,70.39511881103354,37.668431699897724,70.39511881103354,-0.464899948517543,36,36,59.970001220703125,84.87999725341797,-0.29347310130493387,139822288.97554308,-0.09469095656045123,-0.036760584930998985,-0.05612373628712978,0.07716611015128527,0.07069193878452329,0.04404264553115592,0.3688983534033534,0.3931719839372326,0.3712431943362232,0.5663711996922347,0.38137915766179353,0.3618172888310792,0.171607382309924,-0.21688418842329082,-0.3061478035741132,-0.1600821383631894,-0.1600821383631894,2.4800000000000004,908162000.0,4290705000.0,0.013794555329202263,0.14445510153697394,1.0,0.0973451327433632,,1.246358416514421,,1.2433628318584071,0.01885454094317196,21960675906.69201,0.16304347826086957,0.16477041852905325,5.118197570490633,17.354995488961887,24.181452105122222,0.0028866234802862323,1.0437290822260339,0.005112796238093415,1.0491631205029228,2017-09-30,,,0.18518652877969002,0.20898867185864767,-0.3441976475215144
AYI,Acuity Brands,Industrials,2018-02-28,2015-07-31,2016-08-31,79.71922991580422,37.942056466890584,79.71922991580422,-0.5240539013364374,31,18,142.5800018310547,280.8900146484375,-0.4923991797661156,125578628.84107317,-0.16981616087010842,-0.17119713137872317,-0.20450337743108693,0.07408095570150075,-0.0037084780460701072,-0.03569733505961303,-0.08362944001796402,-0.12899486643029157,-0.16788953370446302,-0.27270135043580823,-0.405054962270206,-0.4150589216283975,-0.12349952035505285,-0.6044463927583168,-0.7218334609749845,-0.27204902983696766,-0.31993404703520734,7.269999999999999,311500000.0,3496700000.0,0.02665962007105316,0.21817661575878966,1.0,0.050578034682080775,0.6098277212216131,1.0268061457992808,1.0351157222665603,0.9784656796769851,-0.024980470932107424,6109170642.417269,0.23666666666666666,0.2403825136612022,1.7471246153279574,10.281796053162923,19.612104791066674,-0.0023965079455650073,1.0578346865052397,0.08966792918171408,1.2962172647914647,2017-11-30,,,-0.3001803486090817,-0.7266344163085656,-0.8446719396854944
MAA,Mid-America Apartment Communities,Real Estate,2018-02-28,2016-03-31,2016-06-30,72.29513941745068,39.532196503299915,72.29513941745068,-0.4531832039906464,23,20,85.81999969482422,110.9499969482422,-0.22649840418779854,72600671.30241999,0.10120475084508995,0.09982378033647521,0.06651753428411143,0.23023869329993274,0.15244925955236188,0.12046040253881896,0.25484320910021707,0.20947778268788952,0.17058311541371807,0.6158236007487041,0.48346998891430637,0.47346602955611483,0.7427734816736866,0.26182660927042267,0.144439541053755,-0.007689976120513919,-0.007689976120513919,3.440000000000001,140375000.0,491807000.0,-0.01044869215291755,-0.01044869215291755,1.0,0.0,1.0905962055409668,1.21618928800402,1.052879991594805,1.2764227642276422,0.0,3502029784.058415,0.6203703703703703,0.5092592592592592,7.120740013986005,13.100450041059322,24.947674329890756,0.03231013362327717,1.0863423250638362,,,2013-09-30,net income 1.09x operating income,,0.11179861678340863,0.3323575632936878,0.32426899069403314
MTSI,MACOM Technology Solutions,Information Technology,2018-02-28,2017-05-31,2017-05-31,70.0616793623077,34.79249077896567,70.0616793623077,-0.5034019867116746,9,9,21.34000015258789,65.98999786376953,-0.676617656563008,34188506.64273519,0.05670098762046738,0.05532001711185264,0.02201377105948886,0.08013116552228738,0.0023417317747165267,-0.0296471252388264,-0.10543580055818991,-0.15080122697051745,-0.1896958942446889,0.1841612126089509,0.05180760077455315,0.041803641416361614,2.0154638244610044,1.5345169520577404,1.4171298838410729,-0.3875351639470711,-0.42221181651628037,-3.34,-191097000.0,677945000.0,0.1682342034339912,,1.0,-12.133333333333333,,-6.449002493765586,-0.11987475140693099,-5.900000000000001,0.0700998252870817,1220961080.5865533,0.5373181530676787,0.5373181530676787,1.8009736491699966,32.67297672138105,,-0.029805143880979768,1.090476567938847,0.963516428980073,2.5574391042157014,2017-12-29,,,-0.46356831292236855,-0.694824918723726,0.5381802905496136
REGN,Regeneron Pharmaceuticals,Health Care,2018-02-28,2015-07-31,2015-08-31,83.64031527424606,39.3865789075265,83.64031527424606,-0.5290957622722623,31,30,320.44000244140625,605.9299926757812,-0.4711600245659632,344349548.37011915,-0.0627886819653648,-0.06416965247397954,-0.09747589852634332,0.2693483129908063,0.19155887924323545,0.15957002222969252,0.3442140746151372,0.29884864820280965,0.2599539809286382,0.3873734884904063,0.25501987665600856,0.24501591729781702,0.4060976437456656,-0.07484922865759835,-0.19223629687426602,-0.12030337226350829,-0.15313334045112958,11.03,1278107000.0,5516607000.0,0.16588833092368738,0.24256876349140488,1.0,0.6102189781021898,0.6770412701036083,1.1988706924121662,1.1806484051746713,1.2055622732769047,-0.004581984543682416,37131152330.04338,0.03819444444444444,0.04877645502645502,6.730795275074585,17.632397976391,29.05167746522269,0.05358059577666863,1.0807161195868733,,,2017-09-30,,,0.0024969435688402264,-0.5183999784347247,-1.4251603763829375
CRUS,Cirrus Logic,Information Technology,2018-03-31,2017-01-31,2017-06-30,82.41304739038365,39.26703032810873,82.41304739038365,-0.5235338144686712,14,9,40.630001068115234,71.97000122070312,-0.43545921385329256,58971528.42846825,-0.056608397159642054,-0.09213250598697664,-0.09934182241199657,-0.04996314399772961,-0.16471662610984372,-0.15504117115738497,0.03544175704782426,-0.05884010635789938,-0.05201432435604707,0.6153087749958666,0.5964252179698446,0.6698240956753009,1.0868815822421198,0.49506804020441897,0.3973377826701979,-0.23086391389431382,-0.23086391389431382,2.7699999999999996,185049000.0,1556877000.0,0.0788607660724494,0.21019175049373762,1.0,-0.23480662983425427,0.6461050183829306,1.0951000922632834,1.0791326289228829,1.0943877551020407,0.0069535655770252,2714274753.6655803,0.1524822695035461,0.2127659574468085,1.743409886372257,6.854943282936908,14.667870421702252,-0.025224695006464626,1.138153447920947,-0.004032361450375067,0.9861611527695531,2017-12-30,,,-0.19317462658573292,0.19187374610473923,0.5302789559209913
KMB,Kimberly-Clark,Consumer Staples,2018-04-30,2016-03-31,2016-03-31,71.82778367719321,36.4398409625426,71.82778367719321,-0.4926776367441643,25,25,103.54000091552734,138.8699951171875,-0.2544105670331911,275729461.88861907,0.11069589962540616,0.04233094967195972,0.037728087075616534,0.026233411003958818,-0.006150062312233251,0.01703544150977035,0.2858952928228087,0.15276602064903644,0.1570232652608985,0.4289503503610419,0.28658944633244476,0.36160768428247436,0.41899032737706876,-0.24842869261629286,-0.3484935696329976,-0.03689407253353494,-0.03689407253353494,5.09,1808000000.0,18486000000.0,0.015212257674776186,-0.009087940792337879,1.0,-0.16006600660066017,0.670126019273536,1.051708217913204,1.005441354292624,1.0543657331136738,-0.014400138172240395,36778059264.29733,0.742296918767507,0.6804307930068579,1.989508777685672,12.686558397770574,20.341846938217554,0.007521255722694464,1.0075212557226945,0.004283596023944203,1.0520694259012016,2018-03-31,,,0.19652413731895196,0.22944869883114635,0.09916579123645547
PM,Philip Morris International,Consumer Staples,2018-04-30,2017-05-31,2017-05-31,71.40477601895132,34.047035111395104,71.40477601895132,-0.5231826635467803,11,11,82.0,123.5500030517578,-0.3363011090687841,648951427.2582524,0.06732326265694533,-0.0010416872965011148,-0.005644549892844297,0.10464450623218235,0.07226103291599029,0.09544653673799389,0.1163831104134938,-0.016746161760278433,-0.012488917148416379,0.024536426728548166,-0.11782447730004897,-0.04280623935001937,0.38429137374524314,-0.2831276462481185,-0.3831925232648232,-0.17636640504775403,-0.2307738315683756,3.88,6035000000.0,78098000000.0,0.041959628033567675,0.018774541884816864,1.0,-0.1415929203539823,0.5246457445883682,1.0086120281326252,1.065388533851996,1.0089285714285712,0.000492944005375362,127543814432.98969,0.5601092896174863,0.5901639344262296,1.6331252328227315,12.355535177976222,21.1340206185567,0.03165041874719288,1.0316504187471929,0.0016059742241137029,1.011997600479904,2017-12-31,,,-0.011985493441996536,-0.24986816875141116,0.007448776969403492
COKE,Coca-Cola Consolidated,Consumer Staples,2018-05-31,2015-10-31,2017-07-31,87.56232773021223,34.58512873346271,87.56232773021223,-0.6050227348909368,31,10,12.741000175476074,24.95400047302246,-0.48942053642860783,9092925.528511168,0.3332336739158164,0.25693058299513805,0.2626737435648714,0.6735004893563503,0.6469220496097834,0.662553417932007,1.3828375992570847,1.3471456017795012,1.354407004229824,0.9279373401346516,0.7595506840880106,0.8256048462018811,2.219383518287384,1.580847173043032,1.4925956147304025,-0.010203377517095547,-0.010203377517095547,1.03,96535000.0,4287588000.0,0.3697729657891249,0.3703665002999603,1.0,0.7457627118644066,1.0037014317054658,2.4130130480427936,1.0094400863451145,2.4121779859484773,0.002915473970102056,1194128594.1160998,0.3822222222222222,0.12,0.27850824149057696,8.547447717591503,12.369903082986479,0.06152615484866719,1.0968320774969869,0.005170057532751156,1.1150025212670513,2017-12-31,net income 1.00x operating income,,1.0490175232934402,0.24038022454791386,0.9697890473904296
HSY,Hershey Company (The),Consumer Staples,2018-05-31,2016-06-30,2016-06-30,70.4247061400344,39.37996257579388,70.4247061400344,-0.4408217693164428,23,23,90.04000091552734,117.79000091552734,-0.23558875782589395,120899899.4499691,0.12449504712893456,0.048191956208256226,0.053935116777989595,0.21965536446572487,0.19307692471915794,0.20870829304138153,0.5041308289262512,0.4684388314486676,0.47570023389899035,0.5790601662707866,0.41067351022414567,0.4767276723380161,1.0563350004645562,0.41779865522020443,0.3295470969075749,-0.008329921007969254,-0.008329921007969254,,782981000.0,7515426000.0,0.01011332923217867,0.02932393724447402,1.0,,0.6142757058654162,1.0935301728061164,1.084081205667727,,-0.006590595244076791,18985908155.728844,0.4518471960332426,0.46846846846846846,2.526258412461096,13.645904348294783,,-0.004056170433369366,1.0082695060507574,0.2152114384010673,2.512396771745361,2017-12-31,,,0.35807901512760265,0.2756558964458724,0.5701547420116606
ECHO,EchoStar,Communication Services,2018-06-30,2017-06-30,2017-06-30,71.52823621446925,36.80970731474333,71.52823621446925,-0.48538214748685227,12,12,35.980552673339844,50.64829635620117,-0.2895999419152322,15759333.702326456,0.044369294342736065,-0.032142080534379946,-0.01247384566205436,-0.17297303056821145,-0.10380992336697159,-0.07864317313817046,-0.0018018283548305591,-0.10322984334114171,-0.09924128824161449,-0.22291357394324007,-0.40522163602734806,-0.3258646412487539,-0.32491306801061826,-0.9906186981181551,-1.044998747554485,-0.2434685179927325,-0.2987878821291494,2.7876823338735823,333295000.0,1954149000.0,,,1.0,0.9217877094972073,1.6445531070825892,3.3158182813355226,1.0323931393174977,3.3089430894308953,0.020636792533526016,4301831007.623206,0.595540381948149,0.48469789110565814,2.2013833170465538,6.128343098582741,12.906977325262023,0.03640451273609013,1.0364045127360901,,0.9870114747851124,2018-03-31,net income 1.64x operating income,,-0.2919962486689469,-0.6459422893680429,-0.20712932859705857
SBUX,Starbucks,Consumer Discretionary,2018-06-30,2015-07-31,2015-10-31,86.76615409906226,38.01015607744277,86.76615409906226,-0.5619241572693658,35,32,48.84999847412109,64.87000274658203,-0.2469555047661075,571877470.979091,0.17166258985945637,0.09515121498234036,0.11481944985466594,0.3346268461548405,0.40378995335608037,0.42895670358488147,0.7544634903601948,0.6530354753738836,0.6570240304734108,0.5697806579680209,0.3874725958839129,0.46682959066250707,1.4292345013103422,0.7635288712028054,0.7091488217664753,-0.009211445676620467,-0.009211445676620467,3.0599999999999996,4390100000.0,23465300000.0,0.06776452600779947,0.08993835151046237,1.0,0.5148514851485146,1.1100126422250316,1.519430096717163,1.0050024317376502,1.5380710659898478,-0.020932476594241245,70083783758.57483,0.36943911422836856,0.2598425196850394,2.9866988173419826,14.717736966176874,15.964051788928462,0.03245833260001052,1.0388118618874729,0.13839125231501495,2.535544784408765,2018-04-01,net income 1.11x operating income,,0.5381725379255726,0.12219921730685757,0.6946817644995722
INGR,Ingredion,Consumer Staples,2018-07-31,2016-08-31,2016-09-30,85.83686068672485,38.30867403501921,85.83686068672485,-0.5537036917643954,23,22,101.3000030517578,146.27999877929688,-0.3074924535336073,65131776.49015396,0.004822074499179818,0.03850108712386591,0.06519921853646037,-0.010033553187211663,0.020516462675477243,0.025903389055843253,-0.21586796488275328,-0.29400746000585154,-0.2973801847822873,-0.09515977225444938,-0.30237340834508186,-0.230248476242585,-0.05269737723488155,-0.6981098421518088,-0.7500942141067487,-0.23824153618529909,-0.3914686930759286,7.279999999999999,535000000.0,5848000000.0,0.008797653958944274,0.025836135197310206,1.0,0.12693498452012353,0.6323877068557919,1.0468431771894093,1.0169082125603865,1.049624060150376,-0.00889559292482034,7444437037.457476,0.5162241887905604,0.5250737463126843,1.2729885494968323,8.21874956281425,13.914835584032666,0.00274348422496562,1.016304347826087,0.051750905640848714,1.3015075376884422,2018-03-31,,,-0.3536935404005087,-0.39682599941451585,-0.5067828539884451
KDP,Keurig Dr Pepper,Consumer Staples,2018-07-31,2015-12-31,2018-01-31,77.88856943879912,23.961681432091794,77.88856943879912,-0.6923594616676114,31,6,24.01000022888184,126.6500015258789,-0.8104224244799888,327710725.78063846,0.09004403504513259,0.12372304766981868,0.15042117908241315,0.14800390284042497,0.17855391870311388,0.18394084508347988,0.19933516758712866,0.1211956724640304,0.11782294768759467,0.33334222715378137,0.1261285910631489,0.19825352316564576,0.5654676539967427,-0.07994481092018457,-0.13192918287512445,-0.06968941699000042,-0.18229548999467216,5.81,1058000000.0,6774000000.0,0.04812006807983904,0.032557407989934006,1.0,0.3932853717026379,0.7773695811903012,2.8465608465608465,1.5473801560758083,12.53191489361702,-0.013823010036435157,4372216909.149223,0.0,0.0,0.645440937282141,6.059533726381723,4.132530159876393,0.6029342167534311,1.602934216753431,0.25955826351865957,1.301913536498937,2018-03-31,,,0.039725506614586376,-0.00806986105466978,0.025358685037390027
SMG,Scotts Miracle-Gro Company,Materials,2018-08-31,2016-12-31,2017-12-31,79.69690751629838,39.46457290501637,79.69690751629838,-0.5048167597099589,20,8,74.72000122070312,110.12000274658205,-0.3214674958494558,49661057.06933642,0.02443604834522417,0.07063553582562954,0.08088839764590859,0.11177119160070426,0.14185499676708258,0.13324695369141035,0.4605271257730652,0.4332303988284125,0.43055921921681334,1.4268370157860617,1.1753121331144847,1.2784827044389515,1.2888985459605844,0.6469303802594046,0.592827741204943,-0.2185272411844753,-0.2185272411844753,4.19,246200000.0,2585000000.0,-0.09193100783363195,-0.11452922330399085,1.0,-0.10085836909871237,0.6648663246016743,1.2020155748969308,1.0685291308500477,1.1983471074380165,-0.04293356713067431,4390468806.810765,0.8187134502923977,0.6251461988304093,1.698440544220799,15.664939302647685,17.83293585219645,-0.026805210451020245,1.0294375944075596,0.14198896968419575,1.3685938354915193,2018-03-31,,,0.33969450476889373,1.1761144617985013,0.964013789753053
NXPI,NXP Semiconductors,Information Technology,2018-09-30,2018-02-28,2018-02-28,70.97774984086925,38.61049885394637,70.97774984086925,-0.45601968306250396,7,7,85.5,125.93000030517578,-0.32105137939489137,786656956.1636789,-0.1402283064577251,-0.004907412059387051,0.0016507580395340726,0.03985232087417545,0.058216577218639265,0.0520266120255102,0.2915616667797962,0.25046568722283524,0.22988337522503605,0.49778646693377393,0.3002429540691396,0.3699765415329569,1.3760892771208657,0.8198977195886124,0.7331154436431797,-0.2066352429903343,-0.3037134020545552,6.41,2215000000.0,9256000000.0,-0.025479048220678036,0.556793968201934,1.0,10.051724137931036,1.0537583254043768,,,,0.002106084243369555,29544851794.071762,0.18910504805622344,0.17849447471296212,3.191967566343103,7.617041355338424,13.338533541341654,,,,,2017-12-31,net income 1.05x operating income,,0.12888537424473753,0.19377136137344697,0.8992575865084929
OC,Owens Corning,Industrials,2018-09-30,2018-01-31,2018-01-31,87.17318399134314,39.19265337028335,87.17318399134314,-0.5504047050274607,8,8,54.27000045776367,96.5199966430664,-0.43773308801019106,98708283.91825359,-0.18620248013756946,-0.050881585739231405,-0.04432341564031028,-0.11967725426202036,-0.10131299791755655,-0.1075029631106856,0.1853730032291676,0.14427702367220663,0.12369471167440742,0.310941382878861,0.11339787001422663,0.1831314574780439,0.6495325338559204,0.093340976323667,0.006558700378234361,-0.24800492552660247,-0.4581769894239974,2.709999999999999,305000000.0,6824000000.0,0.14190093708165996,0.08260869565217388,1.0,-0.22126436781609227,0.4485294117647059,1.0892857142857142,0.9770114942528736,1.0927419354838708,-0.00845438834135126,6107878280.301818,0.4173913043478261,0.4253196930946292,0.8950583646397741,8.734193157690463,20.025830427219073,0.03440958011217221,1.0435088955434209,0.21904283801874164,1.5299595141700404,2018-06-30,,,0.020745977491097134,-0.03386440038543115,0.09575673655868644
OZK,Bank OZK,Financials,2018-09-30,2015-11-30,2015-11-30,76.54422904101571,38.700855912848866,76.54422904101571,-0.49439877574426583,34,34,37.959999084472656,56.86000061035156,-0.33239538028492555,43587892.11242918,-0.3952381076876471,-0.25991721328930906,-0.25335904319038793,-0.22586730737040572,-0.2075030510259419,-0.21369301621907097,-0.2599530600179777,-0.30104903957493867,-0.32163135157273787,-0.39412913033396624,-0.5916726431986006,-0.5219390557347833,0.26370191696955225,-0.2924896405627011,-0.37927191650813374,-0.4431844220066795,-0.607522846901553,,,,,,,,,,,,,,,,,,,,,,,,,,-0.41602093918747624,-0.7242823134047489,-0.19086509964379184
SNX,TD Synnex,Information Technology,2018-09-30,2017-11-30,2017-12-31,71.72791403311521,35.86929924966505,71.72791403311521,-0.49992552086339814,10,9,42.34999847412109,70.97000122070312,-0.4032690186601421,28472820.154026575,-0.04135191524914761,0.09396897914919045,0.10052714924811157,0.13588285149651314,0.15424710784097695,0.1480571426478479,0.35452532545228266,0.3134293458953217,0.2928470338975225,0.6906595468883046,0.4931160340236702,0.5628496214874875,1.5272405483727658,0.9710489908405124,0.8842667148950798,-0.1481976013274351,-0.3715853927939893,3.5399999999999996,284076000.0,19113516000.0,0.2730586878664658,0.12150179928327454,1.0,0.01578192252510746,0.5484664424476683,1.0781609369900031,1.06090293425493,1.0759878419452888,0.0025214810438396462,3398479708.060571,0.4070512820512821,0.38782051282051283,0.17780505209300954,6.893086617816468,11.963276405118952,0.057327182454850245,1.077876276419809,0.06301513675403642,3.1442720444583454,2018-05-31,,,0.13085280223652546,0.23463781667753025,0.8052505054241551
AEIS,Advanced Energy,Information Technology,2018-10-31,2017-05-31,2017-10-31,90.43475552479397,38.41214897018972,90.43475552479397,-0.5752501486040011,17,12,43.02999877929688,95.0,-0.5470526444284538,22285721.170770556,0.19195886276544316,0.18872081163866805,0.16451031744293287,0.3423191501412435,0.2447335131550492,0.22266514445188967,0.3734602444355457,0.23035809854269318,0.19759353478579655,0.5679756176077124,0.3136094821150599,0.3353745955228159,1.1406209200650785,0.3516131474967503,0.21900209241124413,-0.09969769318922217,-0.22426244316852817,3.6799999999999997,147114000.0,747438000.0,0.2951216215747905,,1.0,-0.30038022813688214,0.6631057983556902,1.338136498366292,1.1076721065466142,1.33502538071066,-0.006871535304268983,1720194358.8090982,0.2723030981709593,0.29126943292676777,2.301454246116866,5.524965270579618,11.692934450895892,0.04204785313365256,1.0957341680035724,0.13982182635164978,2.2491879879195396,2018-06-30,,,0.1058092360142146,0.03788388346905547,0.3188485679169819
AMAT,Applied Materials,Information Technology,2018-10-31,2017-11-30,2018-03-31,74.38724599791436,39.64629418906276,74.38724599791436,-0.4670283372209486,11,7,32.880001068115234,62.400001525878906,-0.47307691884464076,515875697.26675427,0.19524767362649653,0.19200962249972142,0.16779912830398624,0.35475876499376713,0.25717312800757286,0.23510475930441332,0.6841096176834986,0.5410074717906461,0.5082429080337495,0.8640798113828119,0.6097136758901593,0.6314787892979153,3.3370536002991606,2.5480458277308324,2.4154347726453262,-0.11946838960818562,-0.11946838960818562,3.26,3419000000.0,17208000000.0,0.24111071042192567,0.4010711398544866,1.0,0.16014234875444844,0.7009020090200903,1.1214892227302418,1.1005687693898656,1.1281138790035588,-0.037540121737666965,34483657561.928215,0.17422286736704332,0.1713493041486525,2.0039317504607284,6.730762699610567,10.085889898194857,0.043921378306236436,1.0943187066974596,-0.003606202668589975,0.9864167345829937,2018-07-29,,,0.34841710594119063,0.22630210201745649,2.3216662471766094
AOS,A. O. Smith,Industrials,2018-10-31,2016-09-30,2018-01-31,78.53050200167317,38.025486101968724,78.53050200167317,-0.51578704920085,25,9,45.52999877929688,68.38999938964844,-0.33425940655603603,96080870.79980639,0.05602967506904499,0.05279162394226988,0.02858112974653472,0.16453765269156917,0.0669520157053749,0.04488364700221535,0.11148992848785277,-0.031612217404999754,-0.06437678116189638,0.1804819435948788,-0.07388419189777373,-0.05211907849001776,0.6972555505039391,-0.09175222206438916,-0.22436327714989535,-0.10549680999512756,-0.23944997351096087,1.8999999999999997,329700000.0,3139800000.0,0.0977554017201594,0.11361158698022122,1.0,-0.035532994923857864,0.5483119906868452,1.0718465539661899,1.051109494361586,1.0734463276836157,-0.012003346516580526,7900652946.070623,0.409460458240946,0.5090909090909091,2.516291784849552,11.138071295272303,23.96315725226152,0.031234604394521526,1.038385643545925,0.03730508356059017,1.1505361173814899,2018-06-30,,,-0.09916825185213418,-0.274281706677839,-0.07192953211343944
DD,DuPont,Industrials,2018-10-31,2018-01-31,2018-01-31,76.92709581743406,39.03180459218492,76.92709581743406,-0.49261304905079883,9,9,96.32975769042967,137.705810546875,-0.3004670078345092,618998932.3889295,0.004631735430320694,0.0013936843035455837,-0.02281680989218958,0.07476766965649007,-0.022817967329704203,-0.04488633603286375,-0.12261469748572595,-0.2657168433785785,-0.2984814071354751,-0.22559798245058904,-0.47996411794324156,-0.45819900453548557,-0.036567897759360424,-0.8255756703276886,-0.9581867254131948,-0.1630828541926408,-0.6187076244792064,0.6252858728850095,2123000000.0,81175000000.0,0.39615270790174617,-0.01271064824306034,1.0,,,1.2667064439140812,,0.7252747252747253,3.944723086084829,327063323265.5672,0.8954326923076923,0.891826923076923,4.02911392997311,39.01211669637217,154.05714708693696,0.14712283081792998,1.14712283081793,-0.02554996547301963,0.9860454089934376,2018-06-30,,shares +394% y/y,-0.2888737676243222,-0.5078321554027083,-0.4092531315461189
DY,Dycom Industries,Industrials,2018-10-31,2015-11-30,2017-04-30,87.67719674983469,38.653773106144826,87.67719674983469,-0.5591353905116987,35,18,67.87999725341797,123.98999786376952,-0.45253650759798236,49615174.25011529,-0.14481435495141315,-0.14805240607818826,-0.17226290027392344,-0.2694460495121649,-0.36703168649835916,-0.3891000552015187,-0.32837357104795273,-0.47147571694080526,-0.5042402806977019,-0.04331165189998121,-0.29767778739263373,-0.27591267398487773,0.17000591311818702,-0.6190018594501412,-0.7516129145356474,-0.4098408515879268,-0.8196817874723493,4.75,151339000.0,2977873000.0,,0.14755165681212867,1.0,-0.03455284552845528,,1.1215031531831958,,1.1229314420803782,-0.0029364308064984135,2162713874.5968466,0.11855670103092783,0.08934707903780069,0.7262612860242349,8.334376108869108,14.290525737561678,-0.015211953416017554,0.9859766277128548,0.0015788032136894825,1.0098172793849298,2018-01-27,,,-0.6604970197558705,-0.675218815287273,-0.8571532229596501
HOMB,Home BancShares,Financials,2018-10-31,2015-11-30,2015-11-30,73.63425427652736,38.26160422165169,73.63425427652736,-0.48038308260767615,35,35,19.040000915527344,29.690000534057617,-0.3587066159299519,16458126.915407937,-0.03240732555060033,-0.03564537667737544,-0.0598558708731106,0.020474490714386118,-0.07711114627180815,-0.0991795149749677,-0.002975579421574781,-0.1460777253144273,-0.17884228907132393,-0.07690554589738463,-0.33127168139003715,-0.30950656798228116,0.3562523631128067,-0.4327554094555215,-0.5653664645410277,-0.18882845798873327,-0.468959532636959,1.0699999999999998,,,,,1.0,-0.20149253731343286,,,,1.101123595505618,0.2362067167469324,3322687200.729477,,0.14423076923076922,,,17.79439337899752,,,,2.529735499401959,2018-06-30,,shares +24% y/y,-0.0991844346115675,-0.26976266005778493,0.10269962652927311
LEA,Lear,Consumer Discretionary,2018-10-31,2018-01-31,2018-05-31,79.2564483987413,39.33482572363428,79.2564483987413,-0.5037018877537922,9,5,132.89999389648438,206.3600006103516,-0.3559798725363168,162130533.86642215,0.1642236531707133,0.1609856020439382,0.13677510784820301,0.08684649485066087,-0.010739142135533397,-0.032807510838692946,-0.09347851653345973,-0.23658066242631226,-0.2693452261832089,-0.05762657398945836,-0.3119927094821109,-0.2902275960743549,0.3505606467401263,-0.4384471258282019,-0.5710581809137081,-0.19668147982743767,-0.507010933112044,19.74,1380800000.0,21659800000.0,0.12275809160463624,0.059446206012221836,1.0,0.23144104803493426,,1.1492824641232062,,1.1597005614472862,-0.018823990844932137,9296267050.26675,0.2554347826086957,0.21739130434782608,0.4291945008848997,4.517165180115028,6.732522487157263,0.021582665949759994,1.0364769809639078,0.01721806681622752,1.3179352908172808,2018-06-30,,,-0.1597230607173794,-0.13737004712892356,0.2708535046274192
LEN,Lennar,Consumer Discretionary,2018-10-31,2018-01-31,2018-01-31,72.85811555205035,37.53960040061027,72.85811555205035,-0.4847574615927074,9,9,41.606971740722656,69.86447143554688,-0.4044616543172882,203252162.6957211,0.10431549339190083,0.10107744226512572,0.07686694806939055,0.21260436375877867,0.1150187267725844,0.09295035806942485,0.3911126793981834,0.24801053350533087,0.21524596974843424,0.6552572768182159,0.40089114132556336,0.42265625473331936,1.3801641428736562,0.591156370305328,0.4585453152198218,-0.13238706050651305,-0.4055463846771813,4.09486931268151,1209273000.0,17897990000.0,0.46256213114167344,0.16337026354366513,1.0,0.23974351585014397,0.5591165825484042,1.2029849974184936,1.2243924093527618,1.1094674556213018,0.1978023014454111,12287129013.372799,0.04273504273504273,0.04273504273504273,0.6865088768835382,4.997295643616802,10.160756928644563,0.15568599700766406,1.1653283648845183,,,2018-08-31,,shares +20% y/y,0.17993995659433956,0.22100554833195868,0.6750093897385772
MAS,Masco,Industrials,2018-10-31,2018-01-31,2018-01-31,76.59603798114588,37.69028561083999,76.59603798114588,-0.5079342665201892,9,9,30.0,46.45000076293945,-0.35414425172763897,125184223.01798926,0.08430757368364983,0.08106952255687472,0.056859028361139555,0.3106817603269718,0.21309612334077754,0.191027754637618,0.561832887790785,0.41873074189793247,0.38596617814103584,0.8309189519243376,0.5765528164316851,0.5983179298394411,1.2620523077986112,0.473044535230283,0.3404334801447768,-0.099000082870072,-0.099000082870072,1.8799999999999994,592000000.0,8015000000.0,0.07295850066934406,0.029536441952686898,1.0,0.11904761904761885,0.5072836332476436,1.088235294117647,1.04375,1.105882352941176,-0.027534418022527984,9446808510.638302,0.2856815578465063,0.3321637426900585,1.1786411117452653,9.227613888526305,15.957446808510642,0.029676258992805682,1.0296762589928057,0.04715101607119139,1.372507869884575,2018-06-30,,,0.3805668967737251,0.45298806642785056,0.6454802239368136
OSK,Oshkosh,Industrials,2018-10-31,2017-10-31,2018-01-31,73.87323258734442,39.3451316995827,73.87323258734442,-0.4673966425787206,12,9,56.13999938964844,100.26000213623048,-0.44005587279594327,45284660.595194496,0.3421944840235924,0.3389564328968173,0.31474593870108214,0.48211507365579753,0.38452943666960326,0.36246106796644373,0.5437238145836203,0.40062166869076776,0.36785710493387114,0.2370564997320448,-0.017309635760607733,0.004455477647148237,0.9910420845626662,0.20203431199433797,0.06942325690883178,0.009909441225629534,-0.14948581391699844,,414100000.0,7611500000.0,0.14942615524010883,0.08520017698825,1.0,,0.7059324923286737,1.2060099132589839,1.1508190171793848,,-0.02306948143837506,4104013041.9813538,0.40071301247771834,0.4419786096256685,0.5391858427355125,6.402016381006548,,0.018587907823247596,1.0548934051774628,0.0,1.0,2018-06-30,,,0.2926415751897747,-0.14867552113175309,0.4924757777117676
PNFP,Pinnacle Financial Partners,Financials,2018-10-31,2016-12-31,2016-12-31,73.55338672253693,39.5281061574534,73.55338672253693,-0.46259298288243333,22,22,52.29999923706055,71.8499984741211,-0.272094636774447,30825402.866781324,0.03429236659520174,0.03105431546842663,0.0068438212726914666,0.11700475352920603,0.01941911654301176,-0.0026492521601477886,0.14057512472679168,-0.00252702116606085,-0.035291584922957475,-0.10278692617412621,-0.35715306166677874,-0.33538794825902274,0.9117696138034299,0.1227618412351017,-0.009849213850404492,-0.1708862970327073,-0.4595277014876952,,,,,,,,,,,,,,,,,,,,,,,,,,0.009329790158723539,-0.34230703838815274,0.5965213343730036
SLGN,Silgan Holdings,Materials,2018-10-31,2017-06-30,2017-06-30,70.53050977923843,34.314938532184485,70.53050977923843,-0.513473833670127,16,16,24.030000686645508,32.5,-0.26061536348783054,12070008.023080371,0.15390541683025893,0.15066736570348382,0.12645687150774865,0.25562459626012224,0.15803895927392797,0.13597059057076843,0.3001123059465549,0.15701016005370239,0.12424559629680576,0.47706568819736384,0.2226995527047113,0.24446466611246728,0.7468038176834249,-0.04220395488490336,-0.17481500997040955,-0.07085922421713065,-0.07085922421713065,2.87,319569000.0,4334019000.0,0.14876767773152522,0.019519954082141355,1.0,1.3052208835341368,,1.831487078479981,,1.8403041825095061,-0.041443458730357485,2675694525.9340134,0.18965517241379312,0.12643678160919541,0.6173702805488424,8.98381495835654,8.372822538900873,0.008679164396527828,1.0505820012156912,0.20504617978108836,1.985575434667115,2018-06-30,TTM net income jumped 1.83x in one quarter,,0.19990375269736566,0.2609980051073489,0.4201593842241694
STT,State Street Corporation,Financials,2018-10-31,2018-01-31,2018-01-31,75.90681241720492,35.14268601575915,75.90681241720492,-0.5370285630938474,9,9,68.75,114.2699966430664,-0.3983547561067373,231232185.15677074,0.03896496153314999,0.03572691040637488,0.011516416210639716,-0.0014316900986235392,-0.09901732708481781,-0.12108569578797736,-0.007966103218584597,-0.15106824911143713,-0.18383281286833375,-0.08519271011659013,-0.33955884560924265,-0.31779373220148666,0.5712707520209546,-0.21773702054737365,-0.35034807563287984,-0.2763237638647291,-0.3637309727537533,6.0600000000000005,2450000000.0,11737000000.0,0.10434700790365081,0.04104221765109228,1.0,0.12014787430683915,,1.0730362884703721,,1.0896946564885497,-0.03985460003419139,27794966996.69967,0.3359375,0.2326239224137931,2.3681491860526256,,11.344884488448844,0.01874837253710626,1.0314234556848703,0.011667293940534437,1.0168638650890793,2018-06-30,,,-0.14581620046306987,-0.34820994652524473,0.21879922078087755
TCBI,Texas Capital Bancshares,Financials,2018-10-31,2017-02-28,2017-02-28,72.70210574138429,39.42982272734431,72.70210574138429,-0.4576522602026968,20,20,65.2300033569336,103.0500030517578,-0.36700629378757776,40347576.54393514,-0.10669940857866278,-0.10993745970543789,-0.13414795390117307,-0.007665224519323388,-0.10525086150551766,-0.1273192302086772,-0.17124031717846455,-0.3143424630713171,-0.3471070268282137,-0.3101334925802224,-0.5644996280728749,-0.5427345146651189,-0.07097972068377512,-0.8599874932521033,-0.9925985483376095,-0.2662885675153456,-0.707189954704803,4.720000000000001,246807000.0,,,,1.0,0.22279792746114002,,1.1492060914529871,,1.1554959785522787,0.005634721091450023,3410851999.685319,0.0594059405940594,0.04893373952779893,,-0.09158165389794355,13.819915965452031,,,,,2018-06-30,,,-0.32883064426813835,-0.5661064151654385,-0.364488828661
THO,Thor Industries,Consumer Discretionary,2018-10-31,2017-11-30,2017-11-30,81.9633492373329,36.10812652473761,81.9633492373329,-0.559460089653206,11,11,69.63999938964844,161.47999572753906,-0.568739155113986,96078725.86215791,-0.05739669025419669,-0.0606347413809718,-0.08484523557670696,-0.04041434263361299,-0.13799997961980726,-0.1600683483229668,-0.06610425212585547,-0.209206398018708,-0.24197096177560462,0.27780409991542143,0.02343796442276891,0.04520307783052488,0.5634691328813874,-0.22553863968694077,-0.35814969477244696,-0.3832913584334423,-0.5206553039790822,8.14,430151000.0,8328909000.0,0.14929821530486187,0.5815746101361119,1.0,0.14809590973201714,,1.1326933045471792,,1.1325811001410437,0.001097360739475306,3680063314.183865,0.0,0.0,0.4418421805525628,4.6549532007233205,8.55528248030079,-0.007218692003189697,1.1480059850130246,-0.0019155639501958893,0.9822008070027426,2018-07-31,,,-0.2537413103907871,-0.07999367343022706,0.06660476185543807
TNL,Travel + Leisure Co.,Consumer Discretionary,2018-10-31,2018-01-31,2018-01-31,78.75060161582651,37.52296775298897,78.75060161582651,-0.5235215098922117,9,9,35.880001068115234,57.769752502441406,-0.3789137132516033,52079395.59350392,0.18729049324335123,0.18405244211657612,0.15984194792084094,0.24080264654170946,0.1432170095555152,0.12114864085235565,0.34838973658713424,0.2052875906942817,0.17252302693738508,0.0007813436702952536,-0.25358479182235727,-0.2318196784146013,0.7032940272782131,-0.0857137452901151,-0.2183248003756213,-0.05473188227641823,-0.5893458782108858,,,3860000000.0,-0.3217360745036022,0.0279019853335718,1.0,,,,,,-0.5733689570797926,3567147367.790756,0.1206896551724138,0.1206896551724138,0.9241314424328384,,,-0.24491392801251954,1.0135351736420304,-0.06786149295284497,0.706766917293233,2018-06-30,,,0.16516561301831478,-0.3108188623994847,0.30073638984455225
VC,Visteon,Consumer Discretionary,2018-10-31,2017-11-30,2017-11-30,73.59795094644376,36.44190292989403,73.59795094644376,-0.5048516641935819,11,11,79.04000091552734,140.63999938964844,-0.43799771573843627,63889051.083531454,-0.02720140882790567,-0.03043945995468078,-0.054649954150415944,-0.16472658310495025,-0.2623122200911445,-0.28438058879430406,0.17687240871777976,0.03377026282492723,0.0010056990680306077,0.13423590865644064,-0.12013022683621188,-0.09836511342845591,0.4319333736899742,-0.357074398878354,-0.4896854539638602,-0.44281369427463346,-0.5105010030438326,5.449999999999999,168000000.0,3134000000.0,-0.01135646687697156,0.0034876347495245152,1.0,0.1425576519916143,,1.1503267973856208,,1.1467505241090148,-0.03896384241770101,2436462413.5428615,0.6081081081081081,0.4987387387387387,0.7774289768803004,6.834216159829437,14.502752461564652,-0.005079365079365128,1.0025308446694083,0.0009478672985781991,1.0375,2018-06-30,,,0.07608177702229135,-0.0005798413869207986,0.3051684362703859
BWXT,BWX Technologies,Industrials,2018-11-30,2017-11-30,2018-04-30,93.24305665043455,39.34588204909127,93.24305665043455,-0.5780288263543546,12,7,45.220001220703125,72.18000030517578,-0.37351065351186274,40947619.050943285,0.15767326673140736,0.1407769848543352,0.11822794002602902,0.03635958971713826,0.02748198487160236,0.023055024301048298,0.3468574131813942,0.1839482697244761,0.1664498345342427,0.2918739150391596,-0.07360954102280792,-0.06985865209438225,0.09932991671459934,-0.6429845012803814,-0.745931956116551,-0.20588263173625354,-0.20588263173625354,1.88,189333000.0,1752029000.0,0.0545116945337234,0.09983119849071587,1.0,-0.045685279187817174,0.6708227040816327,1.1985680462884418,1.0468690689225095,1.197452229299363,0.00440860357516093,4554063027.191162,0.6087878787878789,0.5805661005661006,2.5993080178416923,15.400724032011265,24.053192138671875,0.003520856506911585,1.0408900451639491,0.17660190434918685,2.300589974424099,2018-09-30,,,0.10090187198604933,-0.19275056719203854,-0.5827565053787984
ALB,Albemarle Corporation,Materials,2018-12-31,2017-10-31,2017-11-30,81.3595726856061,37.17497311514691,81.3595726856061,-0.5430780682833675,14,13,77.06999969482422,144.99000549316406,-0.46844612197453916,138933988.37447393,0.068268119531121,-0.06699204495786981,-0.08633842818374213,-0.0777969916068103,-0.2610633871561233,-0.289229233672607,-0.03281926447967565,-0.34505763428344505,-0.37378874917384297,0.9864443578283273,0.4336511532637637,0.39543898902470065,2.173450093617953,1.1745586191729152,1.0305538123558171,-0.23208675425286474,-0.3490320824906513,3.1700000000000004,345600000.0,3311040000.0,0.13748530493925815,,1.0,-0.590439276485788,0.37675130489384245,2.47069728280538,1.3889684537674956,2.489795918367347,-0.035958950553865554,8402331827.927837,0.3728969082076427,0.5617807072609332,2.5376714953391795,8.440411279636644,24.312302742846754,0.006958911341851559,1.0553564913519868,0.042722002774454954,1.0666954493041216,2018-09-30,,,-0.25423504316073986,0.5771468173991166,1.6378684777716006
ALV,Autoliv,Consumer Discretionary,2018-12-31,2018-01-31,2018-01-31,72.42397176132184,38.03868457664011,72.42397176132184,-0.4747777061716637,11,11,70.2300033569336,115.43948364257812,-0.39162926634028783,63493770.94049605,0.054890089274281406,-0.0803700752147094,-0.09971645844058172,0.020979508695651017,-0.162286886853662,-0.1904527333701457,0.24318216418022298,-0.06905620562354642,-0.09778732051394434,0.36739707348214923,-0.18539613108241437,-0.2236082953214774,0.5657243869213033,-0.43316708752373434,-0.5771718943408324,-0.11571105342969601,-0.43344311131170776,,344000000.0,8644100000.0,-0.15726514058417507,0.026818696004724973,1.0,,0.5204236006051437,,,,-0.2853862248738841,6120044193.092834,0.3983050847457627,0.30508474576271183,0.7080024748779902,7.279253383887084,,,,-0.0003802207230043287,0.9972731086561321,2018-09-30,,,0.06164017696229923,0.053549883323136094,0.13911557144930192
AMP,Ameriprise Financial,Financials,2018-12-31,2017-12-31,2018-01-31,71.73174792905014,36.64083500210644,71.73174792905014,-0.4891964010364297,12,11,104.37000274658205,183.8999938964844,-0.43246326149781744,138202078.66276333,0.23593378173608737,0.10067361724709656,0.08132723402122424,0.409811337698633,0.22654494214931997,0.19837909563283626,0.6396279374350602,0.3273895676312908,0.29865845274089287,0.9645260621803351,0.4117328576157715,0.37352069337670846,2.102339403792114,1.1034479293470765,0.9594431225299784,-0.015138798610790483,-0.20817123610919197,11.620000000000001,1736000000.0,12805000000.0,0.06948968512486431,0.01681528662420373,1.0,0.08801498127340834,,1.1290540540540541,,1.1472457627118644,-0.060879184779140116,15592626916.356836,0.17692307692307693,0.11325492689129053,1.2176983144363012,,8.981927947210158,0.023172193367958505,1.0231721933679585,,,2018-09-30,,,0.4226816288993731,0.4605526743041106,1.3089271802411684
APTV,Aptiv,Consumer Discretionary,2018-12-31,2018-01-31,2018-02-28,75.37056305687585,38.54167705875568,75.37056305687585,-0.4886375330688255,11,10,61.56999969482422,103.2300033569336,-0.40356487752948644,186884464.40461174,0.2946750315276798,0.159414867038689,0.1400684838128167,0.3201441362219253,0.13687774067261227,0.10871189415612856,0.5588950995982147,0.2466567297944453,0.21792561490404738,1.1440981796653071,0.5913049751007435,0.5530928108616805,1.7144754502813089,0.7155839758362712,0.5715791690191732,-0.04320277663546035,-0.51914536368118,,1076000000.0,14239000000.0,-0.1748377375985165,0.06341283046773905,1.0,,,,,,-0.17707164546812948,16260479300.203857,0.27906976744186046,0.27906976744186046,1.141967785673422,,,,,0.03650904033379694,1.2292576419213974,2018-09-30,,,0.494201571766504,1.096884698473605,1.628052147245043
BLDR,Builders FirstSource,Industrials,2018-12-31,2017-12-31,2018-01-31,72.66042127588709,38.16482758476934,72.66042127588709,-0.4747508077353437,12,11,10.90999984741211,23.280000686645508,-0.5313574086932655,19495845.20066579,0.22273147013399686,0.08747130564500605,0.06812492241913373,0.5453712966229614,0.36210490107364834,0.33393905455716466,1.3290559305955858,1.0168175607918164,0.9880864459014185,2.740605127778374,2.1878119232138102,2.1495997589747473,6.8560953513490075,5.85720387690397,5.713199070086872,-0.03208060794596901,-0.17506873273377432,0.9400000000000002,110469000.0,7687730000.0,0.13018587270966875,0.08380114358515067,1.0,0.2368421052631582,0.3217931090733253,1.500193393672159,1.1067223748178523,1.5,0.01618287806910268,1282145503.3444343,0.269644584139265,0.21489031063499145,0.16677816512083987,7.050256751436474,11.60638281639586,0.03216332812937184,1.0342412311963165,-0.0011993210413952463,0.9905121331418237,2018-09-30,TTM net income jumped 1.50x in one quarter,,0.9950565116071788,1.8737873606949604,5.2198607934538925
CBT,Cabot Corp,Materials,2018-12-31,2018-01-31,2018-01-31,70.88703232115392,36.78491102973814,70.88703232115392,-0.48107700625575656,11,11,42.93999862670898,68.62999725341797,-0.37432609142978734,24267963.446275014,-0.023742370530284274,-0.15900253501927508,-0.1783489182451474,0.12838507687616674,-0.05488131867314627,-0.08304716518962998,0.1424604657074917,-0.1697779040962777,-0.1985090189866756,0.11777945608442297,-0.4350137484801406,-0.47322591271920367,0.4352816363941836,-0.5636098380508541,-0.7076146448679521,-0.12231451435984153,-0.5148052161721346,-1.85,-113000000.0,3242000000.0,0.19322782480677225,0.12691829116549158,1.0,-1.486842105263158,-0.7243589743589743,0.26556016597510373,1.2682926829268293,0.2526315789473684,-0.03689581697880462,2622821537.739521,0.7062607089879817,0.6033471074380166,0.8090134292842446,10.4977755335722,,0.04077046548956664,1.050236008091706,0.001104158998895841,1.0159574468085106,2018-09-30,,,-0.027541877285389593,-0.205175392900867,-0.009697385935922342
CCL,Carnival Corporation,Consumer Discretionary,2018-12-31,2017-08-31,2018-01-31,76.38251654524353,39.27123684682204,76.38251654524353,-0.48586091918612584,16,11,49.29999923706055,72.69999694824219,-0.3218706835413069,238985927.52954996,0.037619070179966574,-0.09764109430902423,-0.11698747753489655,-0.03855602672115244,-0.22182242227046545,-0.24998826878694916,0.07368568487448002,-0.23855268492928938,-0.2672837998196873,-0.5371343575138581,-1.0899275620784217,-1.1281397263174848,-0.5700435065234108,-1.5689349809684485,-1.7129397877855466,-0.16642161296830238,-0.8333170870271421,4.470000000000001,3205000000.0,18684000000.0,0.08716397067380433,0.0631611506340859,1.0,0.21467391304347827,0.9653614457831325,1.1337106473293244,1.1373758136348064,1.1403061224489799,-0.01103139705315126,35348209743.79844,0.17865932507404161,0.155758561715263,1.8918973316098502,8.253053832667378,11.029082603369249,0.017480803790230315,1.0251856082238722,0.0,1.0,2018-08-31,,,-0.032023658845550806,-0.6885995965587965,-0.7671831530342961
DGX,Quest Diagnostics,Health Care,2018-12-31,2017-06-30,2017-07-31,79.0344172126922,38.33317754555429,79.0344172126922,-0.5149812082197738,18,17,83.2699966430664,116.48999786376952,-0.2851747088153662,126276745.7805694,0.08663366045137044,-0.048626504037620366,-0.06797288726349268,0.2375235596180787,0.054257164068765684,0.026091317552281973,0.31130535138558124,-0.0009330184181881584,-0.029664133308586083,0.4963358604553316,-0.05645734410923198,-0.09466950834829502,1.212455537159292,0.21356406271425432,0.06955925589715628,-0.04011062499940421,-0.09889669299289605,6.190000000000001,863000000.0,7864000000.0,0.03012837306785432,0.017459682793549147,1.0,0.2976939203354301,0.7504347826086957,1.1471025260029717,1.0052447552447552,1.1530398322851154,-0.011848665464837205,11609371099.02525,0.6769230769230768,0.5102564102564102,1.4762679423989382,10.368277807736217,13.452341945568076,0.004214021197803675,1.050526884625777,0.08920618286612524,1.0982117104124602,2018-09-30,,,0.1990436791871924,0.2628737877738192,0.8607135259317016
EBAY,eBay Inc.,Consumer Discretionary,2018-12-31,2018-02-28,2018-02-28,71.57687332784835,39.08541414148457,71.57687332784835,-0.45393795056597364,10,10,28.06999969482422,46.9900016784668,-0.4026388871637918,413838820.7729309,0.3280682425056751,0.19280807801668431,0.173461694790812,0.4179573772515377,0.2346909817022247,0.20652513518574098,0.30585728191464656,-0.006381087889122838,-0.03511220277952076,0.8433318921972695,0.29053868763270585,0.2523265233936428,1.4665929070061945,0.4677014325611568,0.3236966257440588,-0.01816879437031005,-0.05471432370636098,-0.6399999999999999,-831000000.0,10576000000.0,0.13124398331372333,0.04974174713676183,1.0,-1.0962406015037593,-0.3768707482993197,-0.13508841909320568,1.0141280353200883,-0.14285714285714285,0.14806666334264107,36447140228.74833,0.45383478008645145,0.43665768194070076,3.4462122001464004,14.071058334625414,,0.05076999503229018,1.0618247940956251,0.07198630869611723,1.1462089941342604,2018-09-30,,,0.10141543811884338,0.42610064893481037,0.8765814802159034
EFX,Equifax,Industrials,2018-12-31,2016-07-31,2017-07-31,81.99176587317378,37.91932483706334,81.99176587317378,-0.5375227691068688,29,17,93.12999725341795,147.02000427246094,-0.36654880596502193,159184129.69316754,0.2770043450404678,0.14174418055147697,0.12239779732560466,0.46200502918155184,0.27873863363223883,0.25057278711575515,0.5231137196654383,0.2108753498616689,0.18214423497127097,1.1170932430862766,0.564300038521713,0.5260878742826499,2.235799167012241,1.2369076925672033,1.0929028857501053,-0.026200022430879488,-0.026200022430879488,3.6799999999999997,446500000.0,3415200000.0,,,1.0,-0.16930022573363435,0.7601293837248894,1.091635687732342,0.9843619434164975,1.090293453724605,-0.0009318934863423722,11299604286.31824,0.7881355932203389,0.6144067796610169,3.308621540852143,15.32971454255098,25.30706447103749,-0.00017565431231336692,1.0099637142347273,,1.0009072352007258,2018-09-30,,,0.35901899134317444,0.7440180255645477,1.6105270145710553
EME,Emcor,Industrials,2018-12-31,2016-12-31,2018-01-31,79.98739503748342,39.40115145804232,79.98739503748342,-0.5074079929771649,24,11,59.68999862670898,85.08000183105469,-0.29842504299380745,29076877.556210473,0.225870940772122,0.09061077628313119,0.07126439305725887,0.4793635602502091,0.2960971647008961,0.2679313181844124,0.45184155702035556,0.13960318721658616,0.11087207232618823,0.5458397389291514,-0.006953465635412215,-0.045165629874475255,1.1630434368104163,0.16415196236537866,0.020147155548280615,-0.027474826362087867,-0.29529385455591295,4.4,258764000.0,7913962000.0,0.03798867938980566,0.03319219241275628,1.0,0.22562674094707513,0.7629892818705863,1.0611403470621494,1.0211073713482441,1.0653753026634383,-0.01650479105235436,3510368819.2367544,0.5188903592858395,0.4170385074339877,0.44356654975557813,9.112409788447337,13.565908778797494,0.02068173716377575,1.0233268729945826,3.619993064303143e-05,1.000190421784252,2018-09-30,,,0.17136254477452761,-0.077217281269088,0.11069996264856208
EWBC,East West Bancorp,Financials,2018-12-31,2018-01-31,2018-05-31,74.14275848306866,35.856288803601785,74.14275848306866,-0.5163885248241745,11,7,43.52999877929688,73.9800033569336,-0.41159777231590056,54973619.73682585,0.10705843889503908,-0.028201725593951732,-0.04754810881982405,0.0850955094600585,-0.0981708860892545,-0.12633673260573822,0.14342989463234335,-0.16880847517142605,-0.19753959006182398,0.22610943822008833,-0.32668376634447527,-0.3648959305835383,0.937054835326719,-0.061836639118318715,-0.20584144593541676,-0.1205915859156742,-0.467459245807897,4.22,615581000.0,54420000.0,,,1.0,0.15934065934065944,,1.1033026084295876,,1.1002785515320335,-0.000912428839949464,6349819947.525677,0.15873015873015872,0.10582010582010581,116.6817336921293,3.8522780416118443,10.31516558751111,-0.00986135875695937,1.0173814856635137,,1.0,2018-09-30,,,-0.11216145707100156,-0.24687691863387168,0.290747939144793
FDX,FedEx,Industrials,2018-12-31,2018-01-31,2018-01-31,79.35368936249822,35.11799938118513,79.35368936249822,-0.5574496956182915,11,11,130.0,221.32151794433597,-0.412619246391144,469327591.1392602,0.1287096236665255,-0.006550540822465312,-0.025896924048337627,0.02552489637967903,-0.15774149916963398,-0.1859073456861177,-0.04777771755953253,-0.36001608736330193,-0.38874720225369985,0.6594532848423666,0.10666008027780305,0.06844791603874001,0.6714075053144848,-0.3274839691305529,-0.47148877594765093,-0.1360148245520213,-0.43867997391947733,14.794520547945204,4971000000.0,68716000000.0,0.1023662468917943,0.12870516233001972,1.0,0.6906077348066295,0.9896476209436592,1.5120216728750424,1.0205338809034907,1.5092081031307545,-0.00427946322450401,43680361111.111115,0.18289085545722714,0.112094395280236,0.6356650723428476,7.105415437263383,8.787037037037038,0.022483446172159915,1.0477505645301373,0.0006256517205422315,1.0056776823409521,2018-11-30,TTM net income jumped 1.51x in one quarter,,-0.2135774094758632,0.37967668952766387,0.2782496532691909
GD,General Dynamics,Industrials,2018-12-31,2017-05-31,2018-03-31,78.49866834829002,39.78087054469637,78.49866834829002,-0.4932287211778805,19,9,157.2100067138672,230.0,-0.31647823167883826,317448965.14354885,0.08293269328234931,-0.052327471206641496,-0.07167385443251381,0.1702020416742882,-0.013064353875024803,-0.041230200391508515,0.1479521685534524,-0.164286201250317,-0.19301731614071493,-0.002889983572029853,-0.5556831881365935,-0.5938953523756565,0.4335948455491625,-0.5652966288958752,-0.7093014357129732,-0.03034128203672004,-0.3417720768285064,10.23,3072000000.0,,,0.006886740599437502,1.0,-0.02941176470588225,0.725897920604915,,,,-0.019792223880176874,47209104655.42522,0.7384615384615385,0.6249313186813187,,12.674813909648325,15.367547088354563,,,0.32207308458030953,1.827352965437598,2018-09-30,,,-0.014583652292011279,-0.335110830266212,-0.09439331174502164
IPGP,IPG Photonics,Information Technology,2018-12-31,2017-11-30,2018-01-31,89.59481377413366,39.408621012042104,89.59481377413366,-0.5601461808783901,13,11,113.29000091552734,264.1099853515625,-0.5710499140548413,104231987.08034697,0.3397475289321332,0.20448736444314242,0.1851409812172701,0.36154999341039584,0.17828359786108283,0.15011775134459912,0.2791949598182306,-0.033043409985538785,-0.06177452487593671,0.9753728614849055,0.42257965692034194,0.3843674926812789,0.519463306545487,-0.4794281678995507,-0.6234329747166487,-0.05093127571570277,-0.13461029108271338,6.93,381424000.0,1490878000.0,0.12268713924794139,0.3983213257546241,1.0,0.01911764705882346,0.6626315972342866,1.0902984344704183,1.0847700498971549,1.0864779874213837,0.012111901427458882,6235429337.54749,0.022195762349636685,0.022104170482994442,4.182387383506558,7.9055540468593275,16.347763479874075,-0.023749514617780743,1.1074752182718748,0.04133423195816123,2.1501791588961296,2018-09-30,,,0.15596285330151258,0.794730882946892,0.27205637074019073
KNX,Knight-Swift,Industrials,2018-12-31,2018-01-31,2018-01-31,79.32267538552291,36.29288035421221,79.32267538552291,-0.5424652512308482,11,11,25.06999969482422,51.93999862670898,-0.5173276789050099,76067620.46920533,0.3058803921084472,0.1706202276194564,0.15127384439358407,0.31508901454356875,0.13182261899425574,0.10365677247777202,0.4401468349012734,0.12790846509750398,0.09917735020710605,0.6942265241117065,0.1414333195471429,0.10322115530807985,1.4874861107681672,0.4885946363231295,0.34458982950603145,-0.0167527115804621,-0.0167527115804621,,,,,,,,,,,,,,,,,,,,,,8.512385699808668,,,,0.31789671141235304,0.467491621155401,1.1350735186712708
LH,Labcorp,Health Care,2018-12-31,2018-01-31,2018-01-31,73.81280235575953,35.64944373818528,73.81280235575953,-0.5170289895462342,11,11,108.55670166015624,163.53952026367188,-0.33620508678799965,149264191.8575959,0.21066749478780245,0.07540733029881164,0.05606094707293932,0.3683125080137766,0.18504611246446356,0.15688026594797985,0.33879364589965144,0.02655527609588204,-0.002175838794515883,0.6108738333238215,0.0580806287592579,0.019868464520194862,1.4866251272013327,0.487733652756295,0.34372884593919695,-0.03236785846359769,-0.22427968555540012,12.079037800687288,1454700000.0,11424000000.0,0.1340646250062043,0.05881920137903496,1.0,0.9609483960948397,1.033461210571185,1.7004558862965942,1.0291527931927489,1.702928870292887,-0.005316543625812464,13073676604.93983,0.35384615384615387,0.14615384615384616,1.1444044647181224,9.478127404646584,8.98719777613242,0.018717507423689828,1.041622770892792,0.1517546036630764,1.1555944589766818,2018-09-30,net income 1.03x operating income,,0.22245919823765276,0.3814246104970951,1.1530702363100873
PKG,Packaging Corporation of America,Materials,2018-12-31,2018-01-31,2018-01-31,81.81039372170285,37.33575290849426,81.81039372170285,-0.5436306903068999,11,11,83.45999908447266,131.1300048828125,-0.363532403136424,110316395.5254691,0.2001316569263727,0.06487149243738188,0.04552510921150957,0.16069895639543796,-0.022567439153875046,-0.05073328567035876,0.3835055015596831,0.0712671317559137,0.04253601686551578,0.7597504092397549,0.2069572046751913,0.16874504043612826,0.7870240766797949,-0.21186739776524277,-0.3558722045823408,-0.019050993898956037,-0.11406183278172222,8.48,802300000.0,6952400000.0,0.114666837683576,0.09553334621397092,1.0,0.5703703703703704,0.7773471562833059,1.3099529780564263,1.067767457860337,1.3092592592592591,0.000976851304193671,7896221375.645331,0.2457627118644068,0.20056497175141244,1.1357547574428013,7.192498484984547,9.841981024112341,0.025049760412827027,1.033300198807157,0.034582825626883855,1.2060368707612952,2018-09-30,,,0.15217257261824177,0.2602351655173823,0.0064331487045322655
PVH,PVH Corp.,Consumer Discretionary,2018-12-31,2018-01-31,2018-04-30,75.01016367444691,34.780649322355984,75.01016367444691,-0.5363208448216676,11,8,92.9499969482422,169.22000122070312,-0.45071506749953694,137281131.37869456,0.31242691368901787,0.17716674920002706,0.15782036597415475,0.01888138662316874,-0.16438500892614427,-0.19255085544262798,0.13306013718399723,-0.17917823261977217,-0.2079093475101701,0.0128837921736622,-0.5399094123909014,-0.5781215766299644,0.1509050553526654,-0.8479864190923723,-0.9919912259094703,-0.2742731888470532,-0.6936213019733604,8.85,692300000.0,9504200000.0,0.12998608947912826,0.038462944236649976,1.0,0.3169642857142856,0.850073673870334,1.2709832134292567,1.2073055028462998,1.2800000000000002,-0.008153501758874082,7271105410.990744,0.04785788923719958,0.04785788923719958,0.7650412881663626,8.480879507703008,10.502824513925672,0.0285485476819185,1.0458961002393354,0.018747946876906472,1.0457172283572695,2018-08-05,,,-0.0051984489623554675,-0.19893500211114223,-0.14716749473027918
SEIC,SEI Investments Company,Financials,2018-12-31,2018-01-31,2018-03-31,81.34552069979124,36.636024696079524,81.34552069979124,-0.5496245597678798,11,9,46.20000076293945,78.3499984741211,-0.4103382046880415,41480391.49404253,0.13095220128645124,-0.0043079632025395664,-0.023654346428411882,0.22166520444575766,0.03839880889644465,0.010232962379960936,0.4335339227674615,0.1212955529636921,0.09256443807329418,0.2744585312634955,-0.2783346733010681,-0.31654683754013113,0.3685364911243949,-0.6303549833206428,-0.7743597901377408,-0.043722988586396894,-0.22477967840658875,3.16,511978000.0,1627329000.0,0.0942653127506905,0.08698795145497651,1.0,0.3859649122807023,1.1479610483666638,1.1263659496178184,1.0574363134346407,1.1244979919678713,-0.00392106882114418,7485248098.293739,0.2909604519774011,0.21751412429378533,4.599714070291711,14.212303249731782,14.620253405993497,0.014123820236622509,1.0298804102316854,0.010952544577085055,1.2016041192197247,2018-09-30,net income 1.15x operating income,,0.2886430993175966,-0.011847679712165993,-0.07909089038240796
STLD,Steel Dynamics,Materials,2018-12-31,2018-02-28,2018-05-31,77.98434295765098,38.06545648964874,77.98434295765098,-0.5118833467594899,10,7,30.040000915527344,52.09999847412109,-0.42341647225865664,111089272.4102323,0.18229281385883334,0.04703264936984253,0.027686266143970212,0.020361411296913712,-0.1629049842523993,-0.191070830768883,0.16778015033656746,-0.14445821946720194,-0.17318933435759987,0.31326868500990734,-0.23952451955465626,-0.2777366837937193,1.2511966793709917,0.252305204925954,0.10830039810885594,-0.16096431374061326,-0.4860943368891839,5.4399999999999995,1293108000.0,11254426000.0,0.23499749915339918,0.22197008431311094,1.0,1.5069124423963132,0.8327572782896479,1.5392238930343547,1.2240516352944744,1.5483870967741935,-0.02311090878910549,7140618658.800687,0.2271667726213181,0.21949602122015918,0.6344720431589036,4.563498410617991,5.5220589918248795,0.07448401371705371,1.1047489345591928,0.01135037596097143,1.1626264881420314,2018-09-30,TTM net income jumped 1.54x in one quarter,,-0.08760164059003345,-0.23656700279605236,0.3516171617822955
STZ,Constellation Brands,Consumer Staples,2018-12-31,2016-01-31,2018-04-30,89.71010856379998,36.721858461285116,89.71010856379998,-0.5906608625362515,35,8,160.82000732421875,236.6199951171875,-0.3203448117536658,451669382.1880038,0.09484938561711376,-0.04041077887187705,-0.05975716209774937,0.2342606290945184,0.05099423354520538,0.02282838702872167,0.19846370047647088,-0.11377466932729852,-0.14250578421769644,0.40713437008068243,-0.14565883448388117,-0.1838709987229442,0.6339188862887979,-0.3649725881562398,-0.5089773949733378,-0.06497951801606983,-0.3388911405208517,,3312100000.0,8668900000.0,0.05740214434699875,0.052589007151385925,1.0,,1.3820571667014396,1.2565839384415303,1.0281462026701684,,,,,,,,,0.0266586134204978,1.0266586134204978,0.07235646414500567,1.0549345730346444,2018-08-31,net income 1.38x operating income,,-0.0067691006552434985,-0.11856058823283855,-0.3695944765148049
TSN,Tyson Foods,Consumer Staples,2018-12-31,2016-03-31,2017-11-30,84.21338273342224,38.947035767382836,84.21338273342224,-0.5375196375774405,33,13,53.400001525878906,84.6500015258789,-0.36916715223503405,164941546.65538242,0.308144079909187,0.1728839154201962,0.1535375321943239,0.528753772664448,0.345487377115135,0.3173215305986513,0.7390856028401025,0.4268472330363331,0.39811611814593517,0.26352991473673404,-0.28926328982782956,-0.3274754540668926,0.7496403574040655,-0.24925111704097214,-0.3932559238580702,-0.01086137870975068,-0.18197626970271763,8.19,3024000000.0,40052000000.0,0.04683742812336633,0.03739052628724826,1.0,0.7098121085594988,0.9898527004909984,1.585118376550169,1.0505502063273728,1.5866388308977037,-0.003035296158182099,19716923640.32452,0.5050898245286373,0.38362089797496496,0.49228312294828025,7.352037021144564,6.520146706456521,-0.003632021493606641,1.0273653946680605,0.12527443805541036,1.4094831268688595,2018-09-29,TTM net income jumped 1.59x in one quarter,,0.5741090970598557,-0.05053011488138759,0.24994155726982714
UFPI,UFP Industries,Industrials,2018-12-31,2016-08-31,2016-08-31,75.21869683244715,39.121197391839715,75.21869683244715,-0.4799006225940893,28,28,25.959999084472656,39.58000183105469,-0.34411324195280113,12585584.39738864,0.15138677272195888,0.016126608232968076,-0.0032197749929042396,0.47496335426946845,0.29169695872015544,0.26353111220367176,0.8559975346833693,0.5437591648795999,0.5150280499892019,1.182400992293156,0.6296077877285924,0.5913956234895293,2.646058769345798,1.6471672949007605,1.5031624880836625,-0.030431505347373933,-0.030431505347373933,2.4099999999999997,149211000.0,4547231000.0,0.1858191372150182,0.2636883714339382,1.0,0.3564727954971856,0.7339340786904276,1.098492201619921,1.0572880216455702,1.0979381443298968,0.00780834343968051,1607268640.4121368,0.056603773584905655,0.056603773584905655,0.35346096127778354,6.834532907869244,10.771783852478283,0.0364801036473037,1.0866258473361432,0.0030005150371283096,1.0459945634793733,2018-09-29,,,0.6947005812166751,0.8102553349350494,1.9606823092848504
URI,United Rentals,Industrials,2018-12-31,2018-01-31,2018-03-31,78.90663103343707,39.99390825686916,78.90663103343707,-0.4931489567724473,11,9,102.52999877929688,190.7400054931641,-0.46246201202415593,260909386.48985606,0.11430803531400047,-0.02095212917499034,-0.04029851240086266,0.2935729020640647,0.11030650651475171,0.082140659998268,0.6265483267157204,0.31430995691195096,0.28557884202155304,1.2618744469433554,0.7090812423787918,0.6708690781397287,2.240905445323839,1.2420139708788012,1.0980091640617031,-0.03442896491165448,-0.42602162009006805,19.810000000000002,1683000000.0,7663000000.0,0.22765139378404364,0.08330440819160012,1.0,1.8099290780141843,0.9097297297297298,2.2358803986710964,1.0817610062893082,2.2312056737588652,-0.005070595910317444,8710650577.766613,0.2663491481956402,0.19716675825853333,1.1367154610161312,8.778082783763063,5.175668792493532,0.04785997538629827,1.0639218199295097,0.1994553027875681,1.3141559424678273,2018-09-30,TTM net income jumped 2.24x in one quarter,,0.19615957546209345,0.2871433124641334,0.6924374731304654
WAL,Western Alliance Bancorporation,Financials,2018-12-31,2017-02-28,2018-05-31,74.66669603097984,34.68492470336247,74.66669603097984,-0.535469941123799,22,7,39.4900016784668,64.05999755859375,-0.3835466252969104,49966364.13296896,0.03925041642594307,-0.09600974806304774,-0.11535613128892006,0.13243835742818932,-0.050828038121123686,-0.0789938846376074,0.4590149677069486,0.1467765979031792,0.11804548301278128,0.5723520176054933,0.019558813040929657,-0.018653351198133383,1.8573094355565032,0.8584179611114655,0.7144131542943675,-0.02380343034942156,-0.46270955489037047,3.8499999999999996,406048000.0,,,,1.0,0.3230240549828176,,1.0846656753468595,,1.0838709677419356,0.003016503343969301,4164892519.8800225,0.14285714285714285,0.07142857142857142,,5.724951613344652,10.25714329310826,,,,0.9986731166090461,2018-09-30,,,0.22589579177165986,0.14496350731225294,1.3347371183763277
WLK,Westlake Corporation,Materials,2018-12-31,2018-01-31,2018-05-31,80.42732433708755,39.49090324069843,80.42732433708755,-0.5089864848023057,11,7,66.16999816894531,124.3000030517578,-0.4676589175835135,60361806.89731174,0.029024860941857744,-0.10623530354713306,-0.12558168677300538,0.0576560953457379,-0.1256103002035751,-0.15377614672005882,0.0772320123982495,-0.2350063574055199,-0.2637374722959178,0.27670972403531247,-0.27608348052925114,-0.3142956447683142,0.5388927481445105,-0.4599987263005272,-0.6040035331176252,-0.14609930332387455,-0.5529356755644418,12.820000000000002,1675000000.0,8650000000.0,0.11385160097174207,0.7947239707865097,1.0,1.7748917748917754,1.0655216284987277,2.1704610898244656,1.2078312131797602,2.1645021645021645,0.004715668075585544,8645456079.015865,0.13622763631922818,0.08276851682237284,0.999474691215707,4.790376003193384,5.161466315830367,0.01716839134524939,1.1906092772747907,0.08142062049646619,1.6830506643621044,2018-09-30,net income 1.07x operating income,,-0.13463157483093718,-0.17385371605687455,-0.13828229406913062
XPO,"XPO, Inc.",Industrials,2019-02-28,2018-03-31,2018-09-30,83.72573219177832,38.55322625025334,83.72573219177832,-0.5395295419818475,11,5,17.413745880126953,40.21243667602539,-0.5669562125662231,245391284.18766534,0.03455808209977462,0.042443524474226835,0.06005173185798661,0.4073485364111311,0.3481882373907874,0.36230566946706766,0.46911614229330767,0.3859029584398759,0.4266691070110459,1.3157894275658069,0.899110785833946,0.8435497692339072,1.4799252296157492,0.8319868695202415,0.7627140858122143,-0.09175768892654812,-0.23594835077763876,0.9960593402351945,422000000.0,17279000000.0,0.12339899876470972,0.040497024851242625,1.0,1.360655737704918,0.5994318181818182,1.2480204342273309,1.0801029678982434,1.232974910394265,0.08014434373950996,7377673663.175917,0.3142721476054809,0.21585944919278252,0.4269734164694668,7.848361734630927,17.482639012265206,0.01141418871458666,1.0423769585852676,-0.004944999495408215,0.9873133684301372,2018-12-31,,,0.06108989768655948,0.5099171406800795,0.20158546806025712
JBHT,J.B. Hunt,Industrials,2019-05-31,2018-05-31,2018-05-31,74.051402706696,37.59123842763572,74.051402706696,-0.49236291206356053,12,12,85.13999938964844,131.74000549316406,-0.35372706968600875,115050320.41542417,0.2721999148958727,0.20462128611810515,0.2015507333260358,0.3644146478996151,0.21173850773000047,0.1982610173609836,0.4194570387304155,0.29133530090465887,0.356230475994648,1.0509313849648927,0.4688622473882882,0.3020904779193748,1.079385864734578,0.5036294546771845,0.33234230783821994,-0.10936940656980942,-0.10936940656980942,4.449999999999999,491044000.0,8756256000.0,0.1661550570641479,0.09672991624232563,1.0,-0.2799352750809062,0.722086363201894,1.0766463874317196,1.079601232001567,1.0774091627172195,-0.006293138803354803,9394940642.761917,0.17615176151761516,0.10569105691056911,1.0729403803134487,9.402249578874095,19.13258413250527,0.016411383381811584,1.054884929458072,0.012760571984297248,1.8724383540800897,2019-03-31,,,0.25444347187583294,0.7341646975789801,0.5853538548189487
LYB,LyondellBasell,Materials,2019-05-31,2018-01-31,2018-01-31,71.7405981192591,36.764253212022766,71.7405981192591,-0.48753907583949696,16,16,74.25,121.9499969482422,-0.39114389620269485,211984479.6684265,0.05595216487861521,-0.01162646389915234,-0.014697016691221712,0.29457899913975294,0.14190285897013832,0.12842536860112144,-0.09462783728102842,-0.22274957510678506,-0.1578544000167959,0.6835416448541567,0.10147250727755219,-0.06529926219136117,0.7859251627691883,0.2101687527117948,0.038881605872830294,-0.5213284238264444,-0.5213284238264444,11.09,4276000000.0,38015000000.0,0.06124898802378498,0.16038224813735025,1.0,-0.16991017964071853,0.8994530921329407,1.0986631519487855,1.0085306406685237,1.1062874251497008,-0.030079123597875013,28628764652.840397,0.16475095785440613,0.10727969348659004,0.753091270625816,5.881316824998404,6.695220919747521,-0.025356373705261004,1.0503336031936574,0.04745819491359817,2.622137404580153,2019-03-31,,,-0.13987189120127447,0.5935767307458193,0.6552905824252029
MMM,3M,Industrials,2019-05-31,2017-11-30,2018-01-31,81.30073366289243,37.11636311202182,81.30073366289243,-0.5434682881716404,18,16,133.5702362060547,217.1989898681641,-0.38503288488068277,586930214.8799516,0.021595544259538357,-0.04598308451822919,-0.04905363731029856,0.08173212881047554,-0.07094401135913908,-0.08442150172815596,0.015799399326797747,-0.1123223384989589,-0.047427163408969755,0.36290626065711096,-0.21916287691949354,-0.3859346463884069,0.038203836243831946,-0.5375525738135616,-0.7088397206525261,-0.26678523438779966,-0.26678523438779966,7.876254180602008,5638000000.0,32350000000.0,0.0031007751937983663,0.05141319871134886,1.0,0.18789407313997497,0.7685387131952017,1.1820994475138122,1.0356475492309904,1.1916890080428952,-0.02301061396309123,95612581115.5801,0.5604938271604937,0.4962962962962963,2.955566649631533,12.30640593348986,16.9585989917666,-0.012665954524645251,1.0213253323009421,0.07429636415326785,1.2080311339111975,2019-03-31,,,-0.1128713693595193,0.10606027068245771,-0.2972041024924199
MPC,Marathon Petroleum,Energy,2019-05-31,2018-01-31,2018-04-30,72.4468344447125,37.96707117948621,72.4468344447125,-0.47593195105770114,16,13,45.9900016784668,88.44999694824219,-0.48004518637373705,416091545.89768666,0.08200982066821139,0.01443119189044384,0.011360639098374467,0.3443680724720919,0.19169193230247727,0.1782144419334604,-0.19985577621320438,-0.327977514038961,-0.26308233894897187,0.48008036592530967,-0.10198877165129483,-0.2687605411202082,1.5175453363172449,0.9417889262598513,0.7705017794208868,-0.6582932939519954,-0.6582932939519954,5.19,2736000000.0,105137000000.0,0.37107795832137924,0.17110482481786438,1.0,-0.22537313432835815,0.47172413793103446,1.1663274207618495,1.1921677723090092,1.194940476190476,0.029144266138485753,24244440191.191746,0.3979597463468431,0.34005204025365315,0.23059855418351052,5.930473469783636,8.861271999704584,0.09803655352480423,1.1333641087556077,0.2245897657346432,5.641104294478527,2019-03-31,,,-0.5008929185357156,-0.157345357021081,0.42080102131626895
TSLA,"Tesla, Inc.",Consumer Discretionary,2019-05-31,2017-06-30,2017-06-30,72.35420716391026,37.14754837614239,72.35420716391026,-0.4865875830552766,23,23,12.343999862670898,25.974000930786133,-0.5247555470732289,2772598963.4694824,0.21845971707146572,0.15088108829369817,0.14781053550162881,0.7819183842049775,0.6292422440353629,0.615764753666346,3.5096134605908613,3.3814917227651047,3.446386897855094,15.883235928861335,15.30116679128473,15.134395021815818,19.475804376858346,18.90004796680095,18.728760819961987,-0.044124048121924275,-0.044124048121924275,-0.37533333333333324,-968675000.0,22593981000.0,0.8116879711643565,0.45873384117677185,0.0,,,,,,0.027628018564178403,31857879396.907818,0.24242424242424243,0.24242424242424243,1.4100162072769653,46.591950141444926,,0.052779407069517115,1.2806024829460243,-0.00022219136008375115,0.992097555689275,2019-03-31,,,2.714888341402432,13.44747320644859,15.463716272332496
WAB,Wabtec,Industrials,2019-05-31,2018-07-31,2018-07-31,70.34964027889723,38.61522973668248,70.34964027889723,-0.451095562342685,10,10,62.380001068115234,115.4000015258789,-0.45944540517075927,163460959.41848755,0.11126089523187632,0.043682266454108776,0.0406117136620394,0.26348200619371376,0.11080586602409914,0.09732837565508226,-0.014246523994101978,-0.14236826181985862,-0.07747308672986948,0.344445937182275,-0.2376232003943295,-0.40439496986324286,0.5436600936444196,-0.032096316412973946,-0.20338346325193846,-0.4352035728788929,-0.4352035728788929,2.09,202106000.0,4900987000.0,0.21857535457752664,0.3242944498954008,1.0,-0.2316176470588236,0.4935855323409815,1.07034922128185,1.052406467171571,1.0702341137123745,0.0029242026310436486,6032235643.958133,0.6585365853658537,0.6395663956639567,1.2308205763365896,19.16718716323465,29.846890463213033,0.12316585566741911,1.123165855667419,2.377501058799162,3.815730035406843,2019-03-31,,,-0.22079658523843113,-0.10657663753319929,-0.15746868879243092
ABBV,AbbVie,Health Care,2019-07-31,2018-01-31,2018-01-31,83.47178087603145,38.94550045072306,83.47178087603145,-0.5334291416573085,18,18,66.62000274658203,125.86000061035156,-0.4706816905807105,682609759.7624763,0.21149752933907462,0.18695144853354617,0.1910348770940321,0.25055499967241923,0.1585167660961777,0.18176635350606954,0.5049438769046688,0.38522454415469176,0.4719492389749467,0.935422421735074,0.40926326296215465,0.3125281208727486,1.486073621096478,1.0318264453072636,0.8699520410166297,-0.05944177523119665,-0.05944177523119665,3.5700000000000003,5360000000.0,32647000000.0,0.10249223287856268,0.1294530475246014,1.0,-0.10301507537688437,0.8258859784283513,1.1730500852845402,1.0456419316843346,1.193069306930693,-0.06353640029903207,100023309445.84865,0.48101265822784806,0.3544303797468354,3.063782566418006,18.87425465908223,18.661065195121015,-0.003236344762311827,1.0494754749078536,-0.014993921383223018,0.9879661751951431,2019-03-31,,,0.318205542865999,0.4832460387477463,0.7218740456710429
IDCC,InterDigital,Information Technology,2019-08-31,2016-12-31,2016-12-31,73.71189495325306,31.166038146823738,73.71189495325306,-0.5771911959855496,32,32,49.16999816894531,102.3000030517578,-0.5193548709468936,22085111.109966703,0.16300408778337094,0.08329332072795292,0.072947856026042,0.0899772673599395,0.06726787685943125,0.08942493715988012,0.27761308513972494,0.059342988637212546,0.16523950952770794,0.538565326841888,-0.059773422454685754,-0.21899569252864692,0.09363814130992854,-0.32502630266257193,-0.5712737315262308,-0.3603158467170068,-0.3603158467170068,0.8,27612000.0,294645000.0,-0.3589489761285213,-0.35489358357521006,1.0,-0.7790055248618784,1.081551116333725,0.8954759202205286,0.8797163621030166,0.9195402298850576,-0.0011647613718123173,1697102486.8011475,0.8915343915343915,0.8915343915343915,5.759821095898954,13.010691068831397,61.46249771118164,0.020977785170015695,1.0209777851700157,,,2019-06-30,net income 1.08x operating income,,0.022525477276630013,0.009407983724380897,-0.6959331042049054
MSM,MSC Industrial Direct,Industrials,2019-08-31,2017-01-31,2017-02-28,72.49805391294808,39.7623073679076,72.49805391294808,-0.45153965904171545,31,30,67.62000274658203,105.6999969482422,-0.36026485620720206,32676899.754103404,0.09639007644527542,0.0166793093898574,0.006333844687946469,-0.002082326858888539,-0.02479171735939678,-0.002634657058947919,0.08984174003074807,-0.12842835647176432,-0.022531835581268908,0.5036474263462378,-0.09469132295033589,-0.25391359302429706,0.467528352842989,0.048863908870488526,-0.1973835199931704,-0.27472586923468356,-0.27472586923468356,5.290000000000001,295274000.0,3359132000.0,0.07676117580648945,0.08357450101561348,1.0,-0.0519713261648741,0.7076295557813609,1.0444896012733011,1.0189246551114255,1.0482758620689656,-0.01733045338358019,3774372153.307043,0.00847457627118644,0.002824858757062147,1.1236153129162663,8.85493315783726,12.782609214854824,0.011503099582617082,1.028496293300237,0.023899055763394957,1.103255104104057,2019-06-01,,,-0.02727230073897345,0.29375505119143674,0.1679963407274081
UGI,UGI Corp,Utilities,2019-11-30,2017-05-31,2017-05-31,76.84121858303672,38.793001912316356,76.84121858303672,-0.4951537387398981,30,30,43.54999923706055,59.310001373291016,-0.265722504996057,69213845.39754353,-0.1662970528367197,-0.11350386201732676,-0.08595471184739453,-0.25539067463473597,-0.2340885920391469,-0.16216062326935934,-0.15299696768226523,-0.3271931323137237,-0.30610294775546404,0.017296046032935886,-0.48094173788859695,-0.6112646891977822,-0.011491922233218377,-0.37255113192083544,-0.6701166931463665,-0.49135506311370736,-0.49135506311370736,1.41,256200000.0,7320400000.0,-0.04323504809703049,0.25221460805615914,1.0,-0.6430379746835444,0.4151677199805542,0.9266187050359712,0.9746561385634234,0.9234042553191488,0.02634549443060097,7913127520.946747,0.8813131313131312,0.8813131313131312,1.080969280496523,12.457780248729579,30.886524281603226,-0.016485066706076745,1.0971917641325537,0.07059530165509877,1.1454580457083139,2019-09-30,,,-0.2670855273917354,-0.20050655919101948,-0.3074218215522593
FFIV,"F5, Inc.",Information Technology,2020-01-31,2018-09-30,2018-09-30,78.77614369712782,39.55724982283542,78.77614369712782,-0.4978524212238421,16,16,122.12000274658205,199.7100067138672,-0.3885133511534631,94882766.89207289,0.14035367978022428,0.2321758404765426,0.3015263941213641,0.11283975466736562,0.08749165024881922,0.15726301484211264,0.604569215043901,0.4328385016847762,0.29351599112409116,0.7001309404490532,0.25661907477628265,0.11939711830653332,0.20913855503694023,-0.11618863312435379,-0.46141064297910406,-0.3467081806012341,-0.3467081806012341,7.08,427734000.0,2242447000.0,0.03749409528145331,0.0341457416385611,1.0,-0.032786885245901676,0.8250039057753398,1.0936236055976671,1.027448007189046,1.1024590163934427,-0.025249768834777475,7377807521.865328,0.07010402532790593,0.04522840343735866,3.290069964581249,10.912866964010645,17.248587958556787,0.01249747151846159,1.0124974715184616,0.28607152655654394,2.1121509447537163,2019-09-30,,,0.3927747451191458,0.33658117279541133,-0.22436841625814613
GHC,Graham Holdings,Consumer Discretionary,2020-01-31,2019-04-30,2019-04-30,74.4098642567696,39.69843453051744,74.4098642567696,-0.4664896257097285,9,9,549.219970703125,756.260009765625,-0.2737683288670314,14115063.95108662,-0.28512875527547854,-0.19330659457916022,-0.12395604093433871,-0.26672908733998135,-0.29207719175852775,-0.22230582716523434,0.04941398108112449,-0.12231673227800033,-0.2616392428386854,0.11019355958993837,-0.3333183060828322,-0.4705402625525815,0.23200259752462093,-0.09332459063667309,-0.43854660049142336,-0.5109236177365061,-0.5109236177365061,44.62,238659000.0,2857708000.0,0.06523735823962173,0.05385275344829221,1.0,-0.42640442216223173,1.2573176128461248,1.1432748538011697,1.1187204028395095,1.1490039840637452,-0.029446340065332977,2937612931.152782,0.6456159604201134,0.4795971971380939,1.0279611951790673,13.329645175990581,12.308829464435792,0.02292839413900216,1.0296001382798206,0.03697362653092262,1.0606262308428591,2019-09-30,net income 1.26x operating income,,-0.09604502657619773,-0.18567250716717987,-0.2244918757553962
ALK,Alaska Air Group,Industrials,2020-02-29,2017-02-28,2017-02-28,70.36149900010622,38.48410756045661,70.36149900010622,-0.453051624718818,36,36,50.459999084472656,101.43000030517578,-0.5025140596209012,80547579.3377407,-0.32243362570274425,-0.3556799114331495,-0.3027197451296102,-0.22810143738339883,-0.41931969334005703,-0.323896913800732,0.2885453393334303,-0.019303072086523487,-0.17590060091063692,0.11256441554164853,-0.4087781831821946,-0.6625072903842085,-0.052120437993175894,-0.4552016308508391,-0.8705495987784331,-0.6032500828180922,-0.6032500828180922,4.92,611000000.0,8617000000.0,,,1.0,-0.24307692307692297,0.7129521586931156,1.2075098814229248,1.1707650273224044,1.2088452088452089,0.005249622857374181,6266475496.059511,0.3648383838383838,0.3203939393939394,0.7272224087338414,3.8802460967702896,10.256097374892816,0.020971563981042607,1.0209715639810426,,0.9995159728944821,2019-09-30,,,0.0751341878578827,-0.3269695805278418,-0.7610800563027064
DINO,HF Sinclair,Energy,2020-02-29,2018-05-31,2018-05-31,77.41827814389563,39.007672995753104,77.41827814389563,-0.4961438831893108,21,21,33.68000030517578,83.27999877929688,-0.5955811623576954,94031439.93698604,-0.05554471060841415,-0.08879099633881937,-0.03583083003528009,-0.27320718010390954,-0.46442543606056774,-0.3690026565212427,0.18205720098484846,-0.12579121043510533,-0.28238873925921876,-0.04979837229707351,-0.5711409710209167,-0.8248700782229306,0.5872051384278023,0.1841239455701391,-0.23122402235745487,-0.4881697916638269,-0.4881697916638269,,,,,,,,,,,,,,,,,,,,,,,,,,-0.07039707525585881,-0.5433451095112022,-0.08757545984718373
PSX,Phillips 66,Energy,2020-02-29,2018-07-31,2018-07-31,72.04037358298535,38.87347141463227,72.04037358298535,-0.46039325615305404,19,19,74.86000061035156,123.97000122070312,-0.39614422946500816,271470744.8592171,0.058698279338549764,0.02545199360814454,0.07841215991168382,-0.19767713607361082,-0.388895392030269,-0.293472612490944,0.17049449354554014,-0.13735391787441364,-0.2939514466985271,0.24264794373619702,-0.2786946549876461,-0.53242376218966,0.5745831098799477,0.17150191702228446,-0.24384605090530953,-0.46513462962779706,-0.46513462962779706,9.899999999999999,4580000000.0,107266000000.0,-0.043199029515917586,0.1677412634758606,1.0,-0.25113464447806355,,1.0161137440758294,,1.0277529095792302,-0.06669934504514086,34632202302.56669,0.4105263157894737,0.27048054919908465,0.32286281116632193,,7.561616223267836,-0.02339852143195309,1.0661319722931097,4.459945231872553e-05,1.0012094823415578,2019-09-30,,,0.00959854751094924,-0.02689000318187651,0.11064513527816677
RCL,Royal Caribbean Group,Consumer Discretionary,2020-02-29,2017-08-31,2018-01-31,75.75834201322195,38.32371570408594,75.75834201322195,-0.49413206934495235,30,25,80.41000366210938,135.64999389648438,-0.40722442108275425,293090847.8432913,-0.34852782905038804,-0.38177411478079326,-0.328813948477254,-0.13538969155221436,-0.32660794750887256,-0.23118516796954752,0.17144412195178527,-0.13640428946816852,-0.29300181829228195,0.013820014205888631,-0.5075225845179545,-0.7612516917199684,-0.11278198916934801,-0.5158631820270112,-0.9312111499546052,-0.7582255945152363,-0.7582255945152363,8.95,1878887000.0,10950661000.0,0.15344798511120206,0.08156945127192383,1.0,0.04556074766355134,0.9021395774045339,1.0394075532631362,1.060200486108175,1.0420932878270763,-0.007745976221510187,16880593357.618963,0.2196969696969697,0.20959595959595959,1.5415136453972014,8.313216934834696,8.984357951073674,0.017194849979318194,1.0473483372468417,0.16703457154205845,6.498273339389359,2019-12-31,,,-0.16567703485125462,-0.666736464896066,-1.1227652143694593
RGA,Reinsurance Group of America,Financials,2020-02-29,2017-11-30,2017-11-30,82.46188646881149,35.88185502418101,82.46188646881149,-0.5648674004353254,27,27,122.02999877929688,169.25999450683594,-0.27903814994884435,60606210.86062477,-0.2502183824709797,-0.28346466820138494,-0.23050450189784566,-0.2369314232588261,-0.4281496792154843,-0.33272689967615926,0.02987992186988553,-0.27796848955006825,-0.4345660183741817,-0.04264365619897603,-0.5639862549228192,-0.8177153621248331,0.27746482311938103,-0.12561636973828216,-0.5409643376658761,-0.5460951418064828,-0.5460951418064828,13.62,870000000.0,14300000000.0,0.11062233372974006,0.028755324582932174,1.0,0.23818181818181805,,1.1677711275971163,,1.171109200343938,-0.018438186350944186,7794867763.435263,0.36115819209039546,0.37966101694915255,0.5450956477926757,6.888380918342143,8.959618118891107,0.036718540775880104,1.03671854077588,0.0,1.0,2019-12-31,,,-0.10254402961781758,-0.3164589378017771,-0.16145049155905583
SWX,Southwest Gas Corp,Utilities,2020-02-29,2017-02-28,2017-02-28,72.855813647199,33.4566778255262,72.855813647199,-0.5407823185183456,36,36,64.68000030517578,92.94000244140624,-0.3040671550880031,26464284.40651061,0.18395504713941535,0.15070876140901013,0.2036689277125494,-0.012135316117980244,-0.20335357207463844,-0.10793079253531339,-0.0031363180280394864,-0.31098472944799327,-0.4675822582721067,0.17355648314912187,-0.3477861155747213,-0.6015152227767352,0.07809705881248141,-0.3249841340451818,-0.7403321019727758,-0.2937539710975209,-0.2937539710975209,3.59,191522000.0,3058434000.0,0.07927257893310458,0.17473251502162035,1.0,-0.024456521739130488,0.5197890685852777,1.0862313950745295,1.0305511802211884,1.0625,0.07706066693345592,3450596941.0718317,0.20138888888888892,0.13194444444444445,1.1282234441128471,9.042063597180128,18.016713176929187,0.01901944125143684,1.0711222170606687,0.057539670827874735,1.9511114427232499,2019-09-30,,,-0.12927346347336163,-0.06603115044040975,-0.2694100601873049
UAL,United Airlines Holdings,Industrials,2020-02-29,2018-11-30,2018-11-30,72.19685296770218,39.07914976943703,72.19685296770218,-0.45871394440254354,15,15,61.59000015258789,97.8499984741211,-0.3705671833109234,310918567.8123959,-0.5447312738097281,-0.5779775595401333,-0.525017393236594,-0.4154895289688134,-0.6067077849254716,-0.5112850053861465,-0.1446663391027403,-0.4525147505226941,-0.6091122793468076,-0.2791037276200866,-0.8004463263439298,-1.0541754335459437,-0.15635656834319067,-0.5594377612008539,-0.9747857291284479,-0.7109920572664161,-0.7109920572664161,11.58,3009000000.0,43259000000.0,0.04735733481829407,0.09313466017361849,1.0,0.5038961038961038,0.6996047430830039,1.1621265377855887,1.0927659574468085,1.1903030303030304,-0.060214603659797916,16003826464.5196,0.24032429558745347,0.2390178379540082,0.36995368511800086,3.887058197680923,5.31865286291778,0.009262283607857746,1.029454629132469,-0.0025421882187734546,0.9862511457378552,2019-12-31,,,-0.3380759187118695,-0.6684602589730738,-0.6702511198902781
WTFC,Wintrust Financial,Financials,2020-02-29,2018-05-31,2018-05-31,75.31807435318693,36.662255807560044,75.31807435318693,-0.5132342917366586,21,21,53.40999984741211,99.95999908447266,-0.4656862711425477,23678052.317604188,-0.2010213882822106,-0.23426767401261583,-0.18130750770907655,-0.1736315203295984,-0.3648497762862566,-0.26942699674693155,0.4125374578221357,0.1046890464021819,-0.05190848242193152,0.9339902499474706,0.41264765122362745,0.15891854402161354,0.82187426224298,0.4187930693853168,0.00344510145772281,-0.5877176301758839,-0.5877176301758839,6.03,355697000.0,161465000.0,0.058696635696629196,,1.0,0.06349206349206349,,1.0209603847850925,,1.0205479452054795,0.006534527698561998,3150543402.27611,0.09090909090909091,0.06060606060606061,19.512237341071504,3.2097833974003267,8.857379742522738,0.0188287554975044,1.0334834597176856,0.8345611352700172,1.251229367742347,2019-12-31,,,0.258811202093687,0.6321650097233099,0.39123432126822805
ACGL,Arch Capital Group,Financials,2020-03-31,2017-04-30,2020-01-31,81.2477436593878,38.483447182205296,81.2477436593878,-0.5263444195627368,35,2,28.459999084472656,48.31999969482422,-0.41100994900210774,73576055.17351969,0.006676072822222379,-0.19494161342506922,-0.24832439551773106,0.027758307895624057,-0.28246580136687327,-0.3119102459410373,0.34820811186122147,-0.21410343106325258,-0.844521221098719,0.7013351793248392,-0.10243392011305108,-1.1877152281096797,1.3847506667509601,0.7220189994636681,-0.4904258489749951,-0.26458183611634434,-0.26458183611634434,3.87,1636319000.0,6928200000.0,0.2710968838477017,-0.03141908971767471,1.0,1.2369942196531793,,1.393293410961633,,1.4277456647398843,-0.034948430270850483,12033497995.324345,0.22556390977443608,0.16917293233082706,1.7368866365469162,,7.354004931388283,0.05989811931648337,1.0805220666910311,0.03144993329135606,1.302508373598371,2019-12-31,,,0.1554947012815065,0.2846811646582793,0.6957381893828481
AFG,American Financial Group,Financials,2020-03-31,2018-01-31,2018-02-28,87.80181217666107,30.079063581529397,87.80181217666107,-0.6574209251967487,26,25,70.08000183105469,121.69000244140624,-0.42411044107918217,46647579.14805336,-0.08918497618188037,-0.29080266242917197,-0.3441854445218338,-0.031296597860065556,-0.3415207071225629,-0.3709651516967269,0.7104675092291188,0.14815596630464478,-0.4822618237308216,1.735861605830646,0.9320925063927556,-0.15318880160387294,1.5704053010554553,0.9076736337681632,-0.30477121467049995,-0.26012405754627277,-0.26012405754627277,9.85,897000000.0,8237000000.0,0.15202797202797202,0.04151493080844859,1.0,0.6837606837606838,0.8095667870036101,1.365296803652968,1.374021909233177,1.3623789764868606,0.005162340771956542,6381904735.274726,0.18546365914786966,0.16040100250626566,0.774785083801715,4.053331920464321,7.114720998076618,0.05643196101064518,1.0566433566433566,0.0034965034965034965,1.1111111111111112,2019-12-31,,,0.4989242814210213,1.295475035233551,0.8897870795710296
AFL,Aflac,Financials,2020-03-31,2019-06-30,2019-06-30,76.59935162908933,30.968831721389236,76.59935162908933,-0.5957037355701515,9,9,34.2400016784668,57.18000030517578,-0.401189200844277,196214523.41252887,0.06082562046085771,-0.14079206578643388,-0.19417484787909572,0.078307164045883,-0.23191694521661432,-0.26136138979077833,0.5389547354177153,-0.023356807506758726,-0.6537745975422251,0.9824419844481878,0.17867288501029743,-0.9066084229863312,1.0374758117609728,0.37474414447368076,-0.8377007039649824,-0.11448609708032531,-0.11448609708032531,4.43,3304000000.0,22307000000.0,0.02523209853846864,0.004199935385609477,1.0,0.17506631299734732,0.7406411118583277,1.083989501312336,1.0214171793119162,1.091133004926108,-0.037069791892142545,25537012538.52242,0.17675441971550798,0.16688412550481516,1.1447981592559475,4.584853962355046,7.729120017712596,0.021850664223545646,1.0218506642235456,,,2019-12-31,,,0.3616990814225816,0.6407060118582883,0.5185355400107293
AGCO,AGCO,Industrials,2020-03-31,2017-07-31,2017-09-30,72.92980772898139,34.509294429531735,72.92980772898139,-0.526814953937988,32,30,47.25,81.38999938964844,-0.4194618459966535,37422139.88780673,0.177891879036997,-0.023725807210294603,-0.07710858930295644,0.5808340138961414,0.2706099046336441,0.24116546005948009,2.0671046939648803,1.5047931510404062,0.8743753610049398,2.218839004322166,1.4150699048842759,0.3297885968876473,2.1165529949860065,1.4538213276987144,0.24137647926005124,-0.09227530827409336,-0.09227530827409336,1.63,125200000.0,9041400000.0,-0.03321214713430287,0.12586528622163362,1.0,-0.5446927374301677,0.3596667624245906,1.151394422310757,1.0856850715746422,1.1650485436893205,-0.03685064411805783,3629263803.680982,0.3684210526315789,0.4761904761904762,0.4014050704184067,7.855391419822867,28.987730061349694,-0.008618421052631553,1.045735267561548,-0.01868049615055603,0.9115308654479162,2019-12-31,,,1.9177702131314862,1.9552790270235125,1.7280953317604792
AIT,Applied Industrial Technologies,Industrials,2020-03-31,2017-04-30,2018-01-31,73.15467242920019,37.46198366677805,73.15467242920019,-0.4879071640566208,35,26,45.720001220703125,82.3499984741211,-0.4448087180588004,14861118.835358392,0.3736253670781431,0.1720076808308515,0.11862489873818965,0.2188759051367728,-0.09134820412572453,-0.12079264869988854,1.0344888097965659,0.4721772668720918,-0.15824052316337456,1.3224953229633405,0.5187262235254502,-0.5665550844711784,2.2518530242686086,1.5891213569813165,0.37667650854265333,-0.09470695704864651,-0.09470695704864651,3.4200000000000004,133168000.0,3457965000.0,0.008170990796046329,0.2662848792928467,1.0,-0.18377088305489242,0.5882108703814131,0.9961328795174055,1.004917384501642,0.9972899728997292,-0.008861793669556861,1780245942.2685945,0.24934383202099739,0.13910761154855641,0.5148247429539033,10.517742426125555,13.368421409562316,-0.0019231501910161874,1.0756906487309872,0.19687259744269506,2.863133323952289,2019-12-31,,,0.8275337332021157,0.8664409981956611,1.5307935683502913
ALSN,Allison Transmission,Industrials,2020-03-31,2018-09-30,2018-09-30,73.94887082315319,37.81040853811603,73.94887082315319,-0.48869525501560873,18,18,32.61000061035156,53.7599983215332,-0.3934151482796857,51381516.25888764,0.13354229902660175,-0.06807538722068984,-0.12145816931335168,0.08816021293632237,-0.22206389632617496,-0.25150834090033897,0.2760863683099737,-0.28622517461450037,-0.9166429646499668,0.25115889763845867,-0.5526102017994317,-1.6378915097960602,0.47141604015303984,-0.1913156271342522,-1.4037604755729154,-0.10702223947377365,-0.10702223947377365,4.91,604000000.0,2698000000.0,-0.005528934758569859,0.19938107869142363,1.0,0.027196652719665204,0.6771300448430493,1.0250391236306728,1.0238353196099674,1.0502092050209206,-0.07979945752815143,4011494983.432249,0.006872852233676976,0.006872852233676976,1.4868402458977943,6.513355584205806,6.641547985814982,-0.010997067448680342,1.072502210433245,0.03612237375598968,1.0328308207705192,2019-12-31,,,0.09812704753857907,-0.15301520535406804,-0.1832757826351772
APH,Amphenol,Information Technology,2020-03-31,2017-11-30,2018-09-30,86.0487959770703,39.145681288755,86.0487959770703,-0.5450757811976094,28,18,9.109999656677246,13.779999732971191,-0.3388969642082147,163150042.55763462,0.3180948497689273,0.11647716352163573,0.06309438142897389,0.49309145931241316,0.18286735004991583,0.15342290547575183,0.827669254807623,0.26535771188314894,-0.36506007815231745,1.106714480057124,0.3029453806192337,-0.7823359273773949,1.3110206150854116,0.6482889477981195,-0.5641559006405437,-0.07436864914093455,-0.07436864914093455,0.46875,1155000000.0,8225400000.0,0.002852962692026395,0.16982585255230842,1.0,-0.025974025974025983,0.7133152173913043,1.0030657055265557,0.9995850376430138,1.0077922077922077,-0.015933609958506234,22447039154.052734,0.35632183908045983,0.2988505747126437,2.7289905845372546,13.010790221121905,19.43466593424479,-0.008880481016013797,1.0437579336214398,0.10057303096805657,1.1839570045939074,2019-12-31,,,0.5601532069867392,0.5511755784826355,0.43404096087178434
ASH,Ashland Global,Materials,2020-03-31,2018-08-31,2018-08-31,72.53504919624842,32.67457671714844,72.53504919624842,-0.5495339552504447,19,19,50.06999969482422,86.62999725341797,-0.4220246879570493,45636357.723332964,0.3856889597865776,0.18407127353928598,0.13068849144662414,0.4273901499405264,0.11716604067802905,0.08772159610386504,0.7987592273723108,0.2364476844478367,-0.3939701055876297,1.0196489927915047,0.21587989335361435,-0.8694014146430142,1.1347941445413148,0.4720624772540227,-0.7403823711846405,-0.06870407961669867,-0.06870407961669867,9.319999999999999,585000000.0,2450000000.0,-0.34456928838951306,0.1481595092024539,1.0,7.472727272727271,3.0789473684210527,4.855769230769231,1.144578313253012,4.866666666666666,-0.013641937461679743,3142805774.83607,0.15303030303030302,0.06818181818181818,1.2827778672800285,10.167332842780109,5.3723175638223415,-0.017248295226634625,0.9827517047733654,0.001337613697164259,1.0014965579167914,2019-12-31,net income 3.08x operating income,,0.6029852732214138,0.6836732349949377,0.6284509829208593
AXP,American Express,Financials,2020-03-31,2018-01-31,2018-11-30,74.7112736207559,37.12295390258856,74.7112736207559,-0.5031144283387607,26,16,85.61000061035156,138.1300048828125,-0.3802215479324579,629772801.4800904,0.11819688513829951,-0.08342080110899208,-0.13680358320165392,0.18285564888945283,-0.1273684603730445,-0.1568129049472085,0.6867598165953859,0.12444827367091182,-0.5059695163645546,1.24709466699096,0.4433255675530696,-0.641955740443559,1.0097530276699627,0.3470213603826706,-0.8654234880559926,-0.14714011011638173,-0.14714011011638173,7.99,6759000000.0,43556000000.0,0.07977589369824978,0.2051626781392848,1.0,,,1.0201842913558579,,,-0.0012604303194813093,72420274608.93195,0.09745618993781797,0.09933505446026353,1.6626934201701704,8.570696017806892,10.714643380519595,0.02088362826672907,1.1319351080039437,0.005825772224701274,1.0702121302659098,2019-12-31,,,0.4654319603017576,0.8119209962335477,0.3654473064375754
BA,Boeing,Industrials,2020-03-31,2018-02-28,2019-02-28,92.0864950546053,30.918135056537253,92.0864950546053,-0.6642489755071743,25,13,149.13999938964844,446.010009765625,-0.6656128873250615,3345371847.977254,0.22904655895070603,0.02742887270341443,-0.02595390938924741,0.10808632951024655,-0.20213777975225078,-0.2315822243264148,0.707925454359247,0.14561391143477298,-0.4848038786006934,0.28402843491825647,-0.5197406645196339,-1.6050219725162624,0.4243663238912798,-0.23836534339601223,-1.4508101918346754,-0.2363551035554493,-0.2363551035554493,-1.12,-636000000.0,76559000000.0,-0.24294204317343537,0.07576192755704492,1.0,-1.0627450980392157,,0.9686424474187381,0.9562025527654959,0.9775910364145659,-0.030951242829827863,84690213939.12178,0.796551724137931,0.796551724137931,1.1062084658775817,344.4669389835195,,-0.11990021726885014,1.0431593823174443,0.033166216737369844,1.4169567379413228,2019-12-31,,,0.5293390753048846,-0.0556731755854844,-0.11170506422366544
BCO,Brink's,Industrials,2020-03-31,2017-09-30,2018-01-31,89.45300782188497,37.11911429776949,89.45300782188497,-0.5850434188677087,30,26,52.04999923706055,97.12000274658205,-0.4640650971471235,32068091.95021372,-0.12186221468800729,-0.3234799009352989,-0.3768626830279607,-0.20409572243762653,-0.5143198317001239,-0.5437642762742878,0.5428589028714126,-0.019452640053061465,-0.6498704300885279,0.3387677609837443,-0.46500133845414604,-1.5502826464507746,0.3332000235345498,-0.32953164375274224,-1.5419764921914054,-0.3627283616288417,-0.3627283616288417,0.57,29000000.0,3683200000.0,0.05569090544297639,0.0423961756797131,1.0,,0.12246621621621621,0.8471337579617835,0.9767018565708045,0.8506493506493507,-0.006901638480585781,2648157855.9206247,0.6212883432162163,0.6957055738532342,0.7189829104910471,9.437548259650605,91.31578813519396,0.007687888156274747,1.027098894532417,0.19550574679698474,2.8189333333333333,2019-12-31,,,0.38798147675814965,0.026241715840097768,-0.1690129737215258
BKNG,Booking Holdings,Consumer Discretionary,2020-03-31,2017-07-31,2017-07-31,77.11904263108991,35.58697830268426,77.11904263108991,-0.5385448640367632,32,32,53.812801361083984,89.15959930419922,-0.3964441094280521,1051398657.4386415,0.18361436865021763,-0.018003317597073965,-0.0713860996897358,0.27157866473149483,-0.03864544453100249,-0.0680898891051665,0.7318110304789549,0.16949948755448085,-0.46091830248098553,0.745644412191582,-0.05812468724630837,-1.143405995242937,0.9715831640058055,0.3088514967185134,-0.9035933517201498,-0.10572942910774341,-0.10572942910774341,4.472799999999999,4865000000.0,15066000000.0,0.03710332484339496,0.14557211576374107,1.0,0.3430218592361276,0.9101964452759589,1.1209677419354838,1.02368573079145,1.1381170483460559,-0.09393996765866364,58531407311.23091,0.015037593984962405,0.015037593984962405,3.884999821533978,10.124081064883198,12.031121749482201,0.008433734939758963,1.0401387903162211,-0.00020651201211537137,0.9993839835728953,2019-12-31,,,0.42963112858485897,0.06798335285865664,-0.05427470677621571
BLDR,Builders FirstSource,Industrials,2020-03-31,2019-11-30,2019-12-31,72.11259200948466,39.14582007989328,72.11259200948466,-0.45715694043081134,4,3,12.229999542236328,28.43000030517578,-0.5698206327486457,34148942.694966756,0.6925594061922864,0.4909417199449948,0.43755893785233296,1.667211786822357,1.3569876775598597,1.3275432329856958,2.7914963751017225,2.2291848321772485,1.5987670421417821,4.277187516862803,3.4734184174249125,2.3881371094282837,6.259198863638136,5.596467196350844,4.384022347912181,-0.1349141194022121,-0.1349141194022121,1.9,221809000.0,7280431000.0,-0.05752144626682132,0.09817194797595574,1.0,0.07954545454545459,0.5653979291675376,1.0608603691195033,1.053519546410529,1.0625,0.0013362133201184623,1427749457.086262,0.15535509370159176,0.10050277302648629,0.1961078206889485,5.493976685175937,6.43684186433491,-0.007146891830966395,1.0342412311963165,0.007972016257828226,1.073677838024091,2019-12-31,,,2.4574969561133155,3.410369749779389,4.622964305743021
BR,Broadridge Financial Solutions,Industrials,2020-03-31,2018-03-31,2018-09-30,91.51964504164144,39.498096092557354,91.51964504164144,-0.5684194789590178,24,18,94.83000183105467,138.24000549316406,-0.31401911123517723,115513260.04088871,0.33662395586189375,0.13500626961460216,0.08162348752194032,0.40417029264730475,0.09394618338480742,0.06450173881064342,0.6415259930496626,0.07921445012518857,-0.5512033399102778,0.6952734891386547,-0.1084956102992356,-1.1937769182958642,0.6269652454265742,-0.03576642186071788,-1.248211270299381,-0.05008933693701134,-0.05008933693701134,3.559999999999999,421500000.0,4353200000.0,0.008035197406506933,0.00610395359131477,1.0,-0.03523035230352323,0.7339369667421208,1.142598870056497,1.17968886558294,1.1463414634146343,-0.012673776423538174,11227765666.23302,0.7464543410568303,0.7229489458978918,2.579198214240793,19.505111886745173,26.637640963779408,0.0035039188566159396,1.0354058122033114,0.14236424684496932,1.370987207337678,2019-12-31,,,0.4283116985101425,0.21069036938264368,-0.15431986396127484
CB,Chubb Limited,Financials,2020-03-31,2017-07-31,2018-01-31,75.03413471294135,32.81099708496447,75.03413471294135,-0.5627190583260573,32,26,111.69000244140624,167.74000549316406,-0.33414809357474384,329028623.6707173,0.14053249893380948,-0.061085187313482114,-0.11446796940614395,0.05287853378920504,-0.2573455754732923,-0.2867900200474563,0.44612650561767975,-0.1161850373067943,-0.7466028273422607,0.9919195405622261,0.18815044112433577,-0.8971308668722928,0.8388267747554989,0.1760951074682069,-1.0363497409704563,-0.16644294238116186,-0.16644294238116186,9.71,4454000000.0,34186000000.0,0.04490020478650236,0.014700865304096977,1.0,0.14369846878680814,,1.224972497249725,,1.2275600505689002,-0.017066352802707074,51232468679.09612,0.3586206896551724,0.403448275862069,1.4986388778767952,,11.502574916725667,0.03362157586019232,1.0336215758601923,-0.00058073784271174,0.9991112358499392,2019-12-31,,,0.29137714342541515,0.6681013964927505,0.33172519950425094
CBRE,CBRE Group,Real Estate,2020-03-31,2018-07-31,2018-07-31,72.12956909246593,38.88426729119427,72.12956909246593,-0.460910861101265,20,20,37.709999084472656,64.75,-0.417606191745596,97791023.26952313,0.19915148020575701,-0.00246620604153458,-0.05584898813419642,0.2455582699826513,-0.06466583927984604,-0.09411028385401005,1.0978520957568954,0.5355405528324213,-0.09487723720304508,1.4269424254839183,0.6231733260460279,-0.46210798195060065,0.9307875716330567,0.26805590434576465,-0.9443889440928985,-0.12410502303891069,-0.12410502303891069,3.77,1282357000.0,23274086000.0,0.12658670418650253,0.144635503241906,1.0,0.21612903225806446,1.0178446274431987,1.234776136361448,1.1176789668307265,1.2401315789473684,-0.008240060975133412,12826971166.039019,0.030323743242403528,0.02756892230576441,0.5511267409615578,8.0149827444069,10.00265227704845,0.04232937047506602,1.042329370475066,0.02319514085403902,1.1029656723075851,2019-12-31,net income 1.02x operating income,,0.8917016543268219,1.0448182924687306,0.37049843729992793
CBSH,Commerce Bancshares,Financials,2020-03-31,2018-08-31,2018-08-31,76.59723324204512,39.46098892304158,76.59723324204512,-0.48482487874795743,19,19,39.45054244995117,56.351200103759766,-0.2999165523128048,40331777.63048929,0.18603635753152448,-0.015581328715767118,-0.06896411080842896,0.12776227582647448,-0.18246183343602285,-0.21190627801018685,0.6241081618180306,0.06179661889355659,-0.5686211711419098,0.6174956508196825,-0.18627344861820783,-1.2715547566148364,0.3388101753196042,-0.3239214919676878,-1.536366340406351,-0.04548161578686871,-0.04548161578686871,2.945274859754937,421231000.0,,,,1.0,-0.05291005291005291,,0.9945100722371165,,1.0000000000000002,0.025883208779215572,5642186973.380839,0.44360902255639095,0.2969924812030075,,7.0001744334893825,13.39451980832569,,,,1.013075017572114,2019-12-31,,,0.5314644739849748,0.4256528694355839,0.053223517934986364
CFR,Frost Bank,Financials,2020-03-31,2018-04-30,2018-05-31,70.45063800572768,30.826521140880843,70.45063800572768,-0.5624380131465292,23,22,55.790000915527344,121.66000366210938,-0.5414269337811719,42967010.99224393,0.3512733584705081,0.14965567222321652,0.09627289013055468,0.1682068999883728,-0.14201720927412453,-0.17146165384828854,1.0165171170871887,0.4542055741627147,-0.1762122158727517,1.628209225453881,0.8244401260159906,-0.260841181980638,1.0515582279952826,0.3888265607079906,-0.8236182877306726,-0.07223530029900493,-0.07223530029900493,6.84,443599000.0,1367907000.0,0.04485944615629034,0.08835872214629403,1.0,-0.008695652173913104,,1.022017154739975,,1.0260869565217392,-0.016327735331981508,3618185470.194008,0.0,0.0,2.6450522368801446,-0.24877151901833952,8.156432882387039,0.007383563066277521,1.0240952637477014,-0.00020165325112398772,0.9995985993550222,2019-12-31,,,0.8911254251178179,1.3811434920118655,0.7170156814034434
CHH,Choice Hotels,Consumer Discretionary,2020-03-31,2018-01-31,2019-12-31,76.3877210457279,36.75696720285804,76.3877210457279,-0.5188105274032948,26,3,61.25,109.26000213623048,-0.4394105912277886,53581619.471668065,0.2929130017785513,0.09129531553125969,0.03791253343859785,0.4086031261329004,0.09837901687040307,0.06893457229623906,0.758132003495479,0.195820460571005,-0.4345973294644614,1.338895200534418,0.5351261010965276,-0.550155206900101,0.9507827132442073,0.2880510459569152,-0.924393802481748,-0.13314212922150914,-0.13314212922150914,3.98,222878000.0,1114820000.0,0.07059994007513648,0.1062438316493095,1.0,,0.6994620922540029,1.0504194551795645,1.0549382879542324,,0.005752425450979981,3429969221.105528,0.1561973911256208,0.10747944240767209,3.076702266828302,12.587241002475858,15.389447236180905,0.02098345281836922,1.1044724445142193,0.34013890276038505,4.711534229636693,2019-12-31,,,0.6303839451384783,1.0632987656042452,0.47846516380538606
CINF,Cincinnati Financial,Financials,2020-03-31,2019-09-30,2019-10-31,82.53390883661072,38.044264959208355,82.53390883661072,-0.5390468536450497,6,5,75.44999694824219,118.19000244140624,-0.36162115754547675,86424346.04925731,-0.1430576446845251,-0.3446753309318167,-0.3980581130244785,0.051631453842228,-0.2585926554202693,-0.28803709999443333,0.40915011339621965,-0.1531614295282544,-0.7835792195637208,0.8985045804506933,0.09473548101280294,-0.9905458269838257,0.6067660510292237,-0.055965616258068396,-1.2684104646967316,-0.389397092213308,-0.389397092213308,12.1,1997000000.0,7924000000.0,0.4655076752358054,-0.056699232379623155,1.0,5.914285714285714,,3.529616724738676,,3.52,0.006349526305180486,12452367264.928898,0.16599638631462377,0.11066425754308251,1.5714749198547322,4.825324322267577,6.235536937871255,0.2224622030237582,1.2224622030237582,,,2019-12-31,TTM net income jumped 3.53x in one quarter,,0.22553833151007235,0.5299285804974565,0.03630650717049466
CMCSA,Comcast,Communication Services,2020-03-31,2017-05-31,2017-05-31,75.12470146588416,39.869418916451714,75.12470146588416,-0.4692901517278265,34,34,32.2211799621582,44.74226760864258,-0.27984919664790875,1167843153.2635887,0.14053554928115863,-0.06108213696613296,-0.1144649190587948,0.3535449546657792,0.04332084540328185,0.013876400829117841,0.5984997418111515,0.03618819888667746,-0.5942295911487889,0.40856270305198317,-0.39520639638590715,-1.4804877043825357,0.17401707080556994,-0.4887145964817221,-1.7011594449203853,-0.0677715521079032,-0.0677715521079032,2.6522961574507966,13057000000.0,108942000000.0,0.15274000867660598,0.11808201026902965,1.0,0.11857707509881421,0.6180828402366864,1.0524746090601322,1.0359454688112986,1.048148148148148,-0.00495561125380406,158621783462.62012,0.3563218390804597,0.2413793103448276,1.4560204830333583,8.514495214939577,12.148409547569894,0.0050927207306947775,1.0711071821200684,0.3388320441872031,1.8724627414652752,2019-12-31,,,0.46400210808647246,0.11120325691070915,-0.32907729086168214
COLM,Columbia Sportswear,Consumer Discretionary,2020-03-31,2018-06-30,2019-02-28,79.98967233491518,39.228713559720475,79.98967233491518,-0.5095777690466011,21,13,69.7699966430664,109.73999786376952,-0.36422454892264167,42620321.506657675,0.15493793411184353,-0.04667975213544806,-0.1000625342281099,0.24666806555579557,-0.06355604370670176,-0.09300048828086577,0.5178366436754913,-0.044474899248982736,-0.6748926892844491,0.31508450771351404,-0.4886845917243763,-1.5739658997210049,0.33026713898808646,-0.3324645282992056,-1.5449093767378688,-0.1807365911869434,-0.1807365911869434,4.83,330489000.0,3042478000.0,0.0856973813896027,0.13633685508119076,1.0,0.26771653543307083,0.8367424443819926,1.1083666348562566,1.0815910787447789,1.1128608923884515,-0.028180946836358522,4773957851.049767,0.17079889807162538,0.1652892561983471,1.5691018475892895,8.986228772537736,14.445133880552051,0.012401466919605308,1.0532015368489336,-0.00026585058269451876,0.9961385758860543,2019-12-31,,,0.39783816405553224,0.08706111799575225,-0.03353825228034257
CPAY,Corpay,Financials,2020-03-31,2019-08-31,2020-01-31,75.37943081535693,39.72149536750752,75.37943081535693,-0.4730459630982631,7,2,186.5399932861328,329.8500061035156,-0.4344702445523325,314765128.25593495,0.34839716860864356,0.14677948236135197,0.09339670026869012,0.27640192276781694,-0.033822186494680384,-0.06326663106884439,0.4400665516845077,-0.12224499123996635,-0.7526627812754327,0.3351560336799293,-0.468613065757961,-1.5538943737545896,0.13032064807729338,-0.5324110192099987,-1.7448558676486619,-0.09327755185342268,-0.09327755185342268,9.94,895073000.0,2648848000.0,0.08849669528397874,0.08177412428685349,1.0,0.1282633371169124,0.7268565813728755,1.1048645092518052,1.0418801712859784,1.113995485327314,-0.022383428401800853,16797475997.04213,0.06748848059216762,0.046655147258834295,6.341426913526986,11.472078316889913,18.76659892214616,0.021384759478813242,1.0289246058524018,0.11103015748562149,1.0391312458198994,2019-12-31,,,0.3348284227357151,0.09704078126126833,-0.19032788283796187
CPT,Camden Property Trust,Real Estate,2020-03-31,2019-10-31,2019-10-31,72.88984575670818,35.83708979582401,72.88984575670818,-0.5083390639151426,5,5,79.23999786376953,120.7300033569336,-0.3436594412285442,89634435.26559255,0.16206139330165925,-0.03955629294563234,-0.09293907503829418,0.14396324660553828,-0.16626086265695905,-0.19570530723112306,0.436016798960269,-0.12629474396420504,-0.7567125339996714,1.2199818834742198,0.41621278403632944,-0.6690685239602991,0.44694459660893937,-0.21578707067835268,-1.4282319191170159,-0.11193824683600584,-0.11193824683600584,2.22,219623000.0,8696000.0,-0.9908895186510286,0.05950631371434656,1.0,0.3619631901840492,,1.340758829095571,,1.3293413173652697,0.032836680321436384,7839155878.75435,0.6048218029350104,0.5988068217913843,901.4668673820549,16.097530865717868,35.69369273142772,,,,,2019-12-31,,,0.28901399369150244,0.932313394109805,0.04533834046315521
CTAS,Cintas,Industrials,2020-03-31,2018-08-31,2020-01-31,92.84896558163646,39.832428934857425,92.84896558163646,-0.5709976014774749,19,2,43.30500030517578,76.20249938964844,-0.4317115494631866,189131233.9463249,0.5376972301831746,0.336079543935883,0.2826967618432212,0.9214291609907612,0.6112050517282639,0.5817606071540999,0.9953874103025395,0.43307586737806547,-0.19734192265740091,1.5102944735030563,0.706525374065166,-0.37875593393146256,1.7589904511449261,1.096258783857634,-0.11618606458102909,-0.08272748917814254,-0.08272748917814254,2.205,957571000.0,7259266000.0,0.0725670913486649,0.11182177754073463,1.0,0.04502369668246464,0.7541871017183165,1.0472738934455814,1.050086338138979,1.053817271589487,-0.029115350832953357,18806173445.454636,0.65625,0.5833333333333334,2.5906439363779525,14.167598031794384,19.63945592071464,0.017994521906484318,1.0219748921042786,0.0009375377812894245,1.001877818753582,2020-02-29,,,0.7399485238070944,0.898441197719358,0.6969770064204057
CTRE,CareTrust REIT,Real Estate,2020-03-31,2019-05-31,2019-05-31,70.71196802747154,35.22174832260362,70.71196802747154,-0.5018983447198075,10,10,14.789999961853027,25.540000915527344,-0.42090840126551154,22821954.291357312,0.17725570641156274,-0.024361979835728853,-0.0777447619283907,0.23772861259958122,-0.0724954966629161,-0.10193994123708011,0.6564408648103708,0.09412932188589673,-0.5362884681495697,0.4433667554269809,-0.3604023440109094,-1.445683652007538,0.5544674052401459,-0.10826426204714612,-1.3207091104858093,-0.15882349167753917,-0.15882349167753917,0.49,46359000.0,163401000.0,0.041161965324548744,0.18016724067918966,1.0,-0.3194444444444444,,1.1242361043748181,,1.065217391304348,0.17603278384709875,1399284914.758254,0.5211267605633803,0.2694919517102616,8.56350276166152,,30.18367339153679,0.024239347098424124,1.056345971635259,,,2019-12-31,,shares +18% y/y,0.48102912999202274,0.07672326000665503,-0.020761989216717347
CW,Curtiss-Wright,Industrials,2020-03-31,2018-03-31,2018-04-30,82.33903474777333,37.68969332961671,82.33903474777333,-0.5422621427969079,24,23,92.41000366210938,149.89999389648438,-0.38352229870052934,34202969.28396074,-0.032116178606635626,-0.23373386485392722,-0.28711664694658906,0.01286068982721189,-0.29736341943528544,-0.32680786400944944,0.29181166792157875,-0.2704998750028953,-0.9009176650383617,0.644427011812444,-0.15934208762544633,-1.244623395622075,0.9398475904413817,0.2771159231540896,-0.9353289252845736,-0.1156801006607121,-0.1156801006607121,7.15,307583000.0,2487961000.0,0.031563519063285916,0.06200237249595553,1.0,0.14951768488745998,0.7614326419162626,1.0433365125530827,1.0270757480218864,1.0498392282958198,-0.02964035880710114,3975349112.783579,0.4040657198551935,0.3664717348927875,1.5978341753683354,8.580678192180697,12.924476036658653,0.00288171776015278,1.0229394276232626,0.09299185060337875,1.1576882892992084,2019-12-31,,,0.04849279962513536,0.11142767779966689,0.0841834288414871
CXT,Crane NXT,Information Technology,2020-03-31,2018-01-31,2018-01-31,79.3563260323696,32.28035687001723,79.3563260323696,-0.5932226391522963,26,26,17.082319259643555,35.65473937988281,-0.5208962523147267,26026177.291106813,0.21784108439060246,0.016223398143310863,-0.03715938394935098,0.03443173394872856,-0.27579237531376877,-0.3052368198879328,0.9590993336666456,0.3967877907421715,-0.23362999929329487,1.299208219372698,0.4954391199348076,-0.589842188061821,1.4545738245371918,0.7918421572498997,-0.4206026911887635,-0.10065065442591081,-0.10065065442591081,0.7641542202153526,133300000.0,3283100000.0,-0.018651920490210694,0.20082555635319443,1.0,-0.6,0.6335551330798479,1.0408224076281287,1.0439610242465442,1.041818181818182,-0.007002383790226663,2979860736.316767,0.5288220551378445,0.5037593984962406,0.9076362999350513,10.58339220844942,22.354544158415358,-0.000669649651477755,1.0522531943400542,0.1476012554177253,1.3328166071308216,2019-12-31,,,0.7769019455945678,0.9367060132120075,0.9135758689180182
DCI,Donaldson Company,Industrials,2020-03-31,2017-05-31,2018-09-30,74.95557004755645,39.44664478966803,74.95557004755645,-0.4737329758863733,34,18,38.630001068115234,59.43000030517578,-0.3499915721058656,25347181.121093508,0.20974555686567475,0.00812787061838316,-0.04525491147427868,0.2120038859398785,-0.09822022332261882,-0.12766466789678282,0.529752422360533,-0.03255912056394106,-0.6629769105994074,0.3860800565116591,-0.4176890429262312,-1.5029703509228598,0.7717696216464605,0.10903795435916841,-1.1034068940794948,-0.0838725389381646,-0.0838725389381646,2.0299999999999994,262800000.0,2774500000.0,-0.019542017103682197,0.13276778828591151,1.0,0.39041095890410893,0.6963434022257552,1.0173089483997388,1.0010136847440445,1.017167381974249,-0.021693235015145085,5000967625.960929,0.06349206349206349,0.047619047619047616,1.8024752661600032,11.762968244884071,19.02955717641145,-0.014807186989560406,1.0356117619675693,0.03622617170703741,1.3648502345723565,2020-01-31,,,0.39187231065881145,0.12615886267535836,0.39778657882942914
DHI,D. R. Horton,Consumer Discretionary,2020-03-31,2017-12-31,2020-01-31,83.19723207051379,39.58300051507013,83.19723207051379,-0.5242269540707607,27,2,34.0,62.540000915527344,-0.45634794527867484,249359159.85713536,0.6369569134825284,0.43533922723523677,0.38195644514257493,1.2383172762299206,0.9280931669674233,0.8986487223932593,1.6516525576493213,1.0893410147248472,0.45892322468938085,1.2368470875292918,0.4330779880914015,-0.6522033199052271,1.9670460912441414,1.3043144239568494,0.0918695755181862,-0.08235266829240462,-0.08235266829240462,4.69,1764400000.0,18094600000.0,0.11321927120823405,0.11948069837115605,1.0,0.14950980392156876,,1.090077845051279,,1.0932400932400934,-0.016206166778137132,12790959488.27292,0.01694915254237288,0.022893637926799312,0.7068937411312171,4.775312947708956,7.249466950959488,0.028517185910225118,1.0437426558942051,0.003906658545738666,1.635,2019-12-31,,,1.4258203232095243,0.7625000526491192,1.180611480804916
DIS,Walt Disney Company (The),Communication Services,2020-03-31,2019-04-30,2019-07-31,71.84302228237482,38.19516411029513,71.84302228237482,-0.4683524871744501,11,8,96.5999984741211,153.41000366210938,-0.3703148675565787,2063811350.5422683,0.1543480640877093,-0.0472696221595823,-0.10065240425224414,0.28447229821403686,-0.02575181104846047,-0.05519625562262448,0.9101451461758123,0.3478336032513383,-0.2825841867841281,0.41987602654116385,-0.3838930728967265,-1.469174380893355,0.03654248684606687,-0.6261891804412252,-1.8386340288798884,-0.041821896320007435,-0.041821896320007435,5.9399999999999995,10373000000.0,75125000000.0,0.2650287946654093,0.06609938245009328,1.0,-0.18741450068399446,0.6817614196516596,1.2294080087567272,1.02333871401668,1.2216142270861834,0.1644099175340623,168692219557.58554,0.41612903225806447,0.28279569892473116,2.245487115575182,10.52776789316411,16.262626005744295,0.07984763547506102,1.0839357429718874,0.01584548546795541,1.0092216930283608,2019-12-28,,shares +16% y/y,0.77494141391347,0.14489864144870152,-0.399271267615391
DLB,Dolby,Information Technology,2020-03-31,2018-01-31,2018-01-31,72.09757455218721,39.5677641094436,72.09757455218721,-0.45119146718586467,26,26,54.209999084472656,74.29000091552734,-0.27029211984917034,30786967.310502794,0.22004052766841098,0.018422841421119385,-0.034959940671542455,0.23146112186776535,-0.07876298739473198,-0.10820743196889598,0.8432334091167153,0.28092186619224124,-0.34949592384322514,0.47635610485162405,-0.32741299458626627,-1.4126943025828949,0.634220911882629,-0.02851075540466308,-1.2409556038433263,-0.07065132278739572,-0.07065132278739572,1.98,205685000.0,1231121000.0,0.16423676224574435,-0.041283463767380124,1.0,,0.8678838461408631,0.8061304874368511,0.9218872166704917,0.8114754098360656,-0.021188041728887885,5631405889.742302,0.6028680128767925,0.5840946919812701,4.574209919043134,14.642625670486682,27.378787416400332,-0.008455888274995549,1.079726456110257,0.011316857834278533,1.0239600205823525,2019-12-27,,,0.7969263484358666,0.3489235516698342,0.40392144827259563
DLTR,Dollar Tree,Consumer Staples,2020-03-31,2018-01-31,2018-01-31,71.72168376572381,38.481593088623995,71.72168376572381,-0.46345943000553813,26,26,73.47000122070312,119.70999908447266,-0.38626679657010565,284994892.9096767,0.26146724874504934,0.05984956249775775,0.006466780405095907,0.24322845814996263,-0.0669956511125347,-0.0964400956866987,0.5579147568085101,-0.0043967861159639465,-0.6348145761514303,1.1798011601414764,0.3760320607035861,-0.7092492472930425,0.9538587269181484,0.2911270596308564,-0.9213177888078068,-0.06859943965955895,-0.06859943965955895,-6.71,-1603000000.0,23500700000.0,0.02271668980403585,0.0677636103418151,1.0,-1.9104477611940296,,-0.9057678073222115,-0.4760577653914365,-0.9036635006784259,0.0024893988199858885,17551775254.364697,0.0,0.0,0.7468618064297956,,,0.008903847887590022,1.0336936116429063,0.002571947064020158,1.0117630667568966,2019-11-02,,,0.391644943331647,0.8586431103891314,0.46832368724013274
DRI,Darden Restaurants,Consumer Discretionary,2020-03-31,2017-06-30,2018-08-31,78.34459552220737,29.180547530769786,78.34459552220737,-0.6275359220854189,33,19,54.459999084472656,128.41000366210938,-0.5758897474391829,214496896.2470645,0.39129631290099476,0.18967862665370316,0.13629584456104132,0.8497981266251848,0.5395740173626875,0.5101295727885236,1.6231787089786187,1.0608671660541447,0.4304493760186783,1.5256913179083638,0.7219222184704734,-0.36335908952615514,2.0569479507253003,1.3942162834380083,0.18177143499934512,-0.20840969590346803,-0.20840969590346803,5.130000000000001,635600000.0,8765900000.0,0.041649832450032065,0.08732914859321972,1.0,-0.042910447761193904,0.7307426994711428,1.0492719517576115,1.0149358226371061,1.0517560073937153,-0.014839510221266838,6747519574.676572,0.089058524173028,0.10334423845874226,0.7697463551576645,6.032086265318711,10.615984226992719,0.011539482338822182,1.0253153313199503,0.0039048847215359212,1.0276191288040235,2020-02-23,,,1.4403432893319377,1.167432729507964,1.4885404246543525
DTE,DTE Energy,Utilities,2020-03-31,2017-05-31,2019-09-30,73.89991446833129,34.83115922011336,73.89991446833129,-0.5286711835770833,34,6,80.82553100585938,115.46382904052734,-0.2999926325196618,188303681.31652734,0.1429636046027849,-0.058654081644506695,-0.11203686373716853,0.2338256648973116,-0.07639844436518572,-0.10584288893934973,0.45312545609864774,-0.10918608682582631,-0.7396038768612927,0.7462119120628325,-0.05755718737505777,-1.1428384953716864,0.49241397679100474,-0.1703176904962873,-1.3827625389349505,-0.09939970031771173,-0.09939970031771173,5.370212765957446,1169000000.0,,,,1.0,0.02269043760129663,0.6848271821909784,1.069533394327539,1.0511083743842364,1.060504201680672,0.020592313787638705,17594283478.82303,0.7620689655172415,0.5413793103448276,,11.489321036640751,15.050712984450836,,,,1.5517571884984025,2019-12-31,,,0.3017600506334437,0.4441987312573905,0.031371601565693186
EEFT,Euronet Worldwide,Financials,2020-03-31,2019-06-30,2019-07-31,79.06138387084361,36.66298659274652,79.06138387084361,-0.5362718839751153,9,8,85.72000122070312,171.25,-0.49944524834625914,91068345.86529201,0.11782545882280893,-0.08379222742448267,-0.1371750095171445,0.06276244956607147,-0.24746165969642586,-0.27690610427058987,0.6133924531297783,0.05108091020530425,-0.5793368798301621,0.5183153528123201,-0.2854537466255702,-1.3707350546221988,0.30541297167938875,-0.3573186956079033,-1.5697635440465665,-0.18817084289677743,-0.18817084289677743,6.31,346749000.0,2750109000.0,0.08415893691982546,0.12617839818648546,1.0,0.48122065727699526,0.7296998699478529,1.1546945503588137,1.1087652500605962,1.1493624772313296,0.005350156209141588,4710511046.478224,0.21941346133929865,0.21048488991072722,1.712845216854395,8.555346640493926,13.584786247338055,0.01639547230395144,1.0367713689770202,0.04077971197207002,1.1322416638648372,2019-12-31,,,0.5220696240249226,0.3206873496023869,-0.04964514686062654
EG,Everest Group,Financials,2020-03-31,2017-07-31,2017-07-31,83.37717313192692,37.07517400893928,83.37717313192692,-0.5553318418426638,32,32,192.4199981689453,294.3099975585937,-0.3461995862691116,90102305.08875771,0.07975120351428355,-0.12186648273300804,-0.17524926482566988,0.041740649480141334,-0.268483459782356,-0.29792790435652,0.32383085368359965,-0.2384806892408744,-0.8688984792763408,0.647781169186258,-0.15598793025163227,-1.2412692382482609,1.0005430247732585,0.33781135748596647,-0.8746334909526967,-0.18241323484989558,-0.18241323484989558,24.7,766386000.0,8231169000.0,0.11575696815298375,0.11639327119820586,1.0,8.762845849802371,,13.20531046500963,,2.4700000000000006,-0.551634731953524,5970364077.599406,0.13533834586466165,0.22021154581368677,0.725336106888269,,7.790283326677948,0.054107882031985355,1.0541078820319854,,,2019-12-31,TTM net income jumped 13.21x in one quarter,,0.19456036002790023,0.36142091421795264,0.5171834584104376
EMR,Emerson Electric,Industrials,2020-03-31,2018-01-31,2018-01-31,72.81214939905703,36.012239926354795,72.81214939905703,-0.5054089156332311,26,26,47.650001525878906,79.69999694824219,-0.4021329567073485,284730025.796975,0.3144471690156361,0.11282948276834448,0.05944670067568264,0.39920667222206996,0.08898256295957263,0.05953811838540862,0.9498608605038963,0.38754931757942224,-0.24286847245604415,1.1636702003126893,0.359901100874799,-0.7253802071218296,0.9692923886254128,0.30656072133812073,-0.9058841271005424,-0.08604378593982565,-0.08604378593982565,3.5,2167000000.0,18376000000.0,0.035909577766503276,0.11819213313161869,1.0,-0.025069637883008422,,1.0453309156844968,,1.053977272727273,-0.02340823499874456,29502158087.59417,0.2970674308011218,0.24083774666020732,1.605472251175129,9.616456015784829,13.614286150251116,0.00021772262138042286,1.0424861321230459,0.07954225153616326,1.1824411688647531,2019-12-31,,,0.8120812935676308,0.9092152503524589,0.6155643051107084
ESS,Essex Property Trust,Real Estate,2020-03-31,2019-10-31,2019-10-31,75.60617509848089,34.603809412537515,75.60617509848089,-0.5423150375288224,5,5,220.2400054931641,334.1700134277344,-0.3409342650644748,161332646.23783657,0.05025558304163957,-0.15136210320565202,-0.20474488529831386,-0.07049881683742354,-0.38072292609992087,-0.4101673706740849,0.27906280875821876,-0.2832487341662553,-0.9136665242017217,0.6676227550123601,-0.1361463444255302,-1.2214276524221588,0.04975658861071208,-0.61297507867658,-1.8254199271152431,-0.14397938553865086,-0.14397938553865086,6.66,439286000.0,1460155000.0,0.0429283748543805,0.026507827925674743,1.0,0.12881355932203387,0.9130639019604583,1.0716129313371934,1.0656755164332767,1.0728813559322035,-0.002552159621309391,14526779437.397911,0.27613388309483383,0.22600856981162584,9.948792722278053,15.998508011920784,33.06906989386848,0.015443534814888915,1.015443534814889,0.0007856845419423408,12.0,2019-12-31,,,0.13389301422151487,0.38844019503430594,-0.35113806421820076
EVR,Evercore,Financials,2020-03-31,2018-01-31,2018-07-31,76.01233561379529,32.546073267513236,76.01233561379529,-0.5718316901499534,26,20,46.060001373291016,117.48999786376952,-0.6079666166417169,46296116.21205769,0.2917034156699383,0.0900857294226467,0.03670294732998486,0.4482982495732344,0.13807414031073706,0.10862969573657305,1.9483857501901651,1.386074207265691,0.7556564172302247,1.5408615636633387,0.7370924642254484,-0.3481888437711802,1.7031329176755765,1.0404012503882845,-0.17204359805037872,-0.07273163509146918,-0.07273163509146918,6.89,297436000.0,2028837000.0,-0.025757319652183308,0.20769103630653962,1.0,-0.1728691476590637,,1.0367152056722142,,1.0464516129032257,-0.046761498495142884,1988374828.5146859,0.025108558621655695,0.016739039081103798,0.9800564700440133,1.4616246026752726,6.685050997574893,-0.05108021378368788,1.1244744067755426,3.8896006484588536e-05,1.0006091141525042,2019-12-31,,,1.6609437576240957,0.9651586257697883,0.8854552699189131
FAF,First American Financial Corporation,Financials,2020-03-31,2018-01-31,2018-01-31,82.82990115168911,38.99881763065406,82.82990115168911,-0.5291698156293312,26,26,42.40999984741211,66.77999877929688,-0.3649296103227835,60890871.9104343,0.1416098480898038,-0.06000783815748778,-0.11339062025014962,0.22043213387362792,-0.0897919753888694,-0.11923641996303341,0.3831007812291729,-0.17921076169530115,-0.8096285517307675,0.6292058732228984,-0.17456322621499187,-1.2598445342116205,0.45354849194627533,-0.2091831753410167,-1.42162802377968,-0.07969816214441827,-0.07969816214441827,6.22,707410000.0,6202061000.0,0.07902389139301613,-0.004247653863764245,1.0,0.48448687350835296,,1.2301477582378217,,1.2268244575936884,0.004297258890150646,4823353374.928906,0.27966700698971175,0.1864446713264745,0.7777016986657994,3.084924180034854,6.818327949744712,0.05289032698357188,1.0528903269835719,0.005188554177879567,1.0245878122016492,2019-12-31,,,0.27125534305128496,0.4188421402057302,0.16320965184820735
FIVE,Five Below,Consumer Discretionary,2020-03-31,2018-09-30,2019-04-30,88.94647858517021,36.601984987362556,88.94647858517021,-0.5884942769002988,18,11,70.37999725341797,148.22000122070312,-0.5251653172730685,169280384.24915132,0.5190396111718709,0.3174219249245793,0.2640391428319175,0.8044899823270781,0.4942658730645808,0.4648214284904168,1.7108553670321038,1.1485438241076298,0.5181260340721634,1.2502131471665598,0.4464440477286695,-0.6388372602679591,1.9265417626980699,1.2638100954107778,0.05136524697211464,-0.15743106633638482,-0.15743106633638482,3.12,175056000.0,1846730000.0,0.18413299110071213,0.25850519946343664,1.0,0.36842105263157876,0.8056552714419838,1.1371407784648964,1.1454628843751153,1.1386861313868613,0.0012956986657677305,3948859230.511005,0.03990442054958184,0.04115502180018309,2.1382980893314154,13.542568143710328,22.557691427377552,0.047918496678174494,1.0669434655687753,,,2020-02-01,,,1.4213913498969935,0.9934422659582229,1.5306093593038206
FNF,Fidelity National Financial,Financials,2020-03-31,2017-11-30,2019-11-30,79.92587800298921,33.78896460634273,79.92587800298921,-0.577246250518774,28,4,23.06950569152832,45.693939208984375,-0.4951298554931246,100286903.6761421,0.24520878869779206,0.04359110245050046,-0.009791679642161377,0.2841900386663385,-0.02603407059615881,-0.05547851517032282,0.6979338869965526,0.13562234407207852,-0.49479544596338787,1.1103841460195816,0.30661504658169125,-0.7786662614149373,0.6476407708597298,-0.015090896427562228,-1.2275357448662254,-0.07073965967231077,-0.07073965967231077,3.551294414360953,1062000000.0,8469000000.0,0.11522254411377397,-0.009004306407412233,1.0,0.6946902654867262,,1.3864229765013054,,,-0.0021286857028821604,6898840869.213532,0.17669172932330826,0.11779448621553884,0.8145992288597865,3.9904898803096187,6.496083680992026,0.08576923076923082,1.0857692307692308,0.05662365025019753,1.158146377344612,2019-12-31,,,0.5021712877239849,0.6887288649935945,-0.01573616169203451
GL,Globe Life,Financials,2020-03-31,2018-01-31,2019-12-31,81.04944973794682,37.83989491717908,81.04944973794682,-0.5331258257825939,26,3,71.97000122070312,111.43000030517578,-0.354123655895205,54790498.46731519,0.034347791822773255,-0.16726989442451834,-0.22065267651718018,0.11623799094597964,-0.19398611831651769,-0.2234305628906817,0.3557379403319809,-0.20657360259249313,-0.8369913926279595,0.4233330198217422,-0.3804360796161481,-1.4657173876127767,0.5721776361906123,-0.0905540310966797,-1.3029988795353429,-0.1256186203417604,-0.1256186203417604,6.83,760790000.0,4527532000.0,0.05199673494121759,0.03565765780074126,1.0,0.12151067323481124,0.8268926231904693,1.0322834073295384,1.0186999723193089,1.0410742496050553,-0.03293701921621672,8016699447.832903,0.3991275723953777,0.43292282430213463,1.770655502342756,9.893440956000534,10.53733546423179,0.01612296897474752,1.0161229689747475,0.0,1.0,2019-12-31,,,0.18355927972705324,0.08272867208894247,0.05988250121722871
H,Hyatt,Consumer Discretionary,2020-03-31,2018-01-31,2018-02-28,78.34340134950261,33.784326287516905,78.34340134950261,-0.5687661538104588,26,25,47.900001525878906,94.9800033569336,-0.49568330350683043,86228361.55849639,0.049895478730691556,-0.15172220751660004,-0.20510498960926188,0.11419600338599922,-0.1960281058764981,-0.2254725504506621,0.7265135498572073,0.16420200693273324,-0.46621578310273315,0.9926930891327224,0.18892398969483204,-0.8963573183017965,1.333820315236116,0.6710886479488241,-0.5413562004898391,-0.24592911392468542,-0.24592911392468542,7.21,766000000.0,5020000000.0,0.12707678491243835,-0.0017929179740027168,1.0,0.0793413173652695,,1.5664621676891615,,1.5538793103448276,-0.07712341441683546,5088959940.197398,0.0,0.0,1.01373703987996,4.0786949930478,6.643550835766838,0.028056522629531067,1.0340165721761885,0.0752132914234396,1.7827102803738317,2019-12-31,TTM net income jumped 1.57x in one quarter,,0.5934606456030158,0.7029497856225504,0.8678428382480967
HAS,Hasbro,Consumer Discretionary,2020-03-31,2017-06-30,2017-06-30,75.58812091521735,39.306407877559884,75.58812091521735,-0.4799922606668907,33,33,71.55000305175781,126.87000274658205,-0.4360368763081357,136551024.46476164,0.057381038592906775,-0.14423664765438482,-0.19761942974704666,0.17792636806011441,-0.1322977412023829,-0.16174218577654692,0.39000412156327213,-0.17230742136120192,-0.8027252113966683,0.21869427835913902,-0.5850748210787513,-1.67035612907538,-0.1692998800465041,-0.8320315473337961,-2.044476395772459,-0.15070933131784003,-0.15070933131784003,4.05,520454000.0,4720227000.0,0.030696914128297337,-0.12095246979624097,1.0,1.3275862068965516,0.7981811210796718,1.9874138424821002,1.3808270350283873,1.966019417475728,0.014373732088785118,9194687725.506065,0.46867167919799496,0.42857142857142855,1.9479333780994146,11.024717756233073,17.666667420187114,0.008297978737470846,1.0174243306138302,0.07782501092879231,1.4543288658190543,2019-12-29,,,0.2519995428543359,-0.02306202827769871,-0.5129998185440414
HCA,HCA Healthcare,Health Care,2020-03-31,2018-09-30,2018-11-30,80.71101153789972,38.22666250562256,80.71101153789972,-0.5263761192278906,18,16,89.8499984741211,151.97000122070312,-0.4087649025965746,302690215.19317627,0.080245170423354,-0.1213725158239376,-0.17475529791659944,0.38764622868094434,0.07742211941844701,0.047977674844283,1.1060180103367228,0.5437064674122487,-0.08671132262321768,1.8257039260447168,1.0219348266068264,-0.06334648138980215,2.0044895857779785,1.3417579184906865,0.1293130700520233,-0.11252067024309831,-0.11252067024309831,10.07,3505000000.0,51336000000.0,0.09981361270004507,0.07022974274315597,1.0,-0.05534709193245779,,1.0020011435105776,,1.008008008008008,-0.02023831594471126,31273509895.908085,0.0,0.039755351681957186,0.6091925723840597,6.6460585571096935,8.922542053040823,0.024936610298081252,1.0254483662271723,0.018745849133406173,1.1183391939410332,2019-12-31,,,0.8582634089676235,1.3134211808413991,1.2065536255454823
HLT,Hilton Worldwide,Consumer Discretionary,2020-03-31,2019-12-31,2020-01-31,76.35661997272204,38.87834812451854,76.35661997272204,-0.4908319915364562,3,2,68.23999786376953,115.4800033569336,-0.40907520020718546,390418545.49880254,0.07634827151014822,-0.12526941473714337,-0.1786521968298052,0.25029312529778736,-0.05993098396470997,-0.08937542853887398,0.7719812232033936,0.20966968027891952,-0.42074810975654686,1.223622719202912,0.4198536197650218,-0.6654276882316068,1.073536671921742,0.41080500463445,-0.8016398438042132,-0.21307136664127668,-0.21307136664127668,3.04,881000000.0,9452000000.0,0.06130698405569279,-0.025601750547045943,1.0,0.21599999999999997,0.5316837658418829,1.1567164179104477,1.0871828236824983,1.1660516605166051,-0.051692959492973256,19776130959.862156,0.25593395252837975,0.26861143731539805,2.0922694625330256,13.595172720849803,22.44736771834524,0.00864368797353543,1.0253281142067696,0.48102402874466654,1.6558481322718923,2019-12-31,,,0.5461086929443321,0.7098013876427597,0.2650261064660172
HON,Honeywell Technologies,Industrials,2020-03-31,2017-11-30,2018-09-30,87.69870178067684,39.67701837814717,87.69870178067684,-0.547575761413501,28,18,132.24752807617188,181.9379730224609,-0.27311750329412854,619829340.1993585,0.0886913535466276,-0.11292633270066399,-0.16630911479332583,0.24644035042328039,-0.06378375883921694,-0.09322820341338095,0.6586875035669322,0.09637596064245812,-0.5340418293930083,0.5138684282289845,-0.28990067120890584,-1.3751819792055344,0.5173907444695591,-0.14534092281773292,-1.357785771256396,-0.11821949075033733,-0.11821949075033733,8.313040848068551,6143000000.0,36709000000.0,-0.12183627577627865,0.03128238022400942,1.0,-0.06347438752783974,,1.0406407594185703,,1.0466148723640398,-0.030398998833788937,97725559132.87444,0.47575757575757577,0.37936077189808537,2.6621689267720297,11.083469472775926,15.908441988096115,-0.00630718423474641,1.0222035821779247,0.0020094732309458877,1.0043720397647427,2019-12-31,,,0.49590751040712,0.17665820980960956,-0.01139261245423051
HXL,Hexcel,Industrials,2020-03-31,2018-01-31,2018-05-31,77.60929347696246,29.982571416334025,77.60929347696246,-0.6136729240392576,26,22,37.18999862670898,87.0,-0.5725287514171382,76896956.39149499,0.2159182883334858,0.014300602086194214,-0.039082180006467626,-0.09787552316542758,-0.4080996324279249,-0.4375440770020889,0.505781421334808,-0.05653012158966608,-0.6869479116251325,0.6020287964267919,-0.20174030301109847,-1.287021611007727,0.8513379018342093,0.18860623454691727,-1.023838613891746,-0.3401450670009629,-0.3401450670009629,,306600000.0,2355700000.0,0.07610433511488734,0.10935995540465204,1.0,,0.7210724365004704,1.0421309192200556,1.0549568965517242,,-0.014150943396226467,3109083885.1928706,0.09273182957393483,0.09398496240601503,1.3198131702648346,7.240754780724767,,0.0014028226492093232,1.0318852496459732,0.06303960531725367,1.9691011235955056,2019-12-31,,,0.31961279667294096,0.2702713700777973,0.3567255064460453
IQV,IQVIA,Health Care,2020-03-31,2018-09-30,2019-07-31,78.1140492956171,39.911727042123744,78.1140492956171,-0.48905827566203053,18,8,107.86000061035156,169.13999938964844,-0.3623034113777305,256309671.84203616,0.31540890116772324,0.11379121492043165,0.06040843282776981,0.46143152225871953,0.1512074129962222,0.1217629684220582,0.7906545364057078,0.22834299348123377,-0.4020747965542326,1.1436121398619523,0.339843040424062,-0.7454382675725666,0.8439643822008334,0.18123271491354132,-1.0312121335251219,-0.09132206951958566,-0.09132206951958566,0.96,191000000.0,11088000000.0,0.06492508643872452,0.0731807874665018,1.0,-0.22580645161290325,0.24581724581724582,0.9959677419354839,1.0364372469635628,1.0,-0.04745817245817241,21459645954.767864,0.5844377510040161,0.65384414369808,1.9353937549393816,16.27369679371797,112.35416730244955,0.01902398676592232,1.0214033316506814,0.019976949673453707,1.011909533352419,2019-12-31,,,0.6897268551748206,0.9742927565906147,0.5638953053091489
IRT,Independence Realty Trust,Real Estate,2020-03-31,2019-10-31,2019-10-31,79.92211289541905,38.36579231264804,79.92211289541905,-0.5199602347494109,5,5,8.9399995803833,16.850000381469727,-0.46943623869499773,11608701.991458166,0.31164387694470563,0.11002619069741404,0.0566434086047522,0.33702305130576593,0.026798942043268603,-0.002645502530895405,0.8013835760596957,0.23907203313522163,-0.39134575690024476,2.2024722055844164,1.398703106146526,0.31342179814989746,1.0227841084770541,0.3600524411897621,-0.8523924072489011,-0.21689497891972775,-0.21689497891972775,0.51,45896000.0,203223000.0,0.0627039407630523,0.186184994045256,1.0,0.7000000000000002,,1.4552644003777149,,1.4137931034482758,0.02699509505567277,804529844.5907294,0.4625,0.35625,3.9588523178514703,,17.52941094192804,0.008030594631058818,1.0497439440045218,0.0011608935742971887,2.1808510638297873,2019-12-31,,,0.6327227327422785,1.8881546162073888,0.6089965112292606
IT,Gartner,Information Technology,2020-03-31,2017-07-31,2018-09-30,74.82886565385138,37.51381693213042,74.82886565385138,-0.49867184803168785,32,18,99.56999969482422,171.77999877929688,-0.4203632529841157,124430190.19747537,0.21853974292380718,0.016922056676515584,-0.036460725416146256,0.25489602622482743,-0.055328083037669895,-0.0847725276118339,0.8333835855304015,0.27107204260592743,-0.35934574742953895,1.987445941214967,1.1836768417770767,0.09839553378044807,2.2717685046915372,1.6090368374042452,0.396591988965582,-0.10806469990166911,-0.10806469990166911,2.56,233290000.0,4245321000.0,0.06788331596844044,0.20050164668877546,1.0,0.9248120300751879,0.6303652924852805,1.3508763310775127,1.2214350345571108,1.3483146067415732,-0.010244942571209226,9073705167.502165,0.4592781165512205,0.38707880813143974,2.1373425395870336,24.27601977096727,38.89453113079071,0.027746823969843515,1.1021883174180596,-0.003322136289339532,0.9965926388408729,2019-12-31,,,0.6075864516002487,1.4797916276948189,1.4539935777482897
L,Loews Corporation,Financials,2020-03-31,2018-01-31,2018-01-31,71.47623603682754,31.43167099146912,71.47623603682754,-0.5602500532446307,26,26,34.83000183105469,56.880001068115234,-0.3876582071553606,60314910.13532063,-0.013556335852130674,-0.21517402209942227,-0.2685568041920841,0.0013910503104019867,-0.30883305895209534,-0.33827750352625935,0.4817643192224501,-0.08054722370202394,-0.7109650137374903,0.8811721677575213,0.07740306831963095,-1.0078782396769976,0.6909053625101829,0.028173695222890816,-1.1842711532157724,-0.21533168155907878,-0.21533168155907878,3.07,932000000.0,14931000000.0,0.061495805488411825,0.024099017109574072,1.0,0.5427135678391959,,1.6945454545454546,,1.6684782608695652,-0.05010960195030012,10573798601.479794,0.0,0.0058997050147492625,0.7081775233728346,6.5731589729600435,11.345277469398921,0.041068191326174786,1.0410681913261748,0.013152282098677663,1.2815829528158296,2019-12-31,TTM net income jumped 1.69x in one quarter,,0.3765962394292407,0.6904932978254441,0.4270499142790945
LAD,Lithia Motors,Consumer Discretionary,2020-03-31,2019-11-30,2019-11-30,75.31295890944914,38.49863795321822,75.31295890944914,-0.4888178806052992,4,4,81.79000091552734,165.27000427246094,-0.5051128529004578,30003620.437107388,0.8555228200311813,0.6539051337838897,0.6005223516912279,1.7982196643036987,1.4879955550412014,1.4585511104670374,3.798126786366921,3.2358152434424468,2.6053974534069804,2.7063215216093077,1.9025524221714174,0.8172711141747888,1.8460761408263173,1.1833444735390253,-0.029100374899637904,-0.20809387852109607,-0.20809387852109607,11.6,271500000.0,12672700000.0,0.07201346710203538,0.17200218113319776,1.0,0.06813996316758741,0.5484848484848485,1.030751708428246,1.0331096196868008,1.0322283609576426,-0.04335652083630748,1914309073.1522133,0.0440771349862259,0.027548209366391185,0.1510577124963278,5.715637466491536,7.050862147890289,0.02389108830896025,1.0598949314220776,0.016776100969428324,1.773820347038235,2019-12-31,,,3.490203609048524,2.0447330887586213,0.8464809386522891
LECO,Lincoln Electric,Industrials,2020-03-31,2017-06-30,2018-01-31,75.41173741143452,38.43576928976162,75.41173741143452,-0.4903211275976558,33,26,69.0,101.33999633789062,-0.3191237172543574,35057028.46361796,0.2282950438546021,0.026677357607310492,-0.026705424485351348,0.3492587041194266,0.03903459485692928,0.009590150282765275,0.8176879253077236,0.25537638238324956,-0.37504140765221683,1.0698996717487423,0.266130572310852,-0.8191507356857766,1.5839841959599545,0.9212525286726625,-0.2911923197660007,-0.0873913240651899,-0.0873913240651899,4.68,293083000.0,3003272000.0,-0.008387168774189657,0.1540307213258798,1.0,0.07093821510297471,0.790172818203877,1.0557218644062103,1.0274199709481353,1.0678336980306344,-0.046424886744162674,4321095512.820513,0.30576441102756885,0.23809523809523805,1.438795924185526,10.762236515318433,14.743589743589745,-0.002497681673127916,1.0673666025130781,0.09283402571554417,2.202886956075314,2019-12-31,,,0.6142132572976449,0.6505617603150331,0.9183520965461511
LFUS,Littelfuse,Information Technology,2020-03-31,2017-10-31,2018-06-30,87.35730431531942,38.43754630434029,87.35730431531942,-0.55999619487343,29,21,133.4199981689453,238.1100006103516,-0.4396707495403491,23807496.931784492,0.28288231007934206,0.08126462383205046,0.027881841739388624,0.33678630430419254,0.026562195041695214,-0.0028822495324687947,1.000985496316534,0.43867395339206006,-0.19174383664340633,0.9015335279690591,0.09776442853116873,-0.9875168794654599,1.0631597941367112,0.4004281268494192,-0.812016721589244,-0.10215865266725377,-0.10215865266725377,5.6,139082000.0,1503873000.0,-0.12487576143402146,0.40681143545738396,1.0,-0.14110429447852757,0.7214133439838997,1.0088627095604894,1.1026531999697844,1.0122137404580154,-0.016004705044901923,3313628604.523795,0.3527777777777778,0.3203453453453453,2.203396566414714,12.13346093687142,23.82499967302595,-0.04067156110079473,1.108365383198503,0.28197906507424053,1.737256262323815,2019-12-28,,,0.8223765099853575,0.5527379532171286,0.5204950764731325
LII,Lennox International,Industrials,2020-03-31,2018-01-31,2019-06-30,77.27496467256347,35.955788137961804,77.27496467256347,-0.5347032730417032,26,9,181.7899932861328,298.489990234375,-0.3909678741877042,91872200.68432036,0.2860382059898243,0.08442051974253273,0.03103773764987089,0.508990917851275,0.1987668085887777,0.1693223640146137,0.7339008234094717,0.17158928048499766,-0.4588285095504687,0.4522796557500801,-0.3514894436878102,-1.4367707516844388,0.4414779022014066,-0.22125376508588546,-1.4336986135245486,-0.07360126977490589,-0.07360126977490589,10.38,408700000.0,3807200000.0,-0.019748191251062086,0.011537660172934672,1.0,0.18764302059496574,0.6221647130461258,1.1036997029435593,1.1296646603611349,1.1113490364025698,-0.0414290391313914,7157762067.056116,0.3183164286128071,0.308250942316421,1.8800593788233126,11.385662180022138,17.513486829107205,0.011020527391985446,1.0188611182684875,2.5747315842323438e-05,1.0005364806866952,2019-12-31,,,0.5038498235089925,-0.05913821915594342,-0.3991038369725314
LUV,Southwest Airlines,Industrials,2020-03-31,2017-06-30,2017-06-30,72.49320301129855,35.19653260811218,72.49320301129855,-0.5144850669292876,33,33,35.61000061035156,66.98999786376953,-0.46842809753826453,322594525.9001384,-0.04015695293570598,-0.24177463918299757,-0.2951574212756594,0.05307485281651236,-0.25714925644598496,-0.28659370102014897,0.714686960514394,0.1523754175899199,-0.4780423724455465,0.2861555048753892,-0.5176135945625011,-1.6028949025591297,-0.0765753781905314,-0.7393070454778234,-1.9517518939164866,-0.36899748050638503,-0.36899748050638503,4.27,2300000000.0,22428000000.0,0.021078989301160922,0.03873072921592735,1.0,-0.004662004662004726,0.7778153533987149,1.0179316096747288,1.0067939178259464,1.0348837209302326,-0.0625668017348261,19181030773.72567,0.1313131313131313,0.1132548506649226,0.8552269829554874,4.256233422827028,8.339578597272029,0.0011606106597625843,1.020725870161253,-0.0006829046209879354,0.9882903981264637,2019-12-31,,,0.5341748511710118,-0.08529392801258112,-0.6857647050903434
LYV,Live Nation Entertainment,Communication Services,2020-03-31,2017-11-30,2019-07-31,84.16787049729399,39.74252181148205,84.16787049729399,-0.5278183756263648,28,8,45.459999084472656,76.5999984741211,-0.4065274152736298,213770280.90659854,-0.024856957240985356,-0.22647464348827695,-0.2798574255809388,0.18521782123217245,-0.12500628803032487,-0.15445073260448888,0.8620766218799158,0.2997650789554418,-0.3306527110800246,1.5877695063533257,0.7840004069154354,-0.3012809010811932,0.5398152531839633,-0.12291641410332876,-1.335361262541992,-0.37307521834652924,-0.37307521834652924,-0.02,69889000.0,11547969000.0,0.07046561856912437,0.04356510426944826,1.0,,0.2151463471697184,1.8150368008439022,1.1447214991578427,3.0000000000000018,0.017051052303491243,9715239129.543,0.547872212783521,0.7242473435655254,0.8412941816472662,13.7271770009729,,0.025540266150970492,1.0366985349782185,0.0356621368583029,1.1348519406900472,2019-12-31,TTM net income jumped 1.82x in one quarter,,0.6089179472276831,1.0201321391280491,-0.3156989359365786
MAR,Marriott International,Consumer Discretionary,2020-03-31,2018-01-31,2018-01-31,84.94061162303271,33.467560177263266,84.94061162303271,-0.6059887074301673,26,26,74.80999755859375,153.38999938964844,-0.5122889506729973,479191066.0012139,0.14597032304582314,-0.05564736320146846,-0.1090301452941303,0.23753552074343331,-0.07268858851906401,-0.10213303309322802,0.9798163777155091,0.41750483479103506,-0.21291295524443132,1.3492855108769297,0.5455164114390394,-0.5397648965575892,1.2384068580232972,0.5756751907360051,-0.636769657702658,-0.2380695305627275,-0.2380695305627275,3.8,1273000000.0,20972000000.0,0.010309278350515427,-0.09329955446841964,1.0,-0.2936802973977696,0.7072222222222222,0.9764027267960147,1.0056788848735156,0.986988847583643,-0.054902988987939216,25061349182.128906,0.43385483184333756,0.33755853554704124,1.194990901303114,16.671178556444037,19.68684146278783,0.003925323121110491,1.011279469429249,0.41906734752866365,1.9676307007786429,2019-12-31,,,0.7543387244858655,0.9054288820590469,0.5371988251181068
MOG-A,Moog Inc.,Industrials,2020-03-31,2017-10-31,2018-01-31,73.20284179162068,34.212349440399734,73.20284179162068,-0.5326363211719477,29,26,50.52999877929688,98.5199966430664,-0.48710921131712137,15224143.544169834,0.04848596392243132,-0.15313172232486028,-0.20651450441752212,0.262338497981357,-0.04788561128114033,-0.07733005585530434,0.6627307056051488,0.10041916268067475,-0.5299986273547916,0.7781960991747379,-0.025573000263152457,-1.110854308259781,1.0654411724142507,0.4027095051269587,-0.8097353433117045,-0.2521273129125262,-0.2521273129125262,5.330000000000001,187006000.0,2979830000.0,0.07901951362412274,0.0892249670563372,1.0,0.37017994858611836,0.5625289527671326,1.2038671137373722,1.1202622664027695,1.213367609254499,-0.020062156695820788,1772872974.0565085,0.12921396628826967,0.08883728930168559,0.5949577573406901,6.486063230254502,9.480299958592283,0.025878045060649058,1.025878045060649,0.01901029436100476,1.0607707498443082,2019-12-28,,,0.47945242558638834,0.41045804397895613,0.4676954499842989
MTB,M&T Bank,Financials,2020-03-31,2018-01-31,2018-02-28,73.11788255866014,32.501378373796044,73.11788255866014,-0.5554934410508781,26,25,103.43000030517578,197.3699951171875,-0.47595884448512704,133051123.37063986,0.01546202864578694,-0.18615565760150465,-0.2395384396941665,-0.09117262033080908,-0.4013967295933064,-0.4308411741674704,0.5206279439473516,-0.04168359897712248,-0.6721013890125889,0.7510637926603123,-0.05270530677757801,-1.1379866147742066,0.27149361033688346,-0.3912380569504086,-1.6036829053890718,-0.1773183862537947,-0.1773183862537947,13.75,1929149000.0,6191943000.0,0.04447158731117273,0.0525754915452914,1.0,0.07927786499215062,,1.067844928261595,,1.0879120879120878,-0.06810756741590074,14511409575.180332,0.0,0.006896551724137931,2.3435954715959646,,7.522181840376421,,,-0.0007261775800220704,0.9990694811206258,2019-12-31,,,0.3731404845164573,0.48460729925836366,-0.08579743265992645
MTN,Vail Resorts,Consumer Discretionary,2020-03-31,2017-05-31,2018-09-30,91.73535899714093,34.00187090801144,91.73535899714093,-0.629348254809019,34,18,147.7100067138672,302.760009765625,-0.5121218062180218,106194790.85511707,0.23315960115545376,0.03154191490816216,-0.02184086718449968,0.44858174964019115,0.13835764037769382,0.10891319580352982,0.9745451010536099,0.41223355812913587,-0.21818423190633052,0.7843253988416707,-0.019443700596219582,-1.1047250085928482,0.6588464497836164,-0.003885217503675653,-1.2163300659423388,-0.12314673666231579,-0.12314673666231579,7.369999999999999,302504000.0,2394401000.0,0.12640059086140631,0.08499984687471285,1.0,0.12519083969465616,0.6338892625817497,1.1323346093986266,1.1272466773055014,1.141984732824427,-0.008479422397528302,6062804324.419496,0.2671957671957672,0.23015873015873015,2.532075589852951,10.998302159551963,20.042063326169227,0.032362640939818776,1.0571953049350302,0.14825352470468692,1.1794406061068476,2020-01-31,,,0.8179687207661214,0.43640382836875474,0.04892108123711314
NVR,"NVR, Inc.",Consumer Discretionary,2020-03-31,2017-12-31,2020-01-31,92.14361387813412,39.88603635514422,92.14361387813412,-0.5671318426050005,27,2,2569.110107421875,4071.1298828125,-0.3689442043428419,122330583.11205667,0.26843531952399835,0.06681763327670676,0.013434851184044916,0.5893130097428745,0.27908890048037716,0.24964445590621315,0.8336816947517718,0.27137015182729773,-0.35904763820816865,0.7388394551972688,-0.06492964424062153,-1.1502109522372501,1.1689183057233747,0.5061866384360827,-0.7062582100025805,-0.10680357214977565,-0.10680357214977565,221.13,878539000.0,7388664000.0,0.0314070684958585,0.13603802189716196,1.0,0.13516427104722784,,1.0338390663316352,,1.0426078028747432,-0.029184556581729915,10206952582.934504,0.17117117117117117,0.11411411411411411,1.3814341243470407,8.438626542276399,11.61809843721736,-0.0005887988624941887,1.0400140187508722,,,2019-12-31,,,0.6396672616763257,0.3284850086064714,0.4815278869169868
NXST,Nexstar Media Group,Communication Services,2020-03-31,2019-04-30,2019-04-30,75.70131716192488,36.799156707956584,75.70131716192488,-0.5138901397284369,11,11,57.72999954223633,133.25,-0.5667542248237424,76195424.52702598,0.46157893594334753,0.25996124969605594,0.2065784676033941,0.5807984264229278,0.27057431716043046,0.24112987258626645,1.4994364113578258,0.9371248684333517,0.30670707839788536,2.417576254563869,1.6138071551259787,0.5285258471293501,2.2022452179204017,1.5395135506331097,0.3270687021944465,-0.15122119326123817,-0.15122119326123817,4.8,230259000.0,3039324000.0,0.09853919621093166,0.13763761499955174,1.0,-0.41534713763702813,0.35147016398247066,1.0173822844481188,1.012481211540568,1.0170523751522533,0.011199201108152979,2769344159.2907906,0.4966166519564578,0.3750751499801732,0.911171089127316,14.167986064707003,12.027083237965902,0.11035431103265458,1.1103543110326546,0.9734452213036777,1.7558306026939314,2019-12-31,,,1.295489960129524,2.0139153747294043,1.5657618981338022
O,Realty Income,Real Estate,2020-03-31,2019-10-31,2019-10-31,74.40017274897858,36.01511563324013,74.40017274897858,-0.5159269891112642,5,5,48.3139533996582,82.28681945800781,-0.41285914660593326,221896661.1415225,0.20815676638817626,0.006539080140884668,-0.04684370195177717,0.24768687950070034,-0.06253722976179699,-0.091981674335961,0.3345228426982183,-0.22778870022625575,-0.8582064902617221,0.566845973772468,-0.23692312566542229,-1.3222044336620509,0.4981378892417261,-0.16459377804556596,-1.3770386264842291,-0.12936227423546032,-0.12936227423546032,1.3372093023255813,436482000.0,1491591000.0,0.12332302585104515,0.09218041600042115,1.0,0.09523809523809512,,1.1127449605743174,,1.0866141732283465,0.0960167745968552,15770284405.825277,0.15517241379310345,0.08296255098257323,10.572794020495751,11.829305552831485,36.13043471626614,0.03825111127507408,1.038251111275074,0.2243594474627176,1.246229440449624,2019-12-31,,,0.20098231134496455,0.3195780430575263,0.13221687871911364
OGE,OGE Energy,Utilities,2020-03-31,2019-09-30,2019-09-30,73.95426144384356,34.35119721815647,73.95426144384356,-0.5355075346910101,6,6,30.729999542236328,46.43000030517578,-0.3381434559497364,65687922.886575975,0.0009973102443310289,-0.20062037600296057,-0.2540031580956224,0.0014173567766402329,-0.3088067524858571,-0.3382511970600211,0.10788801166819861,-0.45442353125627544,-1.0848413212917418,0.46415564268858933,-0.339613456749301,-1.4248947647459296,0.41137838215735756,-0.2513532851299345,-1.4637981335685977,-0.14188100301887607,-0.14188100301887607,2.16,433600000.0,2231600000.0,-0.01704620534731094,0.004068816062978264,1.0,0.018867924528301883,0.859805671227444,1.112503070498649,1.1056179775280899,1.1138613861386137,0.00016538277407840418,6168762871.071144,0.581453634085213,0.42857142857142855,2.7642780386588743,10.89719873277219,14.226851639924226,-0.01730591395481973,1.0255611254120942,,,2019-12-31,,,-0.024211905988268473,0.20943567859082368,0.06355793442718943
OKE,Oneok,Energy,2020-03-31,2018-07-31,2018-07-31,70.0381925009312,25.63996049260105,70.0381925009312,-0.6339145889257471,20,20,21.809999465942383,78.4800033569336,-0.7220948199154797,212625314.93146232,0.573540220530945,0.3719225342836534,0.31853975219099157,0.2715408518274347,-0.038683257435062623,-0.06812770200922663,1.616225390241719,1.053913847317245,0.4234960572817785,2.8966244638228176,2.0928553643849273,1.0075740563882987,2.719589820524736,2.056858153237444,0.844413304798781,-0.12012847261737647,-0.12012847261737647,3.07,1278577000.0,10164367000.0,-0.1928683552610473,0.03444161352637254,1.0,0.10431654676258995,0.6678898823780149,1.063123913022715,1.0267196741532387,1.0611510791366907,0.005293350870993585,9083310647.285412,0.3795217347248962,0.2973621103117506,0.8936425305467042,9.013286965882722,7.104234353727161,-0.044474334618007094,1.0382038267770957,-0.0002362386799983102,0.9969036477631327,2019-12-31,,,1.3682846942294251,2.410475170920274,2.0086650480226202
ON,ON Semiconductor,Information Technology,2020-03-31,2018-03-31,2018-03-31,74.70716871397217,39.032272707981726,74.70716871397217,-0.4775297554452538,24,24,12.4399995803833,27.100000381469727,-0.5409594315397336,176546486.36810362,0.5932476176348493,0.39162993138755775,0.3382471492948959,0.7435692335762367,0.4333451243137394,0.4039006797395754,2.3448554673560107,1.7825439244315366,1.1521261343960703,4.032958418188501,3.229189318750611,2.1439080107539823,5.617363542731549,4.954631875444257,3.7421870270055937,-0.14710610815387737,-0.14710610815387737,0.51,211700000.0,5517900000.0,-0.061310242757259714,0.06047157727625341,1.0,-0.6458333333333333,0.48925352438178876,0.9593560726809053,0.9925637393767706,0.9722222222222222,-0.047272590898010614,5163819433.661068,0.15839051037275645,0.20744655757039657,0.9358305575782576,7.683875447125237,24.392156039967254,-0.018027477220956767,1.0269194380478053,0.1323001548066618,1.528328804347826,2019-12-31,,,2.120625963758509,3.567545292477583,4.856881552096438
PAYX,Paychex,Industrials,2020-03-31,2018-01-31,2019-05-31,70.35914295727545,37.67752735580556,70.35914295727545,-0.46449706786956346,26,10,62.91999816894531,90.54000091552734,-0.30505856491376826,181873944.901318,0.21608835963645534,0.014470673389163746,-0.038912108703498094,0.29169437737140513,-0.018529731891092194,-0.0479741764652562,0.6104451731200804,0.04813363019560635,-0.58228415983986,1.2959768577387383,0.49220775830084795,-0.5930735496957806,0.9791364516849566,0.3164047843976645,-0.8960400640409987,-0.06468530635079794,-0.06468530635079794,3.07,1107800000.0,4022000000.0,0.1292360389701548,0.06010439509528376,1.0,0.10431654676258972,0.750847227870408,1.07604285862894,1.0284399832705982,1.0792452830188675,-0.0007427060522592344,22704486635.686523,0.4333333333333333,0.3333333333333333,5.645073753278599,14.142421579866992,20.495113410079906,0.018769472377719865,1.0377006671910964,0.35116394254581473,2.2925469168900805,2020-02-29,,,0.4731948533864151,0.984018934045706,0.4710285532690466
PBF,PBF Energy,Energy,2020-03-31,2018-05-31,2018-05-31,70.33343424752347,30.884323861518766,70.33343424752347,-0.560887020633345,22,22,7.079999923706055,53.90999984741211,-0.8686700066083208,57501329.934409305,0.44632740749054034,0.24470972124324875,0.1913269391505869,-0.19632778460608324,-0.5065518938685806,-0.5359963384427446,0.9985874760229938,0.43627593309851975,-0.19414185693694663,2.44209043894439,1.6383213395064997,0.5530400315098711,5.179049029244254,4.516317361956962,3.303872513518299,-0.4265536523185749,-0.4265536523185749,2.64,319400000.0,24508200000.0,-0.09850254357925559,0.24783582569102114,1.0,1.4,0.4921417565485362,2.549312239410825,8.13079428714608,2.4727272727272727,0.03716115289197175,856572718.0423158,0.17918179617526023,0.1242798353909465,0.03495045405383977,3.192744343804662,2.68181815291896,0.0003510261392023484,1.1062782735579775,0.0008740863897359312,45.25139664804469,2019-12-31,,,0.6984462476664811,1.74900643749468,4.092678750854203
PH,Parker Hannifin,Industrials,2020-03-31,2018-01-31,2018-01-31,81.94473491633445,38.961435900856095,81.94473491633445,-0.5245400947280419,26,26,129.72999572753906,215.94000244140625,-0.3992312945224664,235484072.10641286,0.4208564681708513,0.21923878192355972,0.16585599983089788,0.5753107118050347,0.26508660254253735,0.23564215796837334,1.4735366710107431,0.9112251280862691,0.2808073380508027,1.2544853937162532,0.4507162942783629,-0.6345650137182657,1.71887666748519,1.056145000197898,-0.15629984824076515,-0.12279327614511049,-0.12279327614511049,10.5,1368758000.0,14201470000.0,-0.021830012066750837,0.08746402155212674,1.0,0.002865329512893977,0.5813510881342211,1.0411994043459614,1.0252191802500397,1.053211009174312,-0.030145414272212956,16911330427.812849,0.5267353684619872,0.38848920863309355,1.190815487960954,9.889666487732155,12.355237688337054,0.0018291365387748115,1.0472223892962624,0.3274598928105542,1.656921670916538,2019-12-31,,,1.2274531918128828,0.7492518544797077,0.9543015163220524
PNC,PNC Financial Services,Financials,2020-03-31,2018-01-31,2018-02-28,81.06852338615496,36.253595263686776,81.06852338615496,-0.5528030640079694,26,25,95.72000122070312,163.58999633789062,-0.4148786395043612,354349298.14981127,0.11199951588702795,-0.08961817036026365,-0.1430009524529255,0.1746554736083672,-0.13556863565413013,-0.16501308022829414,0.9081060231654927,0.34579448024101866,-0.2846233097944477,1.05691176333907,0.2531426639011798,-0.8321386440954488,0.4698689177246369,-0.19286274956265514,-1.4053075980013183,-0.12223152007691596,-0.12223152007691596,11.39,5108000000.0,17827000000.0,0.04056735932757416,0.04917631208279749,1.0,0.06349206349206349,,1.0063492063492063,,1.019695613249776,-0.04701492537313434,42926932944.280205,0.16551724137931034,0.12873563218390804,2.407972903140192,3.347412742599028,8.403863144925648,0.015320651554846743,1.0159458806474995,0.0035022180714452487,1.0065409353537556,2019-12-31,,,0.742715142203428,0.7489489405196585,0.026181061186921095
PNW,Pinnacle West Capital,Utilities,2020-03-31,2017-05-31,2017-08-31,72.72404107202426,39.404459289738824,72.72404107202426,-0.4581646081697588,34,31,75.79000091552734,105.51000213623048,-0.2816794675288681,103165144.41283695,-0.02305007543531601,-0.2246677616826076,-0.27805054377526944,0.0032444538756613017,-0.306979655386836,-0.33642409996100003,0.11787758764294143,-0.4444339552815326,-1.074851745316999,0.12234827713164398,-0.6814208223062463,-1.766702130302875,0.19421800763063501,-0.46851365965665703,-1.6809585080953202,-0.11215190642872663,-0.12009772209945546,4.77,538320000.0,3471209000.0,-0.05961074942966427,0.035326940596236645,1.0,0.05066079295154169,0.8011191142329901,1.0757471298821977,1.0371597299683206,1.0743243243243241,0.0025756348051189093,8553306769.988822,0.8421052631578947,0.656641604010025,2.4640713854996408,10.0967418381774,15.888889080823343,-0.02417214242461896,1.0234671110842708,0.009082025667748595,1.1304232804232803,2019-12-31,,,-0.007383173554107669,-0.1283852770930214,-0.17970458121738137
PRI,Primerica,Financials,2020-03-31,2018-08-31,2018-09-30,78.8513066348294,39.528707433547495,78.8513066348294,-0.49869305759751004,19,18,88.4800033569336,138.0500030517578,-0.35907278956190536,29239670.57822091,0.32275538468908427,0.12113769844179267,0.06775491634913083,0.2874464835191679,-0.02277762574332942,-0.05222207031749343,0.6928033291695992,0.13049178624512514,-0.49992600379034124,0.5874542277996189,-0.21631487163827146,-1.3015961796349,1.030945879597835,0.36821421231054297,-0.8442306361281202,-0.11290658588696889,-0.11290658588696889,8.62,366391000.0,2052504000.0,0.08035453455890829,0.12476511187601469,1.0,0.1759890859481581,,1.0415003054669325,,1.0504774897680764,-0.03867438376168164,3760820987.2332087,0.2476618865235593,0.20486327603099672,1.8323087249687253,6.684086107094339,10.26450154952826,0.02222952681199475,1.0324190013391732,-0.00014948603647775105,0.993766324985184,2019-12-31,,,0.46533786000068733,0.09450479205707929,0.2568414169163282
RJF,Raymond James Financial,Financials,2020-03-31,2018-01-31,2018-01-31,73.87711626895727,36.58677772580881,73.87711626895727,-0.504761696536572,26,26,42.133331298828125,68.30000305175781,-0.38311377135811486,114043791.69887361,0.09500560950978754,-0.10661207673750406,-0.1599948588301659,0.16348165428098582,-0.1467424549815115,-0.1761868995556755,0.9741096492308376,0.4117981063063636,-0.2186196837291028,1.6799961384960946,0.8762270390582043,-0.20905426893842427,1.3174189978046633,0.6546873305173713,-0.5577575179212919,-0.10506318438872653,-0.10506318438872653,4.913333333333333,1053000000.0,7818000000.0,0.045282470941869324,0.13246541425970593,1.0,0.10993975903614461,,1.0268738273804487,,1.033674963396779,-0.03850720264599461,9029796036.159977,0.12867647058823528,0.09313725490196079,1.1550007720849294,2.7660461136368615,8.575304877644802,0.010077519379845024,1.0377010612229076,-0.001470722330565434,0.976890756302521,2019-12-31,,,0.7683497317143649,1.2524961285578322,0.679644821175803
RTX,RTX Corporation,Industrials,2020-03-31,2018-01-31,2018-01-31,73.29181518830826,35.08589400838797,73.29181518830826,-0.5212849631539078,26,26,59.3643798828125,99.71051025390624,-0.4046326738109651,845208342.2050724,0.04719061066968666,-0.15442707557760493,-0.20780985767026677,-0.014867558398969027,-0.32509166766146635,-0.35453611223563036,0.3407376276151861,-0.22157391530928794,-0.8519917053447543,0.7596617239652341,-0.044107375472656196,-1.1293886834692848,0.780055989024451,0.1173243217371589,-1.0951205267015043,-0.19059190677138738,-0.19059190677138738,4.033983637507867,5537000000.0,77046000000.0,0.1585690440745251,0.11136921971355518,1.0,-0.013846153846153841,0.6175552085656926,1.0899606299212599,1.0773454285032227,1.0919931856899487,0.06561825577976621,81482871758.54759,0.33663168415792105,0.24467766116941528,1.0575873083423875,9.050817456941532,14.716068585614517,0.019949959623505764,1.0469616998240627,0.46208327694320384,1.7083679114799446,2019-12-31,,,0.18438158800106075,0.4656113729052654,0.39044081065102304
SCHW,Charles Schwab Corporation,Financials,2020-03-31,2018-05-31,2018-05-31,75.19257132063102,38.61868919010539,75.19257132063102,-0.4864028651789255,22,22,33.619998931884766,60.220001220703125,-0.441713745427051,560321076.5515252,0.008822129200088069,-0.19279555704720353,-0.24617833913986537,0.08900423898254495,-0.22121987027995238,-0.2506643148541164,0.9732207190144808,0.41090917609000677,-0.21950861394545962,1.576366988264978,0.7725978888270877,-0.3126834191695409,0.6201262108797181,-0.04260545640757396,-1.2550503048462371,-0.06038053437403468,-0.06038053437403468,2.67,3704000000.0,10721000000.0,0.05813264903276738,0.17567881178927824,1.0,0.0897959183673469,,1.0516110635871114,,1.057142857142857,-0.030852153371160096,46639878668.05288,0.1206896551724138,0.10683866699743653,4.350329136092983,3.9490302935717745,12.591759899582309,-0.005841988130563802,1.044559250887956,0.012633241215949467,1.104319478402608,2019-12-31,,,0.8076951363028226,1.2231798495608972,0.10486946227705507
SGI,Somnigroup International,Consumer Discretionary,2020-03-31,2019-10-31,2019-10-31,70.39089785939234,38.69649604172377,70.39089785939234,-0.4502627865463368,5,5,10.927499771118164,25.09749984741211,-0.5645980740091553,93932079.78510176,0.6460764419653648,0.44445875571807325,0.3910759736254114,1.040494739613115,0.7302706303506177,0.7008261857764537,2.3526358172492143,1.7903242743247403,1.159906484289274,1.5835480338782562,0.7797789344403658,-0.30550237355626275,2.7034037536321183,2.040672086344826,0.828227237906163,-0.2793411879610407,-0.2793411879610407,0.855,189500000.0,3106000000.0,0.1491361130637463,0.0008516625934977817,1.0,0.8791208791208791,0.5465820594173637,1.2487961476725522,1.1263639563533967,1.2355555555555555,0.003433126763841443,2421942931.7273593,0.09273182957393483,0.05513784461152882,0.7797626953404247,8.413305120309497,12.780701486687912,0.06706060189638596,1.067060601896386,0.0005179621887602205,1.0010201850907237,2019-12-31,,,2.0251017560902262,0.9688138128687458,1.8458824460963692
SIGI,Selective Insurance Group,Financials,2020-03-31,2017-11-30,2019-08-31,79.97420225770189,36.109246705406846,79.97420225770189,-0.5484888165679782,28,7,49.70000076293945,81.3499984741211,-0.3890595980926794,19494250.555504695,0.06671230301789066,-0.13490538322940093,-0.18828816532206277,0.045692206445318684,-0.26453190281717864,-0.29397634739134265,0.484865232913297,-0.07744631001117708,-0.7078641000466435,0.854105992126029,0.05033689268813868,-1.03494441530849,1.004678236093814,0.34194656880652197,-0.8704982796321412,-0.1521130337046418,-0.1521130337046418,4.53,271623000.0,2846491000.0,0.10069719420899581,0.047002733620946424,1.0,0.51,,1.2370807928959031,,1.2333333333333332,0.005274319499682045,2980058125.2167554,0.4576119197075257,0.32011220712331284,1.0469234314167006,8.283533072984849,10.971302596675375,0.031115031360992917,1.031115031360993,0.0,1.0,2019-12-31,,,0.34217316913788637,0.5564158054637567,0.5445100148018065
SWK,Stanley Black & Decker,Industrials,2020-03-31,2017-12-31,2018-01-31,82.74885789092647,37.1720215582161,82.74885789092647,-0.5507850802338135,27,26,100.0,176.6199951171875,-0.43381268959015695,237116208.75677684,0.40150854106678,0.19989085481948843,0.1465080727268266,0.6378973116626854,0.32767320240018805,0.29822875782602404,1.0314912530564242,0.46917971013195015,-0.16123807990351624,0.4460522889457321,-0.3577168104921582,-1.4429981184887868,-0.13650693823602134,-0.7992386055233134,-2.0116834539619766,-0.11459989750387778,-0.11459989750387778,6.35,955800000.0,14442200000.0,0.03288419727657632,0.07833973439452135,1.0,0.5914786967418544,0.4793380140421264,1.4706877981227882,1.04206950614058,1.4631336405529953,-0.007644508745725864,15051968503.93701,0.12476767676767675,0.1591111111111111,1.042221303121201,7.577221777901391,15.748031496062993,0.005535170963676839,1.0272237903536778,0.040922874470763246,1.0467453107640023,2019-12-28,,,0.9198135120016637,0.25415266000502945,-0.4097972711609369
SYY,Sysco,Consumer Staples,2020-03-31,2018-08-31,2019-12-31,78.96376756911015,32.5582004247311,78.96376756911015,-0.5876817757430872,19,3,45.630001068115234,85.9800033569336,-0.4692951932243029,280699792.4995967,0.21091057658728185,0.009292890339990256,-0.044089891752671584,0.3898332905525461,0.07960918129004879,0.05016473671588478,0.7923083535420195,0.2299968106175454,-0.400420979417921,0.9026351169830147,0.09886601754512436,-0.9864152904515042,0.8335775527913911,0.17084588550409907,-1.041598962934564,-0.17588978427446578,-0.17588978427446578,3.49,1813040000.0,60460983000.0,0.013656935785357316,0.04629710272562226,1.0,0.24642857142857144,0.7337492098104111,1.074452006348841,1.0424405398746504,1.0785714285714285,-0.015463986154351295,23704589437.402763,0.2446043165467626,0.06115107913669064,0.3920642414530833,,13.074498873385453,0.00430777243838909,1.0154733337226187,0.0030533110500087883,1.0387733981348557,2019-12-28,,,0.6755773522397752,0.6713267830882108,0.46685675965104406
TEL,TE Connectivity,Information Technology,2020-03-31,2018-01-31,2018-01-31,84.59330642366663,34.75277231130313,84.59330642366663,-0.5891782248437996,26,26,62.97999954223633,108.2300033569336,-0.4180911245605944,187566478.22469077,0.30283743589526435,0.10121974964797276,0.047836967555310916,0.5694873254493003,0.2592632161868029,0.22981877161263892,1.0900147209753093,0.5277031780508352,-0.10271461198463117,1.1490806431307172,0.3453115436928269,-0.7399697643038017,1.1896301715399273,0.5268985042526353,-0.6855463441860279,-0.08653536921783178,-0.08653536921783178,4.7,1594000000.0,13269000000.0,-0.05214658189870702,0.034663710273466375,1.0,-0.42542787286063566,0.8111959287531807,1.1070671378091872,0.993427704752275,1.1174289245982694,-0.03705716838863582,21359599844.749935,0.35173471343684115,0.40726277985060766,1.6097369692327934,9.241112305430265,13.399999902603474,-0.013310529446757924,1.0382852919438286,0.01614401028644903,1.0312932705621711,2019-12-27,,,0.9011910268787705,0.8040462655448851,0.7020995428262831
TFC,Truist Financial,Financials,2020-03-31,2018-01-31,2018-02-28,72.606258786089,32.583906325467396,72.606258786089,-0.5512245518466197,26,25,30.84000015258789,56.91999816894531,-0.4581869089129077,336840218.2297086,0.23514658855152826,0.03352890230423666,-0.019853879788425177,0.26554818979615447,-0.04467591946634286,-0.07412036404050687,0.9743185689735656,0.41200702604909156,-0.21841076398637482,0.9790473342157557,0.17527823477786542,-0.9100030732187632,0.24243717162627365,-0.4202944956610184,-1.6327393440996816,-0.1436447399011399,-0.1436447399011399,3.71,3028000000.0,,,,1.0,-0.051150895140664954,,1.0218454515813498,,1.0253807106598987,0.04186565502700268,25170760232.35475,,0.041379310344827586,,,8.312668504740671,,,,2.6593920498830865,2019-12-31,,,0.8633139706693095,0.7805111326419367,-0.030586595472722522
THG,Hanover Insurance,Financials,2020-03-31,2018-01-31,2018-07-31,73.82359289619993,33.42247412094429,73.82359289619993,-0.5472656801202003,26,20,90.58000183105467,144.7100067138672,-0.3740584781385776,33342503.79419478,0.12532886578909097,-0.07628882045820062,-0.12967160255086246,0.04171841513359076,-0.26850569412890657,-0.2979501387030706,0.46398267554303363,-0.09832886738144042,-0.7287466574169068,0.7270879319736918,-0.07668116746419851,-1.161962475460827,0.51887617695343,-0.14385549033386202,-1.3563003387725252,-0.10808109161355572,-0.10808109161355572,10.46,425100000.0,4890700000.0,0.0882006096611263,-0.13311087107476272,1.0,0.1507150715071508,0.9371693121693122,1.1398976982097186,1.0398899587345254,1.154015401540154,-0.055185507572386494,3681219768.4876995,0.40489144736842103,0.30664583333333334,0.7526979304573373,8.667760455571758,8.65965600679299,0.03275192161500118,1.0327519216150012,0.0033375609104866165,1.0838926174496644,2019-12-31,,,0.31429616737949984,0.42023923160029625,0.04110028061833243
TKO,TKO Group Holdings,Communication Services,2020-03-31,2018-09-30,2019-04-30,94.20377230116307,34.36199580164512,94.20377230116307,-0.6352375816565801,18,11,33.93000030517578,100.4499969482422,-0.6622199966550668,112513951.86174484,0.2840843824867554,0.08246669623946379,0.029083914146801948,0.1994928097341393,-0.11073129952835803,-0.14017574410252204,0.6159159063739701,0.05360436344949604,-0.5768134265859703,0.8758951071725531,0.07212600773466282,-1.0131553002619658,1.7603572703202306,1.0976256030329385,-0.11481924540572463,-0.04715596330649685,-0.04715596330649685,,,,,,,,,,,,,,,,,,,,,,,,,,0.25210457574408207,0.048057876399776545,0.4324741824310403
TPL,Texas Pacific Land Corporation,Energy,2020-03-31,2018-08-31,2018-10-31,88.58458366973241,37.97835152205822,88.58458366973241,-0.5712758366212803,19,17,42.223331451416016,101.73999786376952,-0.5849878873798158,17742009.626715522,0.5649325842817665,0.3633148980344749,0.3099321159418131,0.18828464912714504,-0.12193946013535228,-0.1513839047095163,3.2547185322887717,2.6924069893642977,2.0619891993288313,2.6502156247310014,1.846446525293111,0.7611652172964825,3.677354560661122,3.01462289337383,1.802178044935167,-0.09212919355053972,-0.09212919355053972,4.565555555555556,318728000.0,490496000.0,0.633788555059623,,1.0,0.5258076494615671,0.7976715143415596,,,,-0.004027267302803117,2947671498.7009563,0.0,0.0,6.0095729602299635,6.472857842633174,9.24823516823422,,,,,2019-12-31,,,2.803814339155644,1.7583135089937616,2.331766658755187
TRV,Travelers Companies (The),Financials,2020-03-31,2018-01-31,2018-01-31,73.70695180057953,31.55536263897298,73.70695180057953,-0.5718807810103352,26,26,99.3499984741211,155.08999633789062,-0.3594042116187186,257031074.9334063,0.15563587833538173,-0.04598180791190987,-0.0993645900045717,0.10451247292918509,-0.20571163633331224,-0.23515608090747625,0.553623372322201,-0.008688170602273004,-0.6391059606377394,0.9298494849106744,0.1260803854727841,-0.9592009225238445,0.8490628377689695,0.18633117048167747,-1.0261136779569857,-0.14343251703991333,-0.14343251703991333,9.92,2622000000.0,31581000000.0,0.04289677035862893,0.04774756072244135,1.0,0.06896551724137945,,1.1063291139240505,,1.1146067415730339,-0.027808676307007785,26259646774.10741,0.0,0.12873563218390804,0.8315014335868849,6.210988639365703,10.015120813923497,0.008526537650890953,1.0134737127187785,0.001089756290865861,1.0077501174260215,2019-12-31,,,0.39340734583378184,0.5990868895458689,0.3364238856007724
TSN,Tyson Foods,Consumer Staples,2020-03-31,2019-08-31,2019-08-31,70.9924796572781,39.938614184315654,70.9924796572781,-0.43742471910936864,7,7,57.869998931884766,94.23999786376952,-0.38592953901017824,260188599.550229,0.03875791034296916,-0.16285977590432243,-0.21624255799698427,0.04160182778987043,-0.2686222814726269,-0.2980667260467909,0.3186865723222869,-0.24362497060218713,-0.8740427606376535,0.6259761161681421,-0.17779298326974824,-1.2630742912663768,0.10480636341182725,-0.5579253038754648,-1.770370152314128,-0.09573187936485406,-0.09573187936485406,5.539999999999999,2028000000.0,43027000000.0,0.07524490203918432,0.018037499681990532,1.0,0.047258979206049156,0.7125790583274771,1.0656934306569343,1.0479591836734694,1.0659536541889483,-0.003866381423541454,21184180114.41558,0.5468510537629985,0.44520805738316,0.49234620388164596,8.162765771893094,10.445848182650682,0.01466808159415156,1.021315028901734,0.055027988804478206,1.140837863767189,2019-12-28,,,0.15371006654204006,0.31191608655002045,-0.39489243672241114
TXRH,Texas Roadhouse,Consumer Discretionary,2020-03-31,2018-04-30,2018-09-30,72.35573167688234,37.4642281951832,72.35573167688234,-0.4822216937493422,23,18,41.29999923706055,75.23999786376953,-0.45108984038198896,75713624.22826858,0.2728810346230879,0.07126334837579629,0.017880566283134447,0.47191247358745403,0.1616883643249567,0.1322439197507927,1.323001995246735,0.7606904523222608,0.13027266228679446,1.0670032926104156,0.2632341931725253,-0.8220471148241033,1.7242620352739086,1.0615303679866166,-0.15091448045204658,-0.19588382619906541,-0.19588382619906541,2.46,174452000.0,2756163000.0,0.12155450631935794,0.10719291598089864,1.0,0.11818181818181817,0.8227975266834259,1.076213155004997,1.105328460684291,1.0837004405286341,-0.013973874293964905,2928807913.3754826,0.1763085399449036,0.10743801652892564,1.0626395874901022,8.611761604116051,16.788617576040874,0.04525346086997417,1.0452534608699742,0.0011385790712238586,1.022713988829718,2019-12-31,,,1.0951839084111352,0.5780363379591676,0.9221143374350739
UDR,"UDR, Inc.",Real Estate,2020-03-31,2019-10-31,2019-10-31,74.0916266516519,37.26109014630926,74.0916266516519,-0.4970944514216775,5,5,36.540000915527344,51.25,-0.28702437237995426,92850128.29398504,0.03339486154870075,-0.16822282469859084,-0.22160560679125269,-0.0895019708228384,-0.3997260800853357,-0.42917052465949973,0.24923068373071944,-0.3130808591937546,-0.943498649229221,0.680735063434448,-0.12303403600344232,-1.208315344000071,0.24520378703377843,-0.4175278802535136,-1.6299727286921768,-0.1723407808766556,-0.1723407808766556,0.63,184965000.0,1152193000.0,0.10061909005892855,0.06354711782580469,1.0,-0.14864864864864868,0.8367298931949678,1.1029666856355371,,1.1153846153846152,0.06969009379573321,10727970268.794468,0.23774925641992375,0.43698064800568437,9.310914290222618,67.74628943406888,58.000001453218005,0.03331802748237278,1.0333180274823728,,,2019-12-31,,,0.10954596660145854,0.42240940629871987,-0.10919782754536245
ULTA,Ulta Beauty,Consumer Discretionary,2020-03-31,2017-05-31,2017-06-30,78.90230896232268,36.68356735617284,78.90230896232268,-0.5350761233908894,34,33,175.6999969482422,368.8299865722656,-0.5236287629942558,284986581.4431811,0.1577689339907553,-0.04384875225653628,-0.09723153434919812,0.2747865658388098,-0.035437543423687545,-0.06488198799785155,0.7596472327703561,0.197335689845882,-0.4330821001895844,1.266476995659886,0.4627078962219957,-0.6225734117746329,2.10569147631175,1.4429598090244578,0.23051496058579457,-0.12754697809534354,-0.12754697809534354,12.15,705945000.0,7398068000.0,0.10145780277714289,0.18127637726214885,1.0,0.1323392357875115,0.7834310293931599,1.0422513396673647,1.0324302173098538,1.0511882998171846,-0.043889510093947814,10208603649.845829,0.013888888888888888,0.013888888888888888,1.3799012998861093,8.110917879394155,14.460905098620756,0.025108128653074546,1.038879729241503,-3.53779490621857e-05,0.9840601711288987,2020-02-01,,,0.5750900870251441,0.8967124385944703,1.530060226232806
VFC,VF Corporation,Consumer Discretionary,2020-03-31,2018-08-31,2018-08-31,76.81419200789531,37.265103810088746,76.81419200789531,-0.5148669427355499,19,19,54.08000183105469,100.25,-0.460548610164043,254472415.74685234,0.13485137842271966,-0.06676630782457194,-0.12014908991723378,0.3174740090408308,0.007249899778333457,-0.02219454479583055,0.5162156325212892,-0.04609591040318484,-0.6765137004386512,0.1107391773540376,-0.6930299220838527,-1.7783112300804813,-0.5283978149045718,-1.1911294821918639,-2.4035743306305273,-0.11612450405660879,-0.11612450405660879,3.23,1292029000.0,,0.12077879731307539,0.03259330001354632,1.0,1.0789454545454547,,1.1235183758395688,,1.121951219512195,-0.05629026679158289,21632486280.425934,,0.21830985915492956,,,16.74303462261755,,,0.0031284489032826455,1.0112073826777863,2019-12-28,,,0.423758250810661,-0.09870337608879268,-0.8572090640577464
VLO,Valero Energy,Energy,2020-03-31,2018-05-31,2018-06-30,80.81693773823437,34.499957194926026,80.81693773823437,-0.5731098188022021,22,21,45.36000061035156,126.9800033569336,-0.6427783949347743,336572299.1049327,0.3171157200172492,0.1154980337699576,0.06211525167729576,-0.012758922323680033,-0.32298303158617736,-0.35242747616034137,0.6865563937061057,0.12424485078163161,-0.5061729392538348,1.5167115170477063,0.712942417609816,-0.37233889038681256,2.569372552256423,1.9066408849691308,0.6941960365304676,-0.1923404066474408,-0.1923404066474408,5.84,2422000000.0,108324000000.0,-0.0744149086155187,0.2452968716748245,1.0,-0.19890260631001377,0.6313868613138686,1.0466724286949005,1.1295641931684335,1.0579710144927534,-0.03159745684624349,18811972855.86841,0.24600847181492344,0.20546372819100092,0.17366394202455973,4.252335060887934,7.767123392183487,-0.007794824822532687,1.0888116212353138,-0.00020507036476891132,0.9576719576719577,2019-12-31,,,0.4287806777803315,0.9917840531018469,1.7251024921647349
VMRK,Vivmark Residential,Real Estate,2020-03-31,2019-10-31,2019-10-31,74.36140159548634,37.23647488994943,74.36140159548634,-0.49924995910499836,5,5,61.709999084472656,89.55000305175781,-0.31088780590207554,157732651.33007595,-0.03746126695957719,-0.23907895320686878,-0.2924617352995306,-0.15002815334200093,-0.46025226260449825,-0.48969670717866226,0.20848048896456062,-0.35383105395991343,-0.9842488439953798,0.5614668147660038,-0.24230228467188653,-1.3275835926685151,0.08473433859375334,-0.5779973286935387,-1.7904421771322019,-0.24772600197113526,-0.24772600197113526,2.6,970377000.0,2701075000.0,0.04756414164566558,0.043306522683848714,1.0,0.4689265536723164,0.7153302804774486,1.3550398444385887,,1.3513513513513513,0.004665613003344005,23031524531.382046,0.3912546317739694,0.44707359729121077,8.526799341514785,15.1382070761524,23.734615032489483,0.01167684620279652,1.0122375428463757,,,2019-12-31,,,0.07182146327832523,0.3155122127874176,-0.23573938087728108
WEX,WEX Inc.,Financials,2020-03-31,2018-09-30,2018-09-30,84.92170046155339,34.66708683033295,84.92170046155339,-0.5917758754015084,18,18,104.5500030517578,236.5200042724609,-0.5579654948284176,104012170.7724435,0.5782878019156752,0.3766701156683836,0.32328733357572176,0.3292204415518343,0.018996332289336948,-0.01044811228482706,1.0011477294470104,0.4388361865225363,-0.19158160351293008,0.7068387540830579,-0.09693034535483247,-1.182211653351461,0.7588712962410258,0.09613962895373374,-1.1163052194849294,-0.14452415274317398,-0.14452415274317398,2.26,156323000.0,1723691000.0,0.15479429386475907,0.19547212546763237,1.0,-0.4145077720207254,0.40514875298374203,1.3957909211043251,1.043738386287695,1.5066666666666666,0.5864651382541246,7231668197.814132,0.6361872422992966,0.6286684453068155,4.1954551006033745,17.71106247633983,46.26106329723797,0.03534809909889347,1.0525809219082978,0.7703992726975512,1.4011857700615038,2019-12-31,,shares +59% y/y,0.8676773889170823,0.4378050784612499,0.35246567660236827
WPC,W. P. Carey,Real Estate,2020-03-31,2019-10-31,2019-10-31,74.80947783555013,35.430381747112506,74.80947783555013,-0.5263918052603266,5,5,56.88540649414063,91.69441986083984,-0.3796197567913855,62394164.84429817,0.18335415250700993,-0.018263533740281668,-0.07164631583294351,0.15795029443571407,-0.15227381482678326,-0.18171825940094727,0.295483596839907,-0.26682794608456706,-0.8972457361200334,0.5612886173662079,-0.24248048207168238,-1.327761790068311,0.5794404820164849,-0.08329118527080714,-1.2957360337094703,-0.15616383905105458,-0.15616383905105458,,305243000.0,1232766000.0,0.39180474455027037,0.04412343717213907,1.0,,,1.0078237755305346,,,0.042343992976461076,9800117826.265932,0.5394736842105263,0.5394736842105263,7.949698341993479,15.45381071763242,,0.03166032600963731,1.1089641110403599,0.33074790117100883,1.4565037850573601,2019-12-31,,"growth 39% vs 4% a year earlier, goodwill up 33% of revenue",0.2096983424355545,0.40536640375939903,0.36552477193654953
WWD,"Woodward, Inc.",Industrials,2020-03-31,2019-06-30,2020-01-31,74.54333301469164,32.55604243367897,74.54333301469164,-0.5632601720765217,9,2,59.43999862670898,129.05999755859375,-0.5394390225389321,80845606.95771717,0.30659218657319376,0.10497450032590216,0.051591718233240325,0.35185967244626126,0.041635563183763935,0.012191118609599927,1.0389726501943182,0.4766611072698441,-0.15375668276562227,1.1233363215456862,0.31956722210779587,-0.7657140858888327,0.668418904283343,0.005687236996051004,-1.2067576114426122,-0.16638623556640386,-0.16638623556640386,4.08,263855000.0,2967741000.0,0.1830569702806737,0.17996612320485217,1.0,0.23636363636363655,,1.185051931944063,,1.1818181818181819,0.010292335436527411,3844005107.2672296,0.17279411764705882,0.14460784313725492,1.2952629987816422,10.078842727519568,14.568627114389455,0.0232894524061642,1.083951356488406,0.27565360831975305,1.9638403242690217,2019-12-31,,,0.811909400789802,0.7064223666448671,0.03287045128056032
YUM,Yum! Brands,Consumer Discretionary,2020-03-31,2019-08-31,2019-08-31,81.53625092936664,33.270698316185005,81.53625092936664,-0.5919520711713027,7,7,68.52999877929688,119.72000122070312,-0.4275810384184492,233812326.37184384,0.274843646619658,0.0732259603723664,0.019843178279704554,0.345788973291945,0.035564864029447696,0.006120419455283688,0.6094521470148897,0.04714060409041565,-0.5832771859450507,0.7927260750171634,-0.01104302442072691,-1.0963243324173555,1.035982633706657,0.37325096641936506,-0.8391938820192981,-0.09295194782423433,-0.09295194782423433,4.14,1294000000.0,5597000000.0,-0.015998593530239136,-0.03232391970057846,1.0,-0.11727078891258014,0.6704663212435233,1.1350877192982456,1.010110294117647,1.143646408839779,-0.0493461656547427,21419762903.480717,0.6114942528735632,0.4762506070908208,3.827007844109472,15.370598875357844,16.55313980176253,0.024903863761216005,1.024903863761216,0.03533755274261603,1.350785340314136,2019-12-31,,,0.45736498946739723,0.48033288958203946,0.54912097000776
FIX,Comfort Systems USA,Industrials,2020-04-30,2018-07-31,2018-07-31,76.49035067288308,38.489238852471146,76.49035067288308,-0.4968092247730258,21,21,33.29999923706055,59.83000183105469,-0.44342306170921386,12906577.240765285,0.49809584003541296,0.36907896685922803,0.3618085687816954,0.3829076551065409,0.24930192402516993,0.2136473783955592,1.4964109993407404,1.0367855743869288,0.6123189974411731,1.573589604290278,1.1135385937513775,0.5410848115884281,3.582020554227962,3.0830691833254726,2.407679486793932,-0.1700348764849442,-0.1700348764849442,3.0300000000000002,112174000.0,2776935000.0,0.23068669670552033,0.20517071477213555,1.0,-0.01941747572815533,0.6994132794622872,1.0843798611374587,1.0549391749453638,1.088339222614841,-0.014768173914971316,1232803338.091759,0.17862944912125242,0.14559641608821938,0.44394389429056097,7.727733748560703,10.99009875810579,0.06181295518600893,1.0619223075396285,0.10349843180165316,1.829517886129769,2020-03-31,,,0.9192789413349022,0.2459715828774982,1.0260654728524141
GATX,GATX,Industrials,2020-04-30,2018-07-31,2018-07-31,72.548095161251,38.887786595162765,72.548095161251,-0.4639723274783746,21,21,59.29999923706055,91.12000274658205,-0.34920986117633845,22307339.120289635,0.036887815888993813,-0.09212905728719112,-0.09939945536472372,0.1697429523789471,0.03613722129757613,0.0004826756679653932,0.6919511432259846,0.23232571827217297,-0.19214085867358266,0.8277506342350773,0.3676996236961769,-0.20475415846677247,1.055304001890192,0.5563526309877025,-0.1190370655438382,-0.12951096213653024,-0.12951096213653024,5.81,211200000.0,1393800000.0,0.02417517819090298,0.004758070419442317,1.0,0.2467811158798281,,1.1654390934844192,,1.1802575107296136,-0.04024808257717216,2155621314.7792063,0.5965485074626866,0.5096393034825871,1.546578644553886,9.560461742539548,10.206540316189423,0.00021528525296021783,1.0085972518186495,0.0011656709893632523,1.0200250312891115,2019-12-31,,,0.5231737603532801,0.47272845057643087,0.5251468616857992
FCFS,FirstCash,Financials,2020-06-30,2018-05-31,2018-06-30,86.1153912843097,39.61523727279633,86.1153912843097,-0.5399749489379111,25,24,67.4800033569336,106.8000030517578,-0.36816478062991076,20523494.784667,-0.14851773439096627,-0.23890124343733254,-0.21282300942861734,0.04707425705235968,-0.17544739195681713,-0.324762218778809,0.1523608183962093,-0.2564984151028178,-0.6653490551423294,0.06386794787102534,-0.19541553941321177,-0.6562955049269035,0.4496232954539163,-0.05423506540527834,-0.7054314751384003,-0.23871141058088974,-0.23871141058088974,3.61,154881000.0,1863325000.0,0.03595061217727391,0.009324113967877468,1.0,0.0343839541547275,,1.0383438775317115,,1.0495867768595042,-0.029135158092453484,2895116454.2729177,0.04032258064516129,0.18951612903225806,1.5537367095235226,,18.69252170552177,-0.0005974987650441133,1.0144785401592962,0.042258634473847784,1.0811819113940275,2020-03-31,,,-0.0005034029392993189,-0.2277507787644853,0.027080589587117454
NI,NiSource,Utilities,2020-06-30,2017-08-31,2017-08-31,70.07644256837204,38.10956463543098,70.07644256837204,-0.45617152870954725,34,34,22.739999771118164,30.670000076293945,-0.2585588616057811,77407856.82532598,-0.02426574668308301,-0.11464925572944928,-0.08857102172073408,0.026725905553382612,-0.1957957434557942,-0.3451105702777861,0.11682483914405384,-0.29203439435497325,-0.7008850343944849,0.38999894449650885,0.13071545721227174,-0.33016450830141997,0.335621942792949,-0.16823641806624567,-0.8194328277993677,-0.05607456841190939,-0.05607456841190939,0.48,239800000.0,4744800000.0,-0.07117688513037346,0.016232991167343114,1.0,,0.36076425455092526,3.1026731470230864,4.510681586978637,4.730769230769228,1.0391156462585034,11360524885.65445,0.933564680933102,0.9256586980271191,2.394310589625369,13.64373239822788,47.37499952316284,-0.06106779593936751,1.0235018332632084,0.0,1.0,2020-03-31,,shares +104% y/y,-0.0833299324254998,-0.034664193680960353,-0.31579512600974746
POR,Portland General Electric,Utilities,2020-06-30,2020-01-31,2020-01-31,75.32474428343212,36.83321354527699,75.32474428343212,-0.5110077850821386,5,5,41.810001373291016,63.08000183105469,-0.33719086620717753,34483350.88962373,-0.14089479818765605,-0.23127830723402232,-0.20520007322530712,0.045274866757850196,-0.17724678225132662,-0.3265616090733185,0.14638240254222512,-0.26247683095680197,-0.6713274709963136,0.24497520065932665,-0.01430828662491046,-0.47518825213860216,0.2537135086029998,-0.25014485225619487,-0.9013412619893169,-0.2355893779608208,-0.2355893779608208,2.4800000000000004,222000000.0,2115000000.0,0.025206010664081457,0.04614604462474636,1.0,0.004048582995951788,0.592,1.0594059405940595,1.066465256797583,1.0622222222222222,0.0004743833017075705,3742669477.770405,0.29901960784313725,0.2745098039215686,1.7695836774328155,8.003374813869033,16.85887152148831,-0.0028288543140028155,1.0377263581488934,,,2020-03-31,,,0.04728094475078147,0.05947059938652299,-0.022508391041974274
SR,Spire,Utilities,2020-06-30,2017-11-30,2017-11-30,76.54418964799275,36.65385871356216,76.54418964799275,-0.5211412011529036,31,31,65.70999908447266,88.0,-0.2532954649491743,21416705.626327273,-0.18119891924243625,-0.2715824282888025,-0.24550419428008732,-0.00446583482613816,-0.22698748383531497,-0.37630231065730685,0.1437713839494521,-0.265087849549575,-0.6739384895890866,0.22465171648419702,-0.034631770800040096,-0.4955117363137318,0.08921425075083422,-0.41464411010836044,-1.0658405198414824,-0.22152324703956394,-0.22152324703956394,2.9299999999999997,163300000.0,,,,1.0,-0.31381733021077307,0.5434276206322796,0.9983748645720477,1.0261371350984385,0.9772727272727272,0.07247983979500705,3662267184.469074,0.7517985611510791,0.7733812949640289,,12.328842761268016,22.42662084794289,,,,1.0,2020-03-31,,,0.04854764818432594,0.02804475577625659,-0.17785293859221923
HII,Huntington Ingalls Industries,Industrials,2020-08-31,2018-02-28,2018-02-28,77.07504736601076,36.32187969605606,77.07504736601076,-0.5287465796346225,30,30,151.52000427246094,279.7099914550781,-0.45829606055815386,59650769.346037365,0.06432075469097387,0.023671193294514392,-0.14099230274377136,0.1758926278229811,0.07798432690491741,-0.25325226036312926,0.37977924774416527,0.0678052003755345,-0.35247801049651173,0.5927088487902643,0.4282179464482525,-0.2765372590648161,0.5591491853540624,0.21041607468361923,-0.6095919343042342,-0.09952501557141302,-0.09952501557141302,12.89,528000000.0,8921000000.0,0.04339181286549709,0.10279891654843287,1.0,-0.201363073110285,0.7857142857142857,1.098360655737705,1.0733695652173914,1.1040723981900455,-0.037661638113564155,6206560299.1357155,0.456140350877193,0.29781979219894394,0.6957247280726057,9.11911765288701,11.7548490513934,-0.017727372825368848,1.0283761124725912,0.04923976608187135,1.248084855627578,2020-06-30,,,0.24689073209216264,0.43073760875250255,0.33177135688676906
IDA,Idacorp,Utilities,2020-09-30,2017-11-30,2019-09-30,78.06367427607317,38.06296065127465,78.06367427607317,-0.5124113615679361,34,12,79.9000015258789,114.01000213623048,-0.29918428182812906,23662549.873715356,0.2113358529387086,0.09015083971489668,-0.18808927358144406,0.27132791381052623,0.07892767336320894,-0.42492677038083937,0.33274774092814385,0.03326129988041959,-0.656840922663314,0.31265641131341737,0.2147067345182434,-0.8588201166277958,0.2789457831874711,-0.05578778822190422,-1.3984576054247,0.0013769965764613978,0.0013769965764613978,4.65,234891000.0,1223261000.0,-0.08330204635568539,0.010317278848934741,1.0,0.04729729729729737,0.7844447561415461,1.0991041169084954,1.0262494987610402,1.097619047619048,0.0003122894517211261,4036084141.5946712,0.5875299760191847,0.592326139088729,3.2994464317873873,12.098947378419194,17.182796027070733,0.002617067245432203,1.0349276586145084,,,2020-06-30,,,0.18790148521490413,0.02501315282776667,-0.15136114318829724
OGS,One Gas,Utilities,2020-09-30,2019-09-30,2019-09-30,72.50103566664951,37.08098197825393,72.50103566664951,-0.4885454857672994,12,12,69.01000213623047,96.97000122070312,-0.288336585877068,17761945.549955823,0.12054002033407896,-0.0006449928897329649,-0.2788851061860737,0.13157811288258903,-0.06082212756472827,-0.5646765713087766,-0.0531484991411354,-0.35263494018885966,-1.0427371627325932,0.08559611016526714,-0.012353566629906831,-1.085880417775946,0.08800868554296959,-0.24672488586640573,-1.5893947030692015,-0.06584879256356169,-0.06584879256356169,3.4899999999999998,185621000.0,,,,1.0,0.03560830860534092,0.6217209271168275,1.035819868989578,1.0189156602022638,1.0353982300884956,0.0007180841150427053,3670402752.587174,0.5925925925925926,0.1111111111111111,,,19.773639580581797,,,,1.0,2020-06-30,,,-0.08339988929730793,0.02779117606895755,0.040959966959336715
CBOE,Cboe Global Markets,Financials,2020-10-31,2018-01-31,2018-01-31,89.73473370865095,39.51332325151379,89.73473370865095,-0.5596652308591575,33,33,81.29000091552734,138.5399932861328,-0.41323801894781753,77676836.28193688,0.13361500665001969,-0.004522880141828889,-0.5546142001810372,0.2952417338649027,0.0076464219027416735,-1.0715669672192214,0.6499527038805104,0.22372815751574815,-1.3983473103754636,0.582647373320694,0.3651032946572488,-2.198962703381633,1.115480117651313,0.7763315078489028,-2.1186795251301187,0.008734332730734318,0.008734332730734318,4.24,466000000.0,3181500000.0,0.20274459398155154,-0.04915399843125534,1.0,0.17451523545706382,0.7206928549334983,1.1674268848940166,1.1487341772151898,1.1706586826347305,-0.01670524420752395,8934231232.697107,0.1859016393442623,0.12190163934426229,2.808182062768225,11.936872965936471,19.172170027247013,0.03828079107107896,1.1277593045150434,0.04136386848411046,1.0247380538457924,2020-09-30,,,0.45960636739991223,0.1966825309123511,0.5469546763910008
ATO,Atmos Energy,Utilities,2021-02-28,2019-09-30,2020-01-31,79.23164420535228,37.529540578047005,79.23164420535228,-0.5263314177757301,17,13,84.61000061035156,121.08000183105467,-0.3012058198643771,96109801.6087971,0.1795821493404519,0.07164293410597344,0.051237713959486175,0.16723276124450903,-0.027743218326432117,0.002624315689742307,0.332486077587254,0.1692453033203838,0.16230589372905474,0.40285512164444914,0.33003874582738213,0.20691081870361505,0.4424926970957357,0.046033393229078845,-0.008753492029336785,0.01158244344023851,0.01158244344023851,5.13,640448000.0,2860054000.0,-0.01364829776498988,-0.06588210052652332,1.0,0.15540540540540548,0.7360134596245739,1.066987801310502,1.0558901297052903,1.0614035087719298,0.04108098360738199,10563022547.933418,0.5795093795093795,0.4357944524611191,3.693294793711384,11.624448120821501,16.493177506891143,0.01379479266692818,1.0137947926669282,0.0002890024896288456,1.0011472866943494,2020-12-31,,,0.1702479168480772,0.05741218934248793,-0.09235402807010018
HAE,Haemonetics,Health Care,2021-04-30,2018-09-30,2019-08-31,92.23142398856345,37.59393326647524,92.23142398856345,-0.5923956105119137,31,20,67.26000213623047,142.11000061035156,-0.5267046524005776,64709812.80903892,-0.09619388961062747,-0.15045858532025702,-0.12244297401338246,0.021558086562431633,-0.08610713488928745,-0.05211262761288689,-0.24665482367489755,-0.24694639545613195,-0.26855861794851943,0.24457324451051687,0.21763075277506205,0.178226889028075,0.3670828728492137,0.10973272598911121,0.05668051324967416,-0.35325604195055227,-0.35325604195055227,2.12,108134000.0,883926000.0,-0.11543888511951583,0.04984682235174964,1.0,0.3856209150326799,0.7897085350802241,1.248360034498079,1.2420586157850433,1.2567567567567568,-0.021281164659005314,3430704278.7731814,0.4566526806526807,0.44865268065268066,3.8812120910270558,15.571810001153946,31.726416101995504,-0.020607739397800584,1.016539613967112,0.016867110585400316,1.0529417122898272,2020-12-26,,,-0.3514610557991818,0.003077205491441748,-0.014701654071322567
VRTX,Vertex Pharmaceuticals,Health Care,2021-09-30,2020-06-30,2020-06-30,76.67215861477216,39.82799663412048,76.67215861477216,-0.48054160266661694,15,15,181.38999938964844,306.0799865722656,-0.40737713229472394,354164684.1005113,0.21065112102342143,0.09999113578436125,0.11415854496033423,0.43872320469061177,0.3793143372236123,0.3691109500070111,0.5962291720556967,0.7513187196542536,0.6923539915003747,0.9170846871628571,0.8899607947940897,0.8253594644168114,1.563978103187572,1.1667391912088951,1.1165554075075188,-0.027730298231556927,-0.027730298231556927,7.579999999999999,1991686000.0,6683766000.0,0.23711932122639023,0.5640150198198282,1.0,-0.041719342604298215,0.8782079264587738,1.2931196309067534,1.2742426599586893,1.2907711757269282,-0.001143667642862889,47661203472.872215,0.07387471347143186,0.12860108163063586,7.130890499887671,17.17859788867556,23.93007907515151,0.04191582041818087,1.1577468740548778,0.2502041114742022,27.829429977770722,2021-06-30,,,0.3889505341790467,0.4715261786188667,0.8315909417150307
FIS,Fidelity National Information Services,Financials,2021-11-30,2019-08-31,2020-02-29,80.39196761918475,39.14935238349284,80.39196761918475,-0.5130191044838883,27,21,104.5,158.2100067138672,-0.33948552199359383,465787714.0967838,-0.08531000891211138,-0.04712400404174899,-0.09726936475558545,0.008883812313405848,0.0964507081735978,0.014066572048973101,-0.2922751795528318,-0.20071523112137502,-0.334280008715876,-0.4084019272065156,-0.4414156071950559,-0.5164681283334405,-0.11936202104914484,-0.501613131205283,-0.6357415074558346,-0.44877813859785143,-0.5267417583130892,0.36,230000000.0,13521000000.0,0.0749721736365081,0.37344398340248963,1.0,,0.29986962190352023,2.5274725274725274,1.5856353591160222,2.571428571428571,1.457264957264957,66763888888.88889,0.7370026798598227,0.7439179867751297,4.937792240876332,17.369180963183513,290.27777777777777,0.023387829246139802,1.1283031229526097,-0.0884878359039593,0.9831233225674385,2021-09-30,,shares +146% y/y,-0.4004428038304939,-0.663409852760843,-0.5291575325144109
GPN,Global Payments,Financials,2021-11-30,2020-01-31,2020-02-29,81.4514822748262,37.32729061683047,81.4514822748262,-0.5417236178602114,22,21,119.04000091552734,220.80999755859372,-0.4608939711439509,393431520.0999426,0.12265243625117472,0.1608384411215371,0.11069308040770065,0.10511358391531811,0.19268047977551006,0.11029634365088536,-0.12140653372817345,-0.029846585296716688,-0.16341136289121766,-0.004764224519841598,-0.03777790450838192,-0.11283042564676646,0.02572666417364866,-0.35652444598248945,-0.4906528222330411,-0.2042879977522728,-0.2168460787638109,3.17,939651000.0,8259974000.0,0.10410839223934998,0.9662926191543797,1.0,1.1133333333333333,0.7284782639032098,1.354850649126604,1.2755889597539214,1.3615023474178405,-0.1189290519401639,35285822050.56031,0.5864588705064151,0.5639363479838925,4.271904736087585,14.743650602867094,37.55205076199601,0.03567471787178955,1.2910111373185593,0.0429570361466977,1.0090391641891732,2021-09-30,,,-0.2423371688636724,-0.3099852709398256,-0.5377736980852045
LOPE,Grand Canyon Education,Consumer Discretionary,2021-11-30,2018-11-30,2018-11-30,76.30235526357617,39.781689680472354,76.30235526357617,-0.47863090800995745,36,36,72.47000122070312,132.72000122070312,-0.45396322668660094,30739307.360173784,0.19815096410194655,0.23633696897230894,0.18619160825847247,0.2304401361521069,0.31800703201229885,0.23562289588767416,0.5602317895714695,0.6517917380029262,0.5182269604084253,0.8865737397234257,0.8535600597348854,0.7785075385965008,1.2711465925968661,0.888895482440728,0.7547671061901764,-0.03408308512622871,-0.03408308512622871,5.710000000000001,261986000.0,883477000.0,0.07865537559184133,0.10244379118749203,1.0,0.10019267822736011,0.9455179333193784,1.0408158310064344,1.058447181983618,1.05009633911368,-0.03635069388116119,3325065803.8191113,0.45839243498817966,0.2695035460992908,3.763613318534734,,12.691769040403347,0.009579542312025957,1.0480507279148898,-0.002570038117144901,0.993989046071606,2021-09-30,,,0.40810932171455383,0.5132021311246933,0.6607831837198584
SAM,Boston Beer Company,Consumer Staples,2021-11-30,2020-10-31,2021-04-30,87.57983389964734,39.11831611265308,87.57983389964734,-0.5533410561445401,13,7,451.1700134277344,1349.97998046875,-0.6657950340337078,162759696.86492434,-0.1500765120851757,-0.1118905072148133,-0.16203586792864977,-0.21249201582879906,-0.12492511996860711,-0.2073092560932318,-0.14805952594907212,-0.05649957751761536,-0.19006435511211633,-0.21368885518264114,-0.24670253517118146,-0.321755056309566,-0.2990669130872361,-0.6813180232433742,-0.8154463994939258,-0.3638761631795153,-0.3638761631795153,7.959999999999999,99155000.0,2316244000.0,0.3797202488953275,0.345033494080349,1.0,-0.431022158684775,0.805784452354251,1.2465669931235674,1.225489031845934,1.24275595621378,0.007886697883158211,5620070688.621484,0.6516599856100318,0.6516599856100318,2.4263724757069998,28.71194325974816,56.67964992810734,0.033335385510380844,1.1239239599246793,-3.8122968016021174e-05,0.999704159790693,2021-09-25,,,-0.31439890414335103,-0.6072573803231982,-0.9781260136305372
CLX,Clorox,Consumer Staples,2022-02-28,2020-07-31,2020-08-31,81.24557440416407,37.16401682912335,81.24557440416407,-0.5425718003512745,19,18,145.7899932861328,239.8699951171875,-0.39221246402699217,255257074.43976024,0.004703564848817621,0.05604497934255637,0.029694245806904752,0.005683827977972289,0.09388209250507573,0.06018875819945312,0.1014233319729505,0.17915822611538879,0.08128264110513457,0.12261060093169296,-0.07787973155924988,-0.1283420864841976,0.1826442727117621,-0.2392915047976547,-0.22055525185153857,-0.1671246717688556,-0.16724398223012138,2.0300000000000002,247000000.0,7080000000.0,-0.05901116427432218,0.22680580466329703,1.0,-0.7876569037656903,,0.7692307692307693,,0.775,-0.050439328440736175,17738979478.657536,0.7327038259381493,0.8197449374567086,2.505505576081573,31.547999178988245,71.81773068282403,-0.020882312266629843,1.0610028269602738,-0.00013290802764486976,0.9993614303959132,2021-12-31,,,0.016724940629432403,-0.06874110329720759,-0.1284071900986647
CSGP,CoStar Group,Real Estate,2022-02-28,2019-07-31,2020-12-31,80.80135913597827,37.28430221856583,80.80135913597827,-0.5385683778434822,31,14,61.0099983215332,101.0500030517578,-0.3962395202473781,170568843.90135872,-0.001147347922471953,0.05019406657126679,0.02384333303561518,0.14145224234614195,0.2296505068732454,0.1959571725676228,0.1581708835610678,0.23590577770350607,0.13803019269325187,0.42648748030828965,0.2259971478173468,0.1755347928923991,0.24979514993836527,-0.17214062757105153,-0.1534043746249354,-0.12719223955124004,-0.12719223955124004,0.74,292564000.0,1944135000.0,0.1718581884836763,0.18558457485058533,1.0,-0.00537634408602139,0.6767035900235233,1.2425579627356627,1.245346552906136,1.2271973466003316,0.053280481788069434,24120715066.136543,0.3222861839977856,0.34211380016572085,12.406913648556579,37.21230831907351,82.44594367774758,0.033157042782698154,1.0482204735548033,0.30326887939235614,1.2118987495361977,2021-12-31,,,-0.05201242440146947,-0.09565598180637647,-0.6313860421541162
META,Meta Platforms,Communication Services,2022-02-28,2021-08-31,2021-08-31,78.049134574814,38.44014816504244,78.049134574814,-0.5074878360349322,6,6,211.02999877929688,384.3299865722656,-0.45091456260955354,8763657271.859644,-0.08240540325292767,-0.03106398875918892,-0.057414722294840535,-0.22792985897584606,-0.1397315944487426,-0.17342492875436522,-0.17101833079674733,-0.09328343665430905,-0.19115902166456325,1.3250248798093334,1.1245345473183905,1.0740721923934429,2.178469973302156,1.7565341957927392,1.7752704487388553,-0.5825712080893867,-0.5825712080893867,13.98,40304000000.0,112330000000.0,0.4223488445710668,0.21596390228722573,1.0,0.3855302279484638,0.8585731631979209,1.1576545666643794,1.1678858926877047,1.157581764122894,-0.0019479651897060801,608394354134.5337,0.01694915254237288,0.011299435028248588,5.416134195090659,10.04984302369535,15.09513582112281,0.07195343067086557,1.1100753185944767,0.004664689117664165,1.0206381883685023,2021-09-30,,,-0.4581921403677366,0.6321119708888082,1.1603466897775596
PYPL,PayPal,Financials,2022-02-28,2020-08-31,2021-07-31,83.9519435613933,34.16580684583751,83.9519435613933,-0.5930313772801179,18,7,111.93000030517578,310.1600036621094,-0.639121746893216,3010752639.94797,-0.23872056714810064,-0.1873791526543619,-0.2137298861900135,-0.16519249835534078,-0.07699423382823734,-0.11068756813385994,-0.3424461983646798,-0.26471130422224154,-0.36258688923249577,-0.4609130417252363,-0.6614033742161791,-0.7118657291411268,-0.3652282690466008,-0.7871640465560176,-0.7684277936099014,-0.4069061138419471,-0.5510586725797824,3.52,4169000000.0,25371000000.0,0.18257667567819524,0.20717983344586988,1.0,-0.005649717514124353,0.9781792585640544,1.241075678248453,1.1958041958041958,1.2401129943502824,-0.0022162065683006826,132567094111.44257,0.25416666666666665,0.17297008547008544,5.225142647567797,23.72283229807175,31.79829554124312,0.032642761203142134,1.065955066654237,0.2701594108324788,1.829184549356223,2021-12-31,,,-0.16794783101818045,-0.1399872426453282,0.10900653797621457
BURL,Burlington Stores,Consumer Discretionary,2022-03-31,2019-12-31,2021-05-31,76.1088965044439,37.562704317352974,76.1088965044439,-0.50646105721478,27,10,182.1699981689453,357.3399963378906,-0.49020540651517075,201648406.53812468,-0.25218204371282515,-0.09107950059433945,-0.11593099184078592,-0.38579348677447356,-0.1833235795908451,-0.22624509862186834,0.10940334926109574,0.18759375189885563,0.12353037212181829,0.2745787164474369,0.07974399952025335,-0.015615556863457447,0.3082834946840496,0.014220873148156787,0.0017580234047745447,-0.41554590607196285,-0.41554590607196285,6.0,408839000.0,9306549000.0,0.6180966109778232,-0.20791233677209264,1.0,,,1.51805841274687,,1.509259259259259,0.03233111161406432,12413033313.56557,0.3637254901960784,0.3686097862568451,1.3337955147032021,16.207876897938455,30.361666361490887,0.0361304979813013,1.2421387589865047,0.0,1.0,2022-01-29,TTM net income jumped 1.52x in one quarter,,-0.032097935120834226,0.030614842603051418,0.13097704436399257
NFLX,Netflix,Communication Services,2022-03-31,2021-10-31,2021-10-31,78.2454068006183,39.55367555534155,78.2454068006183,-0.4944920453141667,5,5,37.45899963378906,70.0989990234375,-0.46562718219036625,3346480209.9396844,-0.5331696072325169,-0.37206706411403123,-0.3969185553604777,-0.37147278742668277,-0.16900288024305432,-0.21192439927407755,-0.07771161340544452,0.00047878923231536863,-0.06358459054472197,0.6213193705846194,0.4264846536574358,0.331125097273725,1.4894684658886077,1.195405844352715,1.1829429946093326,-0.5656317555856358,-0.5656317555856358,1.124,5116228000.0,29697844000.0,0.1881011948444986,0.24010228588401517,1.0,0.8486842105263159,0.8259295450212438,1.3612840611357666,1.2184377037085339,1.3585526315789473,0.0022097513906125243,170506034500.33926,0.33727810650887574,0.3116370808678501,5.741360702828773,28.087777203613673,33.32651212970557,0.03719055600523147,1.0618511288224557,,,2021-12-31,,,-0.6567789708185385,-0.6156042213956616,-0.3669134464230104
PEGA,Pegasystems,Information Technology,2022-03-31,2020-08-31,2020-12-31,76.31126987253054,38.97110964549718,76.31126987253054,-0.48931383646748294,19,15,40.32500076293945,74.4000015258789,-0.45799731268939536,43348048.181212895,-0.4064573671135092,-0.2453548239950235,-0.27020631524147,-0.600882022379309,-0.39841211519568054,-0.4413336342267038,-0.3970517094592082,-0.3188613068214483,-0.38292468659848566,-0.1941492838138127,-0.38898400074099626,-0.48434355712470706,-0.13224643306044392,-0.4263090545963367,-0.43877190433971897,-0.6392540217615515,-0.6392540217615515,-0.385,-63040000.0,1211653000.0,0.1907938638863036,0.11645378507169868,0.0,,,-1.4136118860702005,,-1.4444444444444455,0.013822017846588874,6602826098.949878,0.7172413793103448,0.7172413793103448,5.449436512722601,,,0.014726117167433328,1.092288992655513,0.017012983566859326,1.220031776294884,2021-12-31,,,-0.5581826765429094,-0.5432451453960003,-0.5985064637886226
AAON,AAON,Industrials,2022-04-30,2021-02-28,2021-02-28,76.56170756114527,39.75414070251674,76.56170756114527,-0.48075686960394026,14,14,32.49333190917969,55.86000061035156,-0.41830770579765686,14171250.569961185,0.23883994441603051,0.2345445856095576,0.22776551101707676,0.32778426644506764,0.3824645923689982,0.33472128286930564,1.0265362699816833,0.9998931184186217,0.9748566483767523,1.93234618830256,1.6753625424030751,1.6285686227339746,1.8553421486441724,1.4490721851425672,1.4655799106168907,-0.025440941201509082,-0.025440941201509082,0.7266666666666667,58758000.0,534517000.0,0.038802762019702675,0.09634523888156177,1.0,-0.2684563758389261,0.8484542185898084,1.0382282543654464,1.0326479427471837,1.0362318840579707,0.016600245634540878,2627398894.017771,0.7759044608359678,0.743270428201935,4.915463669102706,26.35186045642165,44.715594370430765,0.03802810063406059,1.0504140983054675,0.2966625271353083,48.7025,2021-12-31,,,0.7942010121535901,1.411756553976292,1.0218429938591864
ALGN,Align Technology,Health Care,2022-04-30,2021-08-31,2021-09-30,80.16784805396836,36.23055752419893,80.16784805396836,-0.548066233487909,8,7,289.9100036621094,737.4500122070312,-0.6068750439172543,399071602.60276186,-0.03083716439059425,-0.03513252319706717,-0.041911597789548,-0.32979200235458306,-0.2751116764306525,-0.32285498593034506,0.12207231100623384,0.0954291594431722,0.07039268940130283,-0.025973573468244693,-0.28295721936772966,-0.3297511390368301,-0.40222827476578116,-0.8084982382673863,-0.7919905127930627,-0.40653995764740014,-0.40653995764740014,9.69,772020000.0,3952584000.0,0.5989799109282947,0.027067104981062018,1.0,-0.5676037483266398,0.7906800491601803,1.524555096445792,1.6300030035065478,1.5288966725043782,0.0053818904541966806,23097659548.732887,0.2408460497234648,0.26899184524675573,5.843685940319772,20.20618520814842,29.91847303014545,0.052337257272021764,1.233861043722292,-0.005716964927560973,0.9739448512872704,2021-12-31,,,-0.15424185573528504,-0.6500966580410138,-1.460177030621542
CHTR,Charter Communications,Communication Services,2022-04-30,2021-08-31,2021-08-31,78.94976770187856,35.011330897585694,78.94976770187856,-0.5565366192109439,8,8,428.489990234375,825.6199951171875,-0.48100822076922245,938460997.6205493,0.008424971297849915,0.004129612491376999,-0.00264946210110383,-0.14205698267045375,-0.08737665674652317,-0.13511996624621575,-0.13953646383813967,-0.1661796154012013,-0.19121608544307067,-0.402693159059766,-0.659676804959251,-0.7064707246283515,-0.08548625572974677,-0.49175621923135193,-0.4752484937570283,-0.30532798794367255,-0.4490419678137081,27.259999999999998,5050000000.0,52360000000.0,0.07117284834598303,0.055836357352686994,1.0,0.5444759206798864,0.44972838186837655,1.1036789297658862,1.0813840681254716,1.1316744427164334,-0.09999517345180375,79379106774.89339,0.12686567164179105,0.19866054343666284,1.5160257214456339,8.428555675081675,15.718635004929386,0.013118687357300374,1.0226263783474152,-0.08782553548413494,0.8731982514177694,2022-03-31,,,-0.20803291431970256,-0.5789751395607509,-0.3161644179332719
CMCSA,Comcast,Communication Services,2022-04-30,2021-08-31,2021-08-31,71.14703382135266,36.48824051831553,71.14703382135266,-0.48714319405168693,8,8,37.26335525512695,57.91939926147461,-0.35663429299563076,1039984651.2804649,-0.049971530268541176,-0.05426688907501409,-0.06104596366749492,-0.18917712208701587,-0.1344967961630853,-0.18224010566277787,0.07324003111313737,0.04659687955007574,0.02156040950820637,0.016272318055744694,-0.24071132784374027,-0.28750524751284073,-0.05737900186082956,-0.4636489653624347,-0.4471412398881111,-0.2747554689939239,-0.2747554689939239,2.914714151827554,14379000000.0,120190000000.0,0.1538978494623655,-0.0416958009789129,1.0,0.22924901185770752,0.6735841101794163,1.161719878068346,1.0741100323624595,1.16044776119403,-0.0015887801220525466,183829273576.45435,0.39215686274509803,0.26862745098039215,1.5294889223434092,8.95225544798824,12.784565934797575,0.032693216479786846,1.0463805683563747,0.01760752688172043,1.0272843583563926,2022-03-31,,,-0.0612576026115417,-0.2810871280855293,-0.5604733635280816
CRM,Salesforce,Information Technology,2022-04-30,2020-08-31,2021-10-31,79.08893531442958,39.79191682476194,79.08893531442958,-0.496871254284011,20,6,175.94000244140625,311.75,-0.43563752224087815,1452926143.8083951,0.0459247985533493,0.041629439746876384,0.03485036515439555,-0.07587819426731046,-0.02119786834337989,-0.06894117784307247,0.12748645311598228,0.10084330155292065,0.07580683151105128,0.5305860402796081,0.2736023943801231,0.22680847471102267,0.5382256785815611,0.13195571507995596,0.14846344055427957,-0.2819143172552375,-0.2819143172552375,1.48,1444000000.0,26492000000.0,0.24656502917372491,0.2429523920926424,1.0,-0.6621004566210046,2.6350364963503647,1.0908644400785854,2.085714285714286,1.0890410958904109,0.04947432697923837,171660380760.39905,0.1938891558081963,0.12323026161989035,6.479706355141139,44.64882495070178,118.8783800279772,0.06040107272945594,1.065972628377588,1.2780444193487672,1.912852053505411,2022-01-31,net income 2.64x operating income,,-0.09306516744868829,0.08451537799906134,-0.1603643372050796
ERIE,Erie Indemnity,Financials,2022-04-30,2019-06-30,2019-07-31,92.65819757682146,39.84905427451474,92.65819757682146,-0.5699349294866597,34,33,160.27999877929688,270.2300109863281,-0.4068756530990705,14383663.609386627,0.27603640994973255,0.27174105114325964,0.2649619765507788,0.6205176601062152,0.6751979860301458,0.6274546765304533,0.38410695104637327,0.35746379948331164,0.33242732944144227,1.4783265411163424,1.2213428952168575,1.174548975547757,1.352160204107181,0.9458902406055758,0.9623979660798994,-0.011355158727096137,-0.011355158727096137,,292913000.0,2675910000.0,0.04940568933487954,0.020000568016131703,1.0,,0.8976415354535815,1.0033060184638012,1.0258317431475306,,,407431.75689697266,,,0.00015225914059029363,,,0.01592003271099185,1.0159200327109918,,,2022-03-31,,,0.2478000445006901,1.1066674630424136,0.7014661577428396
LII,Lennox International,Industrials,2022-04-30,2021-05-31,2021-05-31,73.55969013438119,35.96072488822831,73.55969013438119,-0.5111354490137994,11,11,213.19000244140625,356.3599853515625,-0.40175661913588223,96144439.94937474,0.1294652013460984,0.1251698425396255,0.11839076794714466,0.10618057078136456,0.16086089670529513,0.11311758720560255,0.34687545324614755,0.3202323016830859,0.29519583164121654,1.2388306036766386,0.9818469577771536,0.9350530381080531,1.6627591250797922,1.256489161578187,1.2729968870525106,-0.14231435293963213,-0.14231435293963213,12.48,463400000.0,4277000000.0,0.11357008956467407,0.026759697382842784,1.0,0.12331233123312324,0.7879612310831491,1.1637043966323668,1.1438331535418913,1.171017101710171,-0.0352432929169364,7916045443.21696,0.40207255565640804,0.3405229846768821,1.850840646064288,14.333502709196194,17.08253224690755,0.01976586156743987,1.0774838575296812,-2.603624244948969e-05,0.9994638069705094,2022-03-31,,,0.11682445334566838,0.727412728770615,0.8221773859058542
OLED,Universal Display,Information Technology,2022-04-30,2019-07-31,2019-07-31,70.40977392797862,39.50483580712657,70.40977392797862,-0.4389296598575131,33,33,127.7300033569336,262.7699890136719,-0.5139094695083775,63423754.35270279,-0.09361155962754353,-0.09790691843401644,-0.10468599302649727,-0.25033238801031066,-0.19565206208638009,-0.24339537158607266,0.05612799894045284,0.02948484737739121,0.004448377335521836,0.2614226882959674,0.004439042396482407,-0.04235487727261805,0.012578645363334973,-0.3936913181382702,-0.3771835926639466,-0.2960744674866005,-0.2960744674866005,3.87,184213000.0,553525000.0,0.29066820249634495,0.058468274359107175,1.0,0.38214285714285734,0.8092152659415579,1.270421499754942,1.2892829231274565,1.272727272727273,-0.0006843751746103965,6079981164.958864,0.08947945205479452,0.09559967063402948,10.984113030050791,21.876137525478832,33.00516882608103,0.008571100595640369,1.159106948667303,-0.01199905798301105,0.9268504172056461,2021-12-31,,,-0.12469637010266307,-0.09774142407739506,-0.6627167768979723
SBUX,Starbucks,Consumer Discretionary,2022-04-30,2019-07-31,2021-07-31,80.94608400118493,37.47498507066225,80.94608400118493,-0.5370377019089192,33,9,74.63999938964844,126.31999969482422,-0.4091196994144174,852749401.3170515,0.14385234926414392,0.139556990457671,0.13277791586519017,0.17492950845220245,0.22960983437613303,0.18186652487644045,0.567515529345267,0.5408723777822053,0.5158359077403359,0.24036554711279634,-0.01661809878668863,-0.06341201845578909,0.15065474230013876,-0.2556152212014664,-0.2391074957271428,-0.07728155497821909,-0.07728155497821909,3.7,4393000000.0,30361600000.0,0.3103671510511301,-0.10576573265273215,1.0,3.352941176470588,0.8552682812865041,2.839425587467363,2.2487896565472463,2.8235294117647056,0.01345923147489736,88619869545.6015,0.28147369650259824,0.22736030828516376,2.918814210898026,15.072768249559365,20.17297280801309,0.044768518199899576,1.1373292454294186,-0.0020551363729778924,0.9878327373857767,2022-01-02,,,0.35122457691064485,-0.207215893548367,-0.5838979945106313
SMG,Scotts Miracle-Gro Company,Materials,2022-04-30,2021-01-31,2021-04-30,77.30042221064788,36.83549649290729,77.30042221064788,-0.5234761280795007,15,12,103.93000030517578,254.33999633789065,-0.5913737445875213,65221086.9794452,-0.137831312932864,-0.1421266717393369,-0.14890574633181775,-0.5509964388561153,-0.4963161129321847,-0.5440594224318772,-0.33354285142843987,-0.3601860029915015,-0.38522247303337087,-0.28388250526118297,-0.5408661511606679,-0.5876600708297683,-0.4528658181515681,-0.8591357816531733,-0.8426280561788497,-0.6179899844003574,-0.6179899844003574,7.630000000000001,438100000.0,4742400000.0,0.05050505050505061,0.40037844712597326,1.0,-0.10446009389671351,0.6702876376988984,1.1196192052980132,1.103256086828982,1.113849765258216,0.012421558331090932,5967461747.535715,0.34810126582278483,0.2750261943193725,1.2583210500033137,12.826397527254066,13.62123201902697,-0.03707614213197974,1.1050013372559508,0.06029594187488924,1.2229320229320229,2022-01-01,,,-0.45437547243261134,-0.5346050592487432,-0.7777505743590996
SWKS,Skyworks Solutions,Information Technology,2022-04-30,2021-02-28,2021-04-30,74.20055227760379,37.5757999965732,74.20055227760379,-0.49359137037158096,14,12,113.3000030517578,204.0,-0.44460782817765787,263821500.52206856,-0.03375819039028072,-0.03805354919675363,-0.044832623789234465,-0.23215859695284313,-0.17747827102891256,-0.22522158052860514,-0.043047058354563794,-0.06969020991762542,-0.0947266799594948,-0.011044493021132418,-0.2680281389206174,-0.31482205858971785,-0.38408472864765464,-0.7903546921492598,-0.7738469666749361,-0.3200929743974339,-0.3200929743974339,8.32,1388900000.0,5109500000.0,0.28715739621120506,0.34351777927900273,1.0,0.149171270718232,0.933463270381074,1.1716763005780346,1.1478231522105973,1.1726519337016574,-0.0019734961570221365,18913746903.67625,0.30416666666666664,0.24166666666666667,3.7016825332569234,10.941144345376246,13.617788828336273,7.829167563766504e-05,1.1829424561194386,0.5905423628094073,3.110085749285423,2021-12-31,,,-0.27921645778323834,-0.5142152643736585,-1.0897352324974188
TROW,T. Rowe Price,Financials,2022-04-30,2021-08-31,2021-08-31,82.75670319440377,39.679117038051196,82.75670319440377,-0.5205328933314202,8,8,123.04000091552734,224.55999755859372,-0.4520840654915713,261422221.5311565,0.014780630154547891,0.010485271348074976,0.0037061967555941464,-0.11838157896148283,-0.06370125303755225,-0.11144456253724483,-0.04669919666474054,-0.07334234822780217,-0.09837881826967154,-0.027604755926174174,-0.28458840182565914,-0.3313823214947596,-0.17650803312273433,-0.5827779966243395,-0.5662702711500158,-0.22326886695593917,-0.2413459014761995,12.36,2901400000.0,7708100000.0,0.17306609444672727,0.14212959744142384,1.0,0.0528109028960817,0.785393319257214,1.0765383231378194,1.1379404441109253,1.0783645655877343,-0.008326549910272374,28882545198.730667,0.003676470588235294,0.003676470588235294,3.7470382063972534,,9.954692630706097,0.004718518228861157,1.0782084645938912,0.4359372384300476,5.302989334535076,2022-03-31,,,-0.17150368968961607,-0.26674116745319176,-0.5266384139384492
TTWO,Take-Two Interactive,Communication Services,2022-04-30,2020-12-31,2021-01-31,75.11100687987548,38.516189182759874,75.11100687987548,-0.4872097874502128,16,15,119.51000213623048,214.91000366210935,-0.44390675119931045,298766631.6936432,0.11061830269435524,0.10632294388788233,0.0995438692954015,-0.008618515278100203,0.04606181064583037,-0.0016814988538622015,0.0399966420705784,0.013353490507516774,-0.0116829795343526,0.19496272283388794,-0.06202092306559703,-0.10881484273469749,0.9523052728110175,0.5460353093094124,0.5625430347837359,-0.2469249569805193,-0.2469249569805193,4.52,525862000.0,3414227000.0,0.03653591719436222,0.1487203201745393,1.0,0.058548009367681564,0.8756369182813031,1.1949894073815535,1.2703254206773222,1.1920374707259953,0.008077809863271002,13903931137.912045,0.4014483065953654,0.3963578088578088,4.0723511172256694,17.312996106849177,26.44026595934303,0.012563673979733458,1.0941579231912255,0.15717715449430186,2.1858849992326563,2021-12-31,,,-0.22288957180468855,-0.4100404119970802,-0.04879946339279151
VEEV,Veeva Systems,Health Care,2022-04-30,2020-08-31,2021-08-31,85.95085223513027,37.260502439690185,85.95085223513027,-0.566490599328102,20,8,181.9499969482422,343.9599914550781,-0.47101406713459226,207697155.52426293,0.22879915131108608,0.22450379250461316,0.21772471791213233,-0.07699914669864627,-0.022318820774715697,-0.07006213027440827,-0.01577353759452882,-0.04241668915759045,-0.06745315919945982,0.09128882049432763,-0.16569482540515734,-0.2124887450742578,0.28436387117875084,-0.12190609232285432,-0.10539836684853071,-0.16999171857408524,-0.16999171857408524,2.63,427390000.0,1850777000.0,0.2632695115383643,0.3269578952993486,1.0,0.11440677966101687,0.845486413344517,1.0763082963594546,1.1082097651100864,1.0720338983050848,0.009251259417274893,29567912241.71454,0.21161812297734625,0.1762135922330097,15.975945368736774,53.05760092120629,69.18250834533924,0.050360973849046475,1.0836478483009853,0.0013630757322692652,1.00369938127524,2022-01-31,,,-0.15144023684728922,-0.17249413987492979,0.10558806316212702
WBD,Warner Bros. Discovery,Communication Services,2022-04-30,2021-02-28,2021-02-28,75.85789297814524,38.844724797235244,75.85789297814524,-0.4879277123024435,14,14,18.149999618530277,78.13999938964844,-0.7677245999449714,380616145.36770713,-0.17355370163833383,-0.17784906044480675,-0.1846281350372876,-0.2837465414198893,-0.22906621549595874,-0.2768095249956513,-0.25013774420236956,-0.2767808957654312,-0.30181736580730056,-0.5944903422477101,-0.8514739881471951,-0.8982679078162956,-0.5223140353434337,-0.9285839988450388,-0.9120762733707153,-0.5140495933774333,-0.5950413190571877,1.54,1006000000.0,12191000000.0,0.14244213288351615,-0.030575539568345356,1.0,,0.5,1.4083503054989817,1.0290806754221389,,-0.03004378722180201,11856428322.234713,0.052742616033755275,0.002109704641350211,0.9725558462992956,6.3189839516512825,11.785714038006674,0.025315391084945293,1.052119281479515,-0.09239332096474953,0.9495466288435236,2021-12-31,,,-0.35450900504720173,-0.7084779503757195,-0.5421306097569926
WING,Wingstop,Consumer Discretionary,2022-04-30,2020-08-31,2020-08-31,81.97128543029419,38.420166676968755,81.97128543029419,-0.5312972527478532,20,20,91.76000213623048,187.3500061035156,-0.5102215150954905,67955271.41749065,0.378339111951304,0.37404375314483107,0.36726467855235023,0.7325686629734902,0.7872489888974208,0.7395056793977283,1.1940126705604097,1.167369518997348,1.1423330489554786,3.235177145107193,2.978193499207708,2.9313995795386076,1.914138707421103,1.5078687439194978,1.5243764693938213,-0.26080046116448863,-0.26080046116448863,1.42,42658000.0,282502000.0,0.1354080004501408,0.27531283354019864,1.0,0.49473684210526314,0.5783665057758013,1.453325156718452,1.11033281059418,1.4639175257731958,0.005950046418801813,2756548007.836141,0.2887003711046719,0.2967324996187281,9.757622982620092,38.89103915392038,64.61971981424682,0.03194815821388386,1.0847246437005877,0.07672353397837654,1.244508810041033,2021-12-25,,,0.9874386434164943,2.6142312995137598,0.9146633712518017
XYL,Xylem Inc.,Industrials,2022-04-30,2021-08-31,2021-08-31,79.4924582935654,39.580429047906534,79.4924582935654,-0.5020857336964454,8,8,80.5,138.77999877929688,-0.4199452319637219,129181735.96916804,0.14743051040002375,0.14313515159355084,0.13635607700107,0.28130546943412305,0.3359857953580536,0.28824248585836104,0.30643065360517996,0.27978750204211833,0.25475103200024896,0.6654674404826133,0.40848379458312833,0.3616898749140279,0.5536258181647515,0.14735585466314638,0.16386358013747,-0.10130638977652928,-0.10130638977652928,2.35,427000000.0,5195000000.0,0.06542247744052498,-0.07106115450562012,1.0,0.6785714285714288,0.7299145299145299,1.2706270627062706,1.2414578587699316,1.2694610778443114,0.0015077902496229978,14627021276.595743,0.6719160104986877,0.6823088646177293,2.815596010894272,18.937375032043064,34.25531914893617,-0.009532888465204947,1.038131363545618,-0.009228876127973748,0.9883207889955878,2021-12-31,,,0.1631601924815122,0.407527955186316,0.16703721745155264
XYZ,"Block, Inc.",Financials,2022-04-30,2021-02-28,2021-08-31,80.03773103240358,37.875430610057734,80.03773103240358,-0.5267803057195147,14,8,99.54000091552734,289.2300109863281,-0.655844839281797,2427175930.9958444,-0.23588510288300513,-0.24018046168947804,-0.24695953628195888,-0.3965240190644419,-0.34184369314051133,-0.3895870026402039,-0.3892907338114696,-0.41593388537453124,-0.4409703554164006,-0.2666264885616185,-0.5236101344611035,-0.570404054130204,-0.41259794371186975,-0.8188679072134749,-0.8023601817391512,-0.4842274494636928,-0.6097046602692884,0.33,166284000.0,17661203000.0,0.8595480868912053,1.014973586506842,1.0,-0.25,1.0321018918516311,1.6799418127214285,2.0634800910860647,1.7272727272727273,0.04038854086013943,50157301552.23499,0.11354318671391843,0.26881384198457364,2.83997084186366,166.979347455242,301.6363664106889,0.05492676075502523,1.38706299648184,0.04642246686471014,2.314458714939897,2021-12-31,net income 1.03x operating income,,-0.25340357870503455,-0.07249807158078786,-0.11248864831574318
CGNX,Cognex,Information Technology,2022-05-31,2021-02-28,2021-02-28,70.64489253702935,37.19813271574191,70.64489253702935,-0.47344908626983795,15,15,48.41999816894531,101.81999969482422,-0.5244549370057932,64230270.185083054,-0.12912224895301394,-0.0902707057356027,-0.09841464813562678,0.03093985442016245,0.03531612327006273,-0.015898128128803653,0.1414139676267785,0.1123548077344414,0.12170377024554078,-0.04796975110282098,-0.3655569104890115,-0.3948864923036658,-0.367655718584169,-0.8589359532515876,-0.834824287924653,-0.16841605496773837,-0.28701408737578926,1.5499999999999998,277366000.0,1080478000.0,0.22390497637095996,0.22719134360890547,1.0,0.22047244094488172,0.8577198060462125,1.3490913604986765,1.4329367498278742,1.3464566929133857,0.007555403705264752,8664555620.72754,0.38378572216705287,0.39475063444775466,8.01918745289357,24.5691352676991,31.238708496093754,0.041828255381844315,1.113343497822866,-0.0015552575180219571,0.9945859834937559,2022-04-03,,,-0.07978576828465864,-0.48996287635962027,-1.0447329098977356
CROX,Crocs,Consumer Discretionary,2022-05-31,2021-11-30,2021-11-30,92.71394812600606,39.81101346149008,92.71394812600606,-0.5706038382985961,6,6,55.7599983215332,183.8800048828125,-0.6967587728906725,116891028.75943865,0.32173599653393414,0.3605875397513454,0.3524435973513213,0.8113343443375995,0.8157106131874998,0.7644963617886334,1.0136298809022195,0.9845707210098824,0.9939196835209818,1.7912482796747846,1.473661120288594,1.4443315384739397,0.8292683477468827,0.3379881130794642,0.3620997784063988,-0.1736010900620908,-0.1736010900620908,11.11,700056000.0,2513466000.0,0.606162481811809,0.2871227599185395,1.0,0.8926746166950599,1.0339721292952566,1.6557320925211412,1.436251171391015,1.689948892674617,-0.07569677621087711,3513512275.87572,0.4091451675009626,0.33367346938775505,1.397875394326289,8.771643224553545,5.018901739111899,0.08647385511295846,1.1976012356147945,1.6026983383485984,83.49605289125715,2022-03-31,net income 1.03x operating income,,0.7479914890972781,1.163076046851292,-0.3433982764747392
ECL,Ecolab,Materials,2022-05-31,2019-08-31,2019-08-31,80.64519713111616,39.35010498288705,80.64519713111616,-0.5120589150658272,33,33,163.91000366210938,238.92999267578125,-0.31398313863203897,258646470.55918375,0.003024655866436854,0.0418761990838481,0.03373225668382402,-0.0797109688408052,-0.07533469999090492,-0.1265489513897713,0.02101775923974336,-0.008041400652593733,0.0013075618585056507,0.4527592039979318,0.13517204461174126,0.10584246279708698,0.6782246029043553,0.18694436823693672,0.21105603356387131,-0.19512331695095586,-0.19512331695095586,3.84,1122200000.0,13114800000.0,,,1.0,,0.7213009384239619,1.0745090669923894,1.194258809234508,1.0833333333333333,0.016624566786533457,47900991174.37999,0.8507031467557784,0.8706744586833962,3.652437793514197,26.129205513179652,42.68489678700765,0.029976989107130203,1.0299769891071302,,1.3918624915993667,2022-03-31,,,-0.1278449072854301,0.13197519503391136,0.17262948659436528
GWRE,Guidewire Software,Information Technology,2022-05-31,2019-11-30,2019-11-30,70.1452955435147,38.67014799576962,70.1452955435147,-0.4487135923209483,30,30,79.94000244140625,134.22000122070312,-0.4044106562779878,49881153.3230615,-0.10295225300957367,-0.06410070979216242,-0.07224465219218651,-0.2580685568934832,-0.2536922880435829,-0.3049065394424493,0.03802853168231479,0.008969371789977698,0.018318334301077082,0.42506873517355026,0.10748157578735973,0.07815199397270545,1.6897672967931725,1.198487062125754,1.2225987274526886,-0.34851138052906805,-0.34851138052906805,-1.55,-129622000.0,763970000.0,0.0029762256417527055,0.08629578447018149,0.0,,,,,,-0.009392362305217339,6685150320.296748,0.096,0.096,8.75054036192095,,,0.03323104304982838,1.0506956210340967,0.051673683837401195,1.109145360767567,2022-01-31,,,-0.13491940505126296,0.02223553444288312,1.199482608839392
PEN,"Penumbra, Inc.",Health Care,2022-05-31,2020-10-31,2020-10-31,70.73898235726594,39.138007828020996,70.73898235726594,-0.44672645090715046,19,19,146.9199981689453,320.0,-0.5408750057220459,49172219.581918865,0.11741083729230639,0.15626238050971764,0.14811843810969355,0.42601413774806596,0.43039040659796624,0.37917615519909986,1.0918867422287617,1.0628275823364246,1.072176544847524,0.2896134194259177,-0.02797373996027286,-0.05730332177492714,0.8171113840725119,0.3258311494050934,0.349942814732028,-0.2181799666803379,-0.2181799666803379,-0.18,-6473000.0,782281000.0,0.3207802973896101,0.023761200573615415,1.0,,,2.1110062893081762,16.458867521367523,2.142857142857143,0.007698948470824751,5283406378.597684,0.08641975308641975,0.08641975308641975,6.753847247469495,,,0.04640377747160884,1.1336328502904842,0.4223678293826685,14.147078427016218,2022-03-31,TTM EPS jumped 2.14x in one quarter (no operating income reported),"growth 32% vs 2% a year earlier, goodwill up 42% of revenue",0.9773126084770212,0.1412338839383494,0.6692044617962305
RH,RH,Consumer Discretionary,2022-05-31,2021-04-30,2021-08-31,83.62877965677755,38.121619270887585,83.62877965677755,-0.5441566954899588,13,9,290.0799865722656,744.5599975585938,-0.6104007903682234,358612499.29286414,-0.11779503754783771,-0.07894349433042647,-0.08708743673045055,-0.011203806365284508,-0.00682753751538423,-0.05804178891425061,-0.15547432753859125,-0.18453348743092834,-0.17518452491982897,-0.06256892835301753,-0.38015608773920806,-0.40948566955386234,-0.37565496072155635,-0.8669351953889749,-0.8428235300620404,-0.2851282242267794,-0.2855074320847615,22.13,688546000.0,3758820000.0,0.3195203582358652,0.07599387634153332,1.0,1.2218875502008029,0.7426230692820496,1.4924967349116127,1.3265125584224753,1.4377510040160644,0.14008561167607247,9025459305.66594,0.354096714019228,0.35258799171842653,2.40114166298624,6.706708547244231,13.107997585732745,0.02461622754711379,1.1326593943887333,0.008568341368786215,1.1285626247675833,2022-01-29,,,-0.4153606733338727,-0.7293917621727316,-1.3100399181527849
ROST,Ross Stores,Consumer Discretionary,2022-05-31,2019-12-31,2019-12-31,73.8539116733038,39.98159597573927,73.8539116733038,-0.4586394265397924,29,29,85.0199966430664,134.22000122070312,-0.3665623910756435,345935055.0644042,0.01851943957592339,0.057370982793334635,0.04922704039331056,0.3941162141249972,0.3984924829748975,0.3472782315760311,0.2348339996032336,0.2057748397108965,0.21512380222199587,0.6840109730592594,0.36642381367306887,0.3370942318584146,0.7059376865729989,0.2146574519055804,0.23876911723251498,-0.18253968733973813,-0.18253968733973813,4.87,1722589000.0,18916244000.0,0.5094877615046485,-0.21868520705654249,1.0,19.291666666666668,,10.162598674193625,,10.208333333333334,-0.005745359771476721,30072794865.992424,0.3726114649681529,0.3036093418259023,1.5897867920287148,10.538604425616494,17.457904854839096,0.042489209031159936,1.213333849363587,,,2022-01-29,TTM net income jumped 10.16x in one quarter,,0.0003842602346902646,0.1999519439040281,-0.0667518018251555
WDAY,"Workday, Inc.",Information Technology,2022-05-31,2019-06-30,2019-07-31,73.84621738987204,37.42882525320171,73.84621738987204,-0.49315176083297874,35,34,156.3000030517578,307.8099975585937,-0.4922192122040966,556390009.8301963,0.052847052754699586,0.09169859597211083,0.08355465357208675,0.07421619077566688,0.07859245962556716,0.027378208226700777,0.35630199202852775,0.32724283213619065,0.33659179464729005,0.3528470429921986,0.03525988360600807,0.005930301791353787,0.584836864218355,0.09355662955093647,0.11766829487787106,-0.17645554249875306,-0.17645554249875306,-0.09999999999999998,-26278000.0,5398422000.0,0.20644726150281456,0.1904468618545514,0.0,,,0.9499983828713736,,1.1999999999999988,0.10720211308248762,41072514801.940926,0.0,0.0,7.608244557750566,335.6175987066103,,0.05052232058936745,1.0505223205893675,0.23631772701966375,1.560785326646974,2022-04-30,,,0.25960042388923044,0.20064982091645803,0.3394285852579187
ADSK,Autodesk,Information Technology,2022-06-30,2020-12-31,2021-07-31,75.60088764789373,38.86512719586832,75.60088764789373,-0.4859170519679591,18,11,171.9600067138672,344.3900146484375,-0.5006823676655998,353209547.40239704,0.08629911466904994,0.1356107006391878,0.11295213737222497,0.08670613992316123,0.06413694262685543,-0.009241405428717972,0.189869694241245,-0.004347792166367936,-0.03503911056665676,0.4389973673354559,-0.04766518830709576,-0.051194532206083776,0.8002442151524667,0.09142261215420233,0.09361528743166825,-0.029192859249034364,-0.029192859249034364,2.21,487000000.0,4567400000.0,0.1729327170005137,0.13710030661410433,1.0,-0.6215753424657535,0.6981077981651376,1.0134124720573499,1.1295336787564767,1.0136986301369861,-0.008005837393570192,37893449443.28204,0.5846442715637762,0.6350421495478611,8.296503359303333,45.795755781452975,77.80995778908017,0.0412639066204632,1.0429144186506953,0.4170005136106831,1.65024827807144,2022-04-30,,,-0.009398660620855759,0.0055375931740156425,0.13014305153005945
ALLE,Allegion,Industrials,2022-06-30,2020-01-31,2020-01-31,72.13013569270717,39.87277611869757,72.13013569270717,-0.4472105766088421,29,29,97.9000015258789,148.6999969482422,-0.3416274140210317,85904179.0096949,-0.07999887036403341,-0.030687284393895564,-0.053345847660858384,0.08388025990875736,0.06131106261245156,-0.012067285443121842,0.2458968946241218,0.05167940821650885,0.020988089816220024,0.2458958211396507,-0.24076673450290098,-0.244296078401889,0.5421235306474863,-0.16669807235077805,-0.16450539707331213,-0.10410675898181643,-0.10410675898181643,5.21,468000000.0,2896700000.0,0.05738273407556127,-0.046699377109649554,1.0,0.14004376367614868,0.9071525489435938,1.1066603460535671,1.0966594188574816,1.1115973741794312,-0.026995599379281754,8794088428.812155,0.2467948717948718,0.1794871794871795,3.0358989294066197,16.60265623547183,18.790787241051614,0.010218316244681613,1.057455740098558,-0.007629129403175762,0.9832973707344362,2022-03-31,,,0.14265706095570202,0.05455601049894654,0.31155980315358156
AMZN,Amazon,Consumer Discretionary,2022-06-30,2020-08-31,2021-04-30,83.11578451204693,36.65055519432279,83.11578451204693,-0.5590421794188731,22,14,106.20999908447266,188.6540069580078,-0.43701169777902593,10792819499.105072,0.0639299592699083,0.11324154524004615,0.09058298197308333,-0.20911401257812123,-0.23168320987442703,-0.30506155793000045,0.22737973575041215,0.03316224934279921,0.0024709309425103854,0.8195085365390247,0.332845980896473,0.329316636997485,1.0656247178305653,0.356803114832301,0.3589957901097669,-0.23331135479615672,-0.23331135479615672,2.073,21413000000.0,477748000000.0,0.13985636914561117,0.41467020393284604,1.0,-0.21193689412659178,1.0878931057257533,1.270380383048395,1.066930693069307,1.2675532955212205,0.00998705951141865,1097093444474.5844,0.18992248062015504,0.14169105190204836,2.2963852166300733,19.49440827561515,51.234924787492844,0.01687021893397933,1.109554670996853,0.01309856130556152,1.3724811723997556,2022-03-31,net income 1.09x operating income,,-0.0863660303459749,0.1266119403756607,-0.08775252435344982
APPF,AppFolio,Information Technology,2022-06-30,2020-06-30,2020-06-30,76.41360568180173,37.81631601964018,76.41360568180173,-0.5051101740033932,24,24,90.63999938964844,186.58999633789065,-0.514229052100355,14044077.931382919,0.15533982707266758,0.20465141304280543,0.18199284977584262,0.16262133675006285,0.14005213945375705,0.06667379139818365,0.8991615241483302,0.7049440377407172,0.6742527193404284,1.6982569392222429,1.2115943835796912,1.2080650396807031,1.5406001801627998,0.8317785771645354,0.8339712524420013,-0.011694589207100203,-0.011694589207100203,-0.39,-13738000.0,385745000.0,0.2188528889478707,0.16604032186753903,1.0,-1.0888382687927107,,0.8901458900311665,-3.0490654205607477,0.8906605922551253,-0.014394201986219768,3192852081.0640774,0.5491727941176471,0.5491727941176471,8.277105551761078,278.3008336569579,,0.07339232545844121,1.0733923254584412,-0.003643177179112872,0.9830086356803914,2022-03-31,,,0.7900776441202798,1.3278934766077708,0.8588092424652242
APTV,Aptiv,Consumer Discretionary,2022-06-30,2021-07-31,2021-10-31,74.09468095974832,37.94158463419612,74.09468095974832,-0.4879310614103628,11,8,89.06999969482422,180.80999755859372,-0.5073834362175688,203700972.2315955,-0.12192658187448746,-0.07261499590434961,-0.09527355917131243,0.04558209916362732,0.023012901867321522,-0.05036544618825188,0.14617712684041906,-0.04804035956719388,-0.0787316779674827,-0.20938589412572595,-0.6960484497682776,-0.6995777936672656,-0.2340855343612701,-0.9429071373595345,-0.9407144620820685,-0.1247333630674432,-0.26877739444740767,1.18,384000000.0,15773000000.0,0.13777681598499614,-0.010351227869788704,1.0,-0.23870967741935523,0.3779527559055118,2.0037950664136623,1.6422413793103448,2.303225806451612,-0.042871385842471965,28985491426.11229,0.8687996031746031,0.8846726190476191,1.8376650875618012,17.149687423677832,75.48305058883409,0.009924446151875932,1.13323234509125,-0.005193681021423934,0.9792805755395684,2022-03-31,,,0.08148359900870833,-0.2565993753174281,-0.320508837397536
ATR,AptarGroup,Materials,2022-06-30,2019-06-30,2021-04-30,76.34094557780413,38.357120910487176,76.34094557780413,-0.49755507191884485,36,14,103.20999908447266,158.97000122070312,-0.35075801539950346,30897497.422717866,-0.07587640484671976,-0.026564818876581908,-0.04922338214354473,0.07367344284775545,0.051104245551449656,-0.022274102504123747,0.13839615514276393,-0.055821331264849006,-0.08651264966513783,0.40132797061069936,-0.08533458503185232,-0.08886392893084033,0.575062854913944,-0.1337587480843203,-0.1315660728068544,-0.12255416755842863,-0.12255416755842863,3.3,222568000.0,3295399000.0,0.10415604945618107,0.05207088911018487,1.0,-0.0858725761772855,0.6314630714058741,1.0553557524748804,1.0405233551300967,1.0498614958448753,0.0030357834147090035,6960982750.37361,0.6708333333333334,0.6687500000000001,2.112333817657167,13.662441126531933,31.27575729832505,0.02112591607454206,1.037435237110162,0.0903723554141156,1.2592957906252824,2022-03-31,,,0.026821221767156678,0.16467279287073572,0.2164567573863858
AXON,Axon Enterprise,Industrials,2022-06-30,2021-02-28,2021-02-28,81.16557254245438,38.28708590388376,81.16557254245438,-0.5282841640295539,16,16,93.16999816894533,212.3699951171875,-0.5612845490836247,47721893.95232428,0.24235271304943384,0.2916642990195717,0.2690057357526089,0.7809380265834083,0.7583688292871025,0.6849904812315291,1.0942363309203471,0.9000188445127342,0.8693275261124453,2.1580980574973188,1.671435501854767,1.667906157955779,7.886337004537674,7.17751540153941,7.179708076816876,-0.04894276750252924,-0.04894276750252924,0.6,42770000.0,924788000.0,0.2688143127623961,0.2964148755273812,0.0,,,,,,0.12800583325576365,6641468036.142987,0.5661764705882353,0.6554286608260325,7.181611392170948,,155.28333028157556,0.07112387231129702,1.1063798260296902,0.03431248799495102,1.7579173864290694,2022-03-31,,,0.635503292489539,1.1425496789691274,6.17005192791493
BALL,Ball Corporation,Materials,2022-06-30,2019-08-31,2020-11-30,86.70780532248806,39.435278769786805,86.70780532248806,-0.5451934387784685,34,19,68.7699966430664,102.76000213623048,-0.33077077448969894,163097328.44051784,-0.2948859979270425,-0.24557441195690466,-0.26823297522386746,-0.25099832623153395,-0.27356752352783975,-0.34694587158341317,-0.1410971861990289,-0.33531467260664183,-0.36600599100693065,-0.1024331817356463,-0.589095737378198,-0.592625081277186,-0.14945955200846328,-0.8582811550067276,-0.8560884797292617,-0.32874071013874595,-0.3659975430074821,3.4199999999999995,1124000000.0,14402000000.0,0.18818579325138196,0.05638835628377192,1.0,0.49344978165938835,0.7020612117426608,1.2801822323462415,1.2401239349341595,1.290566037735849,-0.012309864775674861,22601601235.908375,0.5802680467091296,0.5427680467091295,1.5693376778161627,13.253926331280576,20.108186152943397,0.04279197740931151,1.054285950004125,-0.009487666034155597,0.9810418727332674,2022-03-31,,,-0.27948816453392683,-0.39201344604035065,-0.6135408467117425
BBWI,"Bath & Body Works, Inc.",Consumer Discretionary,2022-06-30,2021-11-30,2021-11-30,79.79823674466655,37.93055067169853,79.79823674466655,-0.5246693132698363,7,7,26.920000076293945,82.0,-0.6717073161427567,240421526.46981496,0.21702200090302393,0.2663335868731618,0.24367502360619897,0.5832759460623846,0.5607067487660788,0.4873284007105054,0.4235691471389469,0.22935166073133395,0.19866034233104513,0.5126040590240881,0.025941503381536446,0.022412159482548433,0.18980714534785936,-0.519014457650405,-0.5168217823729391,-0.04123329980689039,-0.04123329980689039,4.88,1333000000.0,7882000000.0,-0.3346838862159196,0.10704414105033933,1.0,0.19773015873015853,0.6635141861622698,,,,-0.21513505305228708,7353352479.856523,0.26874701099952175,0.27134238310708897,0.9329297741507895,4.312121618826527,5.516393458256956,,,0.0,1.0,2022-01-29,,,0.17002907738415618,-0.015578525782686481,-0.5488772796528835
CRH,CRH plc,Materials,2022-06-30,2021-08-31,2021-08-31,70.9035057372324,39.70368888795304,70.9035057372324,-0.4400320763391521,10,10,34.81999969482422,54.540000915527344,-0.361569506594726,26009313.0254473,-0.06828777626038018,-0.018976190290242334,-0.041634753557205154,0.15025834081210587,0.12768914351580007,0.05431079546022667,0.6462494685037943,0.45203198209618134,0.4213406636958925,1.2806109350080064,0.7939483793654547,0.7904190354664666,1.8352109788262871,1.1263893758280228,1.1285820511054887,-0.09748511414082417,-0.09748511414082417,3.32,2630000000.0,29206000000.0,,,,,0.7905019537120529,,,,,27583313011.261356,,,0.9444399442327384,4.469108858397162,10.4879517153085,,,,,2021-12-31,,,0.4777573684718707,0.8945616027275446,1.2261073242940554
CRL,Charles River Laboratories,Health Care,2022-06-30,2021-08-31,2021-09-30,92.14465654898902,39.77076540990114,92.14465654898902,-0.5683877188390531,10,9,213.97000122070312,460.2099914550781,-0.5350600699820114,134265866.90872434,-0.0802448851287102,-0.030933299158572347,-0.05359186242553517,0.01836702646801225,-0.00420217082829355,-0.07758051888386695,-0.017385620411648595,-0.21160310681926153,-0.24229442521955036,-0.03453754894372274,-0.5212001045862744,-0.5247294484852625,-0.2908819233447847,-0.999703526343049,-0.9975108510655831,-0.15305883915109875,-0.24452029268463837,8.21,422474000.0,3629523000.0,0.1933567652164765,0.11665092836404378,1.0,0.11246612466124661,0.6870199711515164,1.080545907484232,1.1315197846591265,1.080263157894737,0.012527092137159856,11010567880.111488,0.5715024330900244,0.5739355231143551,3.0336129238226315,15.033410431896801,26.062119515310975,0.025242644400253145,1.0762872192119521,0.38590240149402916,1.4617531764491123,2022-03-26,,,-0.17782196335593986,-0.37055182375494927,-0.8546571102320856
DVA,DaVita,Health Care,2022-06-30,2020-12-31,2021-08-31,79.1351315074134,39.79494549554921,79.1351315074134,-0.4971266902889875,18,10,79.95999908447266,136.47999572753906,-0.4141266003253673,89880079.05753,0.03514254115517401,0.08445412712531186,0.06179556385834904,-0.06615809124683447,-0.08872728854314027,-0.1621056365987137,0.2565032812789674,0.06228579487135444,0.03159447647106561,0.7329916071888438,0.24632905154629214,0.24279970764730413,0.7815157401109125,0.07269413711264816,0.07488681239011408,-0.18359180181664703,-0.18359180181664703,8.42,903169000.0,11616351000.0,0.007544472515752743,0.0037229454414899887,1.0,0.29339477726574525,0.5334485870687435,1.1195382214317935,1.0481834026971126,1.153609831029186,-0.09483237876891037,8576887459.990984,0.16170359742813115,0.08124304111258167,0.738346100250499,7.1833967090188064,9.496436945899365,-0.0002105209343101766,1.0033371755396647,0.03192048341244724,1.053367790143121,2022-03-31,,,0.11091570183789137,0.43873345936813596,0.3624234427451488
EBAY,eBay Inc.,Consumer Discretionary,2022-06-30,2021-08-31,2021-08-31,73.8717382614905,39.06965432243157,73.8717382614905,-0.47111499956677394,10,10,41.66999816894531,81.19000244140625,-0.48675949112062167,350103677.15699935,-0.11223650613280323,-0.06292492016266538,-0.0855834834296282,0.005203353964477131,-0.017365843331828668,-0.09074419138740207,0.09568671501423776,-0.09853077139337518,-0.129222089793664,0.34661596655999194,-0.14004658908255974,-0.14357593298154775,0.8991671628737468,0.1903455598754824,0.19253823515294832,-0.13370093543264705,-0.13370093543264705,17.339999999999996,11626000000.0,10265000000.0,-0.0806090461262875,0.03754297927701877,1.0,3.032558139534882,4.191059841384282,4.448895027624309,1.0,4.358139534883721,-0.004477400319893632,27938604308.65965,0.12532322950070743,0.09483542462265866,2.7217344674778032,10.574725248055108,2.4031140812540555,-0.014875239923224592,0.9851247600767754,0.0,1.0,2022-03-31,net income 4.19x operating income,,-0.10875512878156543,-0.07061527670246714,0.3091557360834557
FBIN,Fortune Brands Innovations,Industrials,2022-06-30,2021-04-30,2021-05-31,72.04354940023428,36.432875622941644,72.04354940023428,-0.49429371642226216,14,13,51.17948532104492,97.44444274902344,-0.4747829237131347,112287490.18423517,-0.09953468974322699,-0.05022310377308914,-0.07288166704005196,0.1255079166991777,0.10293871940287191,0.02956037134729851,0.4285276427970719,0.23431015638945896,0.20361883798917013,0.30665799664083226,-0.1800045590017194,-0.18353390290070742,0.05146170899699709,-0.6573598940012673,-0.6551672187238013,-0.11194570893318256,-0.11194570893318256,4.803418803418804,775500000.0,7802400000.0,0.20806366704858648,0.10603829160530198,1.0,0.2686230248307,0.7079605623516524,1.1620147577799167,1.1362315601251676,1.1602708803611739,-0.019421391359745965,8262800411.702898,0.05413448402690207,0.051402243589743594,1.0590075376426353,9.22184921463932,10.654803883562732,0.019108945807917888,1.0867525469916082,0.1042950484625151,1.2107370792141159,2022-03-31,,,0.37097358990244905,0.18077481011514457,-0.1658355766241327
FIVE,Five Below,Consumer Discretionary,2022-06-30,2021-03-31,2021-08-31,74.80504495746305,37.1873107341516,74.80504495746305,-0.5028769683208172,15,10,113.43000030517578,237.8600006103516,-0.5231228453118933,158963201.50233677,0.2137000599361143,0.26301164590625215,0.24035308263928934,0.5592876191601048,0.536718421863799,0.4633400738082256,0.7326985167711821,0.5384810303635692,0.5077897119632804,-0.039319395860648254,-0.5259819515031999,-0.5295112954021879,0.15648410758044884,-0.5523374954178155,-0.5501448201403496,-0.03473510033329763,-0.06365160188026264,4.66,261932000.0,2890127000.0,0.2251175361722313,0.40181071944485214,1.0,0.1679197994987469,0.7305883599890662,1.1577353392472902,1.1824167658573168,1.155388471177945,0.003280183444672513,6375739665.222168,0.03361823361823362,0.03753561253561253,2.206041348778849,13.537588547962516,24.341201782226562,0.014665663046096178,1.2022916850352448,,,2022-04-30,,,0.44323449963607175,-0.29609027706898516,-0.23944829581380045
GM,General Motors,Consumer Discretionary,2022-06-30,2021-06-30,2021-06-30,72.6820042095824,36.30987194945326,72.6820042095824,-0.5004283062317348,12,12,31.76000022888184,67.20999908447266,-0.5274512622896425,655724094.4898,0.012697296626370314,0.062008882596508164,0.039350319329545344,0.06397306945809911,0.04140387216179331,-0.031974475893780094,0.2258293756162606,0.03161188920864766,0.0009205708083588338,0.49352265630771197,0.006860100665160296,0.0033307567661722826,0.598576055178363,-0.11024554781990137,-0.10805287254243545,-0.04502508758809198,-0.16165862287353494,6.020000000000001,9936000000.0,130509000000.0,0.06755828220858895,-0.0949003464921373,1.0,-0.02746365105008053,1.2053863884508067,1.3925723648279629,1.4426194078236438,1.397415185783522,0.11595682333238333,52419827620.294,0.3266477752475501,0.3006432155439308,0.40165680236837303,1.2974227720070415,5.275747546325886,0.02759755598248881,1.142241308793456,0.026650306748466256,2.81,2022-03-31,net income 1.21x operating income,,0.04521253210637555,0.22381985005254557,0.2835655663294911
IDXX,Idexx Laboratories,Health Care,2022-06-30,2021-07-31,2021-07-31,83.9914329015369,39.20324331193169,83.9914329015369,-0.5332471186925739,11,11,350.7300109863281,706.9500122070312,-0.5038828701743959,278684973.33717954,-0.07108038209576306,-0.02176879612562521,-0.04442735939258803,0.16317389067393173,0.14060469337762593,0.06722634532205253,0.4319561920975894,0.23773870568997646,0.20704738728968763,0.3891027198867876,-0.0975598357557641,-0.10108917965475211,0.5292105324752945,-0.17961107052296987,-0.17741839524550396,-0.09599980718230272,-0.09599980718230272,8.52,734553000.0,3274202000.0,0.14561658991205828,0.16312874716952885,1.0,0.09652509652509633,0.7875132672205843,1.079563219550108,1.082731590168722,1.0797940797940797,-0.006399165290434605,30238237295.779377,0.65,0.6291666666666667,9.235299867197986,29.656334516537715,41.165494247221616,0.018300283638535086,1.0659721080214106,0.06126991147036451,1.6016629730797642,2022-03-31,,,0.17222348200213267,-0.1612789390796896,-0.40090281273823136
MDT,Medtronic,Health Care,2022-06-30,2020-01-31,2020-01-31,72.97577760078501,37.188157102457616,72.97577760078501,-0.4904040994822153,29,29,89.75,135.88999938964844,-0.33953933031780703,595635082.9118516,-0.09308505853401361,-0.04377347256387576,-0.06643203583083858,-0.11935036866337823,-0.14191956595968402,-0.21529791401525744,0.014758268525862706,-0.17945921788175023,-0.21015053628203906,-0.06208737548908716,-0.5487499311316388,-0.5522792750306269,0.07318844150744441,-0.6356331614908199,-0.633440486213354,-0.1490163773969192,-0.20031136471545563,3.73,5039000000.0,31686000000.0,0.05209682239266855,-0.10095937157942181,1.0,0.7511737089201875,0.8760431154381085,1.2117465224111283,1.1355460385438971,1.2132867132867133,-0.005014294772674122,121246715817.69437,0.34358024691358025,0.2748148148148148,3.8265074738904996,15.934237595187891,24.06166219839142,-0.0031146767343086523,1.0784573515720117,-0.04751844159564563,0.9768911953190303,2022-04-29,,,-0.08179275667535824,-0.2662045297038062,-0.25512489202596716
MKSI,MKS Instruments,Information Technology,2022-06-30,2021-04-30,2021-04-30,71.2819245596592,39.2388170995847,71.2819245596592,-0.4495264074029892,14,14,102.62999725341795,199.44000244140625,-0.4854091656784363,76211949.63584779,-0.1933436080227987,-0.14403202205266086,-0.16669058531962366,-0.1707017583206244,-0.1932709556169302,-0.2666493036725036,0.06305085771587904,-0.1311666286917339,-0.16185794709202272,0.29531442208788894,-0.19134813355466274,-0.19487747745365075,-0.005974717074807234,-0.7147963200730716,-0.7126036447956057,-0.3677743023036485,-0.3746637013388988,10.27,572400000.0,2997600000.0,0.20472630817458404,0.26184597081049343,1.0,0.41071428571428537,0.8006714225765842,1.1805107860153732,1.1646130150173277,1.1785714285714284,0.006079590216159891,5720098386.354084,0.2056277056277056,0.15800865800865802,1.9082260429523898,6.664761101280782,9.993183763721321,0.016273393002441017,1.0826300136644964,0.09565147496181979,1.1535483870967742,2022-03-31,,,-0.20382097818789247,-0.1463625591437493,-0.673510152820488
NKE,"Nike, Inc.",Consumer Discretionary,2022-06-30,2021-07-31,2021-08-31,78.98347647596223,38.124466184027625,78.98347647596223,-0.5173108619037503,11,10,102.1999969482422,179.10000610351562,-0.4293691040458536,872767036.8548923,-0.18435679356956935,-0.1350452075994315,-0.1577037708663943,0.15172483918965485,0.12915564189334905,0.055777293837775646,0.09305127317706696,-0.10116621323054598,-0.1318575316308348,-0.24291502187839997,-0.7295775775209516,-0.7331069214199397,-0.27110976654315744,-0.9799313695414218,-0.9777386942639559,-0.19318822865126706,-0.2511518459250047,3.79,6116000000.0,46820000000.0,0.2158828264990782,-0.06703978291418322,1.0,0.7793427230046941,,1.6706534422403734,,1.6713615023474173,0.0026908618454883904,164922211434.1555,0.6916167664670658,0.6467065868263473,3.5224735462228853,20.44132292683043,26.96569840323013,0.01110007342461028,1.156620874126782,0.002129482951151739,1.1663286004056794,2022-02-28,TTM net income jumped 1.67x in one quarter,,-0.03948798715651808,-0.5451473614520856,-0.7992298824910686
NWS,News Corp (Class B),Communication Services,2022-06-30,2021-05-31,2021-05-31,75.45602030535755,39.240015918592505,75.45602030535755,-0.479961761039147,13,13,15.890000343322754,26.209999084472656,-0.3937428119661279,13325089.930320922,-0.024141870174325564,0.025169715795812286,0.0025111525288494703,0.16697946795508667,0.14441027065878087,0.07103192260320747,0.2559536553411801,0.06173616893356715,0.031044850533278323,0.8231782827850687,0.336515727142517,0.33298638324352897,1.2186181469086228,0.5097965439103584,0.5119892191878244,-0.04122892166772141,-0.04122892166772141,0.84,499000000.0,10203000000.0,0.1608829218341108,-0.0797822217568841,0.0,,,1.490909090909091,,1.4821428571428572,0.12084456424079182,9439416870.616732,0.24097859327217125,0.1976894325518179,0.9251609203779998,7.380097347522569,18.916667075384233,0.01562811069082226,1.0647400159290021,0.2443964045966549,1.3783688567905583,2022-03-31,,,0.0752484638930605,0.4213689964380174,0.6544684627062038
NWSA,News Corp (Class A),Communication Services,2022-06-30,2021-05-31,2021-05-31,77.38356132574079,38.06332854661653,77.38356132574079,-0.5081212612276713,13,13,15.579999923706056,27.96999931335449,-0.4429746047127263,59476505.5630366,-0.02462815219030401,0.02468343377983384,0.002024870512871025,0.174835832157489,0.1522666348611832,0.07888828680560979,0.2668737069134799,0.07265622050586695,0.04196490210557813,0.8065402846558325,0.3198777290132808,0.3163483851142928,0.9621137863304676,0.25329218333220327,0.2554848586096692,-0.04012056622126303,-0.04012056622126303,0.84,499000000.0,10203000000.0,0.1608829218341108,-0.0797822217568841,0.0,,,1.490909090909091,,1.4821428571428572,0.12084456424079182,9255261859.43967,0.23723241590214067,0.1951919809717975,0.907111816077592,7.249119387937177,18.547618956792924,0.01562811069082226,1.0647400159290021,0.2443964045966549,1.3783688567905583,2022-03-31,,,0.09599090858251197,0.4398102200935679,0.4695779071804211
PNR,Pentair,Industrials,2022-06-30,2021-08-31,2021-08-31,78.83194521849323,37.30473679750187,78.83194521849323,-0.5267814755286474,10,10,45.77000045776367,80.4000015258789,-0.43072139814535493,74082017.63205755,-0.10844762518592044,-0.05913603921578259,-0.08179460248274541,-0.007802600890478684,-0.030371798186784482,-0.10375014624235789,0.4372428229396095,0.24302533653199654,0.2123340181317077,0.7281924566892293,0.2415299010466776,0.23800055714768958,1.3389328559046572,0.6301112529063928,0.6323039281838587,-0.15079790398914816,-0.15079790398914816,3.23,542000000.0,3898500000.0,0.2283769732488894,0.06560789712251958,1.0,0.30241935483870974,0.8663682864450127,1.1447527141133895,1.0979142526071843,1.1411290322580647,0.003977338506985673,7680291098.485422,0.29670979704536754,0.28405495047286095,1.9700631264551551,12.803265541995897,14.170278779493398,0.035513174670633196,1.0717774206761823,0.10401109115543372,1.1277822939650834,2022-03-31,,,0.28200914697166646,0.4063793100540586,0.8730151385538832
ROK,Rockwell Automation,Industrials,2022-06-30,2021-08-31,2021-12-31,76.82286403028513,39.363353647198075,76.82286403028513,-0.48760887602836256,10,6,199.30999755859372,354.989990234375,-0.43854755615220786,237412132.0296757,0.08407405207268526,0.1333856380428231,0.11072707477586029,0.3041283798001291,0.2815591825038233,0.20818083444824986,0.6820878963505639,0.48787040994295094,0.4571790915426621,0.4309073187308565,-0.05575523691169515,-0.05928458081068316,0.7582459675083677,0.04942436451010335,0.05161703978756926,-0.032160973227551515,-0.032160973227551515,5.5,645200000.0,7321400000.0,0.1611317283598186,-0.06740027510316371,1.0,-0.5943952802359882,,0.9707326283987915,,0.9705014749262538,0.0012029662180719214,23380874622.691757,0.8285714285714285,0.8533333333333334,3.1934977767492225,30.781505718000634,36.238181374289766,0.004389936071556022,1.0720334950994386,0.4430170964570051,2.5559516515345626,2022-03-31,,,0.46330303225055514,0.012057317394952638,0.17447826806759092
SGI,Somnigroup International,Consumer Discretionary,2022-06-30,2021-09-30,2021-09-30,83.2442322066667,37.133261363305905,83.2442322066667,-0.5539239130572213,9,9,21.3700008392334,50.5099983215332,-0.5769154316102396,80794015.48036848,0.1338612519472886,0.18317283791742645,0.16051427465046364,0.6174417784376347,0.5948725811413289,0.5214942330857555,0.8984654383252473,0.7042479519176343,0.6735566335173455,1.2658855737522514,0.7792230181096997,0.7756936742107117,2.289107662166256,1.5802860591679917,1.5824787344454576,-0.027608633594211063,-0.027608633594211063,3.13,624700000.0,5126500000.0,0.3150604109483621,0.2041081081081082,1.0,0.5808080808080809,0.6846027397260274,1.2807435653002859,1.2761703511053315,1.297979797979798,-0.05820391853492002,4265124448.6482763,0.024999999999999998,0.014583333333333332,0.8319758994729887,6.240363814488645,6.8274763064643444,0.039689299910764975,1.1292614729497474,0.1158966729087038,1.3253168202764978,2022-03-31,,,0.5709313771662592,0.651151352742741,1.431586354630507
SYF,Synchrony Financial,Financials,2022-06-30,2021-06-30,2021-08-31,70.9167232582967,36.952646880626254,70.9167232582967,-0.47892901444366887,12,10,27.6200008392334,52.4900016784668,-0.4738045350346394,236870027.9554458,0.02787594100231705,0.0771875269724549,0.05452896370549208,0.2058315452449746,0.1832623479486688,0.1098839998930954,0.26218898489950937,0.06797149849189643,0.037280180091607606,0.806062734678286,0.31940017903573437,0.31587083513674635,1.6040355869414449,0.8952139839431805,0.8974066592206464,-0.010565799985987168,-0.010565799985987168,7.379999999999999,4128000000.0,,,,1.0,1.0788732394366196,,1.5621468926553672,,1.5746478873239438,-0.06511720484436467,15449236241.782587,0.1595744680851064,0.08499556737588652,,2.6924445455832844,3.7425475391915177,,,,1.0391885661595206,2022-03-31,TTM net income jumped 1.56x in one quarter,,-0.023792264174849975,0.28488946809958127,0.9429063541152097
TGT,Target Corporation,Consumer Staples,2022-06-30,2021-07-31,2021-08-31,87.15119335633986,39.99380165728755,87.15119335633986,-0.5410986342577926,11,10,141.22999572753906,268.9800109863281,-0.4749424122273622,1128711231.8634517,0.05728270172750638,0.10659428769764423,0.08393572443068141,0.06857524996818465,0.04600605267187885,-0.027372295383694553,-0.04194031955004496,-0.2361578059576579,-0.2668491243579467,0.11145861145698932,-0.37520394418556235,-0.37873328808455037,-0.23308257496550233,-0.9419041779637667,-0.9397115026863008,-0.09147767078097546,-0.2459558695773656,14.1,6946000000.0,106005000000.0,0.1330041363388592,0.19778011061040557,1.0,0.6319444444444442,0.776436396154706,1.4150641025641026,1.2914818779629913,1.417824074074074,-0.02557867664250635,69573301441.382,0.4496732026143791,0.40044676098287413,0.6563209418554031,6.247609720519676,10.016311753726175,0.02570925417037584,1.0568414481897628,0.0,1.0,2022-01-29,,,-0.17910181533581404,-0.16374433781679382,-0.6950634139659253
TREX,Trex,Industrials,2022-06-30,2021-04-30,2021-12-31,83.75109919978313,39.91107445077849,83.75109919978313,-0.5234561118347466,14,6,54.41999816894531,140.97999572753906,-0.6139878009776751,82478902.49541752,-0.19257625679628798,-0.14326467082615013,-0.16592323409311294,-0.2221609104130724,-0.2447301077093782,-0.3181084557649516,0.20470414855701824,0.010486662149405301,-0.020204656250883524,0.3619993612730126,-0.1246631943695391,-0.1281925382685271,-0.000734970639027055,-0.7095565736372914,-0.7073638983598255,-0.2892318705139453,-0.2892318705139453,2.0,231403000.0,1290656000.0,0.3938571860555531,0.20855527029866705,1.0,0.2738853503184715,0.7566170436079114,1.1586557847295593,1.1571221879068063,1.1597633136094676,-0.0006747114548836253,6296475418.144226,0.35612082670906203,0.3225073813309107,4.878507842635238,17.87351603552048,27.209999084472656,0.07828551186680843,1.1026336699091757,0.0050542140049246185,1.329206527855937,2022-03-31,,,-0.07198764801186175,-0.2611642953695068,-1.0581939330508066
TTC,Toro,Industrials,2022-06-30,2021-04-30,2021-04-30,78.345067338372,38.763190761949204,78.345067338372,-0.505224871471089,14,14,75.79000091552734,118.12999725341795,-0.35841866860506977,43544410.63460093,0.14104772033641289,0.19035930630655074,0.16770074303958793,0.5031996373529084,0.4806304400566026,0.4072520920010292,0.35893505995364894,0.164717573546036,0.13402625514574718,0.2696435455468862,-0.2170190100956655,-0.2205483539946535,-0.021374180207277993,-0.7301957832055423,-0.7280031079280764,-0.010555504878013822,-0.010555504878013822,3.35,357063000.0,4119619000.0,0.11220154739901655,0.1327377932478342,1.0,-0.11842105263157887,0.7790998075504798,1.017732070156482,1.0112619306489294,1.0184210526315791,-0.023128179888947553,8078150775.19431,0.6271662899205935,0.5428041500028981,1.9608975429995614,16.707634797182045,22.62388087030667,0.02497258193572538,1.0630566197698084,0.09139956512137347,1.406720488238545,2022-04-29,,,0.16205501099855293,-0.12329723527488934,-0.6722353388940004
VICR,Vicor Corporation,Industrials,2022-06-30,2021-10-31,2021-11-30,81.08552432456774,39.219399994612935,81.08552432456774,-0.5163205723671935,8,7,54.72999954223633,164.75999450683594,-0.6678198508924715,18511797.455863345,0.08057737775073104,0.1298889637208689,0.10723040045390607,-0.017906076200129295,-0.040475273496435094,-0.1138536215520085,-0.013338197484781156,-0.2075556838923941,-0.23824700229268292,-0.39411656998422195,-0.8807791256267736,-0.8843084695257617,-0.17120407473516852,-0.8800256777334329,-0.877833002455967,-0.2927096764435506,-0.4354101977529877,1.03,46532000.0,358850000.0,0.11454137173844847,0.2352476280725715,1.0,0.30379746835443044,1.0190530419166923,1.4815326597000316,1.5216331505179768,1.4683544303797467,0.02742298508822616,2472520717.183826,0.47934712972663635,0.47480964783843377,6.890123219127284,39.08719285797442,53.135921885666335,-0.0014303046493249205,1.0856272928355633,,,2022-03-31,net income 1.02x operating income,,-0.5559987532645888,-1.3384505486017357,-0.8490629299321021
ZBRA,Zebra Technologies,Information Technology,2022-06-30,2021-08-31,2021-12-31,83.9225057231719,38.30891937532971,83.9225057231719,-0.5435203102526978,10,6,293.95001220703125,615.0,-0.522032500476372,168555751.16809663,-0.10865793881617758,-0.05934635284603973,-0.08200491611300255,-0.12770881777845333,-0.15027801507475913,-0.22365636313033255,0.006395558044441474,-0.18782192836317146,-0.2185132467634603,0.05096097923683529,-0.4357015764057164,-0.4392309203047044,0.04902184911080121,-0.6597997538874631,-0.6576070786099972,-0.23500600177281217,-0.3380167094504508,15.130000000000003,814000000.0,5712000000.0,0.20430107526881724,0.06083650190114076,1.0,0.269295302013423,0.8857453754080522,1.1850699844479005,1.16580310880829,1.1870805369127517,-0.0026427262326813583,15814627226.472134,0.4578572431218417,0.4134793447293448,2.7686672315252334,15.05352533794626,19.428288976009995,0.015105740181268867,1.0887623866751002,0.17710309930423782,1.293398533007335,2022-04-02,,"growth 20% vs 6% a year earlier, goodwill up 18% of revenue",-0.21712514844597525,-0.4450614774080457,-0.747953582372295
COO,Cooper Companies (The),Health Care,2022-08-31,2021-08-31,2021-08-31,71.85303403767958,38.51693108575129,71.85303403767958,-0.4639484386205168,12,12,71.86000061035156,115.89749908447266,-0.3799693593217579,95263102.2339836,0.1005774704750142,0.06470863655635428,0.021466013062414205,0.13762395036017838,0.12614846179989558,0.051713629544240844,0.2874030054119674,0.12918604729070982,0.12534029352865667,0.47157628775533644,0.0016187249550267957,0.00594829140302594,-0.061910140063827335,-0.7650150416657455,-0.7268526908559482,-0.15036189974111724,-0.15036189974111724,4.74,947900000.0,3139400000.0,0.18031430934656734,0.04630030289917775,1.0,-0.6000843703859946,1.9234983766233766,1.2380467091295118,1.06396255850234,1.2370807846445897,0.0064755614681035745,14370484088.30216,0.5833333333333334,0.38211382113821135,4.577461963528751,20.889853351488373,15.160337681508768,0.03637924204410403,1.0789388284926171,0.7107677268967592,1.5059818537055376,2022-04-30,net income 1.92x operating income,"growth 18% vs 5% a year earlier, goodwill up 71% of revenue",0.10331623881640273,0.0677897938627044,-0.7030724251250494
GRMN,Garmin,Consumer Discretionary,2022-08-31,2021-08-31,2021-08-31,83.73802163421138,37.41333547628419,83.73802163421138,-0.5532097039536592,12,12,88.48999786376953,178.80999755859375,-0.5051171686595852,97221381.96665446,0.05956366988847139,0.02369483596981148,-0.0195477875241286,0.12662185979535856,0.11514637123507576,0.04071153897942102,0.23503309464299282,0.07681613652173525,0.0729703827596821,1.1832921031751114,0.7133345403748017,0.7176641068228009,1.9259467803177297,1.2228418787158115,1.261004229525609,-0.12981091906922415,-0.12981091906922415,5.260000000000002,1014639000.0,4997059000.0,0.028237407481331633,0.29161827358282455,1.0,-0.14471544715447127,0.9066675840820098,0.9922038440214378,0.9826828707882687,0.9910873440285205,0.001966624670656447,17069468240.018484,0.5383141762452107,0.5210727969348659,3.4159028820789357,12.536926883176333,16.82319351022234,-0.016932677307092248,1.103806402846194,-0.0023871205371381304,0.9797537853667391,2022-06-25,,,0.01516567479246761,0.7341047638973839,1.2328257189821463
NEM,Newmont,Materials,2022-08-31,2021-05-31,2021-05-31,71.12343218016989,38.23035006066535,71.12343218016989,-0.4624788358944739,15,15,41.36000061035156,86.37000274658203,-0.5211300301598251,443509234.7576929,0.16306367912964714,0.12719484521098723,0.08395222171704715,0.08110889474376881,0.06963340618348601,-0.004801426072168727,-0.0036128106605836097,-0.1618297687818412,-0.16567552254389434,0.39631307722678244,-0.07364448557352721,-0.06931491912552806,0.9878390074344359,0.2847341058325177,0.32289645664231503,-0.08243647915239971,-0.2411547649849417,0.9999999999999998,792000000.0,12366000000.0,-0.009769378603459278,0.1752305665349143,1.0,-0.7198879551820728,,0.9048027444253859,,0.904109589041096,-0.01551532033426195,32757120483.39844,0.5963000223563604,0.6096545603587857,2.6489665601971892,12.249232053154865,41.36000061035157,-0.0005657479996766801,1.0593824228028503,0.0,1.0,2022-06-30,,,-0.14680305866641025,0.15862941857017887,0.7230646786435087
TRU,TransUnion,Industrials,2022-08-31,2021-08-31,2021-08-31,70.570301613138,39.592861553422324,70.570301613138,-0.4389585895428374,12,12,73.87000274658203,125.3499984741211,-0.41069003872518806,103654860.3192163,-0.14469269556342246,-0.18056152948208237,-0.22380415297602246,-0.11282888102760935,-0.12430436958789215,-0.19873920184354688,0.1062732461264031,-0.05194371199485448,-0.05578946575690763,0.3260605222691393,-0.14389704053117036,-0.13956747408317122,0.21693421512705813,-0.48617068647486006,-0.4480083356650627,-0.3188033495376761,-0.4267047939109163,6.61,1275400000.0,3402600000.0,0.1676332315294602,0.08053691275167796,1.0,1.7541666666666664,2.121776742638496,2.9425116673737803,1.0382761553728381,2.9346938775510205,0.006477247431246447,14253222617.699049,0.2509578544061303,0.1206896551724138,4.188921006788647,18.62734415784893,11.175492094793045,0.06912587192861186,1.0751300587798123,1.3295357057067363,1.7008809855460483,2022-06-30,net income 2.12x operating income,,0.0844205960806731,0.32389886327563727,0.24189660643203803
ADBE,Adobe Inc.,Information Technology,2022-09-30,2020-08-31,2021-11-30,83.71622797303434,35.194754178335955,83.71622797303434,-0.579594601542816,25,10,275.20001220703125,699.5399780273438,-0.6065985921446877,1226587366.6259766,0.22285604597331,0.14724685351271294,0.09717608458618718,0.4003269550267172,0.2444964657883839,0.2203334342499008,0.8528341979610443,0.6371741366498971,0.6344825976793007,0.8814680462563074,0.22775562264102311,0.23166704291559292,0.2817950012830246,-0.661637519469735,-0.6038014973549767,0.005087186898200979,0.005087186898200979,10.14,4813000000.0,17191000000.0,0.138552222001457,0.21410738260753992,1.0,-0.16059602649006632,0.789793239251723,1.0128444168220427,1.0518491660623641,1.0168818272095332,-0.018011581648663788,130625015656.05931,0.3457466228550566,0.32112541073384443,7.598453589439783,18.313258740066182,27.14004065158099,0.029832864074761822,1.0632576935032638,0.14040664944698325,1.1739986868023637,2022-09-02,,,0.65236439708751,0.39127243242931553,-0.6091704281796505
ALLY,Ally Financial,Financials,2022-09-30,2021-05-31,2021-06-30,79.05132771929692,37.019480648188875,79.05132771929692,-0.5317032399551691,16,15,27.82999992370605,56.61000061035156,-0.5083907503329521,133127593.09125628,-0.11203524053426761,-0.18764443299486466,-0.23771520192139042,-0.06539233337128425,-0.22122282260961756,-0.24538585414810068,-0.00032762226546423356,-0.21598768357661147,-0.2186792225472079,0.3810617795912352,-0.27265064402404904,-0.26873922374947923,0.5727175766943962,-0.37071494405836347,-0.3128789219436051,-0.20857187330147464,-0.20857187330147464,6.970000000000001,2501000000.0,8395000000.0,0.09210355145050086,0.22697525937749408,1.0,-0.08409986859395513,,1.0825463448758308,,1.0827858081471748,-0.044894348085509295,9986058796.153347,0.11484049930651873,0.0807797421537129,1.1895245736930729,3.619533142246563,3.992826387906176,-0.0010709186101856005,1.07852228537242,0.07206972811239755,2.457894736842105,2022-06-30,,,-0.19592717212193195,0.05385145111845069,0.2884252638360589
AVNT,Avient,Materials,2022-09-30,2021-05-31,2021-05-31,70.14027771127985,37.34159298959933,70.14027771127985,-0.4676155526028932,16,16,30.299999237060547,61.459999084472656,-0.5069964255057142,20511021.74911499,0.12220935582073511,0.04660016336013806,-0.0034706055663877022,0.37680770931617746,0.22097722007784415,0.19681418853936103,0.19685643434505673,-0.018803626966090503,-0.021495165936686933,0.7477926716382368,0.09408024802295256,0.09799166829752237,0.1762739686276884,-0.7671585521250712,-0.7093225300103129,-0.08745882335658173,-0.08745882335658173,2.7399999999999998,251600000.0,5017500000.0,0.16172725167862922,,1.0,0.12757201646090532,0.6124634858812074,1.2284694332887105,1.1382262996941896,1.234567901234568,-0.004309207633453549,2782291900.746144,0.19079315936901076,0.20956310581786672,0.5545175686589225,7.175695114527746,11.058393882138887,0.013574934852433218,1.169541552709253,0.22780736281546654,1.8629944741689326,2022-06-30,,,0.045217541619783475,0.42759251415496247,-0.297133832169365
BIO,Bio-Rad Laboratories,Health Care,2022-09-30,2021-08-31,2021-09-30,79.9966448563562,39.366095947765146,79.9966448563562,-0.507903162458228,13,12,417.1400146484375,832.7000122070312,-0.49905126872422156,74955739.01711115,0.00803081811453854,-0.06757837434605851,-0.11764914327258427,0.1483434151417633,-0.007487074096570012,-0.03165010563505313,-0.14069617006383273,-0.35635623137497996,-0.3590477703455764,-0.19791922418603947,-0.8516316478013237,-0.8477202275267539,-0.32782757634808035,-1.27126009710084,-1.2134240749860816,-0.17382655036519545,-0.37289642050198246,-66.02,-1942423000.0,2870934000.0,-0.0030797245506029025,0.25556782143209045,1.0,-1.4924660599731463,-3.6828351275818787,1.6459618623768804,1.092468745470003,1.6447859167536925,-0.02500982426397569,12272983318.289335,0.6348474383455898,0.7730061349693251,4.274909600251812,,,-0.008575278527339525,1.0694647970638453,0.04100315195171336,1.2517777602459759,2022-06-30,TTM net income jumped 1.65x in one quarter,,-0.26041761747117476,-0.4662645951901647,-0.7604963041011362
BLK,BlackRock,Financials,2022-09-30,2021-08-31,2021-08-31,80.29593106482946,39.633888571503576,80.29593106482946,-0.5064022790955136,13,13,550.280029296875,973.1599731445312,-0.43454309210974007,456337583.4196545,0.29664041595036084,0.22103122348976378,0.17096045456323802,0.23321452663290887,0.07738403739457556,0.053221005856092435,0.2089766662468895,-0.006683395064257747,-0.009374934034854177,0.8211574769635077,0.16744505334822346,0.17135647362279327,1.282165181338855,0.3387326605860954,0.39656868270085377,-0.08570172371176343,-0.08570172371176343,,,,,,,,,,,,,,,,,,,,,,,,,,0.0367163347994337,0.4545802655971013,0.7235369103816014
CG,Carlyle Group (The),Financials,2022-09-30,2021-07-31,2021-11-30,79.57014409844,38.78834976657641,79.57014409844,-0.5125263350209659,14,10,25.84000015258789,60.619998931884766,-0.5737380302229496,83643241.3902101,0.16776964676439765,0.0921604543038006,0.04208968537727484,0.2268930101707176,0.0710625209323843,0.04689948939390118,0.22032249061263887,0.004662429301491633,0.001970890330895203,0.8053473555746125,0.1516349319593282,0.155546352233898,1.6996892069703953,0.7562566862176356,0.814092708332394,-0.04837469975258113,-0.04837469975258113,5.47,1997400000.0,6269400000.0,-0.18503015806988354,3.7657043736835583,1.0,-0.24862637362637363,,1.0909683355056352,,1.0824175824175826,0.01906434923942335,9435615412.208237,0.6711393815581763,0.4512576719966386,1.5050268625718948,3.6275819465295664,4.723948839595593,-0.20907817881337754,2.084611190622231,0.09742876455906822,22.4756446991404,2022-06-30,,,0.004935720939931554,0.34976357372841166,1.0081129844676107
CHD,Church & Dwight,Consumer Staples,2022-09-30,2020-07-31,2022-01-31,74.73313454376922,36.844405579321794,74.73313454376922,-0.5069870171477553,26,8,71.44000244140625,105.27999877929688,-0.32142854037100543,129108075.61885288,0.13235865018588355,0.0567494577252865,0.00667868879876074,0.24600719992637066,0.09017671068803734,0.06601367914955422,0.298750197441384,0.08309013613023675,0.08039859715964032,0.5012991054518037,-0.15241331816348058,-0.14850189788891077,0.2711345236951521,-0.6722979970576075,-0.6144619749428492,-0.017917211376197173,-0.017917211376197173,3.1500000000000004,780000000.0,5302400000.0,0.050750054495372954,0.09866974374605397,1.0,-0.01869158878504662,0.7646309185373983,1.017630990812019,1.0258984704888805,1.0218068535825549,-0.013090212494235476,17689905366.44345,0.5496549079754601,0.4392254601226994,3.336207258306324,18.25152175624513,22.67936585441468,0.01028884993521828,1.0330060307853084,0.1888512375403761,1.2005344780422111,2022-06-30,,,0.1507384425374112,0.17288389882026695,-0.2620807708170617
COF,Capital One,Financials,2022-09-30,2021-05-31,2021-08-31,77.42618019456722,38.26156197552874,77.42618019456722,-0.5058317241095998,16,13,92.16999816894533,177.9499969482422,-0.48204551981108756,264683202.83039635,0.014570056834410927,-0.061039135626186125,-0.11110990455271189,0.05468991035032955,-0.10114057888800376,-0.12530361042648688,0.07753317130085424,-0.138126890010293,-0.14081842898088942,0.6941186930649881,0.040406269449703824,0.044317689724273635,1.434554178941037,0.49112165818827735,0.5489576803030357,-0.07944948898289617,-0.07944948898289617,22.9,9963000000.0,32353000000.0,0.10778976202705026,0.035968926253059585,1.0,-0.08910103420843274,,1.0589875771148483,,1.0668257756563246,-0.07567423942442075,40099986539.61582,0.18956221198156684,0.1305414746543779,1.239451875857442,4.345178052264362,4.024890749735604,0.02724241943165584,1.0348283226548383,0.004348570450265365,1.0086195194787566,2022-06-30,,,-0.13236722513230795,0.3107062622565627,0.9224352647805727
COHR,Coherent Corp.,Information Technology,2022-09-30,2021-02-28,2021-02-28,75.02776816011607,35.359051268106,75.02776816011607,-0.5287204706309993,19,19,34.849998474121094,100.44000244140624,-0.653026706222438,91143550.41991945,0.007173601461866408,-0.06843559099873064,-0.1185063599252564,0.09268302721253008,-0.06314746202580324,-0.08731049356428636,-0.06341461065238663,-0.27907467196353386,-0.2817662109341303,1.551219728980251,0.8975073053649667,0.9014187256395365,2.0909614329163837,1.147528912163624,1.2053649342783825,-0.2456240439996068,-0.2456240439996068,1.45,234759000.0,3316616000.0,0.06784687550207003,0.3049572890892751,1.0,-0.38818565400843885,0.5666483222059697,1.094766629026187,1.0577532446091824,1.0506329113924051,0.28955455829916965,5642310890.887031,0.08397973555317316,0.25204090786758765,1.7012252521506954,7.645945416364674,24.03448170629041,0.02438674845413047,1.162883796323723,-0.009361564845643327,0.9850910580703186,2022-06-30,,shares +29% y/y,-0.3977916669573415,0.9756934076637918,1.3192928709184115
DELL,Dell Technologies,Information Technology,2022-09-30,2022-01-31,2022-01-31,78.70308055521423,37.099199365930374,78.70308055521423,-0.5286182052314535,8,8,34.16999816894531,61.540000915527344,-0.44475141922976835,133511410.0902739,0.18843338879551674,0.11282419633491969,0.06275342740839393,0.19776917652069548,0.041938687282362164,0.017775655743879043,1.0845505737547634,0.8688905124436161,0.8661989734730198,2.649457283391251,1.9957448597759666,1.9996562800505364,3.4439822158517774,2.500549695099018,2.5583857172137763,-0.03716699912735488,-0.03716699912735488,,5428000000.0,106957000000.0,0.06740317156172959,0.09504294800340962,1.0,,,1.797193539846439,,,-0.5232756322076924,25080778656.00586,0.18243243243243243,0.18243243243243243,0.23449403644460726,4.172972512876255,,0.02133246755727014,1.0490204884085308,-0.003373152500424139,0.9873951146746224,2022-07-29,TTM net income jumped 1.80x in one quarter,,0.44356911040867497,1.2583433471855678,0.5061628509070841
DLB,Dolby,Information Technology,2022-09-30,2020-12-31,2021-04-30,74.08345597547688,39.19853813828554,74.08345597547688,-0.4708867503257266,21,17,65.1500015258789,104.73999786376952,-0.3779835511299465,32278550.855836414,0.08682419090524074,0.011214998444643687,-0.038855770481882074,0.32034184136787713,0.16451135212954382,0.1403483205910607,0.23340064162978624,0.01774058031863901,0.01504904134804258,0.2089481783806555,-0.44476424523462876,-0.44085282496005895,0.162700092315329,-0.7807324284374306,-0.7228964063226723,-0.05525732444840725,-0.05525732444840725,1.9500000000000002,200522000.0,1260614000.0,-0.0053715337117392625,0.06557269544688715,1.0,-0.3035714285714285,0.9120357315043073,1.0592832875215543,1.0308207594891243,1.060714285714286,-0.016854094408599196,6699491592.806302,0.727740229209521,0.7115829790294242,5.314467071447963,18.0779909632106,33.41025719275841,0.0022149292272075627,1.084349866413265,0.01889583737697468,1.0516605404845725,2022-07-01,,,0.18709358094893758,0.08151562519886563,-0.06759937129470434
DLR,Digital Realty,Real Estate,2022-09-30,2020-07-31,2020-07-31,71.33354415369655,34.42895701160195,71.33354415369655,-0.5173524963596272,26,26,99.18000030517578,178.22000122070312,-0.44349680380512513,193468019.4170755,0.022216043766926097,-0.053393148693670955,-0.10346391762019672,0.013911818583346669,-0.14191867065498665,-0.16608170219346977,0.27493660728897407,0.05927654597782683,0.0565850070072304,0.7625767443333691,0.10886432071808483,0.11277574099265464,0.9381913588828101,-0.0052411618699494955,0.05259486024480886,-0.13530960638130318,-0.13530960638130318,4.58,1338793000.0,4510947000.0,0.05621613091146127,0.2523545851769118,1.0,1.647398843930636,2.133640068274289,2.4448021855422377,1.0585255406677962,2.5169491525423733,-0.1045207931864407,28991591735.49502,0.24724061810154527,0.09492273730684327,6.426941335266192,13.535982777818651,21.655021900693402,0.010332795572849385,1.0758299037360999,-0.057696864516153204,0.9683739582587331,2022-06-30,net income 2.13x operating income,,0.1341512860338705,0.46421271472552944,0.4942548355469168
DPZ,Domino's,Consumer Discretionary,2022-09-30,2021-07-31,2021-12-31,74.41183628074248,39.71943439370089,74.41183628074248,-0.4662215531969054,14,9,310.20001220703125,567.5700073242188,-0.4534594707189442,243110927.27758014,0.12010362353191795,0.044494431071320895,-0.005576337855204866,0.07093528078928668,-0.08489520844904663,-0.10905823998752975,0.2384847658270457,0.022824704515898464,0.020133165545302034,0.42469252488639975,-0.2290198987288845,-0.2251084784543147,0.4515648465806059,-0.4918676741721537,-0.43403165205739536,-0.07200956952286341,-0.07200956952286341,12.8,469544000.0,4417534000.0,0.01775804201217568,0.1530613085233361,1.0,0.032258064516129226,0.6297337930830996,1.0438251690337572,1.0230953277229429,1.0604838709677422,-0.06290661837719358,11379105822.792053,0.4244444444444444,0.3422222222222222,2.5758954708197046,19.84187896173963,24.234375953674316,0.007459820508189052,1.0527242817797933,0.0002578070138252755,1.0744312890780896,2022-06-19,,,-0.062489625907180935,-0.2674836772156266,-0.7676658948148904
EQIX,Equinix,Real Estate,2022-09-30,2020-08-31,2021-08-31,84.81762864619644,37.915493605919,84.81762864619644,-0.552976259639637,25,13,568.8400268554688,885.260009765625,-0.3574316917285457,275005909.54270136,0.15713308881210497,0.08152389635150792,0.03145312742498216,0.2799289135864962,0.12409842434816287,0.09993539280967975,0.30122290911277383,0.0855628478016266,0.08287130883103017,0.6240730822958893,-0.02963934131939494,-0.02572792104482513,0.4640219127563545,-0.4794106079964051,-0.42157458588164676,-0.1300015166807421,-0.1300015166807421,7.02,639265000.0,6933155000.0,0.09392595140477122,0.10635341081114302,1.0,0.8571428571428572,0.5722975967198292,1.3012180377054319,1.0363689164013152,1.2975970425138632,0.005367149513161751,51800501391.418976,0.705521472392638,0.5121892153697126,7.471418335724353,22.186640907541598,81.03134285690439,0.02350706828542415,1.0305359274947736,0.07521854757083024,1.067229217044216,2022-06-30,,,0.08859661299433164,0.16889037869820805,-0.2862525571087049
EVR,Evercore,Financials,2022-09-30,2021-05-31,2021-10-31,76.02104421107722,39.17410585694689,76.02104421107722,-0.4846939256953968,16,11,82.25,164.6300048828125,-0.5003948395764948,40559385.4490371,0.3347830015067985,0.25917380904620146,0.2091030401196757,0.4199820870372868,0.2641515977989535,0.23998856626047035,0.7187189866618586,0.5030589253507114,0.500367386380115,2.2112990400999215,1.5575866164846373,1.561498036759207,3.327964161408242,2.3845316406554824,2.442367662770241,-0.010698982423036796,-0.010698982423036796,16.749999999999996,709048000.0,3310313000.0,0.22653291929101993,0.33632344057910735,1.0,0.3293650793650791,,1.213502696741635,,1.215873015873016,-0.02615415631329221,3481743164.1791053,0.026758546626096294,0.017839031084064195,1.0517866933365834,1.706322308159452,4.910447761194031,-0.016926275551189418,1.1557771833834214,-0.0005969056500028344,0.9871319711807275,2022-06-30,,,0.4312769940957892,1.635596102206371,2.510286513651579
FDX,FedEx,Industrials,2022-09-30,2020-11-30,2021-05-31,73.21599041113573,36.417829161107086,73.21599041113573,-0.5025973294002161,22,16,119.63739013671876,257.7760009765625,-0.5358862357881158,539114169.7610183,0.17442213178417565,0.0988129393235786,0.048742170397052836,0.5579495047516927,0.4021190155133594,0.3779559839748763,0.8254972194896648,0.6098371581785176,0.6071456192079212,0.9241680259395124,0.27045560232422816,0.27436702259879797,0.6968304912047854,-0.24660202954797428,-0.18876600743321592,-0.003300259960291818,-0.003300259960291818,10.934730056406123,3589000000.0,94751000000.0,0.09360464445239547,0.21193173870471393,1.0,-0.27895855472901165,0.5944021199072541,1.0447518307567127,1.0553734690357082,1.0501101321585902,-0.023632311484874435,39267415929.40667,0.029535864978902954,0.028371890004364908,0.4144274564849624,5.215626272677335,10.94104651139779,0.013249636410300303,1.0661189557090613,-0.0036587758682379012,0.952208653701191,2022-08-31,,,0.6596975275733341,0.6443914306248096,0.30367263915949144
ISRG,Intuitive Surgical,Health Care,2022-09-30,2021-08-31,2021-10-31,77.0022673735738,39.83710869250542,77.0022673735738,-0.4826501861401421,13,11,187.44000244140625,369.6900024414063,-0.49298060211646,410073449.5659238,0.415653023086489,0.34004383062589194,0.2899730616993662,0.3629427971255126,0.20711230788717927,0.18294927634869615,0.5593790265570004,0.3437189652458532,0.3410274262752568,1.620945276434484,0.9672328528191998,0.9711442730937696,1.385990211060375,0.4425576903076154,0.5003937124223737,-0.03931922226415552,-0.03931922226415552,3.91,1434500000.0,5963800000.0,0.15512599508028435,0.18483075157773943,1.0,-0.1246268656716416,0.8444693000529817,1.041045236040922,1.1066782307025151,1.038805970149254,0.009940683329639599,68767949744.80748,0.5657142857142857,0.5571428571428572,11.530894688756746,,47.93861955023178,0.009837953163892577,1.1344539661612831,0.0015495167444653198,1.019641541861036,2022-06-30,,,0.2938203485314502,1.0800141133373318,0.5283730983552082
JPM,JPMorgan Chase,Financials,2022-09-30,2021-05-31,2021-10-31,73.13071634279919,37.79083521708216,73.13071634279919,-0.48324264950533014,16,11,104.5,172.9600067138672,-0.3958140845075393,1334293534.163581,0.2947348345085121,0.21912564204791507,0.1690548731213893,0.2674358116133022,0.1116053223749689,0.08744229083648578,0.43134224231275375,0.21568218100160652,0.2129906420310101,1.1335273852136556,0.47981496159837134,0.48372638187294115,2.2632589180891767,1.319826397336417,1.3776624194511755,-0.02214206328700352,-0.02214206328700352,12.47,39017000000.0,120336000000.0,-0.0048872460244610005,0.016398265196342132,1.0,-0.1681120747164776,,1.0469191042716457,,1.0547031354236156,-0.019345754459960673,326966840417.0008,0.2542857142857143,0.20000000000000004,2.7171157460527255,-4.497040104920462,8.380112269446672,0.0019650291423813915,1.0332934592573384,0.023865637946860502,1.0603626780448014,2022-06-30,,,0.23596448130882283,0.725983980832529,1.6288322442197205
MCO,Moody's Corporation,Financials,2022-09-30,2021-08-31,2021-10-31,75.98978009243939,39.89569594017531,75.98978009243939,-0.4749860324422135,13,11,243.1100006103516,407.9400024414063,-0.40405451989163466,205088099.09781805,0.1488203854947665,0.07321119303416945,0.023140424107643692,0.2651060570094783,0.109275567771145,0.08511253623266188,0.31337729901676314,0.09771723770561591,0.09502569873501948,0.9878485077071999,0.33413608409191564,0.33804750436648545,1.0105759236089482,0.06714340285618858,0.12497942497094694,-0.05326793147749076,-0.05326793147749076,9.25,1726000000.0,5968000000.0,0.029142955682014193,0.11562139284340134,1.0,-0.16666666666666674,0.7332200509770603,1.0537839124226558,1.0252343186733959,1.0546105640107433,-0.010888252148996913,45363012005.7802,0.7047619047619048,0.6838095238095238,7.601040885687031,19.357605434092868,26.282162228146117,-0.028013029315960947,1.0577173710668404,0.3935161234695637,1.3894862604540024,2022-06-30,,,0.07917497960970571,0.4478175957271302,0.10342122832839451
MKC,McCormick & Company,Consumer Staples,2022-09-30,2020-08-31,2020-08-31,73.94620915200598,38.37551005473217,73.94620915200598,-0.4810347887361426,25,25,71.2699966430664,107.3499984741211,-0.33609690120072533,95606610.76260522,0.1745165941998974,0.09890740173930035,0.04883663281277459,0.17905067883244663,0.023220189594113316,-0.0009428419443698044,0.08163086868440872,-0.1340291926267385,-0.13672073159733494,0.20498803587385317,-0.4487243877414311,-0.4448129674668613,0.0024400233205768007,-0.9409924974321828,-0.8831564753174245,-0.0011225838178159364,-0.14938407954610133,2.5299999999999994,683200000.0,6338900000.0,0.05185517058276923,0.1116638327122752,1.0,-0.10283687943262432,0.7545002760905577,1.0083743187558154,1.0012823042020123,1.010752688172043,0.003837941537823797,19245716089.542683,0.6971544715447154,0.6727642276422764,3.0361286799827547,21.501699380332102,28.169959147457085,-0.0031295212933257766,1.048113830717869,0.21194369864128224,1.1756006147706743,2022-05-31,,,-0.03441122912290712,-0.05722193096895739,-0.4227733713065841
MSA,MSA Safety,Industrials,2022-09-30,2020-01-31,2021-02-28,76.73481972419494,38.317358034055,76.73481972419494,-0.5006522700935816,32,19,109.27999877929688,172.83999633789062,-0.3677389429836495,10504365.932791574,0.3238451058139715,0.24823591335337447,0.1981651444268487,0.22983801103565438,0.07400752179732106,0.04984449025883794,0.460922564409022,0.24526250309787478,0.24257096412727835,0.6617867995745272,0.008074375959242985,0.011985796233812795,0.6327719240716154,-0.3106605966811442,-0.25282457456638585,0.008327201226955294,0.008327201226955294,1.0899999999999999,42939000.0,1453470000.0,0.08277455252216814,-0.02858050542352253,1.0,-0.5932835820895523,0.898926036803651,2.1015563821456538,2.2357594196115143,2.0961538461538463,0.03607286617950822,4304930153.746999,0.8480572597137014,0.8588957055214723,2.9618293833013403,48.33584539434176,100.25687961403385,0.02181031828273272,1.0266739771908666,0.23547536162138685,1.5325197362435938,2022-06-30,,,0.3090205602338558,0.3330046896794714,0.08496137909828361
NOW,ServiceNow,Information Technology,2022-09-30,2020-12-31,2021-10-31,85.55758615488496,36.49073184034863,85.55758615488496,-0.573495075301804,21,11,75.52200317382812,141.52000427246094,-0.46635103947262724,742968658.317021,0.028230132480437042,-0.04737905998016001,-0.09744982890668577,0.23068769812967616,0.07485720889134284,0.05069417735285972,0.48025734380461493,0.2645972824934677,0.26190574352287127,1.3685548378493597,0.7148424142340755,0.7187538345086453,1.437117555425798,0.49368503467303837,0.5515210567877967,-0.10754483867774134,-0.10754483867774134,0.17999999999999997,184428000.0,6601000000.0,0.2764227830928221,0.30765105293860184,1.0,0.0588235294117645,0.846,1.293716721165192,1.0714449498255254,1.2823529411764705,0.022548887232081816,77379844451.90431,0.22154577105814918,0.2570414870924209,11.722442728662978,147.09168890380863,419.5666842990452,0.05480984340044737,1.070732312894226,0.1324043543400695,2.8246103503316253,2022-06-30,,,0.20540365729349291,0.6919275166543907,0.35655955035790976
OSK,Oshkosh,Industrials,2022-09-30,2021-05-31,2021-05-31,73.24452042619438,35.74608100160766,73.24452042619438,-0.5119623858056715,16,16,70.29000091552734,137.47000122070312,-0.48868843899492453,42456875.91012622,0.2600297791717141,0.18442058671111705,0.1343498177845913,0.19373409866277358,0.037903609424440265,0.013740577885957145,0.3827574434270715,0.1670973821159243,0.16440584314532786,0.47705400784897045,-0.1766584157663138,-0.172746995491744,0.9456401667531322,0.0022076460003725984,0.060043668115130955,0.008820508496655943,0.008820508496655943,,409400000.0,7952500000.0,0.18021133240331255,0.02616843003178193,1.0,,0.8770351328191945,1.3827655310621243,1.1765071472964574,,-0.026571171192408705,4696223835.388321,0.5172153582482797,0.5114918271813368,0.5905342766913952,7.912331644587397,,0.027813319891951904,1.0919405607202988,0.011369578333445063,1.059558926815564,2021-12-31,,,0.1316752040332259,0.09132198698517258,0.44707385990223364
SSD,Simpson Manufacturing,Industrials,2022-09-30,2021-12-31,2021-12-31,76.97831737106068,39.27337832156885,76.97831737106068,-0.4898124606665756,9,9,78.4000015258789,141.25999450683594,-0.44499501221426896,20393203.500983827,0.1343981411695776,0.05878894870898055,0.008718179782454788,0.4068366857048755,0.2510061964665422,0.2268431649280591,0.9308707320358307,0.7152106707246835,0.7125191317540871,1.4808756914175416,0.8271632678022574,0.8310746880768272,1.1866053368162333,0.24317281606347363,0.301008838178232,-0.03718186182493877,-0.03718186182493877,7.640000000000001,331720000.0,1902097000.0,0.34317216795433736,0.19788510437443851,1.0,0.515873015873016,0.7287426267863224,1.1774685356713568,1.1857061340021728,1.1769230769230772,-0.003352075838364277,3404037762.5869827,0.018404907975460124,0.018404907975460124,1.7896236430565753,7.202839905546591,10.261780304434412,0.10642034267033895,1.106420342670339,0.4911734362057533,5.502777166383987,2022-06-30,,,0.7583488537961028,1.1311969956033956,0.6120543203934772
STX,Seagate Technology,Information Technology,2022-09-30,2021-05-31,2022-01-31,79.71211086090402,37.96262872384509,79.71211086090402,-0.5237533128423975,16,8,53.22999954223633,117.66999816894533,-0.5476332083747373,151400700.4843152,0.0021096521688663827,-0.07349954029173067,-0.12357030921825643,0.273814659914249,0.11798417067591571,0.09382113913743259,0.2983140958310133,0.08265403451986608,0.07996249554926965,1.2215327694414198,0.5678203458261355,0.5717317661007053,3.9041677109699995,2.96073519021724,3.0185712123319983,-0.10820956308652407,-0.10820956308652407,7.36,1649000000.0,11661000000.0,0.09175170864151294,0.016366923589304472,1.0,0.3731343283582089,0.8434782608695652,1.230593607305936,1.2245308310991958,1.2649253731343284,-0.08607140493680099,11926123538.742893,0.36744768641320363,0.3260683760683761,1.0227359179095183,7.047848519843264,7.232336894325588,-0.03196081686867014,1.0749929781855632,-0.0004681209624566988,0.9960031974420464,2022-07-01,,,-0.222085548101713,0.30849066679769954,2.4020283924586976
SUI,Sun Communities,Real Estate,2022-09-30,2019-11-30,2021-08-31,91.17250774172749,38.82369819106083,91.17250774172749,-0.5741731893451896,34,13,135.3300018310547,211.7899932861328,-0.36101796061619895,102007861.58590165,0.06329360976080367,-0.012315582699793381,-0.06238635162631914,0.05468634186604482,-0.1011441473722885,-0.12530717891077162,-0.10059377507451928,-0.3162538363856665,-0.31894537535626294,0.05766887790864428,-0.59604354570664,-0.5921321254320702,0.07623758480400133,-0.8671949359487583,-0.8093589138339999,-0.13079139083738667,-0.21915678196206778,2.7699999999999996,347400000.0,2589505000.0,0.41452221797966526,0.43262953601026743,1.0,0.3127962085308056,,1.670787468247248,,1.5734597156398107,0.17931277142378632,16972434164.660074,0.5498926078396277,0.40154130845222485,6.554316042896258,15.94996239011907,48.85559632890062,0.08843661797188429,1.1964609231010548,0.35875535395216035,2.4965705196859007,2022-06-30,TTM net income jumped 1.67x in one quarter,shares +18% y/y,-0.2464364739679701,-0.2566817883220708,-0.45017354261056997
CCI,Crown Castle,Real Estate,2022-10-31,2020-05-31,2021-07-31,76.1347194157066,38.32456316279877,76.1347194157066,-0.49662173241171215,29,15,133.25999450683594,209.8699951171875,-0.36503550956664366,292660753.89490277,0.12356575519715762,0.0662481072688812,0.019920256880787468,-0.05490975931229758,-0.14093724791447393,-0.12033129213502779,-0.2644847358376462,-0.36436163825949175,-0.31672112610117814,-0.09997002451237369,-0.6157317327016208,-0.5858899645307429,-0.2022956002992159,-1.0424917907574933,-0.9026719472852269,-0.3298252581027651,-0.3298252581027651,3.57,1545000000.0,6748000000.0,0.11592525219116911,0.048188594210434976,1.0,0.4512195121951219,0.6839309428950863,1.3312043795620438,1.0849575212393803,1.33201581027668,0.001525727882874861,57671342160.52144,0.25609756097560976,0.24394898529137965,8.546434819282963,19.998053421586537,37.32772955373556,0.022889192056995578,1.0405362776025238,-0.017198610881428808,0.9925783201313066,2022-06-30,,,-0.3920456664748494,-0.36361953877604797,-0.6408059064972411
CCK,Crown Holdings,Materials,2022-10-31,2020-12-31,2022-03-31,75.82326359378571,36.78868161121342,75.82326359378571,-0.5148101009169892,22,7,68.58999633789062,130.4199981689453,-0.47408375018500204,138706700.1324366,0.28900284156622336,0.23168519363794693,0.1853573432498532,0.2577374560611825,0.17170996745900613,0.19231592323845226,0.18838983934692344,0.08851293692507789,0.1361534490833915,0.39617376145409877,-0.11958794673514839,-0.08974617856427047,0.46613898329378145,-0.37405720716449586,-0.23423736369222958,-0.026680133565848085,-0.026680133565848085,-2.6699999999999995,-388000000.0,12646000000.0,,,1.0,-1.5105162523900573,-0.2655715263518138,0.8409090909090909,1.058695652173913,0.848948374760994,0.07956673476336418,9967385235.618565,0.34660449545671923,0.6078431372549019,0.7881848201501316,,,,,,0.9701093018068258,2022-06-30,,,0.07439531385022607,0.1677149805910282,0.13570972288323757
EL,Estée Lauder Companies (The),Consumer Staples,2022-10-31,2021-08-31,2021-12-31,76.17005790164603,37.9837282669043,76.17005790164603,-0.5013299278838611,14,10,200.4900054931641,374.2000122070313,-0.4642169990570705,350885470.6906031,0.386224625967704,0.3289069780394276,0.28257912765133386,0.23769966827388722,0.15167217967171087,0.172278135451157,-0.3486074308116146,-0.44848433323346015,-0.40084382107514654,-0.6436136916784869,-1.159375399867734,-1.129533631696856,-0.4908345228233353,-1.3310307132816126,-1.1912108698093462,-0.37504322180989746,-0.6724595893079083,6.55,2390000000.0,17737000000.0,0.09386370644464992,0.1343920526094864,1.0,-0.15917843388960207,0.7539432176656151,1.0707469562356038,1.1246488764044944,1.072727272727273,-0.00959651035986897,73155895134.14691,0.6181434599156118,0.5907172995780591,4.124479626438908,19.145726234063872,30.60916114399452,-0.020704505300353393,1.1023862941056497,0.1409805735430157,1.624078624078624,2022-06-30,,,-0.5301800356452819,-1.0184080229664554,-1.0954334046518364
EW,Edwards Lifesciences,Health Care,2022-10-31,2019-11-30,2021-08-31,75.119436198324,39.439014490359014,75.119436198324,-0.4749825546315942,35,14,72.43000030517578,131.72999572753906,-0.4501631924821069,269754756.3538324,0.05895342572242512,0.0016357777941486962,-0.04469207259394503,0.2146900867905508,0.12866259818837444,0.14926855396782057,-0.12025402523504125,-0.2201309276568868,-0.1724904154985732,-0.07483084559034581,-0.590592553779593,-0.560750785608715,0.13834041972729882,-0.7018557707309785,-0.5620359272587122,-0.16374431258291822,-0.1863868554897038,2.32,1458800000.0,5363800000.0,0.05286092845225232,0.1396177518626498,1.0,0.004329004329004071,0.8708733806936899,1.0235513272570023,1.0327160859019109,1.021459227467811,-0.006761440805854946,45543484674.651054,0.3414536695219845,0.4108089683381306,8.490899115300916,24.49979841894336,31.219827717748185,0.0016433239962652113,1.1008001430423315,-0.012101031430195728,0.9598599137931034,2022-09-30,,,-0.3395414496472401,-0.5278627086457379,-0.5799324022970225
GNRC,Generac,Industrials,2022-10-31,2021-02-28,2021-11-30,96.34626963374254,36.821881688133494,96.34626963374254,-0.6178172561520983,20,11,115.91000366210938,524.3099975585938,-0.7789284884861346,301518167.6173498,0.04046238170851568,-0.016855266219760745,-0.06318311660785447,-0.11810889490879617,-0.20413638351097252,-0.1835304277315264,-0.27469591028659035,-0.3745728127084359,-0.3269323005501223,0.42826328894229526,-0.0874984192469519,-0.057656651076073984,0.4495729355876654,-0.3906232548706119,-0.2508034113983456,-0.3110171849950726,-0.3110171849950726,7.74,544682000.0,4437016000.0,0.39097864101531976,0.44022430615442265,1.0,-0.046798029556650356,0.7558319768982805,1.0568982010598438,1.049351507906114,1.0265251989389919,0.10740987120165069,8156859510.941221,0.11691542288557212,0.13133550995024876,1.8383660349525945,10.551611899932439,14.975452669523175,0.09135415482956288,1.1333973120875585,0.185551555369967,1.7434125166892958,2022-06-30,,,-0.6058283570484773,-0.42978638230552546,-0.9931246574606452
LAD,Lithia Motors,Consumer Discretionary,2022-10-31,2021-03-31,2021-03-31,82.94506506269462,38.12211648002291,82.94506506269462,-0.5403931933598698,19,19,198.1499938964844,417.9800109863281,-0.5259342822904376,95929197.78282529,0.3309358413209851,0.27361819339270865,0.22729034300461493,0.11876930047835899,0.032741811876182636,0.05334776765562878,0.23161605266729657,0.13173915024545102,0.17937966240376463,0.7028307196386803,0.1870690114494331,0.21691077962031102,0.6201514346598018,-0.2200447557984755,-0.08022491232620921,-0.06450192272576716,-0.06450192272576716,44.730000000000004,1294500000.0,27550800000.0,0.3463057075840501,0.6435099667507269,1.0,0.3056042031523645,0.6259368502490208,1.1754551457409679,1.1920383076043453,1.157088122605364,0.0364781202372082,5734521956.159156,0.06798245614035088,0.054824561403508776,0.20814357318695487,4.895562424150564,4.4299126737421055,0.04261543177405991,1.221700139802912,0.04255766223612197,2.4706180344478215,2022-09-30,,,-0.07630712465110023,0.04124228678799369,-0.37944376751422637
UDR,"UDR, Inc.",Real Estate,2022-10-31,2021-12-31,2021-12-31,74.87125586757594,38.55720861274511,74.87125586757594,-0.48501987624007714,10,10,39.7599983215332,61.060001373291016,-0.34883725143633715,97370475.1599993,0.08210465360962105,0.02478700568134462,-0.021540844706749107,0.06107875341096913,-0.024948735191207216,-0.004342779411761075,-0.16553007246974616,-0.2654069748915917,-0.2177664627332781,0.15475657438676005,-0.3610051338024871,-0.3311633656316092,-0.03695430425721058,-0.8771504947154879,-0.7373306512432216,-0.1833683501435487,-0.1880903755973724,0.5,159855000.0,1465938000.0,0.17751415125029824,0.0010807342238132733,1.0,1.7777777777777772,0.559939891973687,2.5389002657098856,1.1536222899553994,2.6666666666666656,-0.026049723289386595,12711669063.37738,0.17941970310391364,0.3867776502104861,8.671355175578626,61.17876372406706,79.5199966430664,0.043809824901684724,1.0438098249016847,,,2022-09-30,TTM net income jumped 2.54x in one quarter,growth 18% vs 0% a year earlier (no goodwill data),-0.30521478959900705,-0.10356908274896809,-0.39135591883635146
WST,West Pharmaceutical Services,Health Care,2022-10-31,2021-08-31,2021-09-30,90.14648837663805,38.60952803418651,90.14648837663805,-0.5717023621278143,14,13,230.1000061035156,475.3500061035156,-0.515935619755925,138553934.24394396,0.15608391794084042,0.098766270012564,0.05243841962447027,0.5731822382851683,0.487154749682992,0.5077607054624381,0.38683793740453387,0.2869610349826883,0.33460154714100193,0.3448430251813235,-0.17091868300792368,-0.14107691483704576,0.23571740811052266,-0.6044787823477547,-0.46465893887548837,-0.10043463685348841,-0.10043463685348841,8.25,630600000.0,2909000000.0,0.08504289444237223,0.31595739459088,1.0,0.022304832713754497,0.7999492578967399,1.0804897959183672,1.0992109877264757,1.074349442379182,0.007088089053803648,17588007739.257812,0.5487804878048781,0.5264227642276423,6.046066599951121,18.810235551309027,27.890909830729164,-0.006692617632998665,1.0844331714027773,-0.0016784781797836627,0.9644549763033176,2022-09-30,,,0.15009507816390202,-0.19587842650967002,-0.7065693678167836
AIZ,Assurant,Financials,2022-11-30,2021-08-31,2021-08-31,72.25807459415378,39.56647947000358,72.25807459415378,-0.45242826227748945,15,15,128.22000122070312,194.1199951171875,-0.33948071066404817,74100293.72490777,-0.001018977054910719,0.022529704553838847,-0.008358611850994275,-0.053756610594651866,-0.08733900492309377,-0.02852583484671916,0.3375233615809945,0.20039419361343946,0.2604278169434619,0.8298334906915155,0.3082679148788938,0.31279479666570753,0.8660752936427758,0.11939153409110137,0.22008476377263442,-0.1805986974258651,-0.1805986974258651,6.219999999999999,340000000.0,10115100000.0,-0.03941083180596572,0.037847054533268976,1.0,-0.7263528376594809,,0.9887608069164265,,1.0043994720633524,-0.10484446380088397,7008810356.115606,0.5524060003896357,0.6432235859471395,0.69290569110692,7.778876681700511,20.61414810622237,-0.008819119851838808,1.025426039536469,0.025716754826639824,1.0931352318063008,2022-09-30,,,0.15350502342101274,0.46356724952255485,0.2959985752845461
ENTG,Entegris,Information Technology,2022-12-31,2021-11-30,2021-11-30,89.13575793246045,36.054346837458176,89.13575793246045,-0.5955119732669226,13,13,65.58999633789062,158.0,-0.5848734408994265,136016124.69205704,0.25196253892848963,0.17738034184423124,0.2008462938972218,0.6940365921899827,0.5261767646446698,0.5725454358041455,0.8353791794263965,0.5736211924268011,0.601665010199443,0.5223758243159327,-0.05338932675238195,0.020074326268919807,0.3005703215569979,-0.5544052676506332,-0.48725054594163675,-0.026528289060987698,-0.026528289060987698,1.9500000000000002,269712000.0,2971167000.0,0.36211899143760795,0.23325721412752864,1.0,-0.2934782608695651,0.5440495089248794,1.1002845089287896,1.0916328355610423,1.0999999999999999,0.01116521659046632,9072004662.710337,0.6748917748917749,0.65517346503262,3.0533472748958026,23.146731928374397,33.635895557892624,0.16205014643120852,1.1620501464312085,2.4401240004162688,6.057487504988503,2022-10-01,,,0.5503517569081862,-0.05822930135686166,-0.7003301751181461
FFIN,First Financial Bankshares,Financials,2022-12-31,2021-05-31,2021-06-30,76.88397820375204,39.28395961580136,76.88397820375204,-0.48904881701498315,19,18,34.400001525878906,55.0,-0.3745454268022017,17562259.388860065,-0.06792314719697057,-0.14250534428122896,-0.11903939222823838,-0.1625859668766534,-0.3304457944219663,-0.28407712326249057,-0.09793836756201735,-0.35969635456161275,-0.3316525367889709,0.09668173783616774,-0.47908341323214687,-0.4056197602108451,-0.0712791397046123,-0.9262547289122435,-0.859100007203247,-0.32417894100372324,-0.32417894100372324,1.6200000000000003,231144000.0,,,,1.0,0.006211180124223725,,1.0181584707169837,,1.018987341772152,-0.00426445838906131,4908243180.677626,0.3674698795180723,0.3644578313253012,,17.457422811938148,21.234568843135122,,,,2.2253827779852453,2022-09-30,,,-0.20744203849704354,-0.14276492945290212,-0.44434207345329507
TSLA,"Tesla, Inc.",Consumer Discretionary,2022-12-31,2020-08-31,2021-11-30,91.73249656040701,38.555464942816435,91.73249656040701,-0.5796967662661707,28,13,123.18000030517578,414.4966735839844,-0.7028202922834378,18632511438.092663,0.684202031172995,0.6096198340887367,0.6330857861417273,1.1251013830584706,0.9572415555131577,1.0036102266726334,1.0172105464518202,0.7554525594522248,0.7834963772248666,2.278454256676293,1.7026891056079785,1.7761527586292802,2.6509173575785967,1.7959417683709655,1.863096490079962,-0.17348597737975557,-0.17348597737975557,3.2333333333333334,11190000000.0,74863000000.0,0.5979977800546448,0.6626916524701874,1.0,2.1493506493506493,0.9047542043984476,1.5914071510957324,1.4612908171086922,1.5909090909090913,0.024542503478043542,426304392808.7372,0.15023474178403756,0.15023474178403756,5.694460451875255,27.825941617199426,38.096907310879104,0.11459667093469905,1.1647746243739565,-0.00038422131147540983,0.9588100686498856,2022-09-30,,,0.22248542726339082,-0.15730846573645252,-1.361170746947253
WAL,Western Alliance Bancorporation,Financials,2022-12-31,2021-04-30,2021-10-31,78.4463367672342,39.84931840805495,78.4463367672342,-0.49201811008338403,20,14,59.560001373291016,124.93000030517578,-0.5232530118642489,59553848.7967476,-0.4004364066759818,-0.4750186037602402,-0.4515526517072496,-0.37658017028921875,-0.5444399978345317,-0.49807132667505594,0.14118891453208504,-0.12056907246751036,-0.09252525469486853,0.47972949162705514,-0.09603565944125947,-0.022572006419957713,0.5174621402385748,-0.33751344896905633,-0.27035872726005983,-0.8741490248753514,-0.8741490248753514,9.35,1010300000.0,,,,1.0,0.12922705314009653,,1.0618800188946622,,1.047101449275362,0.056545560638478154,6435665175.126836,0.3787878787878788,0.19324009324009322,,7.120601313012289,6.370053622811874,,,,2.2885906040268456,2022-09-30,,,-0.0919302614032037,0.05234098133381482,-0.005110176941600653
CPT,Camden Property Trust,Real Estate,2023-03-31,2021-12-31,2021-12-31,84.86711544342012,39.26891029856386,84.86711544342012,-0.5372894425197712,15,15,104.83999633789062,180.3699951171875,-0.4187503510782077,104839116.6785104,0.04814295584844053,-0.03866066951791258,-0.012653069055091136,-0.07973438642225927,-0.1314976619456798,-0.11195881484673487,-0.022248617812536176,-0.3184324722074193,-0.31170027684598656,0.25869214478064695,-0.14513639555876323,-0.08666682919849322,0.04620433436634652,-0.6045790097267374,-0.6201986634773489,-0.1942568987367782,-0.1942568987367782,6.04,653613000.0,5188000.0,-0.5074060007595897,-0.024814814814814845,1.0,1.0405405405405408,,2.3221890434610324,,2.2639296187683287,0.05398577732378351,11345163001.059223,0.49556598852373496,0.3728401706931057,2186.808596965926,11.082128956187182,17.357615287730237,-0.26640271493212675,1.0681335649488515,,,2022-12-31,TTM net income jumped 2.32x in one quarter,,-0.16925142308130275,-0.028976344583767855,-0.35540192177943764
PNC,PNC Financial Services,Financials,2023-03-31,2021-10-31,2021-10-31,71.41535263473043,37.71875510268353,71.41535263473043,-0.4718396855700703,17,17,127.0999984741211,228.13999938964844,-0.4428859524232641,480360397.1609812,0.003302926604937584,-0.08350069876141553,-0.05749309829859408,-0.010208033652791881,-0.06197130917621241,-0.042432462077267474,0.3337186839346806,0.037534829539797476,0.044267024901230245,0.5041587967054033,0.10033025636599313,0.15879982272626314,0.8456114122244984,0.1948280681314145,0.17920841438080304,-0.12128352598086134,-0.12128352598086134,13.85,5708000000.0,21120000000.0,0.09937015251678716,0.13667830305899065,1.0,0.09055118110236227,,1.0727961707219784,,1.0803043110735415,-0.032344140965752444,52381717782.691925,0.6593659563272822,0.4708848548627554,2.480194970771398,9.431277667454406,9.176895196687443,0.03104862331575875,1.0527163904235728,0.09130185831034303,1.1899707570670421,2022-12-31,,,0.168327802972616,0.19619597388599175,0.4019235556867826
PNFP,Pinnacle Financial Partners,Financials,2023-03-31,2021-08-31,2022-01-31,72.84086795776753,35.36857786296129,72.84086795776753,-0.5144404665322266,19,14,55.15999984741211,111.30999755859376,-0.5044470303004382,52143088.806025185,0.03175116095178154,-0.05505246441457157,-0.02904486395175012,0.22464603328146215,0.17288275775804163,0.19242160485698656,0.5782396029626689,0.2820557485677857,0.28878794392921847,0.9667283804890914,0.5628998401496812,0.6213694065099512,0.6183355910913821,-0.03244775300170177,-0.048067406752313246,-0.2112065949235301,-0.2112065949235301,,,,,,,,,,,,,,,,,,,,,,,,,,0.4469942683946007,0.7272082682750649,0.30308731166095587
SCHW,Charles Schwab Corporation,Financials,2023-03-31,2021-05-31,2022-01-31,75.2407477379174,38.419183075460495,75.2407477379174,-0.489383289899188,22,14,52.380001068115234,96.23999786376952,-0.45573563766843983,1353592491.1282434,0.08781170154286455,0.001008076176511441,0.027015676639332888,0.05769981232439658,0.0059365368009760555,0.02547538389992099,0.4057021428934151,0.10951828849853196,0.11625048385996473,0.542582095534488,0.13875355519507782,0.19722312155534782,0.8747519059953792,0.2239685619022953,0.20834890815168383,-0.12848414314202405,-0.12848414314202405,3.5,7183000000.0,20762000000.0,0.12105831533477329,0.5841245402446327,1.0,0.23674911660777376,,1.0914602459726312,,1.1010830324909746,-0.00803269488837377,107498727906.36336,0.39454115848361654,0.3011226770843158,5.1776672722456105,9.079130591831104,14.965714590890068,0.03950332949481794,1.1794542810709092,-0.0072354211663066955,0.9935805308038709,2022-12-31,,,0.2401765601817569,0.1893949568304073,0.3594951573927162
UMBF,UMB Financial Corp.,Financials,2023-03-31,2021-05-31,2021-11-30,72.13615794584248,32.358543304933335,72.13615794584248,-0.5514240815372078,22,16,57.720001220703125,112.23999786376952,-0.48574481183828644,27297200.905088395,0.06114828499948888,-0.025655340366864232,0.00035226009595721447,0.08794923849184899,0.036185962968428464,0.0557248100673734,0.5402486814186627,0.24406482702377952,0.2507970223852123,0.8185927645123166,0.41476422417290637,0.4732337905331764,1.058751304139582,0.40796796004649805,0.3923483062958866,-0.12196815301008856,-0.12196815301008856,8.86,431682000.0,,,,1.0,0.22375690607734788,,1.136879057045679,,1.1373333333333335,-0.0007551140416590663,2812266994.013044,0.17751479289940827,0.08875739644970414,,0.6856312197909542,6.514672824007125,,,,1.5143330475192396,2022-12-31,,,0.4170799136021576,0.5816451960125035,0.7542444750322166
EWBC,East West Bancorp,Financials,2023-04-30,2022-02-28,2022-02-28,72.94947303751431,39.573336329731156,72.94947303751431,-0.4575240274952974,14,14,51.68999862670898,93.51000213623048,-0.44722492304722483,97144443.37229048,0.2128071602024204,0.10807680162284683,0.09942797351950565,0.05472769261384092,0.041975332323684,0.06505311690896934,0.47640181580974406,0.2520390525791798,0.24769335865547618,0.739320576111687,0.36954573140487446,0.3952932851184225,1.6388914478771959,0.8433722997572399,0.7606026832069234,-0.2044882093190472,-0.2044882093190472,7.92,1128083000.0,,,,1.0,0.298360655737705,,1.1178922938492701,,1.1202263083451205,-0.004729993487194495,7362450596.062341,0.1391304347826087,0.07272977435332967,,2.1837483701007065,6.52651497811982,,,,1.0,2022-12-31,,,0.22081046410639915,0.266334219257727,0.9925845516952699
FFIV,"F5, Inc.",Information Technology,2023-04-30,2021-12-31,2021-12-31,71.61521838137581,39.675731690110865,71.61521838137581,-0.44598742296890215,16,16,134.36000061035156,249.0,-0.4604016039744917,80001461.39485192,0.17773150323261233,0.07300114465303875,0.06435231654969757,0.1282375383244201,0.11548517803426317,0.1385629626195485,0.2303512712685838,0.0059885080380195355,0.0016428141143159103,0.9703780070835941,0.6006031623767816,0.6263507160903297,1.4106876482964976,0.6151685001765417,0.5323988836262251,-0.03297118126262499,-0.03297118126262499,4.96,301003000.0,2709123000.0,0.016213667509534346,0.10795949020295637,1.0,-0.08823529411764697,0.790339054700895,1.0385468762050534,1.0541610745130985,1.042279411764706,-0.020733376698509387,8153782916.072107,0.3926167937225992,0.35408114825053755,3.009749987753272,15.180116668230669,27.088709800474106,0.0049253573554859376,1.0276595520532648,0.13480668247371713,1.1721781107603593,2022-12-31,,,0.018556801343828533,0.6068282394299522,0.9771806770014113
JLL,Jones Lang LaSalle,Real Estate,2023-04-30,2021-10-31,2021-12-31,76.47704743416996,39.99093087726615,76.47704743416996,-0.4770858418443833,18,16,139.0399932861328,275.7699890136719,-0.4958117314236118,49955951.84142098,0.19785681166577507,0.09312645308620149,0.08447762498286031,-0.07997695378410619,-0.0927293140742631,-0.06965152948897776,0.2996260477111541,0.07526328448058983,0.0709175905568862,0.6355726024390576,0.265797757732245,0.29154531144579304,1.2880467508950986,0.4925276027751426,0.40975798622482607,-0.14082274990740362,-0.14082274990740362,13.27,654500000.0,20862100000.0,0.07719832705116958,0.16739703072351242,1.0,-0.2815376285868977,0.7539453979956227,1.0443011647254576,1.0910397700047916,1.0481862479696806,-0.05264845265426754,6857699744.2180805,0.06927307508369202,0.07623146819703491,0.32871569708792886,5.782156307442146,10.477768898728923,-0.016077913502806185,1.0602352915414388,0.026276656167707958,1.1043340987370838,2022-12-31,,,0.08398601827100968,0.27444564681278477,0.8551810768775625
SWX,Southwest Gas Corp,Utilities,2023-04-30,2022-05-31,2022-05-31,70.55636335379141,37.245196815945675,70.55636335379141,-0.47212136445884056,11,11,56.0,95.62000274658205,-0.4143484794869269,36367348.65198892,0.19056711319241249,0.0858367546128389,0.07718792650949773,0.06837005739507895,0.05561769710492204,0.07869548169020738,0.38947655672573234,0.16511379349516808,0.16076809957146446,0.38978880317442877,0.020013958467616222,0.045761512181164254,0.8684476962215644,0.07292854810160843,-0.009841068448708135,-0.03946431728006938,-0.03946431728006938,-3.1,-203290000.0,4960009000.0,0.34766337060322217,0.11566919975397649,1.0,-1.9144542772861357,,0.995046293167534,1.0758927808263672,0.9663865546218487,0.1072246181767178,3672335483.8709674,0.48255813953488375,0.48255813953488375,0.7403888750748169,17.92845641671573,,0.07277209863256417,1.1036563182066546,0.12011191019796215,2.280667701863354,2022-12-31,,"growth 35% vs 12% a year earlier, goodwill up 12% of revenue",0.26333941128041016,0.15020116958489715,0.5209405772217781
TRMB,Trimble Inc.,Information Technology,2023-04-30,2021-08-31,2021-08-31,80.17958391086027,39.95433762695217,80.17958391086027,-0.5016893867724302,20,20,47.09999847412109,96.48999786376952,-0.5118665196716063,66043995.96038092,0.14225055159228406,0.03752019301271048,0.0288713649093693,0.0006369977699816065,-0.01211536252017531,0.010962422065110026,0.27537158473220447,0.05100882150164021,0.046663127577936586,0.31932062426267427,-0.050454220444138276,-0.024706666730590243,0.4292994028824213,-0.36621974523753464,-0.4489893617878512,-0.1598725907270293,-0.1598725907270293,1.8,449700000.0,3676300000.0,0.004700609439479697,0.16246783365632056,1.0,-0.07216494845360821,0.8802113916617733,1.0595701125895598,1.0285204991087344,1.0621761658031088,-0.01628441918679402,11767149618.784584,0.16962524654832345,0.18540433925049307,3.2008132140425385,23.61848960040752,26.166665818956158,-0.018554113940947192,1.065270366143311,0.09261840343253805,1.078867142956878,2022-12-30,,,0.10747085487944755,-0.0154150583206773,-0.015827021369096528
AMT,American Tower,Real Estate,2023-05-31,2020-07-31,2021-08-31,76.11676257560964,38.51446737482561,76.11676257560964,-0.49400807297120997,34,21,184.44000244140625,303.7200012207031,-0.39273014058965483,404189674.23042417,-0.00885429055086151,-0.09063703473647156,-0.11837101835326824,0.15277596190348763,0.052593553411137695,0.04773324953500162,0.09912530094738115,-0.18125508021947034,-0.19675640241530312,0.2451929727935136,-0.2039756394594887,-0.18566798836935666,0.12458932027472858,-0.7567358503809145,-0.7939307147259562,-0.15502262904753783,-0.15502262904753783,2.98,1309000000.0,10818000000.0,0.09730491849838208,0.2012696633320743,1.0,-0.4835355285961872,0.5447810887298152,1.0546218487394958,1.0214683501254092,1.0519930675909879,-0.03187919463087252,81017437314.0271,0.331511839708561,0.28233151183970856,7.489132678316427,20.528649160424514,61.892618268928274,0.009980300809440568,1.0536288728104393,1.000598456185907,1.474951491836666,2023-03-31,,,-0.04287799224058125,-0.061551071907798904,-0.38106249705593187
MET,MetLife,Financials,2023-05-31,2021-05-31,2021-05-31,72.40791450909512,39.34723816119939,72.40791450909512,-0.45658926337041505,24,24,49.54999923706055,77.36000061035156,-0.35948812246479933,361262178.56653607,0.2888538538377181,0.20707110965210807,0.17933712603531138,0.30606461769591164,0.2058822092035617,0.20102190532742564,0.5089284517439068,0.22854807057705528,0.2130467483812225,0.6862352406386534,0.23706662838565107,0.2553742794757831,0.8277216638163334,-0.0536035068393097,-0.09079837118435141,-1.977233549110835e-07,-1.977233549110835e-07,,,69881000000.0,-0.01954429385189549,0.09493962577196058,1.0,,,,,,-0.13614411354115086,38112822529.86294,0.12568306010928962,0.12568306010928962,0.5453960665969712,,,-0.00024321153681072794,1.078543612566978,0.005247355276819036,1.0415324819544698,2023-03-31,,,0.38215088412133796,0.44600672370593397,0.48534125636247905
SBAC,SBA Communications,Real Estate,2023-05-31,2020-09-30,2021-12-31,75.39530215607063,36.790788501451516,75.39530215607063,-0.5120281045456461,32,17,221.77999877929688,391.1499938964844,-0.43300523522955825,192167986.0633487,0.016360671384711978,-0.06542207280089807,-0.09315605641769475,0.12197419086540995,0.02179178237306001,0.016931478496923932,-0.09800762089253212,-0.3783880020593836,-0.3938893242552164,0.08377300256594888,-0.3653956096870534,-0.3470879585969214,-0.028108353001247366,-0.9094335236568905,-0.9466283880019322,-0.1619707428637619,-0.1619707428637619,3.4299999999999997,374023000.0,2689200000.0,0.12998006189426703,0.1253327722112152,1.0,-0.1360201511335014,0.40098094921577665,1.1471415446874946,1.0419806243272336,1.1486068111455108,-0.011609601400124014,24183912677.384537,0.18658280922431866,0.19699947589098532,8.992976601734544,22.355165724998173,64.65889177238977,0.021168397093702884,1.0357742660957845,-0.0033850659596237603,0.9970184374998844,2023-03-31,,,-0.2594038888416821,-0.2716091021284973,-0.6441805504159114
WTFC,Wintrust Financial,Financials,2023-05-31,2022-02-28,2022-02-28,71.10532218304665,38.97211525766383,71.10532218304665,-0.45191001093648386,15,15,63.56999969482422,105.55999755859376,-0.39778324019439204,46607424.38693576,0.22671289219974522,0.14493014801413517,0.11719616439733849,0.36094142190640044,0.2607590134140505,0.25589870953791444,0.5812566670528363,0.3008762858859848,0.28537496369015203,0.9463431977264576,0.4971745854734553,0.5154822365635874,1.4859963149380686,0.6046711442824255,0.5674762799373838,-0.0025169961347411007,-0.0025169961347411007,8.75,562489000.0,321399000.0,0.5021733440520482,0.2279173338383751,1.0,0.23066104078762306,,1.1036077397279087,,1.0910224438902745,0.03784904037228998,4086562920.953369,0.0810359231411863,0.05792258423837371,12.714921082372282,2.9168621555494587,7.265142822265625,0.4762101608036047,1.4762101608036047,-0.0054777617827964625,0.998265528111172,2023-03-31,,,0.4275304113243876,0.6445179575022969,1.0553563739633167
DG,Dollar General,Consumer Staples,2023-06-30,2020-11-30,2021-07-31,87.46050315091145,36.50939033780103,87.46050315091145,-0.5825613960303342,31,23,169.77999877929688,262.2099914550781,-0.35250370194843006,531934326.89843553,-0.374661766439053,-0.3424201093217235,-0.34741715077485635,-0.19197667902146176,-0.272378587914624,-0.28972952717587186,-0.20772646916632798,-0.4526107323457743,-0.39183621429635895,-0.29675921137763583,-0.727672443220069,-0.6596737024798087,-0.2778993320713965,-1.0265488852942297,-1.093133881244275,-0.3991682006564682,-0.5941881112419007,10.61,2377712000.0,38436343000.0,0.11181407033911261,0.025860525397608525,1.0,0.08709016393442615,0.7155311024395705,1.02620835947359,1.0427674441701649,1.0389105058365757,-0.038218351220289604,38047873747.174324,0.3815513626834382,0.21802935010482183,0.9898931786297755,11.040251099074842,16.001884899085475,0.015629069657353556,1.042747684951238,0.0,1.0,2023-05-05,,,-0.3158180482322935,-0.5064217639303161,-0.6817553475074665
PFE,Pfizer,Health Care,2023-07-31,2021-12-31,2021-12-31,74.99371123525376,39.66863792742113,74.99371123525376,-0.47104047427415063,19,19,36.060001373291016,61.709999084472656,-0.4156538339284409,1008405729.5429049,-0.1525236079369393,-0.06926528379015029,-0.04597723883171641,-0.2274512601280999,-0.2902704364717378,-0.26965855926063403,-0.10312233725327302,-0.3231454615403504,-0.2955447244293459,-0.26804288247859975,-0.6855135394120152,-0.5944681941167373,-0.1588619514705658,-0.8526761630569601,-0.8352756464598396,-0.28108456633164225,-0.3657787564326467,5.069999999999999,29051000000.0,92951000000.0,0.0056040591563619735,,1.0,0.16284403669724745,,1.1739165264760074,,1.1720183486238531,0.0006694706378584936,206623096626.3269,0.08571428571428572,0.04555984555984556,2.2229249456845745,,7.112426306369038,-0.0735472939300309,1.1371051077649839,0.20689580561055035,1.2572020335153455,2023-04-02,,,-0.19929279518782433,-0.47093093531709906,-0.4683188984688382
CFR,Frost Bank,Financials,2023-08-31,2022-01-31,2022-02-28,70.26143912140388,39.66105149802997,70.26143912140388,-0.43552178842365974,19,18,94.52999877929688,160.60000610351562,-0.41139479958445935,57231549.33454725,0.04960820537544963,0.032599555158356885,0.0519206233254995,0.16858411099200699,0.031825289339493024,0.048477172394442006,0.2300909261313253,-0.039064694923236054,-0.01068726835867978,0.45602625464900237,-0.014427868527127519,0.0609551219257482,0.8687340223435713,0.10079436761186567,0.15592543484707033,-0.12990578956583887,-0.12990578956583887,10.67,700705000.0,1953384000.0,0.37015061679728345,0.06145658601159831,1.0,0.6415384615384616,,1.184363094252112,,1.1841397849462365,-0.0008269523650042965,6207839062.29121,0.13396516393442623,0.09122581810187802,3.1779921727070612,-0.6681227045199934,8.859418817178714,0.05546961325966859,1.1001298542933644,-5.7516776310944107e-05,0.9998748553969373,2023-06-30,,,0.10469923416195448,0.20896052120698702,0.5341914757517321
EXR,Extra Space Storage,Real Estate,2023-08-31,2021-08-31,2021-12-31,83.23233851085044,39.78112978191217,83.23233851085044,-0.5220471935108951,24,20,128.67999267578125,228.83999633789065,-0.4376857422870235,276251544.64846414,0.016554038377568414,-0.0004546118395243326,0.018866456327618283,0.11324841445453027,-0.023510407197983696,-0.006858524143034714,0.42785680641306945,0.15870118535850808,0.18707861192306435,0.20746172294752108,-0.2629924002286088,-0.1876094097757331,0.2418812958728973,-0.5260583588588084,-0.4709272916236037,-0.20976314737764046,-0.20976314737764046,6.36,853413000.0,1983658000.0,0.19348858981015815,0.2021167105568642,1.0,0.030794165316045508,0.791197941099576,1.0774929669294762,1.0812583102278934,1.0761750405186385,-0.00037675821067850723,17266851979.468002,0.08639727755170035,0.0634087718045739,8.70455087493308,12.499801078933807,20.232703250909,0.03091618723917322,1.0579747988498658,0.0,1.0,2023-03-31,,,0.19055116475837347,-0.313713474498711,-0.6216992890208021
PODD,Insulet Corporation,Health Care,2023-08-31,2021-04-30,2021-10-31,75.77668889113362,38.72068115068821,75.77668889113362,-0.4890159267011891,28,22,191.7100067138672,335.9100036621094,-0.42928163905857486,202894122.4202716,-0.013666529050238796,-0.030675179267331543,-0.011354111100188927,-0.14454126411473756,-0.2813000857672515,-0.26464820271230255,0.057691289819321145,-0.21146433123524022,-0.18308690467068395,0.7728860934739488,0.3024319702978189,0.3778149607506946,-0.22455793408849656,-0.9924975888202022,-0.9373665215849976,-0.3436962323901315,-0.3436962323901315,0.9,62900000.0,1465100000.0,0.243612596553773,0.1910921038906852,1.0,0.40625,0.7382629107981221,104.83333333333333,3.1094890510948905,89.99999999999993,0.0028898854010961372,13398399358.113605,0.2321841757900458,0.19885084245671247,9.145040855991812,92.63498924058719,213.01111857096353,0.07097953216374275,1.0709795321637428,0.06821963394342762,2.062755798090041,2023-06-30,,,-0.20384569688872356,0.19603041254146314,-1.2500660221466355
RMD,ResMed|,Health Care,2023-08-31,2021-08-31,2021-08-31,79.80213123627429,38.21467383789135,79.80213123627429,-0.521132164694359,24,24,159.58999633789062,301.3399963378906,-0.4703988906970604,188557821.4742509,-0.00848763851621226,-0.025496288733305006,-0.00617522056616239,0.09478296303765887,-0.04197585861485509,-0.025323975559906106,0.5512518848288803,0.28209626377431896,0.31047369033887523,0.75306279769267,0.28260867451654015,0.35799166496941587,0.5495375177453585,-0.21840213698634714,-0.16327106975114247,-0.17137677428189735,-0.17137677428189735,6.09,897556000.0,4222993000.0,0.18022445821514999,0.11927521838073707,1.0,0.14905660377358498,0.7929843595250695,1.066078212152471,1.0635093544913226,1.0673952641165754,0.002164728251192072,23520682882.274506,0.5079365079365079,0.498015873015873,5.569671292913464,19.069709329315817,26.205253914267754,0.05162770972636466,1.0670687100995808,0.29223277988735447,1.4592221147706141,2023-06-30,,,0.3572571521715711,0.34731650931372565,-0.11595532808629672
AWK,American Water Works,Utilities,2023-09-30,2021-08-31,2021-08-31,75.12065845062958,39.19345442870701,75.12065845062958,-0.4782599721957239,25,25,123.83000183105467,189.6499938964844,-0.3470603437053411,130759348.4953623,0.07204256537346487,-0.04435381275018879,-0.05994325386968591,-0.00162280751466648,-0.23401405425203148,-0.2370848926995076,0.20795221417479914,-0.15238895046926837,-0.12294707112159625,0.17714796964793855,-0.42151647825427796,-0.3229742336781434,,,,-0.07736414091611477,-0.07736414091611477,4.8100000000000005,894000000.0,4010000000.0,0.051389617199790294,-0.014215559576117864,1.0,-0.32727272727272716,0.626489138051857,1.0745192307692308,1.079425113464448,1.0571428571428574,0.023032270145433964,23015389113.713696,0.6112039850645377,0.5595104355852651,5.739498532098178,16.376672591010806,25.744283124959388,0.04155844155844157,1.0415584415584416,0.001048767697954903,1.0035118525021949,2023-06-30,,,0.07660142490569141,-0.1103934305334785,
GIS,General Mills,Consumer Staples,2023-09-30,2022-11-30,2023-04-30,78.5441432408912,39.942872847821576,78.5441432408912,-0.491459564014612,10,5,63.9900016784668,90.88999938964844,-0.2959621288571085,276299331.6595168,0.0276947340938809,-0.08870164402977276,-0.10429108514926988,0.11406482534097928,-0.11832642139638572,-0.12139725984386185,0.19729646741108597,-0.16304469723298154,-0.13360281788530942,-0.1486728777017401,-0.7473373256039566,-0.648795081027822,,,,-0.048191197417613796,-0.18463722716165387,4.1,2447400000.0,20281300000.0,0.057943193969901774,0.04740232422184465,1.0,-0.136842105263158,0.7465682386675615,1.0029996896872737,0.9999192919211213,1.0084210526315787,-0.022376154527327996,38197348806.79992,0.521978021978022,0.45054945054945056,1.8833777325319343,12.907111008386217,15.607317482552878,0.009311144509360991,1.030370936428601,0.007855820140319762,1.0070581287991338,2023-08-27,,,0.12430328109362575,-0.3109625315684011,
GMED,Globus Medical,Health Care,2023-09-30,2021-07-31,2021-07-31,72.03769976618493,39.88250723054212,72.03769976618493,-0.44636617548880586,26,26,49.650001525878906,84.2300033569336,-0.4105425674093619,93813152.76268853,0.07331317780022983,-0.04308320032342383,-0.05867264144292095,0.08036249226880354,-0.15202875446856146,-0.1550995929160376,0.44088617758125914,0.08054501293719163,0.10998689228486375,0.15347429401211632,-0.4451901538901002,-0.3466479093139656,,,,-0.126082617197254,-0.126082617197254,2.0000000000000004,204336000.0,1096949000.0,0.12630154455258502,0.04961294445647879,1.0,0.3333333333333337,0.864566629291925,1.225236775980929,1.1864846999057894,1.2333333333333336,-0.011220006322948062,5072641355.895994,0.3627351961994538,0.30698013690943776,4.624318319170713,14.526322262996047,24.825000762939446,0.026162274013968423,1.045108584601938,0.022489088125642365,1.0944379769758117,2023-06-30,,,0.32115425432772915,-0.050871304373798915,
IRT,Independence Realty Trust,Real Estate,2023-09-30,2021-12-31,2022-04-30,86.20437395511432,39.18360949398571,86.20437395511432,-0.5454568289726436,21,17,14.06999969482422,28.420000076293945,-0.504926120441482,28971512.375559125,0.09870324306258649,-0.017693135061067178,-0.033282576180564294,0.17015548274546655,-0.06223576399189845,-0.06530660243937458,0.5119878391079484,0.15164667446388091,0.18108855381155303,0.25288171344012933,-0.3457827344620872,-0.2472404898859526,,,,-0.1748402114930362,-0.1748402114930362,0.32,69212000.0,648729000.0,0.46498818938535114,1.005134846316857,1.0,-0.5223880597014925,,1.3492406963370178,,1.3913043478260867,0.34787395825582235,3043165058.9942937,0.5163934426229508,0.5507499128008371,4.690965039321957,,43.96874904632569,0.014372897893319747,1.3806163387305597,0.0,99.0,2023-06-30,,shares +35% y/y,0.3433269957905313,-0.061435875936898254,
MAA,Mid-America Apartment Communities,Real Estate,2023-09-30,2021-12-31,2021-12-31,85.19564630442365,36.022993197911156,85.19564630442365,-0.577173309194783,21,21,128.64999389648438,231.6300048828125,-0.444588390171767,82967727.77542841,0.056194553881838916,-0.06020182424181475,-0.07579126536131187,0.04516018764603347,-0.18723105909133153,-0.19030189753880766,0.2898643234213958,-0.07047684122267173,-0.04103496187499961,0.17978475927926696,-0.41887968862294955,-0.32033744404681497,,,,-0.09226658394055343,-0.09226658394055343,5.120000000000001,597530000.0,2112927000.0,0.11956913379551826,0.10444571369716149,1.0,0.005893909626719207,,1.063946019769313,,1.0648330058939097,0.004064824375363152,15014107588.469978,0.34285714285714286,0.2838095238095238,7.105833560965419,11.271867628289549,25.1269519329071,0.01934851103882096,1.0361411309893453,,,2023-06-30,,,0.14681973110458735,-0.10368127817574935,
NEE,NextEra Energy,Utilities,2023-09-30,2021-01-31,2021-12-31,77.75467455948102,35.52030468055939,77.75467455948102,-0.5431746723679365,32,21,57.290000915527344,93.7300033569336,-0.38877628439464507,618373217.4622672,0.06884728866677436,-0.0475490894568793,-0.06313853057637642,0.13492405727997991,-0.09746718945738508,-0.10053802790486122,0.5206056200626386,0.16026445541857104,0.18970633476624316,0.40024897629571554,-0.19841547160650097,-0.09987322703036638,,,,-0.17699440743195582,-0.17699440743195582,4.05,8099000000.0,24000000000.0,0.13744075829383884,0.192090395480226,1.0,2.1153846153846145,0.8393615918748056,1.6117675428020255,1.9108061749571184,1.6047619047619048,0.007627524164992128,114565856151.81628,0.4924137931034483,0.4511609283211717,4.7735773396590115,12.500059356060474,14.145679238401813,0.012658227848101333,1.0656565656565657,0.016161137440758293,1.0704109023332644,2023-06-30,,,0.357398272131986,0.03853436977500563,
RVTY,Revvity,Health Care,2023-09-30,2021-08-31,2021-12-31,77.50535226851534,39.96870854055675,77.50535226851534,-0.48431034282527785,25,21,110.6999969482422,203.16000366210935,-0.45510929832253955,82318600.4795135,-0.011875600133957498,-0.12827197825761116,-0.14386141937710828,-0.05020781483843806,-0.28259906157580306,-0.2856699000232792,0.15712267815032988,-0.20321848649373764,-0.17377660714606552,-0.20398211027596092,-0.8026465581781774,-0.7041043136020428,,,,-0.28134761392070273,-0.28134761392070273,6.49,818039000.0,,,0.034034214861154766,1.0,0.21763602251407121,2.032778860107747,1.6896125823335013,0.94332430476664,1.6888888888888889,-0.003368128899738476,13953299661.562881,0.7373554913294798,0.3782142857142857,,19.588072884638336,17.057010315599722,,,0.8585712805925076,1.7973290311313963,2023-07-02,net income 2.03x operating income,,0.008041636407795927,-0.5169502177341172,
A,Agilent Technologies,Health Care,2023-10-31,2021-08-31,2021-09-30,90.36024248540625,38.40570248164289,90.36024248540625,-0.574971232643099,26,25,103.37000274658205,179.57000732421875,-0.42434705947333085,225743973.72920933,0.26071429809480207,0.10137006368495838,0.08742224516689948,0.33012281063216364,0.12117696045435689,0.10273419973668954,0.2691654324009485,-0.1089539779182016,-0.11591972465103184,0.43704837894577553,-0.2360444793607357,-0.12902273712081358,,,,-0.03008599913702703,-0.05707680115332103,3.82,1133000000.0,6994000000.0,0.05030785403213689,0.08417453598176494,1.0,-0.1278538812785388,0.8018400566171267,1.055023923444976,1.0492866407263295,1.062200956937799,-0.02176638491137317,30659218092.114517,0.5210526315789473,0.52755530129672,4.3836457094816295,18.949391204787325,27.060210143084305,-0.006534090909090962,1.028817974601107,-0.04309956449917405,0.9398701026608003,2023-07-31,,,0.09667261475249711,0.08586256986562907,
ALB,Albemarle Corporation,Materials,2023-10-31,2021-08-31,2021-11-30,82.10387106947664,38.73697801962202,82.10387106947664,-0.5281954734284986,26,23,126.77999877929688,334.54998779296875,-0.621043182169378,364255144.5719885,-0.09237563778286317,-0.25171987219270686,-0.2656676907107658,-0.045279476296034016,-0.2542253264738408,-0.27266808719150815,-0.24201228181892864,-0.6201316921380787,-0.627097438870909,-0.1969634476403912,-0.8700563059469024,-0.7630345637069803,,,,-0.4267632069501891,-0.6006924847416586,33.260000000000005,3918283000.0,9663225000.0,1.2306145000185822,0.34153608228906096,1.0,14.398148148148149,1.321179116087785,5.894673137267549,1.897368819064364,6.106481481481482,-0.03447696865899785,14935655861.603716,0.030120481927710843,0.030120481927710843,1.54561814110752,5.092032083864641,3.811785892342058,0.10151997782192512,1.3087202078189557,0.041181037055777456,1.1030718174843082,2023-06-30,net income 1.32x operating income,,-0.46342806049999286,-0.6062609880696019,
CUBE,CubeSmart,Real Estate,2023-10-31,2021-08-31,2021-12-31,82.15828606369087,35.70047571351891,82.15828606369087,-0.565467131509497,26,22,34.09000015258789,57.34000015258789,-0.40547610635035325,66628206.536895506,0.28160131920678455,0.12225708479694086,0.10830926627888196,0.2127897456529344,0.0038438954751276455,-0.0145988652425397,0.46497823744440847,0.08685882712525839,0.07989308039242815,0.21225711719491747,-0.46083574111159376,-0.35381399887167164,,,,-0.022587096825069763,-0.022587096825069763,1.72,390195000.0,1039728000.0,0.1280485621755334,0.24518916810680502,1.0,0.5087719298245612,,1.2039771615344208,,1.2015503875968991,0.015185992012018978,7733574191.592461,0.0,0.0,7.438074372905664,,19.819767530574357,0.011815057995089528,1.0604500075374075,,,2023-06-30,,,0.29512726404847045,-0.14828471303061697,
DAR,Darling Ingredients,Consumer Staples,2023-10-31,2021-03-31,2021-10-31,89.48770117057913,39.43140665944719,89.48770117057913,-0.5593650731480512,31,24,44.290000915527344,87.58999633789062,-0.49434863834595344,87906466.74254887,-0.022352712982665945,-0.18169694739250963,-0.19564476591056854,-0.04335068737759851,-0.25229653755540526,-0.27073929827307264,-0.1169564280446822,-0.4950758383638323,-0.5020415850966625,-0.2763603844084739,-0.9494532427149851,-0.842431500475063,,,,-0.26236176352184837,-0.41296004826035515,4.81,785825000.0,7064475000.0,0.28153602009684886,0.3393545302205432,1.0,0.14797136038186154,0.6953674322131236,1.0685129133931073,1.0742119401452832,1.0712694877505566,-0.011667913835784804,7235798330.445796,0.3090992541594951,0.22666666666666668,1.0242513888782672,7.337847102522286,9.207900398238534,0.015442338856082705,1.1018924968063526,0.3671390108237524,2.251675874519224,2023-07-01,,,-0.2860991035537321,-0.6720923014685378,
EXPO,"Exponent, Inc.",Industrials,2023-10-31,2021-08-31,2021-11-30,73.93836343953349,36.08194800361334,73.93836343953349,-0.5119996396306361,26,23,73.29000091552734,127.61000061035156,-0.4256719648539665,18834718.6345055,0.20711861096811623,0.04777437655827255,0.033826558040213645,0.2623921139306937,0.05344626375288697,0.035003503035219624,0.30362207199817726,-0.07449733832097283,-0.08146308505380306,-0.007595444888420677,-0.6806883031949319,-0.5736665609550098,,,,-0.05965470542678919,-0.10937692942620425,1.97,101838000.0,535064000.0,0.09493932510692282,0.11502304568064625,1.0,0.042328042328042326,0.8641837020442453,1.0214001956361167,1.034140416463623,1.0315789473684212,-0.02607262205678318,3788683813.825114,0.6155419222903885,0.5971370143149284,7.080804938895373,28.986104652455225,37.20304615001388,0.018928862516281786,1.0404828184182906,0.0,1.0,2023-06-30,,,0.16224577642999624,-0.35197172634682533,
FR,First Industrial Realty Trust,Real Estate,2023-10-31,2021-12-31,2021-12-31,77.9780523772103,38.38337090555064,77.9780523772103,-0.5077669967970566,22,22,42.29999923706055,66.73999786376953,-0.36619717424319065,43997333.55827937,0.22530139587051212,0.06595716146066843,0.05200934294260953,0.08806483356565753,-0.12088101661214923,-0.13932377732981657,0.2758043871338929,-0.1023150231852572,-0.10928076991808744,0.38946090057404437,-0.28363195773246686,-0.17661021549254474,,,,-0.005673698512656644,-0.005673698512656644,2.02,267612000.0,601365000.0,0.16348337867068063,0.10671308786625211,1.0,-0.3221476510067113,,1.054879237276337,,1.0551470588235294,0.008274569009790067,5603954156.350617,0.25618864703371746,0.254125764689145,9.318723497959837,13.279118497609911,20.940593681713143,0.026197371048082507,1.0446208495045137,,,2023-09-30,,,0.0626848895481052,-0.039667205539727024,
KEYS,Keysight Technologies,Information Technology,2023-10-31,2021-08-31,2021-12-31,84.42752417098782,39.90756128505948,84.42752417098782,-0.5273157459380637,26,22,122.0500030517578,209.0800018310547,-0.41625214280235534,187890182.95243278,0.2557147945489433,0.09637056013909961,0.08242274162104071,0.21212616749111657,0.0031803173133098106,-0.015262443404357534,0.22089300107305365,-0.15722640924609643,-0.16419215597892667,0.49905778073827056,-0.17403507756824066,-0.06701333532831855,,,,-0.022367908960853278,-0.022367908960853278,6.289999999999999,1130000000.0,5596000000.0,0.061658129387213156,0.08300801314978434,1.0,0.043117744610281505,0.795774647887324,1.0275800711743772,1.038230884557721,1.0339805825242718,-0.021417400183540436,21926312153.97239,0.3673580746313178,0.365561044460127,3.9182116072145083,13.741593342412209,19.40381606546229,0.0010733452593918447,1.0282678808575223,0.011193321950294061,1.0333145115753812,2023-07-31,,,-0.0073937770819721416,0.17767235493084288,
MTD,Mettler Toledo,Health Care,2023-10-31,2021-08-31,2021-12-31,83.67116965391685,38.176838902880114,83.67116965391685,-0.5437276775167805,26,22,985.2000122070312,1714.75,-0.42545559865459615,171229707.42216563,0.2151745093103703,0.05583027490052661,0.04188245638246771,0.24817289477810545,0.03922704460029869,0.020784283882631344,0.3111550791663509,-0.0669643311527992,-0.07393007788562944,0.4375659982887605,-0.2355268600177507,-0.12850511777782858,,,,-0.03239949504126538,-0.03908851937522351,39.72,888784000.0,3954386000.0,0.023029895996939054,0.11262943343610377,1.0,0.12045133991537371,,1.041744921729018,,1.0523287671232875,-0.033379863791676456,22045065650.79089,0.5426136363636364,0.4696969696969697,5.574839090263543,19.973626159017325,24.803625684970577,0.0009441469973594518,1.0416204794185977,0.008257171958057282,1.0344015857258801,2023-06-30,,,0.0993449648757187,-0.012125538745776154,
ORA,Ormat Technologies,Utilities,2023-10-31,2021-01-31,2021-01-31,75.9539288449763,36.44470419230319,75.9539288449763,-0.520173548011089,33,33,61.540000915527344,128.8699951171875,-0.5224644739098023,28764821.52515593,0.05293785984171229,-0.1064063745681314,-0.1203541930861903,0.041002766788198475,-0.16794308338960828,-0.18638584410727563,0.2929957435483128,-0.08512366677083727,-0.0920894135036675,0.7512095474689908,0.0781166891624796,0.18513843140240172,,,,-0.04566136225951278,-0.04566136225951278,1.5399999999999998,89371000.0,761399000.0,0.0836584265441156,0.0783278236660927,1.0,0.3628318584070793,0.6100076446337401,1.1691653584510728,1.0529308979535743,1.1538461538461537,0.03276410031847332,3571358066.117919,0.5776334776334776,0.5502886002886003,4.690521088309702,9.266744068566478,39.96103955553724,0.03495808645323173,1.0349580864532317,0.28597575641990897,1.9551316483735877,2023-06-30,,,0.19803093416718387,0.6079692221822266,
PLD,Prologis,Real Estate,2023-10-31,2021-12-31,2021-12-31,82.63566055217007,39.89710909714425,82.63566055217007,-0.5171925917872204,22,22,100.75,174.5399932861328,-0.4227683976426245,310225415.4235355,0.2654985047056504,0.10615427029580671,0.0922064517777478,0.026910877921312082,-0.18203497225649468,-0.20047773297416202,0.15482428738008625,-0.22329512293906384,-0.23026086967189408,0.31523784050087955,-0.35785501780563167,-0.25083327556570956,,,,-0.0038707720993859107,-0.11184349847438013,3.1399999999999992,3015492000.0,7885814000.0,0.4339582636657937,0.19711964202216725,1.0,-0.41743970315398904,0.8180067762770624,1.2257200710495488,1.3092366565649773,1.1526479750778817,0.28561442058931363,96755037898.0892,0.06824015253600273,0.20683730182332452,12.269505456011162,20.11168757826535,32.08598726114651,0.02120837985600188,1.1837901652131002,,,2023-09-30,,shares +29% y/y,-0.022943499984796584,-0.04264519667451039,
PSA,Public Storage,Real Estate,2023-10-31,2021-08-31,2022-03-31,77.19397929055643,36.602879131099186,77.19397929055643,-0.5258324617088754,26,19,238.7100067138672,421.760009765625,-0.43401460264921743,218321690.57999867,0.19933180228433978,0.03998756787449609,0.026039749356437186,0.11021006455767779,-0.09873578562012897,-0.11717854633779631,0.43562114024823306,0.05750172992908298,0.05053598319625274,0.2645080212723383,-0.4085848370341729,-0.3015630947942508,,,,-0.017259360289297643,-0.017259360289297643,10.91,2121395000.0,4446364000.0,0.10662860069732294,0.2419356305148168,1.0,-0.07069846678023839,,1.0008656869956338,,1.0008510638297872,0.002278875780252987,46415968349.47427,0.11931818181818182,0.09657184258694326,10.439084238149254,,21.879927288163813,0.012683471220256592,1.06036113101846,0.0508691185825326,1.968418066160294,2023-09-30,,,0.2869522285825281,-0.04195919165308737,
REXR,Rexford Industrial Realty,Real Estate,2023-10-31,2021-12-31,2022-04-30,81.83927784207117,37.4319680305266,81.83927784207117,-0.5426161005139769,22,18,43.2400016784668,84.68000030517578,-0.48937173449887317,67831429.43365915,0.22440029160928976,0.06505605719944607,0.05110823868138717,0.00528682776388667,-0.2036590224139201,-0.22210178313158743,0.025208517357052873,-0.3529108929620972,-0.35987663969492745,0.03228432518965629,-0.6408085331168549,-0.5337867908769328,,,,-0.016317095932075643,-0.27489871161316204,1.05,216942000.0,765988000.0,0.3086452234555268,0.4340148220738653,1.0,0.12903225806451601,,1.0997992456503225,,1.0714285714285712,0.18952436373412773,8933878518.218994,0.09615384615384616,0.04807692307692308,11.663209499651423,,41.18095397949219,0.05896568123251167,1.1079512464016659,0.04841550649292962,1.2254548636801197,2023-09-30,,shares +19% y/y,-0.04336731414862226,-0.07943215513782274,
SLAB,Silicon Labs,Information Technology,2023-10-31,2021-02-28,2021-11-30,74.10867945032275,37.970070142873055,74.10867945032275,-0.4876434120199711,32,23,92.18000030517578,211.97999572753903,-0.5651476452350905,43751981.9199335,0.33825124974994236,0.17890701534009867,0.16495919682203977,0.3179648238398629,0.10901897366205615,0.0905762129443888,0.12670861647328469,-0.2514107938458654,-0.25837654057869563,0.42200044908976553,-0.2510924092167457,-0.14407066697682358,,,,-0.19114778355661055,-0.19114778355661055,2.1100000000000003,71283000.0,1018795000.0,0.14410286644768244,,1.0,-0.26223776223776196,0.7830027021683253,1.4521392370875237,1.6771937043514042,0.9330708661417323,0.5350485239296845,3114154958.1771774,0.20417673669207415,0.21881886348144017,3.056704202687663,22.59384763064723,43.68720393610226,-0.017630286603045664,1.0954389511215925,0.0,1.0,2023-07-01,,shares +54% y/y,-0.0029186205392366937,0.18970950570096493,
TECH,Bio-Techne,Health Care,2023-10-31,2021-08-31,2021-09-30,85.42554803250289,34.65523785091982,85.42554803250289,-0.5943223233670785,26,25,54.630001068115234,135.96249389648438,-0.5981980066524226,65019892.993158005,0.2889623960445158,0.1296181616346721,0.1156703431166132,0.16000166823856077,-0.04894418193924599,-0.06738694265691333,0.35624404599486925,-0.021875364324280833,-0.02884111105711107,0.15684109382260214,-0.5162517644839091,-0.40923002224398697,,,,-0.05198602322694734,-0.15198497162914681,1.76,285263000.0,1136702000.0,0.028132261335258146,0.18749838888459247,1.0,0.06184012066365008,0.9542355758938129,1.0732950807017803,1.0489557601616888,1.0784313725490198,-0.012502538586515066,8854498860.621452,0.33682448589191777,0.307843137254902,7.789639554273197,22.158019953177277,31.039773334156383,0.011651729692687018,1.0574845977367051,0.04862432039102785,1.0397148984613884,2023-06-30,,,0.22719701554603602,-0.13182713275019275,
UPS,United Parcel Service,Industrials,2023-10-31,2021-05-31,2021-05-31,75.08841613015147,39.826750000057885,75.08841613015147,-0.4696019432474672,29,29,141.25,233.72000122070312,-0.3956443639300822,566830177.0705935,0.016367162791699696,-0.142977071618144,-0.1569248901362029,0.06818006347896954,-0.14076578669883721,-0.15920854741650456,-0.005710298583034845,-0.38382970890218493,-0.39079545563501517,-0.23953762798779266,-0.9126304862943039,-0.8056087440543818,,,,-0.09833003233900739,-0.35326785122027715,11.529999999999998,10013000000.0,96174000000.0,-0.039211180930878387,0.08254926135011798,1.0,-0.07389558232931759,0.8610370625161234,1.0321773328566322,1.0159876224858175,1.0344827586206895,-0.011071456364869392,122665763226.36603,0.07624113475177306,0.06205673758865249,1.2754566018504587,9.064787215031501,12.250650477016482,-0.02741568488648427,1.0304516375037072,0.015824333909429663,1.285097192224622,2023-06-30,,,-0.10479284520781494,-0.44427095094380986,
VMI,Valmont Industries,Industrials,2023-10-31,2021-05-31,2022-12-31,79.43279980924378,37.632554742731976,79.43279980924378,-0.5262340641006513,29,10,196.91000366210935,353.3599853515625,-0.4427495703391515,42785802.78751434,0.1491994130203791,-0.010144821389464598,-0.0240926399075235,0.04558642706482874,-0.16335942311297802,-0.18180218383064536,0.5980537643354942,0.2199343540163441,0.21296860728351386,1.1370270644477203,0.46393420614120906,0.5709559483811312,,,,-0.022599106996779028,-0.022599106996779028,12.86,276360000.0,4337675000.0,0.09858722949884657,0.23316120432423393,1.0,0.2770605759682223,0.585648682841443,1.0943275325573354,1.0545275349741141,1.0933465739821249,-0.002405422461662421,4231574542.1508975,0.24242424242424243,0.2215909090909091,0.9755397862105616,8.806797316676256,15.311819880412859,-0.02015762232400875,1.018793164950233,0.008328158257041059,1.0374899101145116,2023-07-01,,,0.4272035695212876,0.8034827536269105,
WAT,Waters Corporation,Health Care,2023-10-31,2021-08-31,2021-08-31,82.47595929625699,39.975490650898976,82.47595929625699,-0.5153073575379051,26,26,238.52999877929688,428.2200012207031,-0.4429732424937355,128559091.57215905,0.33194983054958893,0.17260559613974524,0.15865777762168634,0.2956022727810659,0.08665642260325912,0.06821366188559178,0.35458846688094936,-0.023530943438200724,-0.03049669017103096,0.4656437676293612,-0.20744909067715,-0.10042734843722789,,,,-0.01882365118074103,-0.01882365118074103,11.33,674537000.0,2992315000.0,0.031628922974874296,0.08609903116638229,1.0,-0.012205754141237923,0.7914128496339403,0.9792261561711091,1.0002664028456987,0.9860748476936468,-0.02741277854133528,14200998215.939152,0.585939619424098,0.4167176753273103,4.7458232893058225,17.734456328219938,21.05295664424509,0.00885249040983016,1.0088524904098302,0.45837356963606846,3.098114839210587,2023-07-01,,,0.2064559200108774,0.17360564298456144,
ADM,Archer Daniels Midland,Consumer Staples,2024-01-31,2022-03-31,2022-04-30,82.57457483398045,36.874177334284866,82.57457483398045,-0.5534439334574607,22,21,55.58000183105469,98.87999725341795,-0.4379044966131057,330713828.17987716,0.06539682874833819,0.022612628598145168,0.01913224681803423,0.1354460180634809,-0.012466205805362174,-0.005510928093148376,-0.0450051692895187,-0.3073057337078625,-0.2749782536939088,0.3037071836911367,-0.16472440582678227,-0.13394351990293935,,,,-0.09775994789143061,-0.2275330370513554,7.189999999999999,3937000000.0,96896000000.0,-0.018347229679759325,0.23172816551655284,1.0,-0.00827586206896569,,1.0577626127223982,,1.063448275862069,-0.03245089840636961,30433722838.506584,0.17753174861608598,0.12015630087919245,0.3140864724911925,5.783770091596356,7.730181061342796,-0.029914701053221693,1.0637907583263662,0.0069599927056845,1.1204206836108677,2023-09-30,,,-0.1548125887840689,0.08783616876196484,
PCTY,Paylocity,Industrials,2024-05-31,2021-10-31,2021-10-31,77.74282010897161,39.81678262422621,77.74282010897161,-0.4878397443208867,31,31,142.1699981689453,314.4949951171875,-0.5479419374671772,77865796.63352361,0.13526057519313905,0.06296153754951161,0.0676144540768643,0.45980161749391146,0.3100432998082374,0.2971312054204225,0.3427586435615735,0.2109320133125776,0.26042997203959073,-0.19160159115567643,-0.660950230300812,-0.6246873160980151,,,,-0.0860237454107986,-0.3459239005316268,3.4299999999999997,195201000.0,1238967000.0,0.18802792659153478,0.3245287715737588,1.0,0.6333333333333329,0.7917748320732063,1.1862290883973248,1.2451887550200804,1.1857142857142855,0.006712067039528868,8090882161.100961,0.022337193068900387,0.022337193068900387,6.530345167466899,28.47928260475553,41.448979058001555,0.04439866239230139,1.076632328156097,0.005130039304731047,1.0399119698608676,2024-03-31,,,0.2627396009704699,-0.36671550901659633,
RGEN,Repligen,Health Care,2024-06-30,2021-09-30,2021-09-30,78.88249087926239,39.60221891925936,78.88249087926239,-0.49795932560148803,33,33,126.05999755859376,327.32000732421875,-0.6148723123003961,95562701.90698533,0.1805490259116176,0.12303584963552083,0.08498857196610479,0.14183726185225187,0.05798074072060566,0.052875462241551194,-0.013326989827958213,-0.16276173984067577,-0.14407893985878434,0.08234178235635592,-0.3223265911973152,-0.404265280240873,,,,-0.18316672049083782,-0.19887355370740423,0.27,14842000.0,607450000.0,,,1.0,-0.9081632653061225,0.585460139639462,0.8389228194483688,0.7766044322856589,0.8388429752066112,-0.03700967150771717,6929564754.683884,0.7032876943881,0.7032876943881,11.407629853788597,64.74280341862473,466.88887984664353,-0.04902280028304662,0.9509771997169534,,1.167927713219145,2024-03-31,,,-0.2701880154252907,-0.5036028200434858,
DXCM,Dexcom,Health Care,2024-07-31,2021-10-31,2021-10-31,79.48832950896288,37.5302761549521,79.48832950896288,-0.5278517439378281,33,33,67.81999969482422,164.8625030517578,-0.5886268955073887,403650195.4517304,0.03922152276730806,0.0036841853253850587,0.012041235651319575,0.28030082898512965,0.18065179818730925,0.2064214889280519,0.19094657927623793,0.029107406955863446,0.09908617040929832,0.2304629508072793,-0.15788303859859987,-0.14595387832103512,,,,-0.1518725933855557,-0.2021527447090059,1.6099999999999999,666900000.0,3934800000.0,0.23054791093319982,0.19607989825690142,1.0,0.872093023255814,0.9785766691122524,1.436339522546419,1.1807585934413276,1.4285714285714288,-0.0035460191981930844,28092644594.085888,0.09771941092293997,0.07920089240442145,7.139535578450211,28.330451729911918,42.1242234129343,0.034983428902098934,1.0644431384072877,0.027739554665999498,2.8065173116089612,2024-06-30,,,-0.14899534799457687,-0.6747428808176108,
LULU,Lululemon Athletica,Consumer Discretionary,2024-07-31,2021-10-31,2021-11-30,75.24325724865234,38.41675474437795,75.24325724865234,-0.48943259304386355,33,32,258.6600036621094,516.3900146484375,-0.4990995249236041,771893580.2735343,0.15170490094647437,0.11616756350455137,0.1245246138304859,0.6013299557055047,0.5016809249076843,0.527450615648427,-0.22473518928248537,-0.38657436160285985,-0.31659559814942495,-0.5404391824649344,-0.9287851718708136,-0.9168560115932488,,,,-0.22585632622684104,-0.5962267031518431,12.459999999999999,1581206000.0,9827377000.0,0.15645492322937793,0.27909985753238264,1.0,0.6657754010695189,0.7307191076868474,1.549364188887323,1.3909857214788302,1.5521628498727735,-0.006256015426108541,32824618760.07619,0.03389830508474576,0.022598870056497175,3.3401200300015144,12.103632841777799,20.759229828419695,0.02163353632154097,1.0860662581300793,9.414149254511172e-06,1.003345600535296,2024-04-28,,,-0.3695507942596151,-0.9655334042484383,
CAR,Avis Budget Group,Industrials,2024-08-31,2021-11-30,2021-11-30,92.04094696424882,39.23026202492086,92.04094696424882,-0.5737738113433475,33,33,81.98999786376953,545.1099853515625,-0.8495899908880021,56627739.85248142,0.33028421193582,0.2580475714812478,0.24291738994867487,-0.03634584467840185,-0.09724662837439613,-0.06763820556736452,0.9298694944528001,0.7712612837793869,0.8205133371049015,0.7988780258078072,0.4058733970588939,0.43519503734975123,,,,-0.34101719493796767,-0.34101719493796767,20.35,785000000.0,11927000000.0,-0.00591765294215707,0.0668682198114885,1.0,-0.6005888125613346,,0.9086859688195991,,0.923819978046103,-0.10826083466736813,3162759131.3542542,0.1566265060240964,0.1456891395368709,0.2651764174858937,,4.028992524018158,-0.006248958506915536,1.048550595767384,0.0036672778796466078,1.025989367985824,2024-06-30,,,0.528119458415085,-0.18977151247070856,
DLTR,Dollar Tree,Consumer Staples,2024-08-31,2022-04-30,2022-04-30,70.8990941961942,36.47681845887608,70.8990941961942,-0.4855107971064301,28,28,84.48999786376953,177.19000244140625,-0.5231672402526832,301003446.6449193,-0.15646823949526978,-0.228704879949842,-0.24383506148241493,-0.13764939694009715,-0.19855018063609142,-0.16894175782905982,0.29210558562173805,0.1334973749483248,0.1827494282738395,0.49828381510912734,0.10527918636021405,0.13460082665107137,,,,-0.2840572469181498,-0.2840572469181498,-4.52,-997300000.0,30912800000.0,0.07511937926261347,0.07511189383826711,1.0,-1.7302100161550888,,0.9549446040213377,0.9533657507762611,0.9581818181818185,-0.00887412178737923,18642007714.499416,0.0,0.0,0.603051412828971,,,0.010096785366523031,1.0309655511612081,-1.7389550271450878e-05,0.9998368039689275,2024-05-04,,,0.12583577214487499,0.17712576535678237,
ELV,Elevance Health,Health Care,2024-10-31,2022-04-30,2022-04-30,71.4495611561571,38.45018996953175,71.4495611561571,-0.4618554775235546,30,30,405.760009765625,567.260009765625,-0.2847018954618835,603991568.3396597,-0.020803862165108544,-0.08271538484788477,-0.06384004740835314,0.04512876005632216,0.06369933977857822,0.09199934092981056,-0.20397262560507423,-0.4180131839040464,-0.31683781161693186,,,,,,,-0.3168404663150626,,27.470000000000002,6418000000.0,174216000000.0,0.0331747933247144,0.10032822828505616,1.0,0.09137862534763608,0.7574648884692553,1.071588725176169,1.0217672667372633,1.0773293096944547,-0.01924022640503198,94800427472.72592,0.5443408662900188,0.52,0.5441545407581733,8.569392182847343,14.771023289611392,0.013125221709826107,1.031368253335989,0.008154333361008646,1.0393790990062148,2024-09-30,,,-0.3779636405026444,,
GPC,Genuine Parts Company,Consumer Discretionary,2024-10-31,2022-11-30,2022-11-30,73.93832146363657,37.562117116150226,73.93832146363657,-0.4919803915940456,23,23,114.6999969482422,187.72999572753903,-0.3890161425523524,136570841.64387536,0.02171214689076595,-0.04019937579201027,-0.02132403835247864,0.041657564644753675,0.06022814436700974,0.08852814551824208,0.14578614216630092,-0.06825441613267125,0.03292095615444329,,,,,,,-0.07832579086121083,,8.64,1212511000.0,23156684000.0,0.012134945475003933,0.07732411057652278,1.0,-0.02483069977426622,,1.0518517926695297,,1.0530474040632054,-0.006583343505295103,16096644444.41089,0.2475,0.18399827288428325,0.6951187158062394,9.57579392096872,13.275462609750255,0.002058104931113247,1.0417379274838812,0.03217708448046879,1.1760402548236772,2024-06-30,,,0.017210199635834977,,
HSY,Hershey Company (The),Consumer Staples,2024-10-31,2022-04-30,2023-04-30,81.05517272979985,39.85089640087494,81.05517272979985,-0.5083485105420817,30,18,177.5800018310547,276.8800048828125,-0.35863912633845063,232970258.748881,-0.15274261240646192,-0.21465413508923814,-0.19577879764970652,-0.04274619466352525,-0.024175614941269186,0.004124386209963152,-0.013077661814996255,-0.22711822011396843,-0.1259428478268539,,,,,,,-0.2045144416692951,,,1845966000.0,11014327000.0,0.014361435885723361,0.10572932911288557,1.0,,0.7249888952120396,1.1129388055669096,1.1008158565048478,,-0.002789704532414672,36296096173.334625,0.39745862884160754,0.4920212765957447,3.2953530590960867,13.37737791341632,,-0.03637754856092146,1.0378738006143076,-0.002046106801309186,0.9949845957795049,2024-06-30,,,-0.15912947561364474,,
PBF,PBF Energy,Energy,2024-10-31,2023-09-30,2023-09-30,71.08324086403336,39.842534069297386,71.08324086403336,-0.4394946884103468,13,13,28.520000457763672,62.880001068115234,-0.5464376594575886,79857261.10755375,0.03540343960672976,-0.026508083076046463,-0.00763274563651483,-0.38432151657307767,-0.3657509368508216,-0.3374509356995893,0.25440454181083627,0.0403639835118641,0.14153935579897864,,,,,,,-0.5119010381828947,,-2.330000000000002,-292900000.0,34902700000.0,-0.12813870764680613,0.0883154247983835,1.0,-1.097367321353949,,0.8712917542630226,0.8687785871590716,0.8789346246973365,-0.028580057048130714,3585196624.0682287,0.3897058823529412,0.3897058823529412,0.10271975016454969,,,-0.0631128552983714,1.058838292484399,,,2024-09-30,,,-0.04573668654567642,,
SYNA,Synaptics,Information Technology,2024-10-31,2021-12-31,2021-12-31,87.24901740173577,37.57008032480239,87.24901740173577,-0.5693925107280926,34,34,68.66999816894531,299.3900146484375,-0.770633639035751,26397734.49372791,0.23634780529633548,0.17443628261355926,0.19331162005309088,-0.18945680309362123,-0.17088622337136516,-0.14258622222013284,0.03305671083427386,-0.1809838474646983,-0.07980847517758377,,,,,,,-0.3912916797489622,,3.16,125600000.0,959400000.0,-0.2920079698915209,-0.22107259872391793,1.0,0.7267759562841529,,-0.6331521739130435,0.04601425793907971,-0.6502732240437158,-0.011729499174463531,2729415117.094788,0.8021978021978022,0.6057968876760823,2.8449188212370107,,21.73101207878016,0.021398914084956866,1.0433408058860723,0.02671389565345731,1.0338760995695302,2024-06-29,,,-0.13942948422813023,,
CHRD,Chord Energy,Energy,2024-12-31,2022-01-31,2022-05-31,87.9735154861243,38.70689484871864,87.9735154861243,-0.5600165045714955,35,31,116.91999816894533,190.22999572753903,-0.38537559378171626,111551504.58420043,-0.023723225683098814,0.018945565294554267,0.004411337028767927,-0.1494904979043069,-0.20999502742690612,-0.18717172379870053,-0.16368087081950644,-0.3408712585813004,-0.3056616226740563,,,,,,,-0.30858611521965995,,19.310000000000002,939663000.0,4761093000.0,0.2060856357272014,0.2520927641995858,1.0,-0.1262443438914027,0.7975371030193362,1.017585637800187,1.031149568582901,1.0638009049773756,-0.022080373576571888,5689559618.820594,0.19437912779790814,0.2657147017222731,1.1950112335173024,3.0935302915957896,6.054893742565786,0.07377097798756105,1.1566959573301936,0.0,1.0,2024-09-30,,,-20.79667980125898,,
OLN,Olin Corporation,Materials,2024-12-31,2022-05-31,2022-05-31,75.55305262643301,38.702746886046135,75.55305262643301,-0.48774079218996935,31,31,33.79999923706055,67.25,-0.4973977808615532,65282859.05053275,-0.2771007831308231,-0.23443199215317,-0.24896622041895636,-0.39537787370880906,-0.4558824032314083,-0.43305909960320266,-0.36152914853552565,-0.5387195362973196,-0.5035099003900755,,,,,,,-0.47333325610376353,,1.2599999999999998,143700000.0,6483400000.0,-0.09895210829140844,-0.26798648978595263,1.0,-0.7272727272727273,0.4126938541068352,0.7906304222093696,0.8613126079447323,0.814946619217082,-0.12154051350450179,3854809436.798096,0.5110349584033794,0.5698927672611883,0.5945660358450962,7.530509977816654,26.825396219889328,-0.012474677470945772,0.9911382850241546,-0.00107012813742113,0.9953324846941868,2024-09-30,,,-0.5419693908951662,,
CELH,Celsius Holdings,Consumer Staples,2025-01-31,2023-08-31,2024-03-31,78.17184979907393,39.72898621424921,78.17184979907393,-0.4917737482691644,17,10,24.979999542236328,99.62000274658205,-0.7492471506371907,220818825.22423455,0.39951960468862646,0.4753094428115854,0.48293912134570016,0.8150520810029143,0.7584975442545541,0.7998046905285893,1.100880724737518,0.9375828296798872,0.9465936073567491,,,,,,,-0.1553242286576617,,0.7200000000000001,214066000.0,1370868000.0,0.1935713334198197,0.9806066157623665,1.0,0.4999999999999998,0.9180801742956765,1.4588838429970026,1.5249059693033427,1.6041666666666663,-0.08202218762998892,7426900808.344946,0.18491539918147945,0.20883696780893043,5.417662975826225,27.34306424754868,34.69444380866156,-0.07987840606976282,1.2202934032339727,0.0021009226472147756,1.1012844190732034,2024-09-30,,,0.596756833828736,,
MRK,Merck & Co.,Health Care,2025-02-28,2024-03-31,2024-03-31,71.77197255277508,38.3549855239887,71.77197255277508,-0.4655993954215809,11,11,92.25,134.6300048828125,-0.3147887049376683,1305137118.1040082,-0.15985007396456186,-0.15477250322573122,-0.1417061624945388,-0.07104355282138242,-0.16314210574828603,-0.14893253217749386,0.3926820189478901,0.22460885534103636,0.1545780109399244,,,,,,,-0.19844623731219124,,6.74,17117000000.0,64168000000.0,0.06742077684438152,0.014034377477523119,1.0,47.14285714285714,,6.317808219178082,,6.428571428571429,-0.025901386122515357,234279413946.58752,0.31528520499108736,0.24554367201426022,3.6510318842193543,11.054927456848162,13.686943620178042,0.01573432108145756,1.0214256009315479,-0.0017799218165183398,0.9971949141434002,2024-12-31,TTM net income jumped 6.32x in one quarter,,0.2505313015114165,,
ON,ON Semiconductor,Information Technology,2025-02-28,2023-07-31,2023-07-31,71.12873880138059,38.12347679254164,71.12873880138059,-0.46402147099785673,19,19,47.04999923706055,111.3499984741211,-0.5774584653631993,483144518.50239587,-0.10690752095347167,-0.10182995021464103,-0.08876360948344861,0.05398514254441533,-0.03811341038248828,-0.023903836811696097,0.4129650251847048,0.24489186157785103,0.17486101717673908,,,,,,,-0.34027627165023155,,3.63,1572800000.0,7082300000.0,-0.14185144795831817,0.03343785244215303,1.0,-0.2681451612903225,0.8897437347966284,0.9960159362549801,0.9843620750777957,1.0020449897750512,-0.03426052438034499,20385740716.266895,0.31226092747437795,0.33889579131854414,2.878406833411024,8.603808477668172,12.961432296710894,-0.040065601322869626,1.0017655112776536,-0.0008154943934760449,0.9963294828889129,2024-12-31,,,0.18873552158720297,,
CDW,CDW Corporation,Information Technology,2025-03-31,2024-03-31,2024-03-31,70.29585280032947,39.25741363775573,70.29585280032947,-0.44154011831588824,12,12,160.25999450683594,263.3699951171875,-0.3915024586019086,242678224.21557716,0.1181876509274069,0.01041583744436414,0.042958373380923454,0.0010302619511217692,-0.19670614806797637,-0.1547409804470707,-0.2321783225018348,-0.4080935405340642,-0.46358894877204904,,,,,,,-0.28318876261316805,,7.97,1077800000.0,20998700000.0,-0.017650636227544925,-0.0999086265774548,1.0,-0.016049382716049387,0.6526978744019863,1.0169678070255892,1.0126390904692792,1.0187265917602997,-0.008077356100045119,21672298880.736233,0.4859154929577465,0.39906103286384975,1.0320781229664804,13.909165826189263,20.107903953178912,0.0080408233803142,1.0080408233803142,0.013697604790419161,1.0515112065022343,2024-12-31,,,-0.34321662420148613,,
ELF,e.l.f. Beauty,Consumer Staples,2025-03-31,2023-08-31,2024-03-31,94.42976210163543,39.66536999238546,94.42976210163543,-0.5799484282328983,19,12,62.790000915527344,221.8300018310547,-0.716945406855525,230410049.05641344,0.9818442526990545,0.8740724392160117,0.9066149751525711,1.1098900110826095,0.9121536010635114,0.954118768684417,-0.034718908638153745,-0.21063412667038317,-0.266129534908368,,,,,,,-0.21325050476846263,,1.6699999999999997,98363000.0,1302015000.0,0.46269825399428854,0.7924014642927619,1.0,-0.26106194690265505,0.7523500661613419,0.986713762347158,1.0638624522897373,0.9778761061946901,0.02884481612589118,3698331053.924561,0.24092233009708736,0.2761662325361118,2.840467317138866,,37.598802943429554,0.06929563630570001,1.1655625405237786,0.34491308167424223,2.2500631092074297,2024-12-31,,,-0.6436850377096894,,
REGN,Regeneron Pharmaceuticals,Health Care,2025-03-31,2024-08-31,2024-08-31,76.72798466025918,38.727847572643284,76.72798466025918,-0.49525785482148665,7,7,634.22998046875,1211.199951171875,-0.4763622803525446,637978918.9721485,-0.17100147089798123,-0.278773284381024,-0.2462307484444647,-0.11080234423941304,-0.3085387542585112,-0.2665735866376055,0.2248892509189353,0.048974032886705876,-0.0065213753512789185,,,,,,,-0.2476010363822212,,38.34,4412600000.0,14202000000.0,0.08270057634251216,0.07757395526127708,1.0,0.10267471958584995,1.105720800862004,1.1202498833532064,1.0175420625368128,1.1151461470327724,0.012172222823880752,72994345639.4472,0.1825170696647672,0.1728219440756019,5.139722971373553,14.74567364973337,16.542253011704485,0.02562991528912195,1.0336600688196482,0.017770560790412587,1.254614964500273,2024-12-31,net income 1.11x operating income,,-0.11682788012736167,,
TTD,Trade Desk (The),Communication Services,2025-03-31,2024-11-30,2024-11-30,71.72245208475076,38.70256128058432,71.72245208475076,-0.4603842987011727,4,4,54.720001220703125,141.52999877929688,-0.613368178529882,694437678.9509062,0.31560665675812083,0.20783484327507806,0.24037737921163738,-0.10434946585873905,-0.3020858758778372,-0.2601207082569315,-0.5853435667418638,-0.7612587847740933,-0.8167541930120781,,,,,,,-0.6156798205865376,,0.78,393076000.0,2444831000.0,0.25625912071198087,0.23344287439115985,1.0,1.166666666666667,0.920192805155829,1.2755167602297433,1.259202913008779,1.2750000000000001,0.013857674682532073,27575793845.934742,0.1713059947941221,0.14723550263852353,11.279222918040038,48.77477396777804,70.15384771885016,0.0585443640847656,1.0628379190195842,,,2024-12-31,,,-0.540465002821041,,
WLK,Westlake Corporation,Materials,2025-03-31,2022-05-31,2022-05-31,74.61330504819162,38.24968571199052,74.61330504819162,-0.48736105863041956,34,34,100.02999877929688,162.63999938964844,-0.384960654484216,75838502.54649813,-0.23590946293106718,-0.34368127641410995,-0.31113874047755063,-0.2195715260605524,-0.41730793607965055,-0.37534276845874487,0.19948767815814294,0.02357246012591352,-0.031922948112071275,,,,,,,-0.4295155183488193,,4.64,602000000.0,12142000000.0,-0.03235575390500478,-0.2055210839559326,1.0,0.2540540540540539,0.688,6.142857142857143,3.404669260700389,6.44444444444443,0.0021776689943129313,12978030014.038086,0.5185713990109049,0.5185713990109048,1.0688543908777868,7.3509452056501186,21.558189392089844,0.0014020618556700448,1.00140206185567,-0.0024705132291998723,0.9892435808466343,2024-12-31,,,-0.012375909071043745,,
COP,ConocoPhillips,Energy,2025-04-30,2022-05-31,2022-05-31,76.45466182967274,39.09700060862882,76.45466182967274,-0.4886250272647872,35,35,89.12000274658203,138.49000549316406,-0.356487838748905,886090206.7136855,0.07889812153358666,-0.06429915147900611,-0.04039539493104567,0.013863812868651904,-0.22314878652479142,-0.16645337046702763,0.4596968704617914,0.1488835239776325,0.076586887265086,,,,,,,-0.04626035691828989,,7.81,9245000000.0,54745000000.0,-0.024865962487308768,-0.28477335847325913,1.0,-0.13796909492273735,,1.0091613146958822,,1.016987542468856,-0.02120347763817032,105494804787.7274,0.42839805825242716,0.47323667459654084,1.9270217332674655,5.142795576109063,11.411011875362616,-0.008925015387957536,1.0229982964224873,,,2024-12-31,,,0.3005131967185416,,
FANG,Diamondback Energy,Energy,2025-04-30,2024-04-30,2024-07-31,71.71683130013061,37.48371672634854,71.71683130013061,-0.4773372436174509,12,9,132.00999450683594,214.5,-0.384568790177921,412894894.64989316,0.1339569446702107,-0.009240328342382087,0.014663428205578352,0.10009143236921969,-0.13692116702422363,-0.08022575096645984,0.6001923969471001,0.2893790504629412,0.21708241375039472,,,,,,,-0.032270191852181274,,15.53,3338000000.0,11066000000.0,0.31550166428911086,-0.12765736803899197,1.0,-0.10438292964244522,0.759326660600546,1.08783994998437,1.049415134877059,1.089064261555806,0.1858222331578736,28374073513.44613,0.24861052109883885,0.1949590874070826,2.564076767887776,5.684249725841309,8.500321603788535,0.15475320880726295,1.154753208807263,,,2024-12-31,,shares +19% y/y,0.37477149641187874,,
MTDR,Matador Resources,Energy,2025-04-30,2022-05-31,2022-05-31,74.47612693737243,38.90824128934881,74.47612693737243,-0.47757431959281316,35,35,39.540000915527344,73.77999877929688,-0.46408238588067696,88539984.94971745,0.27082929443714754,0.12763202142455476,0.15153577797251522,0.011983606928161139,-0.22502899246528218,-0.1683335764075184,0.6551324879115836,0.3443191414274247,0.2720225047148782,,,,,,,-0.047514909365485636,,7.449999999999998,931678000.0,3699788000.0,0.21731983456662585,-0.018701652098192745,1.0,0.020547945205479312,0.619097931019818,1.0731207645267962,1.0872089107344527,1.0643835616438355,0.04134538482459904,4944771674.2250595,0.1753006551393648,0.10297049389167778,1.336501354733044,3.18062696534535,5.307382673225148,0.06347590284217275,1.0786723977426347,,,2025-03-31,,,0.26843637932658304,,
CYTK,Cytokinetics,Health Care,2025-05-31,2024-01-31,2024-01-31,71.49958511578751,38.87946765453238,71.49958511578751,-0.4562280663367434,16,16,31.020000457763672,110.25,-0.7186394516302614,80735460.47182235,0.13894265988678645,0.04127059942484945,0.03850767216030593,1.1963248306905303,1.03018599145891,1.050863704306147,1.4745325919883734,1.176322601274613,1.129688368193075,,,,,,,-0.015151554280054658,,-5.29,-615259000.0,19218000.0,4.122068230277185,-0.9617349800618034,0.0,,,,,,0.1836694925469513,3607813697.853161,0.8797814207650273,0.8797814207650273,187.73096564955566,,,0.04027281584930176,5.739049394221808,,,2025-03-31,,shares +18% y/y,1.1939430958912385,,
FCN,FTI Consulting,Industrials,2025-06-30,2022-06-30,2022-06-30,76.61463741010031,39.59372391566593,76.61463741010031,-0.48320940679089885,36,36,161.5,243.6000061035156,-0.3370279312252067,70717665.5042618,0.0009287547769929461,-0.08028345466999576,-0.068191633683904,0.057770909170617335,-0.05225771870494911,-0.04217335941485695,-0.07733749531370937,-0.2993889197535302,-0.38829481888589945,,,,,,,-0.14767805636851783,,7.3199999999999985,261947000.0,3668381000.0,0.0158655740692073,0.1603778799059381,1.0,-0.1488372093023257,0.8024451959955398,1.0701311379388891,1.0374836741456948,1.069767441860465,0.001438091473464631,5779295150.273225,0.6152882205513784,0.5484428383306935,1.5754348172322408,15.640881651898777,22.062841530054648,-0.008184333102979169,1.0449995492647626,0.0011528378281454707,1.0033482771212054,2025-03-31,,,-0.18839151670784526,,
GPK,Graphic Packaging,Materials,2025-06-30,2024-03-31,2024-03-31,71.07287790785229,38.7188449873099,71.07287790785229,-0.4552233407867651,15,15,21.06999969482422,30.700000762939453,-0.3136808087555625,76148449.25453247,-0.06623387759646215,-0.14744608704345086,-0.13535426605735912,-0.2763152920331343,-0.38634391990870076,-0.3762595606186086,-0.48098554816764216,-0.703036972607463,-0.7919428717398322,,,,,,,-0.5728252717473483,,2.05,620000000.0,8668000000.0,-0.06281760190290842,-0.03986297103706016,1.0,-0.06818181818181834,0.583804143126177,1.0587371512481645,1.0508021390374331,1.0636363636363635,-0.022957630457361544,6372390151.605374,0.22007366482504606,0.21645047641924894,0.7351626847721936,7.462166137082006,10.278048631621571,-0.01578289996593618,1.0035295338939063,0.003892312682452157,1.0135338345864662,2025-03-31,,,-0.5770323936307762,,
CHE,Chemed Corp.,Health Care,2025-07-31,2024-03-31,2024-03-31,71.82840630678118,34.55888173329778,71.82840630678118,-0.5188688777849837,16,16,412.2999877929688,654.6199951171875,-0.3701689669299507,81080964.93268694,0.047526634104350984,-0.034537353096760315,0.002163982197362725,0.03885406361782695,-0.062175608393030934,-0.09194283659306007,0.29790182005798505,0.10294642306174229,0.045740020027615125,,,,,,,-0.11064457071074518,,19.43,290345000.0,2511915000.0,0.07551003893289687,0.06787895746831762,1.0,-0.015205271160669054,0.7871051868237922,1.0223179546952141,1.0611880718049185,1.0311714429361487,-0.020228507204681168,6161051979.19452,0.48900169204737737,0.45008460236886627,2.4527310753725824,13.993499326961775,21.219762624445128,0.00920772503944356,1.0237363996928375,0.033346221051338075,1.115129332391193,2025-06-30,,,0.1155150502177674,,
IT,Gartner,Information Technology,2025-07-31,2024-03-31,2024-11-30,76.15271912698938,39.40102179429662,76.15271912698938,-0.4826051880223349,16,8,338.6499938964844,584.010009765625,-0.42012981244552394,312535071.097383,-0.26667650726785164,-0.34874049446896294,-0.3120391591748399,-0.381042361174755,-0.48207203318561287,-0.511839261385642,-0.5540528362784396,-0.7490082332746824,-0.8062146363088095,,,,,,,-0.6331020161247082,,16.04,1254109000.0,6328615000.0,0.059889670312223364,0.06208458771161385,1.0,0.5928500496524329,1.0807241083939285,1.283613660853375,1.0323497354967528,1.2882968601332065,-0.012407353230815099,26477805810.194897,0.4205933682373473,0.3526315789473684,4.183823128788036,21.05593499489038,21.11284251224965,0.009765435839455883,1.0225301606641795,-0.0025067773257234577,0.9955184206444875,2025-03-31,net income 1.08x operating income,,-0.7798499702085924,,
KBR,"KBR, Inc.",Industrials,2025-07-31,2023-06-30,2023-06-30,71.96772850120793,38.89290338190735,71.96772850120793,-0.45957856122616736,25,25,46.7400016784668,72.5999984741211,-0.3561983104568841,74937070.29296632,-0.08036793365335193,-0.16243192085446323,-0.1257305855603402,-0.07751124742604099,-0.17854091943689887,-0.208308147636928,-0.2038923860141949,-0.39884778301043766,-0.4560541860445648,,,,,,,-0.3519331344745501,,2.7600000000000007,365000000.0,8047000000.0,0.12184581067893485,0.07904776438272543,1.0,,0.5126404494382022,1.6080402010050252,1.0438066465256797,1.6164383561643838,-0.061973373778227314,6181195874.145064,0.5754569670248921,0.5758566313068951,0.7681366812656971,9.504185587933256,16.934783216835793,0.008522371224464198,1.0533333333333332,0.10578418894074389,1.2764227642276422,2025-07-04,TTM net income jumped 1.61x in one quarter,,-0.280325179499131,,
MOH,Molina Healthcare,Health Care,2025-07-31,2024-03-31,2024-03-31,70.2524640930938,28.715971594346883,70.2524640930938,-0.5912460585539829,16,16,157.8699951171875,423.9200134277344,-0.6275948525272926,258758196.5291099,-0.030468092147740156,-0.11253207934885145,-0.07583074405472842,0.1375815664311657,0.03655189442030782,0.006784666220278679,0.23912080298715432,0.044165405990911566,-0.013040997043215596,,,,,,,-0.2331665211699635,,20.28,1130000000.0,43413000000.0,0.1605581842970567,0.10821253052267177,1.0,0.10097719869706867,0.6836055656382335,1.0761994355597366,1.070358306188925,1.0784421283598464,-0.041679788286123176,8796503672.703249,0.1356469835385498,0.09398031687188313,0.2026237226799173,1.8136481514041256,7.784516524516149,0.03695122533798312,1.052301009626673,0.022870530484743683,1.6083086053412463,2025-06-30,,,0.03357914828374478,,
LNTH,Lantheus Holdings,Health Care,2025-08-31,2022-08-31,2023-05-31,85.0019967181463,39.01617465663594,85.0019967181463,-0.5409969628595004,36,27,54.900001525878906,126.88999938964844,-0.5673417779970642,101632571.71894255,0.07231324764416391,0.009938717731404534,0.0401180561670073,0.364480903097937,0.2949133622598572,0.23573189487017573,0.8389798957816399,0.6366712845391365,0.6264295015352421,,,,,,,-0.09526417507417118,,3.76,271003000.0,1520653000.0,0.05746965774253465,0.3297629422619077,1.0,-0.426829268292683,0.6192259532775198,1.0655942686604725,1.0465624734599128,1.071225071225071,0.026664143539567364,3956932211.041958,0.23827962859912713,0.29616817607456436,2.602126988235947,7.675429647383476,14.601064235606094,-0.01044186272002523,1.0753428179920967,0.24426414375887875,2.641247177024547,2025-06-30,,,0.33040350329896895,,
CMG,Chipotle Mexican Grill,Consumer Discretionary,2025-09-30,2024-04-30,2024-06-30,78.52048278301912,39.41040130617973,78.52048278301912,-0.49808763383326216,17,15,39.18999862670898,69.26139831542969,-0.4341725754910375,847096842.887061,-0.05588156936592592,-0.08253352369718214,-0.07851766244684619,-0.18321001675877635,-0.16499132372720948,-0.22746716579254422,,,,,,,,,,,,1.1300000000000003,1541878000.0,11577533000.0,0.08574312445924015,0.1485411434858639,1.0,0.11132966168371405,0.8000217922009863,1.0525938106492345,1.0438506794374551,1.0590086546026751,-0.016198206403681636,53474510356.24139,0.26017058472438825,0.20656924469088742,4.618817355669933,22.838794250474294,34.68141471390174,0.00785870744785222,1.0449113892842048,0.0,1.0,2025-06-30,,,,,
ATR,AptarGroup,Materials,2025-10-31,2024-11-30,2024-11-30,75.34351185281324,35.40526750328421,75.34351185281324,-0.5300820650297015,11,11,116.01000213623048,178.02999877929688,-0.34836823607437273,63791111.724853516,0.07706227601307925,0.05953495319846125,0.005385059600771194,0.07023684413569953,0.010576378973984113,-0.054118559949124984,,,,,,,,,,,,6.230000000000001,419389000.0,3662533000.0,0.024977317771169405,0.049646963907308495,1.0,0.3115789473684214,0.8145516061304676,1.1148646235176454,1.0779563647574528,1.1104417670682731,-0.0014057431901910444,7809521474.464133,0.4366666666666667,0.32666666666666666,2.132273340462498,11.184604618623055,18.621188143857218,0.014357354668480538,1.015880084302284,0.038268051508748416,1.1142872735668856,2025-09-30,,,,,
BAH,Booz Allen Hamilton,Industrials,2025-10-31,2024-10-31,2024-10-31,78.945970693161,36.56300476155876,78.945970693161,-0.5368604066739764,12,12,87.16000366210938,190.58999633789065,-0.5426832187583114,194164840.34729004,0.021125373105810308,0.003598050291192312,-0.05055184330649774,-0.09501551006193754,-0.15467597522365295,-0.21937091414676205,,,,,,,,,,,,6.5600000000000005,826000000.0,11706000000.0,0.024208720893149183,0.13938726379342326,1.0,0.03307086614173249,0.7468354430379747,1.1133689839572192,1.0332132767985869,1.1227586206896552,-0.03545117368550599,10974719973.308283,0.23510378510378507,0.16473341473341474,0.9375294697854334,11.125862863127095,13.286585924102038,-0.021401103494398943,1.0438482896523922,-0.0010499320562718086,0.995937711577522,2025-09-30,,,,,
CL,Colgate-Palmolive,Consumer Staples,2025-10-31,2024-08-31,2024-09-30,77.1161911790937,38.59821945212272,77.1161911790937,-0.49947969600206676,14,13,77.05000305175781,109.3000030517578,-0.2950594611120766,463440613.9992729,0.17901204322227726,0.16148472040765927,0.10733482680996921,0.12156310850514385,0.06190264334342843,-0.0027922955796806648,,,,,,,,,,,,3.57,2908000000.0,20097000000.0,-0.00044762757385852225,0.050689799331103735,1.0,0.025862068965517127,0.6799158288519991,1.0073221757322175,1.0067947516401126,1.0086206896551724,-0.011614687716090644,62762299404.62513,0.290880503144654,0.27201257861635225,3.122968572653885,14.090393159488963,21.58263390805541,0.004950495049504955,1.0167746655518395,0.023624788620312344,1.0928459734167317,2025-09-30,,,,,
DECK,Deckers Brands,Consumer Discretionary,2025-10-31,2024-03-31,2024-12-31,89.33875901422537,38.52310235554546,89.33875901422537,-0.568797431477513,19,10,81.5,223.97999572753903,-0.6361282187935173,355430471.5476505,0.46429443359375,0.446767110779132,0.39261721718144194,0.2539876926164688,0.1943272274547534,0.1296322885316443,,,,,,,,,,,,6.73,1015500000.0,5244323000.0,0.12618097842005938,0.20297667200923053,1.0,0.2913335465302207,0.8235962975068268,1.0763242366434014,1.0741784994028338,1.0883392226148412,-0.031097241147568067,12297659732.540861,0.309675752790936,0.28362359475908255,2.3449470470336897,8.321867906431475,12.109955423476968,0.023321872079765882,1.057305853117594,-1.8028904390241045e-06,0.9997302491823178,2025-09-30,,,,,
FISV,Fiserv,Financials,2025-10-31,2024-11-30,2025-03-31,82.28208312583551,29.80025643982556,82.28208312583551,-0.6378281235995025,11,7,66.69000244140625,238.58999633789065,-0.7204828221424673,758528696.1931138,-0.04438450728458998,-0.061911830099207976,-0.11606172369689803,-0.06057880893132195,-0.12023927409303736,-0.18493421301614646,,,,,,,,,,,,6.470000000000001,3607000000.0,21160000000.0,0.0515853294901103,0.06992077417982667,1.0,0.2490347490347491,0.5822437449556094,1.0674755844924533,1.0439849007057278,1.0819397993311037,-0.05718903540840692,37179418671.73916,0.05660377358490566,0.030660377358490566,1.7570613739007164,,10.307573793107611,0.002273588480484978,1.019755590977153,0.009541795050193818,1.0040490098905501,2025-09-30,,,,,
OKE,Oneok,Energy,2025-10-31,2024-11-30,2024-11-30,80.51561961685215,39.213089562821736,80.51561961685215,-0.5129753736054672,11,11,67.0,118.06999969482422,-0.4325400171662993,272839019.89875674,0.20039413373414994,0.18286681091953194,0.12871691732184187,0.4207429835071297,0.36108251834541427,0.2963875794223052,,,,,,,,,,,,5.4399999999999995,3339000000.0,31564000000.0,0.5835047408819545,-0.005203008590287439,1.0,0.20353982300884943,0.5779816513761468,1.0839285714285714,1.1037610619469027,1.0953389830508475,0.08329409467809024,41123713235.29412,0.3789814341679441,0.31799169567075775,1.3028676097862792,10.163062403103924,12.316176470588237,0.12918112546059457,1.1503364365379298,0.5390334572490706,14.76336898395722,2025-09-30,,,,,
RLI,RLI Corp.,Financials,2025-10-31,2024-11-30,2024-11-30,73.34452725642984,38.82242720741713,73.34452725642984,-0.4706840624702,11,11,58.959999084472656,91.1449966430664,-0.35311864330451026,37000166.812908836,0.025670499000065128,0.008143176185447132,-0.04600671741224292,-0.08889886824031723,-0.14855933340203265,-0.21325427232514174,,,,,,,,,,,,3.8200000000000003,353020000.0,1855871000.0,0.05161427778939398,0.2263340541682417,1.0,-0.1595159515951594,,1.150640535338838,,1.1551155115511549,0.0011652752953836831,5448706512.25145,0.37,0.3625,2.935929551273472,,15.434554734155144,0.02161673277911169,1.0850307596395166,0.0,1.0,2025-09-30,,,,,
CPRT,Copart,Industrials,2025-11-30,2024-03-31,2024-11-30,75.13131456340082,39.237646822943816,75.13131456340082,-0.4777457701763961,20,12,38.97999954223633,64.37999725341797,-0.39453244477784044,356506746.2236192,-0.022832206262190624,-0.029602898445399317,-0.10527914409996096,-0.15931244631606223,-0.27256752970661546,-0.27931612550907425,,,,,,,,,,,,1.63,1594077000.0,4655159000.0,0.06690515938170671,0.09174735685321544,1.0,0.1398601398601398,0.9262283699226224,1.0499011944582333,1.0322735687946525,1.0529801324503312,0.004240858192856356,38120932963.36777,0.5326460481099656,0.48281786941580757,8.1889647514441,16.97582103146782,23.914110148611247,0.0017648104415834975,1.0328121146781883,0.0001416379952860675,1.001069661256627,2025-10-31,,,,,
HRB,H&R Block,Consumer Discretionary,2025-11-30,2024-08-31,2024-08-31,76.7805539345392,38.94210395577987,76.7805539345392,-0.49281293295981243,15,15,42.119998931884766,68.44999694824219,-0.38466032418184914,71225643.67020017,-0.26581294706290926,-0.27258363924611795,-0.3482598849006796,-0.06463960317232131,-0.17789468656287455,-0.18464328236533334,,,,,,,,,,,,4.430000000000001,612530000.0,3770736000.0,0.04153706388624112,0.04152963176064439,1.0,0.09113300492610854,,1.073778119687814,,1.127777777777778,-0.04239408982449944,5823874254.119045,0.3054963278843876,0.2546660400832165,1.5444927075560435,7.2263698089271315,9.507900436091369,0.0025900061021086884,1.0261374079235746,0.003740791308702429,1.0130430344051806,2025-09-30,,,,,
INGR,Ingredion,Consumer Staples,2025-11-30,2024-11-30,2024-11-30,73.1416227016511,39.78465617148399,73.1416227016511,-0.4560599737612071,12,12,107.54000091552734,155.44000244140625,-0.3081574933964313,70342122.6197379,0.1004286282660789,0.09365793608287021,0.017981690428308564,-0.042687499809348495,-0.15594258319990173,-0.16269117900236052,,,,,,,,,,,,10.030000000000001,659000000.0,7262000000.0,-0.03827307641372002,-0.08205689277899342,1.0,-0.022417153996101447,0.6878914405010439,1.0764331210191083,1.071347678369196,1.0801687763713081,-0.013013667635453863,7065688993.353191,0.2404643449419569,0.2404643449419569,0.9729673634471484,6.75334663836295,10.721834587789365,-0.0073810825587752316,0.9938867001766064,0.020791948086346178,1.173098125689085,2025-09-30,,,,,
OC,Owens Corning,Industrials,2025-11-30,2023-08-31,2024-11-30,74.15882682788606,39.90191903524823,74.15882682788606,-0.46193972124375837,27,12,113.23999786376952,214.52999877929688,-0.4721484244249309,179263367.56494915,0.08548838525382196,0.07871769307061327,0.0030414474160516264,0.12694662752906694,0.0136915441385137,0.006942948336054897,,,,,,,,,,,,-5.539999999999999,-482000000.0,11659000000.0,0.1168694319379251,0.016893283889575672,1.0,-1.4683009298393914,-1.0807174887892377,1.3058823529411765,1.0751295336787565,1.3460207612456745,-0.021622901538757122,9852288622.804497,0.7008410329305853,0.5572139303482587,0.8450371921094859,12.386200019778402,,-0.006730277730448098,1.057435170178282,0.17655996758508913,1.6020725388601036,2025-09-30,,,,,
ODFL,Old Dominion,Industrials,2025-11-30,2023-08-31,2023-08-31,70.43053488622732,38.7357159807008,70.43053488622732,-0.45001530879647533,27,27,135.2899932861328,233.25999450683597,-0.420003444773433,288986128.7768046,0.5038266022652178,0.4970559100820091,0.42137966442744745,0.6698320385065013,0.5565769551159481,0.5498283593134893,,,,,,,,,,,,4.970000000000001,1057377000.0,5574922000.0,-0.0590104094315651,0.010622181441597434,1.0,-0.13111888111888081,0.7602576620597722,0.9682616499996206,0.9713534628039203,0.9726277372262773,-0.023121176099094698,28783204674.22761,0.5581914986471154,0.5382910011346774,5.162978903422794,16.454106717507297,27.221326616928128,-0.011297086415794522,1.0145320711498416,,,2025-09-30,,,,,
WSO,Watsco,Industrials,2025-11-30,2024-11-30,2024-11-30,72.62457788321376,38.60174045385704,72.62457788321376,-0.46847552744565646,12,12,346.3999938964844,571.4199829101562,-0.39379089941461065,190933951.82887486,0.2143477170056831,0.20757702482247442,0.13190077916791276,0.07673032309343308,-0.03652476029712015,-0.043273356099578955,,,,,,,,,,,,12.860000000000001,522090000.0,7414495000.0,-0.00710500576360229,0.036762851943954455,1.0,-0.019069412662089835,0.6915035224838975,1.0273835614338918,1.0377521288669715,1.0238645111624327,0.019783900329872317,14063139410.063414,0.7396351575456054,0.6500829187396352,1.8967090017679442,17.5353109332297,26.936235917300493,-0.012391698676767815,1.02018934719169,0.0015768671981357914,1.0177532445898263,2025-09-30,,,,,
ERIE,Erie Indemnity,Financials,2025-12-31,2024-09-30,2024-09-30,81.26815694425865,39.46972263104816,81.26815694425865,-0.5143273316986847,15,15,286.6499938964844,547.0,-0.475959791779736,44899231.03192042,-0.11871310862980122,-0.07500730631430175,-0.1331073732226108,-0.1543871163855003,-0.25530595194620986,-0.3043362943736286,,,,,,,,,,,,,647984000.0,4040325000.0,0.09532728674554547,0.17030446320133708,1.0,,0.8915820468367319,1.073497933703258,1.0632256624580143,,0.0,728664.2844848633,0.06481481481481481,0.12962962962962962,0.00018034793846654991,,,0.01682483228773224,1.0443215188144506,,,2025-09-30,,,,,
BRO,Brown & Brown,Financials,2026-01-31,2024-11-30,2025-03-31,78.18471846516371,38.537205814943434,78.18471846516371,-0.5071005361218481,14,10,72.0999984741211,125.68000030517578,-0.4263208283016542,216925872.7682931,-0.1638246428403507,-0.20523202463974188,-0.20561863614497355,-0.01846524742815303,-0.10377241704679219,-0.11023412301516285,,,,,,,,,,,,3.2999999999999994,1000000000.0,5478000000.0,0.17854607258879973,0.1248215279626359,1.0,-0.10081743869209814,,1.0382678751258811,,1.03757225433526,0.057652127552270116,21848484386.0973,0.5714285714285714,0.49261904761904757,3.988405327874644,17.565893803278033,21.848484386097304,0.08282269223166638,1.0828226922316664,2.4667498547793723,2.3686629343583254,2025-09-30,,,,,
CVLT,CommVault Systems,Information Technology,2026-01-31,2024-11-30,2025-07-31,87.72109124279865,35.53649214082695,87.72109124279865,-0.5948922700645921,14,6,85.69999694824219,200.67999267578125,-0.5729519629458071,101960249.8063587,0.15379230775393982,0.11238492595454863,0.11199831444931696,0.3745625116288178,0.28925534201017866,0.282793636041808,,,,,,,,,,,,1.92,87001000.0,1147037000.0,0.21524634696230005,0.1258005839295273,1.0,-0.5126903553299493,1.0347530298885572,1.0842597208374876,1.1309335746384257,1.0909090909090908,0.006660776779136235,3883325747.1323013,0.15867450010307152,0.1564069264069264,3.3855278836971268,30.30795891510424,44.63541507720947,0.04672418749173013,1.057558162309076,0.11433327765714604,1.7951197980392462,2025-12-31,net income 1.03x operating income,,,,
GDDY,GoDaddy,Information Technology,2026-01-31,2025-01-31,2025-01-31,85.83713139831723,34.705014845144476,85.83713139831723,-0.5956876204995727,12,12,100.5199966430664,216.0,-0.5346296451709889,180641660.6115674,-0.13658969544430566,-0.17799707724369684,-0.17838368874892852,-0.17688021660437736,-0.2621873862230165,-0.26864909219138716,,,,,,,,,,,,5.800000000000001,828500000.0,4869800000.0,0.08679060010265793,0.06848367789779908,1.0,,0.7772774181442912,1.0710027818254073,1.0799104644655848,1.0357142857142856,0.01747566213874352,14358761589.444916,0.037383177570093455,0.056074766355140186,2.9485320936064965,14.495716465565213,17.331033903976966,0.02476799730645407,1.024767997306454,0.013501751880202638,1.0132249109231206,2025-09-30,,,,,
INTU,Intuit,Information Technology,2026-01-31,2025-06-30,2025-07-31,71.98290786270384,38.83503056607452,71.98290786270384,-0.4604965023065436,7,6,498.9200134277344,813.7000122070312,-0.3868501831842259,1315518909.6164763,-0.2189117255883587,-0.2603191073877499,-0.26070571889298155,-0.36171898490894483,-0.447026154527584,-0.45348786049595463,,,,,,,,,,,,14.56,4118000000.0,19433000000.0,0.17136829415310428,0.12482202183198865,1.0,0.41634241245136194,0.7940609332819129,1.1419163648337174,1.1610790990047146,1.1459307764265667,-0.003943470027745644,141109382918.6408,0.4774986917844061,0.471763064200039,7.261327788742902,26.827805695901606,34.26648443871802,0.03196856247676694,1.0592415681248908,-0.0077154912597950575,0.9933485761795885,2025-10-31,,,,,
MANH,Manhattan Associates,Information Technology,2026-01-31,2024-03-31,2024-09-30,73.88564484150733,37.697410460888094,73.88564484150733,-0.4897870818918465,22,16,151.00999450683594,312.6000061035156,-0.5169226117774615,104619076.29152328,-0.08688163429205065,-0.12828901609144183,-0.1286756275966735,0.2672008977636846,0.18189372814504545,0.1754320221766748,,,,,,,,,,,,3.5199999999999996,216011000.0,1066804000.0,0.04098141501903774,0.15331660989023965,1.0,0.002849002849002469,0.7898718717547426,1.0184853438946326,1.0211853392253705,1.022857142857143,-0.016827644253511465,9266994296.425041,0.5776614310645725,0.5514834205933682,8.68668874172298,32.16754782710846,42.90056662126022,0.008616891527763348,1.0451870583508613,1.5612711088732892e-05,1.0002571189818088,2025-09-30,,,,,
NOW,ServiceNow,Information Technology,2026-01-31,2024-12-31,2025-01-31,79.72283528203029,35.67410335079295,79.72283528203029,-0.5525233990413037,13,12,117.01000213623048,239.6179962158203,-0.5116810757784598,1672926285.576763,-0.2452782159957776,-0.2866855977951688,-0.28707220930040045,-0.04939747605993072,-0.13470464567856988,-0.14116635164694052,,,,,,,,,,,,1.654,1731000000.0,12667000000.0,0.21053134556574915,0.22438970014491133,1.0,0.20906432748538006,0.9863247863247864,1.0799739921976592,1.0961898813241724,1.0786974219810044,0.004691656590084525,122457263420.68619,0.07930768673847031,0.07956512675494648,9.667424285204563,52.55781922796865,70.74365304487938,0.05059301650493486,1.0586499881991975,0.2953386744355426,3.229553264604811,2025-09-30,,,,,
NTNX,Nutanix,Information Technology,2026-01-31,2024-03-31,2025-02-28,77.61276758223028,38.52157820811068,77.61276758223028,-0.5036695712815897,22,11,39.33000183105469,83.36000061035156,-0.5281909603756562,220432020.89950925,0.03966431441561702,-0.0017430673837741661,-0.002129678889005844,0.5003812757247148,0.41507410610607565,0.408612400137705,,,,,,,,,,,,0.76,220536000.0,2617547000.0,0.17446307697968066,0.14862240638238666,0.0,,1.1331271258721856,7.976540334533135,1.8740567680520084,1.1692307692307693,0.24893465625174915,11412738531.333523,0.15044247787610618,0.22566371681415928,4.360089248190586,34.952555243638905,51.75000240928248,0.03137206074091181,1.0493510930435,-8.704555713194761e-05,0.9989672611125898,2025-10-31,net income 1.13x operating income,shares +25% y/y,,,
SFM,Sprouts Farmers Market,Consumer Staples,2026-01-31,2024-11-30,2025-06-30,96.85812057087043,39.3379625254412,96.85812057087043,-0.5938599438685384,14,7,70.91000366210938,182.0,-0.6103845952631353,216643777.08529517,0.1542799922016853,0.11287261040229413,0.11248599889706246,0.2291637168351066,0.14385654721646746,0.1373948412480968,,,,,,,,,,,,5.159999999999998,513447000.0,8653696000.0,0.16601377572269715,0.10516346548891486,1.0,0.49132947976878527,0.766855002397136,1.173215519664951,1.1547402660471717,1.1840000000000002,-0.019256327763830128,7055916405.096722,0.3711111111111111,0.3511111111111111,0.8153644876243309,8.264652193776776,13.742248771726628,0.03032443977563526,1.045681403341499,2.2097640039414645e-05,1.0002780598879961,2025-09-28,,,,,
TYL,Tyler Technologies,Information Technology,2026-01-31,2024-11-30,2024-11-30,77.5412200808303,32.07035006903304,77.5412200808303,-0.5864090088393972,14,14,369.3999938964844,661.3099975585938,-0.4414117505251316,182961355.47068763,-0.07650238146989807,-0.11790976326928926,-0.11829637477452093,-0.16188410606667814,-0.2471912756853173,-0.25365298165368794,,,,,,,,,,,,7.19,315293000.0,2298292000.0,0.10622129508674893,0.08037698683021355,1.0,0.31444241316270594,0.8896855697302666,1.1111833989556754,1.0868615469468916,1.1060329067641683,0.013350832911792176,16198780566.843428,0.25752849875608036,0.23109746360512892,7.048182113866918,32.14512000641683,51.37691152941368,0.023396192808638583,1.0289742135900648,0.0,1.0,2025-09-30,,,,,
ADP,Automatic Data Processing,Industrials,2026-02-28,2024-11-30,2024-11-30,70.63134973742933,33.87283313007289,70.63134973742933,-0.5204277809217226,15,15,214.3600006103516,329.92999267578125,-0.3502864081199162,704383626.3391646,0.043445336514626565,-0.06232293031526126,0.010584603841171672,0.3561924740639302,0.23208523881592336,0.2825002112471119,,,,,,,,,,,,10.41,4235300000.0,21214300000.0,0.06586311886411367,0.06630072641870122,1.0,0.11217948717948723,,1.023909679914902,,1.0276406712734452,-0.010598259931745901,87212191218.54199,0.40703517587939697,0.3373793282030118,4.111009612315372,13.573319954491378,20.591738771407453,0.014873178525981468,1.0194899323358722,0.06484692335667344,1.346782808776399,2025-12-31,,,,,
ARES,Ares Management,Financials,2026-02-28,2025-01-31,2025-01-31,83.87693783924345,39.233761345109706,83.87693783924345,-0.5322461411227934,13,13,112.01000213623048,200.4850006103516,-0.44130482681881444,607415661.1160642,0.16283768860589332,0.05706942177600549,0.1299769559324384,0.30864282968847845,0.18453559444047163,0.2349505668716602,,,,,,,,,,,,,527362000.0,5601482000.0,0.4419041897085061,0.06963245522158745,1.0,,,1.3550391763487768,,,0.0,35078191522.71367,0.662195497995683,0.662195497995683,6.262305497493997,25.96612663133405,,0.04591939812807544,1.1423297129309737,0.6994698028022687,2.769931281550236,2025-12-31,,"growth 44% vs 7% a year earlier, goodwill up 70% of revenue",,,
BR,Broadridge Financial Solutions,Industrials,2026-02-28,2025-08-31,2025-08-31,73.40990087869761,38.07492202536869,73.40990087869761,-0.48133805427303844,6,6,185.8699951171875,271.9100036621094,-0.31642825709288736,205607000.92640227,-0.16842353119820486,-0.2741917980280927,-0.20128426387165976,-0.006696420732389519,-0.13080365598039634,-0.08038868354920778,,,,,,,,,,,,9.04,1067300000.0,7180300000.0,0.07442876595489989,0.0573037796446596,1.0,0.4147104851330201,0.8619074537672615,1.1537131120959896,1.050649695041103,1.156010230179028,-0.0061520512763715285,21944584711.12547,0.46808038981952027,0.4316498316498317,3.0562211482981865,18.065545854230887,20.560840167830477,0.017673904416350084,1.0283599544517281,0.02181687590716605,1.0305718060011322,2025-12-31,,,,,
EXLS,EXL Service,Industrials,2026-02-28,2025-01-31,2025-02-28,75.40137851565804,38.08108750896249,75.40137851565804,-0.49495502259213364,13,12,31.25,52.43000030517578,-0.4039671978236654,61570595.3659209,-0.07103997802734374,-0.17680824485723157,-0.10390071070079863,0.21856005859374994,0.09445282334574312,0.14486779577693168,,,,,,,,,,,,1.54,251019000.0,2087679000.0,0.13561292273816172,0.1273735671516214,1.0,0.2727272727272727,0.8000605577689243,1.0935977232235823,1.0701897608293436,1.0984848484848488,-0.00538477997289788,5093729707.792208,0.25146198830409355,0.2132675438596491,2.439900821818013,13.576374961238955,20.29220779220779,0.03019457288217553,1.0380394397754042,0.0034128021967262338,1.0139551229581123,2025-12-31,,,,,
QLYS,Qualys,Information Technology,2026-02-28,2023-12-31,2023-12-31,71.08897648672085,35.59401256108511,71.08897648672085,-0.49930334743623817,26,26,92.47000122070312,206.3500061035156,-0.5518778847318497,69499375.94127353,0.18189682570327892,0.0761285588733911,0.149036093029824,1.012977148614696,0.8888699133666891,0.9392848857978776,,,,,,,,,,,,5.44,198320000.0,669125000.0,0.10131161625554874,0.0957926479553004,1.0,0.1698924731182796,0.8935265282583622,1.0485631956010257,1.0759432792146977,1.0542635658914727,-0.02395294253122726,3371075485.6782794,0.024691358024691357,0.024691358024691357,5.038035472711794,13.199026766190073,16.998161989099838,0.024640370945463896,1.0272734814900317,-0.0010517289337377855,0.9482213759014666,2025-12-31,,,,,
SLM,SLM Corp,Financials,2026-02-28,2025-05-31,2025-07-31,75.14945605714891,37.132748712057385,75.14945605714891,-0.5058813375333144,9,7,18.739999771118164,34.970001220703125,-0.46411212133376734,88510256.79196252,0.1882279626751091,0.08245969584522128,0.1553672300016542,0.4034787865453551,0.27937155129734825,0.3297865237285368,,,,,,,,,,,,3.46,744847000.0,,,,1.0,0.2910447761194028,,1.40930954087736,,1.417910447761194,-0.05160314889102513,4034229077.8953905,0.5,0.28886010362694303,,5.604947491244318,5.416184904947446,,,,0.9869279968350257,2025-12-31,,,,,
AJG,Arthur J. Gallagher & Co.,Financials,2026-03-31,2023-11-30,2025-03-31,74.51698664913019,39.493636900383315,74.51698664913019,-0.47000491194923655,28,12,216.5800018310547,351.2300109863281,-0.38336703853166687,551529155.0127302,0.06350612633736441,-0.08772833500977373,-0.06572905559202874,,,,,,,,,,,,,,,5.74,1494000000.0,13942000000.0,0.20658768141654194,0.14724133480276813,1.0,-0.11692307692307691,,1.0656320503179053,,1.020061728395062,0.15663625260811886,56371171208.29193,0.7278745644599303,0.7499063260553639,4.043262889706781,24.933420916160504,37.731707636072244,0.07000874917496813,1.0700087491749681,1.4857852512786782,2.065752472235845,2025-12-31,,shares +16% y/y,,,
APPF,AppFolio,Information Technology,2026-03-31,2024-03-31,2024-03-31,74.79133278317488,37.36295900130555,74.79133278317488,-0.5004373152485023,24,24,157.82000732421875,326.0400085449219,-0.5159489535393191,76240845.97804962,0.01603091282399549,-0.13520354852314265,-0.11320426910539766,,,,,,,,,,,,,,,3.88,140923000.0,950822000.0,0.19720423771282358,0.28005222058361334,1.0,-0.30090090090090094,0.9215652935906407,1.0320903713641076,1.1558439595159449,1.0335820895522387,-0.01220180245153768,5732079611.379093,0.03076923076923077,0.09987492182614133,6.028551728272056,32.03950954262219,40.67525961964401,0.049131959386247814,1.0827309431134104,0.09969252154993315,2.4123439172315377,2025-12-31,,,,,
BLDR,Builders FirstSource,Industrials,2026-03-31,2023-08-31,2024-03-31,82.50722823011384,38.75413670069073,82.50722823011384,-0.5302940417219582,31,24,82.33000183105469,214.6999969482422,-0.6165346856017795,246439507.10823423,0.08684563788242183,-0.0643888234647163,-0.04238954404697132,,,,,,,,,,,,,,,3.89,435199000.0,15190638000.0,-0.07376937228468516,-0.04075712406557053,1.0,-0.5706401766004415,0.5534939385152288,0.8492649582799114,0.881425407569602,0.8609271523178809,-0.059651537059696946,9210780068.604927,0.7303264484596199,0.7083565125823993,0.6063458340989316,9.777394098462755,21.164524892301976,-0.029541707382890636,1.0004701318860898,0.03341241226177849,1.1148037266482165,2025-12-31,,,,,
BSX,Boston Scientific,Health Care,2026-03-31,2025-02-28,2025-07-31,86.73547403205204,32.198729921325,86.73547403205204,-0.6287709235390084,13,8,62.75,109.5,-0.4269406392694064,1224367447.9660034,-0.31984063258684015,-0.4710750939339783,-0.4490758145162333,,,,,,,,,,,,,,,1.94,2892000000.0,20074000000.0,0.1986624470054339,0.17605337078651684,1.0,0.552,0.80044284528093,1.2335802469135801,1.104949104949105,1.2262773722627738,0.009426902413689264,93542783505.15465,0.29637096774193544,0.33584465195246177,4.659897554306797,25.22374718539536,32.34536082474227,0.037469636673729934,1.0535490486498804,0.32764077148145937,1.276925406278389,2025-12-31,,,,,
CXT,Crane NXT,Information Technology,2026-03-31,2023-08-31,2023-08-31,76.18970831578991,38.906124916838365,76.18970831578991,-0.4893519639741779,31,31,40.59000015258789,69.0,-0.4117391282233639,34605578.35535927,0.26609206254431106,0.11485760119717292,0.1368568806149179,,,,,,,,,,,,,,,2.5,145100000.0,1656700000.0,0.11427226257734735,0.06864083950262345,1.0,-0.2163009404388715,0.5881637616538306,1.0224719101123596,1.0369903320722993,1.0268199233716475,0.0056903856599672675,2355843608.856201,0.4463092650728488,0.3959749570306456,1.4220097838209702,9.231654709471274,16.236000061035156,0.049274811577680655,1.0492748115776807,0.39958299704062417,1.5271049596309112,2025-12-31,,,,,
EQH,Equitable Holdings,Financials,2026-03-31,2025-02-28,2025-06-30,76.70008817186655,39.47196936624905,76.70008817186655,-0.4853725685712146,13,9,37.11000061035156,56.61000061035156,-0.3444621054541074,144338251.46798635,0.19107196558179607,0.03983750423465793,0.061836783652402916,,,,,,,,,,,,,,,-4.83,-1380000000.0,11665000000.0,-0.062072847149634125,0.1813259878419453,1.0,-2.2777777777777777,,-1.4831223628691983,,-2.3,-0.17368018362662585,10602857317.243303,0.17391304347826086,0.17391304347826086,0.9089461909338451,,,-0.02815962675997663,1.187665835812495,,,2025-12-31,,,,,
FICO,Fair Isaac,Information Technology,2026-03-31,2024-11-30,2024-11-30,90.5922007182053,39.077249007979425,90.5922007182053,-0.5686466528224376,16,16,1067.5400390625,2402.52001953125,-0.5556582128831604,452464440.2215867,0.11918989974944227,-0.032044561597695864,-0.010045282179950876,,,,,,,,,,,,,,,27.009999999999998,657791000.0,2062860000.0,0.16188990303784712,0.1448909105682039,1.0,0.23955943093162002,0.6716463934504902,1.0962293576391897,1.088932507183687,1.1007751937984498,-0.02500366179737279,25998453529.617214,0.6618589743589743,0.6759615384615385,12.603110986502823,29.3227816758849,39.52388149065161,0.03616059117902792,1.048124253882798,0.004488477471718199,1.0102752752559148,2025-12-31,,,,,
LEN,Lennar,Consumer Discretionary,2026-03-31,2024-03-31,2024-03-31,74.33934686291987,38.014474955438686,74.33934686291987,-0.4886358764284471,24,24,86.83999633789062,187.60890197753903,-0.5371221971743787,334773942.47711426,0.04755591884603927,-0.10367854250109887,-0.08167926308335388,,,,,,,,,,,,,,,7.98,2078179000.0,34186934000.0,-0.03539691319644578,0.03528972289783017,1.0,-0.4423480083857442,,0.949191017596038,,0.957372466806429,-0.05235141457516923,22615170018.73198,0.36269070735090153,0.36999893310572923,0.6615150109317197,8.389555164751858,10.882205054873511,-0.01666212538017875,1.0240262964500775,,,2025-11-30,,,,,
MRSH,Marsh McLennan,Financials,2026-03-31,2024-08-31,2024-08-31,71.17474413938429,39.42044621154623,71.17474413938429,-0.44614558593498244,19,19,173.4499969482422,248.0,-0.30060485101515244,557715270.281934,-0.034144769440194844,-0.18537923078733298,-0.163379951369588,,,,,,,,,,,,,,,8.43,4160000000.0,26981000000.0,0.10315643143347786,0.0757389162561577,1.0,0.030562347188264116,0.6684878675879801,1.0212818609255134,1.031711039511616,1.0220858895705522,-0.005755891754173792,85593355552.15747,0.3534871892682306,0.3269336170487152,3.1723566788539146,15.567034561384792,20.57532585388401,0.019959928930556092,1.030064680986984,0.3770545424809878,1.4643270731584512,2025-12-31,,,,,
PTC,PTC Inc.,Information Technology,2026-03-31,2024-03-31,2024-11-30,74.00145658741407,39.52367947751801,74.00145658741407,-0.46590673616227074,24,16,142.49000549316406,219.69000244140625,-0.35140423364887663,177054068.17583355,-0.20268091634116758,-0.3539153776883057,-0.33191609827056073,,,,,,,,,,,,,,,6.79,818283000.0,2859923000.0,0.23624980872193402,0.060526085367961224,1.0,1.0892307692307694,0.7521038757637923,1.4315551940896423,1.32256266584454,1.4305882352941177,-0.0013026718331162757,17171892365.973898,0.25362680225109063,0.2500531770893762,6.004319824685454,15.260760443719972,20.985273268507225,0.0440624468371722,1.1081109945153234,-0.03403625681144435,0.9816695409737756,2025-12-31,,,,,
WING,Wingstop,Consumer Discretionary,2026-03-31,2024-04-30,2024-09-30,81.08246102914329,39.15767135060094,81.08246102914329,-0.5170636059439959,23,18,154.97000122070312,433.8599853515625,-0.6428110301641925,218432770.70012167,0.1218198797344976,-0.029414581612640545,-0.007415302194895557,,,,,,,,,,,,,,,6.21,174267000.0,696853000.0,0.11352701391962694,0.360287356946452,1.0,0.6783783783783783,0.9719785153744471,1.5842508531324448,1.055360786664487,1.610810810810811,-0.044946239225282736,4348817584.980398,0.0,0.0,6.240652741654837,26.234908102801434,24.954911629742856,0.020312454244633793,1.0976136690517235,0.06446076825602781,1.4017608158712453,2025-12-27,TTM net income jumped 1.58x in one quarter,,,,
HLNE,Hamilton Lane,Financials,2026-04-30,2024-11-30,2024-11-30,84.4161243282089,38.36397551472081,84.4161243282089,-0.5455373505947498,17,17,91.98999786376952,203.72000122070312,-0.5484488645564518,89059516.6370089,-0.02630467788372981,-0.06845896696068621,-0.07946272814525634,,,,,,,,,,,,,,,,233506000.0,763399000.0,0.10372641891344836,0.41164368883491687,1.0,,,1.0749630062488809,,,0.0,3374183876.41715,0.018072289156626505,0.018072289156626505,4.4199479910468185,7.669269422869542,,0.04137258379145248,1.1303705366709866,,,2025-12-31,,,,,
KNSL,Kinsale Capital Group,Financials,2026-04-30,2024-03-31,2024-03-31,73.15773086897033,39.90385336062516,73.15773086897033,-0.45455042294716275,25,25,323.6099853515625,548.469970703125,-0.4099768398683661,94035391.4036342,0.10228794539560648,0.060133656318650086,0.04912989513407995,,,,,,,,,,,,,,,22.699999999999996,526941000.0,1917299000.0,0.1704186051054526,0.22789681394503392,1.0,0.30685089234312035,,1.1025401785604092,,1.1030512377662638,-0.004726088061818401,7512042700.05012,0.0,0.0,3.918034015586573,,14.255946491258262,0.02311222009544367,1.0728739277044759,0.0,1.0,2026-03-31,,,,,
PSN,Parsons Corporation,Industrials,2026-04-30,2024-10-31,2024-10-31,84.57446994798332,38.53010236776002,84.57446994798332,-0.5444239568813428,18,18,50.40999984741211,114.68000030517578,-0.5604290223817083,76895986.48352244,-0.12299148545341132,-0.16514577453036772,-0.17614953571493785,,,,,,,,,,,,,,,2.0900000000000003,227862000.0,6301061000.0,-0.0691654626945929,0.16611676327085179,1.0,,0.5632967875109699,0.9449404700193664,1.0131173045187212,0.9500000000000001,1.021887076945514,5495944203.459816,0.19444444444444442,0.17674817674817675,0.8722252019873821,12.699979988555413,24.119617151871818,-0.009927964746800244,1.063989024242761,0.11706419904095869,1.388643940947002,2026-03-31,,shares +102% y/y,,,
TSCO,Tractor Supply,Consumer Discretionary,2026-04-30,2024-05-31,2024-05-31,71.26145267387287,33.25026420038027,71.26145267387287,-0.5334046254635072,23,23,35.099998474121094,63.9900016784668,-0.4514768314823696,336702824.1258046,-0.11624417909505924,-0.15839846817201564,-0.16940222935658578,,,,,,,,,,,,,,,2.06,1096087000.0,15524046000.0,0.04305617510068882,0.022499026329198868,1.0,0.009803921568627416,0.746964165602986,1.0163682332848027,1.0123205911706739,1.019704433497537,-0.014342578692404406,18676044673.545612,0.16181229773462782,0.1197411003236246,1.2030397664079076,10.322682611168355,17.038834210738393,0.008103572789258662,1.01655614165852,0.008681246699725349,1.4793910633387628,2025-12-27,,,,,
WTW,Willis Towers Watson,Financials,2026-04-30,2025-02-28,2025-03-31,72.66784559742533,39.30924692547537,72.66784559742533,-0.459055836838128,14,13,256.20001220703125,352.7900085449219,-0.27378892258393284,245764098.4532432,0.3159357680408579,0.2737814789639015,0.26277771777933134,,,,,,,,,,,,,,,17.03,1667000000.0,9699000000.0,0.007793017456359186,0.024265644955300036,1.0,,0.7408888888888889,15.445255474452555,2.2663101604278073,14.11486486486487,-0.15042267253127117,25078415757.435177,0.3153830196236632,0.2937275354113649,2.5856702502768507,11.915825567972226,15.04404064633184,0.019230769230769162,1.0192307692307692,0.08738570241064007,1.0833003169572109,2026-03-31,,,,,
ACM,AECOM,Industrials,2026-05-31,2024-11-30,2025-10-31,72.40023355526495,34.8844536503307,72.40023355526495,-0.5181720840209375,18,7,69.37000274658203,135.52000427246094,-0.4881198305815082,126814390.1507302,-0.023629699374166147,-0.040214520053362235,-0.0722019636376467,,,,,,,,,,,,,,,3.83,505718000.0,15985834000.0,-0.00384333768914924,0.045461708763181896,1.0,-0.16375545851528384,0.5050846238816524,1.077710910129312,1.06947515079716,1.0880681818181819,-0.020263942008303504,9159702101.565527,0.2251734209565535,0.2773671372606993,0.5729886912103258,,18.11227225759322,0.0018506792049086673,1.0317727651384683,0.031527134116133906,1.1473234916167199,2026-03-31,,,,,
LDOS,Leidos,Industrials,2026-05-31,2024-10-31,2025-11-30,81.08171123054237,39.9884230354622,81.08171123054237,-0.5068132821992155,19,6,127.8000030517578,205.7700042724609,-0.3789182077163332,176961873.9052182,0.10098032798767975,0.08439550730848366,0.0524080637241992,,,,,,,,,,,,,,,10.930000000000001,1413000000.0,17262000000.0,0.024268676200082995,0.07955928511946708,1.0,0.10181451612903247,0.6770483948251078,1.0517629407351838,1.0494335736354274,1.0685483870967742,-0.03793697738249768,16521628939.810955,0.345890198227825,0.30559573871600787,0.9571097752178748,9.41118863017267,11.69258948323493,0.009060618460279501,1.0246646473388143,0.14834154156529994,1.3795354486109002,2026-04-03,,,,,
NVR,"NVR, Inc.",Consumer Discretionary,2026-05-31,2024-09-30,2024-09-30,76.69579310297874,38.882624148254145,76.69579310297874,-0.49302794097132807,20,20,6104.7998046875,9964.76953125,-0.3873616659630158,163005981.00508434,0.03446962759035488,0.01788480691115879,-0.014102636673125675,,,,,,,,,,,,,,,409.48,1238599000.0,9801990000.0,-0.07476443376507258,0.09517451383114173,1.0,-0.15590278493537546,,0.957683014802471,,0.9747067675372595,-0.07552105165139134,18465856533.37436,0.4507290184921764,0.35845702682087116,1.8838885301223893,10.223108739994062,14.90866417086915,-0.05055899582708534,1.0408485793469002,,,2026-03-31,,,,,
OLLI,Ollie's Bargain Outlet,Consumer Discretionary,2026-05-31,2025-07-31,2025-07-31,70.51153647923414,39.40771074916597,70.51153647923414,-0.44111683396983326,10,10,81.62999725341797,141.74000549316406,-0.42408639699569595,141985502.2642832,-0.076074963780703,-0.09265978445989909,-0.12464722804418354,,,,,,,,,,,,,,,3.89,240596000.0,2649198000.0,0.1661716640144737,0.08039475674169227,1.0,0.20433436532507754,0.8082777619135606,1.0760299826472746,1.0773292701023167,1.077562326869806,6.55021120377075e-05,5048804837.836336,0.10818225190839696,0.09983301526717558,1.905786142763333,14.145909442883402,20.984575129413358,0.04421397336881849,1.0442139733688185,0.0,1.0,2026-01-31,,,,,
PNR,Pentair,Industrials,2026-05-31,2024-11-30,2024-11-30,75.64339159130378,35.68811439916739,75.64339159130378,-0.5282057870700999,18,18,70.83999633789062,113.9499969482422,-0.3783238417279887,155664080.2481636,-0.14279856134562863,-0.15938338202482472,-0.19137082560910917,,,,,,,,,,,,,,,4.08,671300000.0,4202300000.0,0.030986261040235608,-0.004177762576042632,1.0,0.054263565891472965,0.7766080518278575,1.073350836888743,1.065091731590852,1.0737704918032787,-0.015845758705336888,11655610181.771072,0.40392030819877084,0.4040330604820046,2.7736263907315215,14.648419768100316,17.36274420046339,0.006297892720306564,1.011529890514485,0.07796859666339549,1.0745484400656815,2026-03-31,,,,,
PPC,Pilgrim's Pride,Consumer Staples,2026-05-31,2024-11-30,2025-02-28,82.23491654642298,35.35515714093795,82.23491654642298,-0.5700712224717907,18,15,28.309999465942383,57.15999984741211,-0.5047235909461938,40085890.47795856,0.1084422378219223,0.09185741714272622,0.05986997355844175,,,,,,,,,,,,,,,3.7299999999999995,887749000.0,18567177000.0,0.03269364448112344,0.0239680182666846,1.0,-0.2657480314960631,0.6472299402236636,1.0241852572327304,1.043094616139355,1.0216535433070868,0.0008296489157355591,6737848181.203991,0.23406542490290896,0.20950973368055106,0.362890286509575,5.045229781517729,7.589812189260694,0.0037639573191112774,1.0143077524231394,0.004522017072237141,1.0397510007055175,2026-03-29,,,,,
GWRE,Guidewire Software,Information Technology,2026-06-30,2024-11-30,2025-06-30,83.47315782893303,39.46149052617638,83.47315782893303,-0.5272553291077429,19,12,123.0500030517578,272.6000061035156,-0.5486060150525769,220486040.51438588,,,,,,,,,,,,,,,,,,1.8600000000000003,159839000.0,1420846000.0,0.2492008116728972,0.18610549148017608,0.0,3.428571428571429,1.3643611345846884,2.0588651017146335,1.8851503327977968,2.0849056603773586,0.042779308313730224,10574295396.661242,0.04801859151815139,0.06470917018864399,7.44225299340058,68.22514077053742,66.15591561922461,0.05890094886616004,1.05890094886616,0.05298381226019954,1.1591868432591779,2026-04-30,net income 1.36x operating income,,,,
ICE,Intercontinental Exchange,Financials,2026-06-30,2024-08-31,2025-07-31,71.36979621492443,37.17379789079851,71.36979621492443,-0.47913823686910084,22,11,123.11000061035156,189.3500061035156,-0.34982837791381605,584993041.3413517,,,,,,,,,,,,,,,,,,6.87,3931000000.0,13077000000.0,0.07285257199113948,0.19126270523846745,1.0,0.4223602484472049,0.7316210683044854,1.1858220211161388,1.0900791235544736,1.1906412478336224,-0.007285863072830412,70443291470.05705,0.12124220079410097,0.10978337971299175,5.386808248838193,12.983587105955117,17.919941864679995,0.03457278481012649,1.055962197720745,-0.021084584461399623,0.9944129220200439,2026-03-31,,,,,
POST,Post Holdings,Consumer Staples,2026-06-30,2024-08-31,2024-11-30,72.35870604906947,39.45987570742937,72.35870604906947,-0.4546630549104903,22,19,88.26000213623047,125.83999633789062,-0.29863314761035764,78286515.49623278,,,,,,,,,,,,,,,,,,5.959999999999999,338500000.0,8448800000.0,0.07155721279456162,0.014788215761226242,1.0,0.05673758865248235,0.3966951834056018,1.0604636591478698,1.0397267206477734,1.0955882352941175,-0.10348305805848124,5012753477.032553,0.09601079013473396,0.09734324842083462,0.5933095205274777,8.699208012536946,14.808725190642699,0.010863843024647046,1.0299070847851335,-0.00575806001572686,0.9941129178661272,2026-03-31,,,,,
ROL,"Rollins, Inc.",Industrials,2026-06-30,2026-01-31,2026-01-31,70.26398410178467,37.186046680681315,70.26398410178467,-0.47076660744410015,5,5,41.7400016784668,66.13999938964844,-0.3689143927479456,187046079.41047427,,,,,,,,,,,,,,,,,,1.09,529295000.0,3844970000.0,0.11034424405470267,0.09459156179708517,1.0,0.101010101010101,0.7261498739206427,1.0543892096255045,1.0486169235181533,1.0594059405940595,0.00733986477899351,20268600172.847782,0.1538772715957182,0.2708644510828977,5.271458599897472,24.27548538793051,38.29357952152917,0.02231291793515111,1.0310745761527385,0.08830352225889387,1.1859393346796139,2026-03-31,,,,,
TMUS,T-Mobile US,Communication Services,2026-06-30,2024-11-30,2025-03-31,88.74953477106084,37.87254258615688,88.74953477106084,-0.573264888837409,19,15,167.72999572753906,276.489990234375,-0.39335960920191826,1108209352.5604248,,,,,,,,,,,,,,,,,,9.41,10543000000.0,90530000000.0,0.09478546896918694,0.05313295975547638,1.0,-0.0810546875,0.5865042278593681,1.0249202886390334,1.0309908568998511,1.0341796875,-0.03734391883324584,187925328900.6848,0.3473076923076923,0.3623076923076923,2.075834849228817,5.8138905678810335,17.824654168707657,0.025150324428993676,1.0286789287919205,0.03093406859188313,1.1742625519449554,2026-03-31,,,,,
HLI,Houlihan Lokey,Financials,2026-07-31,2024-11-30,2025-09-30,85.14618956650574,37.93342921107791,85.14618956650574,-0.5544905837336505,20,10,125.48999786376952,211.7769927978516,-0.40744272450995644,121359001.96333386,,,,,,,,,,,,,,,,,,5.949999999999999,404000000.0,2523516000.0,0.017072687086180816,0.24812526509555988,1.0,0.022336769759450092,0.7844370790203856,1.0498105669861395,1.047610946573976,1.051696284329564,-0.011352929382234866,8520665401.170234,0.5490591167944973,0.49602881376419417,3.376505400072848,14.146498611251523,21.090755943490677,-0.03591191037609698,1.0650631839354565,0.11237180968069185,1.238140766671663,2026-06-30,,,,,
ISRG,Intuitive Surgical,Health Care,2026-07-31,2024-11-30,2025-01-31,75.76193897157137,37.12230915103294,75.76193897157137,-0.5100137396831597,20,18,353.3299865722656,616.0,-0.42641235946060774,1185571038.5110521,,,,,,,,,,,,,,,,,,8.72,3138800000.0,11034400000.0,0.20660470202296333,0.20765929349620338,1.0,0.21617852161785223,0.9094807603152527,1.0536067939981875,1.0941096588015617,1.0595382746051034,-0.010250383142571429,127182587368.46642,0.4411764705882353,0.38009049773755654,11.526008425330458,,40.51949387296624,0.04274198883019431,1.0616761367247582,0.04548933843630399,2.1472697186982903,2026-06-30,,,,,
DKS,Dick's Sporting Goods,Consumer Discretionary,2026-08-31,2024-03-31,2024-08-31,77.46080788788345,34.94397646787442,77.46080788788345,-0.5488818485026359,29,24,135.10000610351562,254.6000061035156,-0.46936369652486776,400226180.16970193,,,,,,,,,,,,,,,,,,10.270000000000001,904534000.0,19204947000.0,0.4122174463493766,0.03332233839472831,1.0,-0.2659042172980699,0.7662665626379249,1.0651112348820533,1.0771359665811668,1.0300902708124373,0.06746364971114005,11898982368.143856,0.2885520788063161,0.2849320736000165,0.6195790265989204,6.319193638660966,13.15482045798594,0.1155860081137976,1.1567190529416171,0.09383760432550786,5.220934809429463,2026-05-02,,"growth 41% vs 3% a year earlier, goodwill up 9% of revenue",,,
