ticker,signal_month,quality,signal,signal_lag,hook,hook_lag,dip15,dip15_lag,rsi40,rsi40_lag,thirds
AON,2009-01-31,False,0.27155439207620313,0,0.23198425000577694,1,,,,,0.09051813069206771
CHD,2009-01-31,False,0.31614323191451676,0,0.3391040760119124,2,,,,,0.10538107730483892
CLH,2009-01-31,False,0.6826762051923656,0,0.7972056618332446,3,,,,,0.5195031858663951
UMBF,2009-01-31,False,0.0907069930837634,0,-0.01059277257341218,2,,,,,0.030235664361254466
ABT,2009-02-28,False,0.0879975554902408,0,0.07978609279247828,1,,,0.219543359485721,2.0,0.10251363832532061
FFIN,2009-02-28,False,0.2236820203179144,0,0.09285482381623722,1,,,,,0.0745606734393048
HAE,2009-02-28,False,0.15492694440396848,0,0.11928103624571751,1,,,,,0.05164231480132283
MCD,2009-02-28,False,0.5469648031285792,0,0.48119670221993127,1,,,,,0.18232160104285974
SR,2009-02-28,False,0.07780218747542755,0,0.2598173481690822,4,0.3583858487729368,3.0,0.3583858487729368,3.0,0.2178550255761448
MZTI,2010-08-31,False,0.6646534349341979,0,0.586600577131474,1,,,,,0.22155114497806597
DLB,2011-02-28,True,-0.28920247710507974,0,-0.28196110397445273,2,-0.15343739864144912,4.0,0.06979258158739943,6.0,-0.12428243138637647
OLED,2011-06-30,False,-0.19891711199821305,0,-0.4270281995299312,2,-0.0014207517220354848,11.0,,,-0.08636591774292109
EW,2011-07-31,True,0.0004203919107998999,0,-0.053943005388430554,1,,,,,0.00014013063693329997
FFIV,2011-07-31,True,-0.06076166133079719,0,-0.155363101208417,3,0.2357494620767029,2.0,,,0.08378798695225076
ALB,2011-08-31,True,0.26497953184382683,0,0.1992925023468195,2,0.5819372263486364,1.0,,,0.4762846615136999
ALV,2011-08-31,True,0.5403379862536153,0,0.4883446907645068,2,,,,,0.4377184159388938
ARW,2011-08-31,True,0.4878204177509109,0,0.2876560097461549,2,,,,,0.38626887721010844
COHR,2011-08-31,True,-0.024291474528160606,0,0.014203074934920679,2,0.156568722159947,10.0,,,0.025807616807670408
CTSH,2011-08-31,True,0.15524033748049537,0,0.007560192500385421,2,,,,,0.1488050874123749
DIS,2011-08-31,False,0.8438434278358968,0,0.8004958761321661,2,,,,,0.6420381619960416
ENS,2011-08-31,True,1.287866637280561,0,1.2817748624822025,2,,,,,0.9519059850206187
HAS,2011-08-31,False,0.26540776246980213,0,0.27805489840473707,2,0.503278269624186,1.0,0.503278269624186,1.0,0.2562286773646627
ILMN,2011-08-31,True,0.49404980677349175,0,1.5538056937400664,4,0.902248245503322,1.0,1.5421292614871591,2.0,0.7661820992600452
LH,2011-08-31,False,0.1459353310277982,0,0.14156240600512815,2,,,,,0.048645110342599406
OXY,2011-08-31,False,0.07000296616704138,0,-0.006930092197702353,2,0.2908521315959409,1.0,,,0.12028503258766077
ROK,2011-08-31,True,0.5869578305357146,0,0.5043849736472972,2,,,,,0.46810264489591663
TKR,2011-08-31,False,0.4780873736693765,0,0.38088203358379924,2,0.7721742043602979,1.0,,,0.4167538593432248
TRV,2011-08-31,False,0.6744413515791652,0,0.43579327054951067,2,,,,,0.22481378385972173
AME,2011-09-30,True,1.1186726133880853,0,0.7675257106877733,1,,,,,0.37289087112936176
AVNT,2011-09-30,True,1.936154832657206,0,1.8102081139186526,1,,,,,0.6453849442190687
BALL,2011-09-30,True,0.47683318329187663,0,0.32517726235445976,1,,,,,0.15894439443062555
BWA,2011-09-30,True,0.679437504638885,0,0.3290144783626796,1,,,,,0.22647916821296166
CAT,2011-09-30,True,0.18226554674974715,0,-0.0809033119863074,1,,,,,0.06075518224991572
CHE,2011-09-30,True,0.32956383161745406,0,0.23101100074341518,1,,,,,0.10985461053915135
CMI,2011-09-30,True,0.6844907950066728,0,0.3834414628670264,1,,,,,0.22816359833555758
CRM,2011-09-30,False,0.8169411686905836,0,0.5592104802228881,1,,,,,0.6211540723124075
CSX,2011-09-30,True,0.4489130916828814,0,0.21797425171844376,1,,,,,0.14963769722762713
DAR,2011-09-30,False,0.6806989349450201,0,0.5092724077405157,1,,,,,0.22689964498167337
DE,2011-09-30,False,0.31986470050049465,0,0.12284131963617084,1,,,,,0.10662156683349822
DHR,2011-09-30,True,0.6587534138920652,0,0.43884459117694474,1,,,,,0.21958447129735506
DOV,2011-09-30,True,1.0103513941526994,0,0.6870582503872165,1,,,,,0.3367837980508998
DVA,2011-09-30,False,0.8158609602153908,0,0.6257143293108258,1,,,,,0.2719536534051303
ETN,2011-09-30,False,1.0592378021266295,0,0.6310342035084631,1,,,,,0.3530792673755432
GGG,2011-09-30,True,1.2523572482527818,0,0.7810300607100602,1,,,,,0.4174524160842606
GNTX,2011-09-30,True,0.11596308129786603,0,-0.11324768711817856,1,0.6426913346949383,10.0,0.6426913346949383,10.0,0.3422368310856361
HAL,2011-09-30,True,0.6132453595273033,0,0.31788690727031677,1,,,,,0.20441511984243443
HUBB,2011-09-30,True,1.2028132632740909,0,0.8251778110158579,1,,,,,0.400937754424697
IEX,2011-09-30,True,1.1737028259648352,0,0.9008385493075173,1,,,,,0.39123427532161176
INGR,2011-09-30,True,0.7501409620951884,0,0.4159908797203993,1,,,,,0.2500469873650628
JBHT,2011-09-30,True,1.0594096824468493,0,0.7581159221594909,1,,,,,0.35313656081561645
LFUS,2011-09-30,True,0.9970164947301785,0,0.6401133027348249,1,,,,,0.33233883157672617
MTD,2011-09-30,True,0.7154185826007295,0,0.563085851546691,1,,,,,0.23847286086690986
NDSN,2011-09-30,False,0.8895710576211475,0,0.6193998500248108,1,,,,,0.29652368587371586
NFG,2011-09-30,False,0.4899402501446444,0,0.18339511256543095,1,,,0.6550722392116144,8.0,0.16331341671488145
NFLX,2011-09-30,True,1.7298489822466787,0,3.4625494782485386,3,2.7671800946662732,1.0,2.7671800946662732,1.0,2.421403057193075
PH,2011-09-30,True,0.7883145738666819,0,0.38438164910071215,1,,,,,0.2627715246222273
PPG,2011-09-30,True,1.4620693682410062,0,1.013306220651788,1,,,,,0.4873564560803354
RMD,2011-09-30,True,0.8739620554202185,0,0.8584689105207299,4,,,,,0.6660105149090297
ROP,2011-09-30,True,0.9502864425092019,0,0.6545386519406291,1,,,,,0.3167621475030673
RRX,2011-09-30,True,0.5320706932715709,0,0.3085897743948154,1,,,0.5320706932715709,0.0,0.1773568977571903
RTX,2011-09-30,True,0.6086072306915626,0,0.4514188152710734,1,,,,,0.20286907689718756
SAM,2011-09-30,True,2.3591474135511907,0,1.7600587415069313,1,,,,,0.7863824711837303
SWK,2011-09-30,False,0.9414100196772128,0,0.4929242418679267,1,,,,,0.3138033398924043
TRMB,2011-09-30,False,0.7710879141632834,0,0.47042807209390847,1,,,,,0.2570293047210945
TTC,2011-09-30,True,1.2613270433528574,0,1.0617247618727212,1,,,,,0.4204423477842858
UGI,2011-09-30,True,0.5924544437226094,0,0.4591475480399798,1,,,,,0.1974848145742031
UHS,2011-09-30,False,1.2437564588874892,0,0.908624023520948,1,,,,,0.41458548629582975
UNP,2011-09-30,True,0.9842473382655961,0,0.627533090975892,1,,,,,0.32808244608853204
WAB,2011-09-30,True,1.38825531773665,0,0.8795344140746908,1,,,,,0.4627517725788833
WAT,2011-09-30,False,0.406941344416792,0,0.3256364883113243,1,,,,,0.13564711480559732
WEX,2011-09-30,True,1.3067822788663972,0,0.8718002986497779,1,,,,,0.43559409295546575
WLK,2011-09-30,True,2.266758704616467,0,1.7174106900758614,1,,,,,0.7555862348721556
IDCC,2011-10-31,False,-0.057722943421617434,0,-0.06865428141697705,1,0.1718098834679962,5.0,0.6495888839909634,7.0,0.1688052805507131
FCFS,2011-11-30,True,0.7515153755465143,0,0.579627610422002,2,,,,,0.25050512518217144
IFF,2011-11-30,True,0.6972576327032418,0,0.6403165154758654,2,,,,,0.23241921090108061
MAA,2011-11-30,True,0.14221097691093298,0,0.046707263952491695,1,,,,,0.04740365897031099
SGI,2011-11-30,True,-0.0657387647676142,0,-0.2351971157293128,2,0.10409021264920115,6.0,1.1812742599463188,7.0,0.40654190260930195
TECH,2011-11-30,True,0.3102060100662003,0,0.2954256063598213,1,,,,,0.1034020033554001
AMZN,2011-12-31,False,1.3038129894743222,0,1.0509669366749277,1,,,,,0.4346043298247741
DECK,2011-12-31,True,0.11763926427378602,0,0.04465057020168062,1,0.33957180037800905,3.0,0.919109305898024,6.0,0.37098826284152003
FDS,2011-12-31,True,0.27648279114015173,0,0.2614516604736745,1,,,,,0.09216093038005058
CHRW,2012-02-29,True,-0.1828873013028247,0,-0.08124490716703581,4,0.017497274384030925,5.0,-0.07698716277771334,3.0,-0.08662482136017935
HALO,2012-04-30,False,-0.07797031192940351,0,-0.1591422011342266,2,0.2844826834947427,4.0,,,0.16366501835336064
FTI,2012-05-31,False,0.44284297761697267,0,0.28679092525299277,2,,,,,0.14761432587232423
KEX,2012-05-31,False,1.0945434939100713,0,1.094940346650942,2,,,,,0.814224769509261
NJR,2012-05-31,False,0.4226517365425422,0,0.3574865071250881,1,,,,,0.1408839121808474
SGI,2012-05-31,True,0.1893532261349724,0,0.9290980084961935,2,1.3497224669055266,1.0,1.3497224669055266,1.0,0.9629327199820086
CNC,2012-06-30,True,1.5069628976420337,0,0.9876445528551163,1,,,,,0.5023209658806779
FAST,2012-06-30,True,0.2883801623091262,0,0.1990786299578231,1,,,,,0.09612672076970874
CMG,2012-07-31,False,1.3004822770739817,0,1.1178433788013495,2,,,,,0.9808689776355038
HRL,2012-07-31,True,0.6793333327579987,0,0.6319709069737511,1,,,,,0.22644444425266622
HUM,2012-07-31,True,0.9575306786442128,0,0.7206603305222525,1,,,,,0.3191768928814043
SBUX,2012-07-31,True,0.7654219536283844,0,0.6050962027891669,1,,,,,0.25514065120946144
TPR,2012-07-31,True,-0.263464933924203,0,-0.37496518864830186,1,,,,,-0.087821644641401
CLH,2012-08-31,True,0.11307228525267066,0,0.037532176498300096,2,,,,,0.117458778172284
RLI,2012-08-31,False,0.6183139688045618,0,0.5381992685813721,1,,,,,0.20610465626818728
MNST,2012-09-30,False,0.6957084656851902,0,0.7611911617313976,2,1.053079700800414,1.0,,,0.5829293888285347
DLR,2012-10-31,True,0.25287624515141593,0,0.19250340092612594,1,0.5361831905876533,12.0,0.3438306040979382,9.0,0.2630198119130231
DLTR,2012-10-31,True,0.5191873919611592,0,0.45112595254330357,1,,,,,0.17306246398705305
MCD,2012-10-31,True,0.15375876239744835,0,0.1403373205066436,1,,,,,0.05125292079914945
ATR,2012-11-30,False,0.4168536693585898,0,0.41536811048715205,1,,,,,0.13895122311952993
CASY,2012-11-30,True,0.7320277667729826,0,0.6113405981752158,1,,,,,0.2440092555909942
ED,2012-11-30,False,0.233351499358186,0,0.2097172452122784,2,,,,,0.07778383311939534
SO,2012-11-30,False,0.1946847875492972,0,0.16337343654715597,2,,,,,0.06489492918309907
VMRK,2012-11-30,False,0.3728061687115509,0,0.3263630802135373,1,,,,,0.12426872290385031
AAPL,2012-12-31,True,0.519701330399089,0,0.816412840342968,3,0.8215972333796018,2.0,,,0.7698757800012855
ROST,2012-12-31,True,0.7794938444289388,0,0.6122757800328436,1,,,,,0.2598312814763129
RGLD,2013-02-28,False,0.13259176431932596,0,0.04505265468148134,1,0.351584387615993,3.0,0.758858369152047,4.0,0.4076981008959619
ISRG,2013-03-31,True,0.028176453591143735,0,0.025879026592256826,1,0.3016237308229244,4.0,,,0.21047463841233083
EW,2013-04-30,True,0.9854208484289402,0,0.9056575328890637,1,,,0.9854208484289402,0.0,0.32847361614298004
IDXX,2013-05-31,False,0.6448326308565133,0,0.5118742603681163,1,,,,,0.21494421028550445
CF,2013-06-30,False,0.9443036994184799,0,0.701179211186379,1,,,,,0.31476789980616
IBM,2013-06-30,False,-0.10624631062121948,0,-0.12425496409179881,1,,,,,-0.035415436873739825
OKE,2013-06-30,False,0.1760727601853629,0,-0.08246322853951416,1,,,,,0.05869092006178763
AMT,2013-07-31,False,0.38713025606744855,0,0.3197351193821023,2,,,,,0.1290434186891495
DOC,2013-08-31,True,0.01275536088005702,0,0.007314578521856685,1,,,0.10790525212196789,3.0,0.004251786960019007
FRT,2013-08-31,False,0.40122747548526005,0,0.33406259858215237,1,,,,,0.13374249182842002
NNN,2013-08-31,True,0.24167583228858058,0,0.1952404611395715,1,,,,,0.0805586107628602
NVR,2013-08-31,True,0.7760366851379419,0,0.6535753730293254,1,,,,,0.25867889504598063
O,2013-08-31,False,0.24965548712865226,0,0.23629604295076878,1,,,,,0.08321849570955075
SPG,2013-08-31,False,0.3925213920908661,0,0.36809599602933396,1,,,,,0.1308404640302887
VTR,2013-08-31,False,-0.15226812441869053,0,-0.19982977105264854,2,,,,,-0.05075604147289684
MKC,2013-09-30,False,0.32466042910675363,0,0.23291082287482712,1,,,,,0.10822014303558454
RYN,2013-10-31,True,-0.2903559839118809,0,-0.2548780666774,3,,,-0.21664849792561014,2.0,-0.09678532797062696
PNW,2013-11-30,True,0.28466200648711526,0,0.2182706264131702,3,,,,,0.09488733549570509
WELL,2013-11-30,False,0.2435123086506923,0,0.20207718850175205,2,,,,,0.08117076955023077
CVLT,2014-01-31,True,-0.45678296476704283,0,-0.23303348605639207,4,-0.2247934034113166,3.0,-0.2247934034113166,3.0,-0.3021232571965587
FCFS,2014-01-31,True,-0.2775740450048615,0,-0.3280331606996457,1,,,,,-0.09252468166828716
GWW,2014-01-31,True,-0.12935263393219087,0,-0.20270192014696353,1,,,,,-0.04311754464406362
LAD,2014-01-31,True,0.3811546878694816,0,0.22587839496237327,1,,,,,0.12705156262316053
MAT,2014-01-31,False,-0.19051241498098093,0,-0.2442430256012147,2,-0.03137081198539826,8.0,-0.03137081198539826,8.0,-0.04385246341287382
SJM,2014-01-31,False,0.39611913397096954,0,0.337284378102922,1,,,,,0.13203971132365652
ULTA,2014-01-31,True,1.113755688999492,0,1.0199575564433974,1,,,,,0.37125189633316397
WPC,2014-01-31,False,0.11078209047445675,0,0.03313914927676054,1,,,,,0.036927363491485586
WRB,2014-01-31,True,0.343903593925877,0,0.26308681803891876,1,,,,,0.11463453130862566
YUM,2014-01-31,False,0.1262600961672533,0,0.02090130216460029,1,,,,,0.04208669872241777
HAE,2014-02-28,False,-0.1206139738594939,0,-0.05813269120385278,3,0.05665353050476152,2.0,-0.015648920501545538,1.0,-0.04542096478701315
NXST,2014-03-31,False,0.21698385596690684,0,0.14582766978109762,1,,,,,0.07232795198896895
TYL,2014-03-31,True,0.5369263879220705,0,0.41004277931459576,3,,,,,0.17897546264069017
AMZN,2014-04-30,False,1.1687764903869642,0,1.110350388893476,1,,,,,0.3895921634623214
BMRN,2014-04-30,False,0.4542332297934213,0,0.3611959741422266,2,,,,,0.1514110765978071
CSGP,2014-04-30,True,0.22636584246858726,0,0.36310883456192045,4,,,,,0.1997160638018761
DXCM,2014-04-30,False,0.984586929063914,0,0.9069905347819391,1,,,,,0.32819564302130466
HALO,2014-04-30,False,0.41610744440750635,0,0.33544304599710006,1,,,,,0.13870248146916878
MORN,2014-05-31,True,0.21156283534543574,0,0.20025851256894978,1,,,,,0.07052094511514524
TCBI,2014-05-31,False,0.0007813139974826022,0,-0.050231622702169965,1,0.25434528691397085,8.0,,,0.16982396260847477
TJX,2014-05-31,True,0.4319666121435455,0,0.46313742655970613,2,,,,,0.14398887071451516
DINO,2014-06-30,False,-0.4068314830923785,0,-0.44872276984929016,1,,,,,-0.24647112192828066
TREX,2014-06-30,False,0.5586397864193069,0,0.19468085084796893,2,,,,,0.18621326213976896
TSCO,2014-06-30,True,0.5373964982568955,0,0.4936265221102758,1,,,,,0.17913216608563184
WBD,2014-06-30,False,-0.3352839290078987,0,-0.4205479441253396,1,-0.12969990543524623,7.0,-0.12969990543524623,7.0,-0.19822791329279707
ACGL,2014-07-31,False,0.3588398637531167,0,0.30676496212635906,1,,,,,0.11961328791770558
AYI,2014-07-31,False,1.460353624244045,0,1.13046615488618,1,,,,,0.48678454141468164
CHD,2014-07-31,True,0.5813031511916427,0,0.48025040339998215,1,,,,,0.19376771706388088
CINF,2014-07-31,False,0.7477047449383925,0,0.6724760214002665,1,,,,,0.24923491497946415
HOMB,2014-07-31,False,0.42981943518265253,0,0.3419884018849959,3,,,,,0.14327314506088418
HSY,2014-07-31,False,0.31870957113333986,0,0.2641434561546503,1,,,,,0.10623652371111329
HXL,2014-07-31,True,0.17438737370148338,0,0.062052460146122757,1,,,,,0.05812912456716113
MANH,2014-07-31,True,0.977179769423903,0,0.7369839143498829,2,,,,,0.3257265898079677
MIDD,2014-07-31,True,0.6522096103846575,0,0.3960338905880374,1,,,,,0.2174032034615525
MMS,2014-07-31,True,0.4342229519029819,0,0.22268238890294834,3,,,,,0.14474098396766064
PNR,2014-07-31,False,0.04162764596204327,0,-0.019581693273957423,1,,,,,0.013875881987347757
PODD,2014-07-31,False,0.0014148057963967453,0,-0.01993910851656766,1,0.20415107603279758,6.0,,,0.15247431076412074
PVH,2014-07-31,False,-0.07995811720356738,0,-0.13193804783341734,1,,,,,-0.02665270573452246
RBC,2014-07-31,False,0.37040378568587773,0,0.22986106036312637,1,,,,,0.12346792856195925
ROST,2014-07-31,False,0.9571551990023623,0,0.6711855141472125,1,,,,,0.31905173300078743
WEC,2014-07-31,False,0.596193873816903,0,0.5207306037786599,1,,,,,0.19873129127230102
WST,2014-07-31,True,1.001645767893657,0,0.8781264826363442,1,,,,,0.333881922631219
WTRG,2014-07-31,False,0.5309015702319024,0,0.4456168446051001,1,,,,,0.1769671900773008
BKH,2014-09-30,False,0.3637444910083383,0,0.1930586487227941,1,,,0.5307252707372077,10.0,0.2981565872485153
BWA,2014-09-30,True,-0.3149068114700484,0,-0.3678929467859564,1,-0.18187145260171234,11.0,-0.18187145260171234,11.0,-0.21277453421933648
CPRT,2014-09-30,False,0.710089460254435,0,0.6016747479921218,1,,,,,0.23669648675147834
ENS,2014-09-30,False,0.20723327097054356,0,0.12726331530332935,1,,,,,0.06907775699018119
ETN,2014-09-30,True,0.11167860685199882,0,0.030078700126817237,1,0.3299981377209149,12.0,0.3299981377209149,12.0,0.14722558152430457
EVR,2014-09-30,False,0.14845202586123896,0,0.04263559263422456,1,,,,,0.04948400862041299
GIS,2014-09-30,False,0.3458617522025478,0,0.29607297459202764,1,,,,,0.1152872507341826
LII,2014-09-30,True,1.0918404186714534,0,0.8083650226086354,1,,,,,0.3639468062238178
PSKY,2014-09-30,False,0.04747683493939525,0,0.03356752739844859,1,0.3888267305894555,12.0,0.22918965901991717,11.0,0.2218310748495893
SWX,2014-09-30,False,0.5178718305857113,0,0.26937956060471624,1,,,,,0.17262394352857044
VMI,2014-09-30,False,0.022742799325386143,0,0.013429422138994784,1,0.22930434312729475,10.0,0.145369183454775,4.0,0.1515167006725746
VTRS,2014-09-30,False,-0.16201361740019804,0,-0.2881418653752027,1,,,,,-0.07172266371323421
WSO,2014-09-30,True,0.7191603890958027,0,0.4479167057471143,1,,,,,0.2397201296986009
DAR,2014-10-31,False,-0.22727272234672358,0,-0.2688171987878696,1,-0.029264799479937653,5.0,-0.029264799479937653,5.0,-0.09526744043553297
HAL,2014-10-31,True,-0.13539305906958432,0,0.18683900352404081,3,0.1297263644266935,1.0,0.20675580416414951,2.0,0.04135322326126756
WLK,2014-10-31,True,-0.2463854843597919,0,-0.20570914624176218,4,-0.07473633897738019,3.0,,,-0.14095603345014138
AVAV,2014-11-30,False,0.021291958573845582,0,0.0324698794090823,3,0.41217554611652796,10.0,0.41217554611652796,10.0,0.20339422900383183
CBT,2014-11-30,True,0.23733939324745723,0,0.21533415099535613,1,0.5002605875856629,8.0,0.4153702968961426,7.0,0.4000954148105833
COP,2014-11-30,False,-0.20915700214464594,0,-0.24339726398253825,1,0.0018315160956732246,8.0,0.0018315160956732246,8.0,-0.06849798998443317
CXT,2014-11-30,False,0.30241016896278783,0,0.2613824815943948,2,0.6221108305137204,10.0,0.4390290639382872,9.0,0.30817366649216943
EOG,2014-11-30,True,0.20157814264181662,0,0.13175680618272056,1,0.4231579153316376,10.0,,,0.1812657623420455
EXP,2014-11-30,True,0.1928663519136935,0,0.2502435970753123,3,0.43085008357703836,10.0,,,0.19030242418924512
FLS,2014-11-30,False,-0.16944454861569402,0,-0.18498509243360262,1,0.031018752422119933,8.0,0.031018752422119933,8.0,-0.02163818916378531
HUBB,2014-11-30,True,0.10158592823687962,0,0.10127654234371497,1,0.3632722233733592,10.0,0.3632722233733592,10.0,0.15495271720341294
KEX,2014-11-30,True,-0.34002495146914646,0,-0.1768292779492885,3,-0.21414413621861905,1.0,-0.12470681979904241,2.0,-0.22629196916226932
NFLX,2014-11-30,True,1.3630224934533777,0,0.853779827872807,2,,,,,0.4543408311511259
OGE,2014-11-30,False,-0.046690243094546835,0,0.025518428168767038,5,0.17304672953231548,7.0,0.17304672953231548,7.0,0.07883102549171195
OKE,2014-11-30,False,0.15456817799648648,0,0.3936937610281599,3,0.4009737767619235,2.0,0.5429713513356049,7.0,0.3362342503907061
PB,2014-11-30,False,0.23122949712468155,0,0.33042160030251555,3,0.5030074349218219,2.0,0.5030074349218219,2.0,0.24474564401550114
SLB,2014-11-30,True,0.02718367544965239,0,0.03808924296983163,3,0.25146038792920944,10.0,0.25146038792920944,10.0,0.0928813544596206
SYNA,2014-11-30,False,-0.13351325009230908,0,-0.2071469387773196,1,,,,,-0.04450441669743636
WYNN,2014-11-30,True,-0.40053213841356805,0,0.02262997972839531,8,-0.28024370777589835,1.0,-0.1576704369261025,4.0,-0.2794820943718563
AIT,2014-12-31,False,0.37078434782556147,0,0.4174468602205468,2,,,,,0.30550638765541055
CFR,2014-12-31,True,0.3312712165444498,0,0.37679223435095643,2,,,0.5094858951719754,1.0,0.28025237057214175
DOV,2014-12-31,False,0.09801684168886671,0,0.08708469509567496,2,0.3528609838338086,9.0,0.24869410722507324,8.0,0.11557031630464665
ECL,2014-12-31,True,0.14872071948195065,0,0.03915747153728155,2,,,,,0.04957357316065022
EQT,2014-12-31,False,-0.1331418421437519,0,-0.1780838444042735,2,0.14506093887625693,11.0,0.012040351409455363,9.0,0.007986482713986795
ITT,2014-12-31,False,-0.022141227527279428,0,-0.03666507494191651,2,0.1729501480477491,9.0,,,0.027564850043497735
WMB,2014-12-31,False,-0.2016458862906425,0,-0.26839255020863906,2,-0.05567811951844437,11.0,0.31180054200772367,12.0,0.015681686160126107
AME,2015-01-31,True,0.08203142833270327,0,-0.02466500021507445,1,,,,,0.027343809444234424
AXP,2015-01-31,False,-0.020341631992039644,0,-0.031147841479022165,1,0.4552321694905448,12.0,0.12430841685849958,11.0,0.17546649651940485
BKNG,2015-01-31,True,0.5603378368380489,0,0.27285299939946683,1,,,,,0.1867792789460163
CGNX,2015-01-31,True,0.8599480343912076,0,0.5294940443381997,1,,,,,0.656031001368543
DCI,2015-01-31,False,0.20191666198721303,0,0.18112000496016356,1,0.5429124872707671,8.0,0.2958848566381389,6.0,0.37619072223046274
EEFT,2015-01-31,True,0.5756774092263401,0,0.2658406485498479,1,,,,,0.19189246974211338
EME,2015-01-31,False,0.7487982006283151,0,0.6030316324077925,1,,,,,0.24959940020943838
EMR,2015-01-31,False,0.10817010054915333,0,0.08059827092717531,1,0.3924144308492987,8.0,0.19998940179026858,6.0,0.26313812722001156
GATX,2015-01-31,True,0.07869402722173824,0,-0.01573075095559351,1,0.3675858265667533,8.0,0.3675858265667533,8.0,0.2247000408118942
GBCI,2015-01-31,False,0.7228911898141144,0,0.579612649196511,1,,,,,0.24096372993803813
GGG,2015-01-31,True,0.3023376547866945,0,0.2243144620919968,1,,,,,0.1007792182622315
GL,2015-01-31,False,0.4962762232198865,0,0.40692117981194387,1,,,,,0.16542540773996217
LIN,2015-01-31,False,0.033869063691843504,0,-0.02522097535947221,1,,,0.16557966258724321,7.0,0.06648290875969558
LSTR,2015-01-31,True,0.33294965506503593,0,0.2151397201684726,1,,,,,0.2713576936922704
MCD,2015-01-31,False,0.4139234914470413,0,0.31018173844206465,1,,,,,0.13797449714901378
RNR,2015-01-31,False,0.45696863506509433,0,0.35891844448065147,1,,,,,0.15232287835503144
SAIA,2015-01-31,False,0.14105909619124546,0,0.04388443431096101,1,0.5525039758511798,8.0,1.0351545105845328,9.0,0.32439674716850125
UPS,2015-01-31,False,0.1703636232569481,0,0.12902682350545325,1,,,,,0.0567878744189827
URI,2015-01-31,True,0.5269765755176237,0,0.359445313526606,1,0.8884905316848166,6.0,1.106744508407787,8.0,0.8407372052034091
WCC,2015-01-31,True,0.05901715368935023,0,0.018291896174793765,1,0.263176522520423,7.0,0.15221614109204462,6.0,0.2812016202755609
WTS,2015-02-28,False,0.19116763188213493,0,0.1900854788141062,1,,,,,0.06372254396071164
EGP,2015-03-31,True,0.3209742225516592,0,0.39882128776448544,3,,,,,0.10699140751721974
PII,2015-03-31,True,-0.3790676589045434,0,-0.38976274059828053,2,-0.2260967419482628,7.0,-0.179453762892003,8.0,-0.27774442621109025
TSN,2015-03-31,True,0.6466063172974272,0,0.5965827045696679,1,,,,,0.2155354390991424
WDC,2015-03-31,False,-0.031898497994462205,0,-0.09855820984881036,1,0.3010809845843101,7.0,0.39301778738034576,8.0,0.12861826188713812
ATR,2015-04-30,False,0.33217113550476873,0,0.29665781891897947,1,,,,,0.11072371183492291
KNX,2015-04-30,False,0.20732546109973415,0,0.2876414221140029,3,0.44739111420349964,5.0,,,0.21823885843441126
ODFL,2015-04-30,False,0.24579942103630814,0,0.29155671869338984,2,0.5001474228721379,8.0,,,0.43821225880021647
PKG,2015-04-30,False,0.5243494587868178,0,0.4777971247080586,3,1.0230009710332584,9.0,1.0230009710332584,9.0,0.7572458061192169
SAM,2015-04-30,True,-0.4174737517119185,0,-0.45276364102081745,1,-0.2960940120546438,4.0,-0.07515373904362155,12.0,-0.3191948964082765
CAR,2015-05-31,False,-0.5511764748950014,0,-0.48130524003899466,3,-0.38780420416047745,6.0,-0.12866388488775427,8.0,-0.47323252486970074
GOOG,2015-05-31,True,0.8132716845665444,0,0.5422707239405069,2,,,,,0.2710905615221815
NSC,2015-05-31,False,0.42230020812848323,0,0.623434068840151,5,0.7005682014458834,4.0,0.6676085295221956,3.0,0.63977242490797
PG,2015-05-31,False,0.1991590888952699,0,0.29606052905752334,4,,,0.31935237108964754,3.0,0.06638636296508997
UNP,2015-05-31,True,0.1486053411192798,0,0.18768112195476228,2,0.3627273662122794,6.0,0.4629282182164831,7.0,0.31817382858600535
AWK,2015-06-30,False,0.6734895250283011,0,0.5677477672975149,1,,,,,0.22449650834276702
CB,2015-06-30,False,0.49433725405580753,0,0.3969309018110867,1,,,,,0.16477908468526917
D,2015-06-30,False,0.2367593361294602,0,0.15344652145391802,1,,,,,0.07891977870982007
DUK,2015-06-30,False,0.2912362359595275,0,0.22860566470091026,1,,,,,0.09707874531984251
ES,2015-06-30,False,0.4283481961100286,0,0.304531222776822,1,,,,,0.1427827320366762
GOOGL,2015-06-30,True,0.721502253985683,0,0.41396210501654607,1,,,,,0.240500751328561
HRB,2015-06-30,False,0.1126256732438018,0,-0.009030992464840848,1,0.6004379178830268,10.0,0.2260741652529854,9.0,0.4378338363366185
IDA,2015-06-30,False,0.6090915438852944,0,0.4544261056233967,1,,,,,0.20303051462843147
JNJ,2015-06-30,False,0.43561814563764023,0,0.39622115196973096,1,,,,,0.14520604854588007
LECO,2015-06-30,False,0.5748787411294689,0,0.5946097214316028,4,,,0.8190654644532991,3.0,0.46464806852758933
LUV,2015-06-30,True,0.9086058114378803,0,0.7446340840088856,1,,,,,0.30286860381262676
OHI,2015-06-30,False,0.10710204284779024,0,0.03235439214361868,1,,,,,0.03570068094926341
OMC,2015-06-30,False,0.2579443767057179,0,0.19614871320329152,1,,,,,0.08598145890190596
PNW,2015-06-30,False,0.6069438585486051,0,0.467102016889013,1,,,,,0.2023146195162017
RMD,2015-06-30,True,0.43946053090491155,0,0.40021350386678645,1,,,,,0.14648684363497053
SMCI,2015-06-30,True,-0.16666668010021313,0,-0.09872028931725196,2,0.0036644235323399776,5.0,,,-0.054334085522624385
SRE,2015-06-30,False,0.19917993608064277,0,0.1657188965495202,1,,,,,0.06639331202688092
STX,2015-06-30,False,-0.061242889428316905,0,-0.11875550957169034,1,0.15926902571550383,4.0,0.15926902571550383,4.0,0.10217287049631811
AMG,2015-07-31,False,-0.10385823495931168,0,0.03355076038841287,3,0.08958310421560323,2.0,0.16617332622815217,5.0,0.02053542022678856
AVNT,2015-07-31,False,0.09952450042369998,0,0.12329701682428262,3,0.38289156879077124,6.0,,,0.25422801321125327
BDC,2015-07-31,False,0.22248918712165588,0,0.12971946929813938,3,0.5492810919555864,2.0,0.4369528442110888,1.0,0.402907707762777
BIIB,2015-07-31,True,-0.0915678604466511,0,-0.054708697345224766,5,0.1162978234081411,7.0,,,0.038497530632032206
CHH,2015-07-31,False,0.31722418394842467,0,0.30844264906092356,1,,,,,0.27703364864796837
CW,2015-07-31,False,0.4495377965695577,0,0.4009572877516774,3,,,,,0.14984593218985257
ECHO,2015-07-31,False,0.308272327422932,0,0.354673294249384,3,0.5527997999111252,4.0,0.5527997999111252,4.0,0.5299313584781221
GPC,2015-07-31,True,0.009990409707946402,0,-0.017648788459589615,3,,,,,0.003330136569315467
MCHP,2015-07-31,False,0.969658826538419,0,0.9426036504120636,2,,,,,0.32321960884613965
NEU,2015-07-31,False,0.19363618542691485,0,0.2013441930959481,3,,,,,0.06454539514230495
PH,2015-07-31,False,0.5366121514451425,0,0.6443751783548433,3,,,0.7694359560880066,2.0,0.4353493691777164
RTX,2015-07-31,False,0.2433824018514592,0,0.25916248790777363,3,,,0.35262733700236515,1.0,0.211944338562585
TEL,2015-07-31,False,0.379682200669786,0,0.3950701564090131,2,,,,,0.12656073355659533
ZBH,2015-07-31,False,0.18567032713250775,0,0.17725237215213996,3,,,,,0.06189010904416925
ADP,2015-08-31,False,0.4444011358642799,0,0.3810510782008969,1,,,,,0.14813371195475997
ADSK,2015-08-31,False,1.448342226405832,0,1.0739264709653424,2,,,,,0.4827807421352774
AJG,2015-08-31,False,0.4206055754909235,0,0.40786619485532816,2,,,0.6218554999347654,5.0,0.3474870251418963
ALL,2015-08-31,False,0.6117856798929824,0,0.5180165538851849,2,,,,,0.20392855996432746
ALV,2015-08-31,False,0.11030975694258438,0,0.04043833740047997,1,,,,,0.03676991898086146
AMP,2015-08-31,False,0.3017400432070434,0,0.26404173478512893,2,0.6086022768723811,5.0,0.6086022768723811,5.0,0.5442090277675234
APH,2015-08-31,True,0.5756057435802193,0,0.5174565938835645,2,,,,,0.19186858119340644
ASH,2015-08-31,False,0.24279722195762288,0,0.18899413052378478,2,,,,,0.08093240731920763
BA,2015-08-31,True,0.950351110053784,0,0.9463296918558042,1,,,,,0.3167837033512613
BLK,2015-08-31,False,0.45626123799901497,0,0.25145683098940763,2,,,,,0.152087079333005
BRK-B,2015-08-31,False,0.3515369496877718,0,0.3318629464180043,2,,,,,0.11717898322925728
BX,2015-08-31,False,0.11686661043698554,0,0.11894433115216918,2,0.4081577453303291,5.0,0.39159870886322956,6.0,0.2633835914885221
BXP,2015-08-31,True,0.12192178550058941,0,0.0683587522691187,1,,,,,0.040640595166863136
CGNX,2015-08-31,True,2.104463070433933,0,1.930028741631753,2,,,,,0.7014876901446443
CL,2015-08-31,False,0.19266599838527054,0,0.18044973828763378,1,,,,,0.06422199946175684
CNC,2015-08-31,True,0.4395657277517615,0,0.4937794074969577,2,,,,,0.3593192491246879
CSX,2015-08-31,False,0.9152799551540851,0,0.9429553542734803,2,1.2639099376411989,5.0,1.2639099376411989,5.0,0.7263966309317613
FDX,2015-08-31,False,0.4471708706013662,0,0.39437219921200706,2,,,,,0.36063087691282214
GILD,2015-08-31,True,-0.16512629473772367,0,-0.19193436130729458,2,0.0481987485544515,5.0,,,-0.02290959920960689
IEX,2015-08-31,False,0.6887724612153001,0,0.5736569656502166,2,,,,,0.22959082040510004
INTU,2015-08-31,False,0.6887424505524526,0,0.6316585973801931,1,,,,,0.22958081685081755
ITW,2015-08-31,False,0.6995454001464911,0,0.5521428391325736,2,,,,,0.23318180004883038
JAZZ,2015-08-31,True,-0.11527073729178472,0,0.08799535211590093,2,0.12461413565237223,1.0,,,0.044652511337653245
LNT,2015-08-31,False,0.6121543709992026,0,0.5619895088071387,1,,,,,0.20405145699973418
LOPE,2015-08-31,True,1.2199676700270268,0,1.159778874088989,1,,,,,0.4066558900090089
M,2015-08-31,False,-0.6144951888709631,0,-0.4495984133585941,5,-0.42540588444009075,3.0,-0.42540588444009075,3.0,-0.5341165787290397
MAR,2015-08-31,True,0.5101471892668534,0,0.3897762051711,2,,,,,0.4151814132962312
MCK,2015-08-31,True,-0.23352295159115988,0,-0.2013896491548285,3,-0.06064772645406291,5.0,-0.030045283134197298,6.0,-0.1080719870598067
MMM,2015-08-31,False,0.5129225509020343,0,0.3678957109867014,2,,,,,0.17097418363401143
MOG-A,2015-08-31,False,0.21648178842461085,0,0.24287568601553078,2,0.6568099660792741,5.0,0.4196413550868314,1.0,0.4309777031969055
PCAR,2015-08-31,True,0.20843002547689737,0,0.35348707799357526,2,0.452712823562168,4.0,0.452712823562168,4.0,0.19145678824905957
PPG,2015-08-31,False,0.1292141043834365,0,0.03206231296864415,2,,,,,0.04307136812781217
R,2015-08-31,False,-0.00402030504746087,0,0.42040207660383255,6,0.23010123230993562,3.0,0.23010123230993562,3.0,0.18702426539754724
RPM,2015-08-31,False,0.17039101732876238,0,0.11574895097138738,2,,,,,0.05679700577625413
TDY,2015-08-31,False,0.532631926727893,0,0.6220948448105643,3,0.8468922776442307,5.0,,,0.45984140145737457
TMO,2015-08-31,True,0.5051177058819867,0,0.44108171977210486,2,,,,,0.16837256862732888
TNL,2015-08-31,False,0.3735896476542455,0,0.2913601106654753,2,,,,,0.3277890252677768
TT,2015-08-31,False,0.6086535516475664,0,0.49280913325197906,2,,,,,0.20288451721585546
VTRS,2015-08-31,False,-0.3651946144195042,0,-0.2860058574049521,2,-0.21808240018015645,1.0,,,-0.1944256715332202
WELL,2015-08-31,False,0.27745688693580695,0,0.1950220035799628,1,,,,,0.09248562897860231
WEX,2015-08-31,True,0.15455411825892584,0,0.21388049098304207,2,0.5030987256883319,5.0,0.5030987256883319,5.0,0.3869171898785299
ZBRA,2015-08-31,False,0.24384652213099822,0,0.340572097429648,2,0.4801147750095436,4.0,0.706787975720842,5.0,0.47691642428712794
ABT,2015-09-30,False,0.3929186678308523,0,0.2432983712578083,1,,,,,0.13097288927695075
ADM,2015-09-30,False,0.09016486258815615,0,-0.010351855427555678,1,,,0.2688055530407707,4.0,0.10644338429726201
AMGN,2015-09-30,True,0.41972109257045465,0,0.24147071150910726,1,,,,,0.13990703085681822
AMT,2015-09-30,False,0.6174536011571092,0,0.3919943805399513,1,,,,,0.20581786705236974
AON,2015-09-30,False,0.6896013212330836,0,0.5994188431110024,1,,,,,0.22986710707769453
APD,2015-09-30,False,0.3391404817069821,0,0.22929589405037065,1,,,,,0.11304682723566069
BALL,2015-09-30,False,0.34910316499286953,0,0.22502515041615867,1,,,,,0.11636772166428984
BMRN,2015-09-30,False,-0.11631219175366181,0,-0.20480178599796217,1,0.25736292779935255,4.0,,,0.13280455461501442
CACI,2015-09-30,False,0.8838718913595691,0,0.43600582016501477,1,,,,,0.29462396378652306
CAH,2015-09-30,False,-0.0885838638004881,0,-0.1482360063858712,1,,,,,-0.029527954600162703
CF,2015-09-30,False,-0.15067497395563667,0,-0.24887386571973735,1,0.26314607452638605,4.0,0.26314607452638605,4.0,0.12520572503237848
COO,2015-09-30,False,0.5939534794403454,0,0.5573372436136046,1,,,,,0.4675666701203931
COR,2015-09-30,False,-0.09946081358954695,0,-0.11364371176328725,1,0.12737672147383772,8.0,0.12737672147383772,8.0,0.05176420978604283
CRL,2015-09-30,True,0.7005666855259565,0,0.6557326820982987,1,,,,,0.23352222850865215
DGX,2015-09-30,False,0.5864082267420458,0,0.42626524611945404,1,,,,,0.1954694089140153
DLTR,2015-09-30,False,0.3024301668944269,0,0.15054334413170034,2,,,,,0.10081005563147565
ENSG,2015-09-30,False,0.07663720608428926,0,-0.03516890929230054,2,,,,,0.09702506178708255
HALO,2015-09-30,False,0.2933730785202726,0,0.10990423403375504,1,0.9738636889487247,4.0,,,0.7470334854725739
HON,2015-09-30,False,0.5708869468900033,0,0.4402327678407456,1,,,,,0.19029564896333442
IFF,2015-09-30,False,0.4377881177256062,0,0.27921804951924023,1,,,,,0.14592937257520208
ILMN,2015-09-30,True,0.13297693148248446,0,0.08319739906944856,2,0.3902848392734193,1.0,,,0.3329755430060044
LRCX,2015-09-30,True,1.9141251628764016,0,1.485700982009369,1,,,,,0.6380417209588005
MA,2015-09-30,True,0.5914586507753858,0,0.4463873926209385,1,,,,,0.19715288359179528
MDT,2015-09-30,False,0.21204958533875407,0,0.09760001173960586,1,,,,,0.07068319511291803
MLI,2015-09-30,False,0.31028664764639036,0,0.2296405345202457,1,,,0.5192987333450247,4.0,0.2765284603304717
MTD,2015-09-30,False,1.1990587715800891,0,1.0134409235250015,1,,,,,0.39968625719336304
RJF,2015-09-30,True,0.7451894069795095,0,0.5716515309946686,1,,,,,0.5718449685552479
ROK,2015-09-30,False,0.841680007837706,0,0.7119395643080455,1,,,,,0.2805600026125687
SBAC,2015-09-30,False,0.3753104676239001,0,0.210300681925075,1,,,,,0.12510348920796668
SHW,2015-09-30,True,0.6437029126021228,0,0.3723497830084923,1,,,,,0.21456763753404093
SPGI,2015-09-30,False,0.8537987906786189,0,0.7309319448438636,1,,,,,0.28459959689287295
ST,2015-09-30,False,0.08412284480302668,0,-0.0004157411746411599,1,0.309809284893247,4.0,0.309809284893247,4.0,0.2677320122004763
SWKS,2015-09-30,True,0.24541071218110755,0,0.25889984428161306,2,0.5164514899422539,4.0,,,0.44259513964596264
THO,2015-09-30,True,1.5145968470425095,0,1.395360309207856,1,,,,,0.5048656156808365
TREX,2015-09-30,True,1.7023700794070447,0,1.305349383116483,1,,,,,0.5674566931356816
UAL,2015-09-30,False,0.14759664361285552,0,0.009451163685044284,1,0.35018853098453784,8.0,,,0.3199982978645761
USB,2015-09-30,False,0.36977173476919445,0,0.33177642139168007,1,,,,,0.12325724492306482
UTHR,2015-09-30,False,-0.10705579445049362,0,-0.20077747705822468,1,0.051691664008394644,6.0,,,-0.018454710147366327
VFC,2015-09-30,False,-0.016830983301579505,0,0.06506676625650654,4,0.16865310778465648,12.0,0.16865310778465648,12.0,0.05060737482769232
WAB,2015-09-30,True,-0.13098943709755106,0,0.08124774449242933,5,0.07476094147016576,3.0,0.19526223956129307,4.0,0.04634458131130259
WFC,2015-09-30,False,0.1398244504712507,0,0.08108580081104444,1,,,,,0.14077817590464803
WHR,2015-09-30,False,0.3129443376935803,0,0.20734490233624125,1,,,,,0.10431477923119344
XPO,2015-09-30,False,1.844313986684638,0,1.4416426722652669,1,,,1.844313986684638,0.0,0.6147713288948794
FTNT,2015-10-31,False,0.14697318394749126,0,0.09411437724266203,1,0.40049756112357016,3.0,,,0.18249024835702046
TECH,2015-10-31,False,0.5237862637627906,0,0.46818973522763696,1,,,,,0.17459542125426353
AXON,2015-11-30,False,0.3304811842614981,0,0.28379774190776796,3,0.6166340874424519,2.0,,,0.3157050905679833
CMG,2015-11-30,False,-0.4747821383565832,0,-0.40217219575572216,3,-0.36565593951178876,1.0,-0.36565593951178876,1.0,-0.38948364612556013
COLM,2015-11-30,True,0.5387915102022192,0,0.47788414183145744,1,,,,,0.1795971700674064
CVS,2015-11-30,True,-0.14977237046558523,0,-0.18177434716357543,1,0.021936733825086874,12.0,0.021936733825086874,12.0,-0.04261187888016612
ELV,2015-11-30,True,0.8667471939036371,0,0.737424940406836,1,,,,,0.28891573130121234
FIS,2015-11-30,False,0.5249254864041495,0,0.520758961124195,4,,,,,0.1749751621347165
GHC,2015-11-30,False,0.09817198775117153,0,0.2146166983471205,3,,,,,0.10792823739574886
MMS,2015-11-30,True,0.22521849739003552,0,0.31958646477009145,4,,,,,0.21264343745794534
WSM,2015-11-30,True,-0.1432532371857168,0,0.034030904312464916,3,0.04303817699794199,2.0,0.04303817699794199,2.0,0.013834557117213634
AAPL,2015-12-31,True,0.6699329047599591,0,0.6040777085318532,3,,,,,0.5116563173587189
ARW,2015-12-31,False,0.48412704335898393,0,0.4067530419307708,2,,,,,0.1613756811196613
CMCSA,2015-12-31,True,0.4680532467062122,0,0.4286371197729595,2,,,,,0.15601774890207074
DIS,2015-12-31,False,0.054641520144955935,0,0.11591710715051473,3,,,,,0.07982091562874712
DVA,2015-12-31,False,0.03643667980040344,0,-0.01539925450685864,3,0.2325145226282419,10.0,0.2325145226282419,10.0,0.08965040080954845
GD,2015-12-31,False,0.5396061769534639,0,0.5438390952455714,2,,,,,0.17986872565115464
PAG,2015-12-31,True,0.19686021306664148,0,0.33220814785608743,2,0.6153994739905528,1.0,0.6153994739905528,1.0,0.47588638701591573
UGI,2015-12-31,False,0.4508156823681322,0,0.4405750494485605,1,,,,,0.15027189412271072
UHS,2015-12-31,True,-0.044906854937329044,0,-0.08577992736660134,3,,,,,0.008124234315184165
AN,2016-01-31,True,0.3923699704208814,0,0.1700019388474472,1,,,0.3923699704208814,0.0,0.1307899901402938
BC,2016-01-31,False,0.6172293680803049,0,0.50959045231958,1,,,,,0.20574312269343498
CSL,2016-01-31,False,0.4021528860048864,0,0.2967233800410356,1,,,,,0.1340509620016288
DAL,2016-01-31,False,0.33033921660938526,0,0.21754624357524066,1,0.6070779368190631,5.0,,,0.31247238447614945
DXCM,2016-01-31,False,-0.18350165881535452,0,-0.14298339531069193,2,-0.025125627819609142,11.0,,,-0.06954242887832122
EWBC,2016-01-31,False,1.0956484093835024,0,1.091777107775877,2,,,1.2669638266816476,1.0,0.36521613646116746
EXPE,2016-01-31,False,0.2895905464097768,0,0.2515628407652335,1,,,,,0.09653018213659226
FAF,2016-01-31,True,0.8300844473680791,0,0.6986227535632796,1,,,,,0.27669481578935967
FNF,2016-01-31,False,0.7534836063724324,0,0.7215826014427529,1,,,,,0.2511612021241441
HUM,2016-01-31,True,0.7542496438971682,0,0.6136878233272651,1,,,,,0.2514165479657227
HXL,2016-01-31,False,0.6829646887438121,0,0.5892264449170983,2,,,,,0.22765489624793736
IBKR,2016-01-31,False,1.0242868866857755,0,0.9061567227890106,1,,,,,0.3414289622285918
JLL,2016-01-31,True,0.12420648044712568,0,0.3484344086436466,2,0.5499002309704084,1.0,0.5499002309704084,1.0,0.40800231412931415
LAD,2016-01-31,True,0.6680861509551204,0,0.3775386651774888,1,,,,,0.2226953836517068
LYV,2016-01-31,False,0.9850220202131894,0,1.019722207617169,2,,,,,0.3283406734043965
MANH,2016-01-31,True,-0.0837814692665102,0,-0.0712150397947321,2,,,,,-0.013577496525837804
MCO,2016-01-31,True,0.8666775617428342,0,0.7156207892506969,2,,,,,0.2888925205809447
MIDD,2016-01-31,True,0.5079681130645568,0,0.4714902306775721,1,,,,,0.16932270435485228
MLM,2016-01-31,False,0.8479906879403876,0,0.6226600870158665,1,,,,,0.2826635626467959
MOH,2016-01-31,True,0.6638135287603235,0,0.47259831176898026,1,,,,,0.5167491859902268
MTB,2016-01-31,False,0.8058583583165553,0,0.7806011621947213,2,,,0.9273201254332186,1.0,0.2686194527721851
PNC,2016-01-31,False,0.9070285239319706,0,0.9539314288358125,2,,,,,0.30234284131065686
RCL,2016-01-31,False,0.6988645840874652,0,0.6862640011674825,2,1.0529607432104098,5.0,,,0.5839417757659583
REGN,2016-01-31,True,-0.1272109440161353,0,-0.02670494513123889,3,0.049881057686845365,5.0,,,-0.03666072318278135
RGEN,2016-01-31,False,0.5968397083986803,0,0.37465991298694656,1,,,,,0.19894656946622677
SEIC,2016-01-31,True,0.9545492900441623,0,0.7815683722796269,2,,,,,0.31818309668138745
SNPS,2016-01-31,False,1.158741196185872,0,1.0694972203430515,1,,,,,0.3862470653952907
VRTX,2016-01-31,False,0.8387878249827823,0,0.9785392739247656,3,1.1997099100262472,9.0,,,0.6460151960815501
AIZ,2016-02-29,False,0.2585270791583858,0,0.15983482377243563,1,,,,,0.08617569305279527
DY,2016-02-29,False,0.9175003602434761,0,0.6891912935947295,1,,,,,0.30583345341449203
GL,2016-02-29,False,0.6944666032957845,0,0.5983909082975098,1,,,,,0.23148886776526148
LEA,2016-02-29,False,0.879253771735536,0,0.7132536386365573,1,,,,,0.293084590578512
LH,2016-02-29,False,0.57228671841501,0,0.47442989968524407,1,,,,,0.19076223947167
MNST,2016-02-29,False,0.5148207376433211,0,0.4253261411788085,1,,,,,0.17160691254777372
OZK,2016-02-29,False,0.35895133324333517,0,0.2252257749034392,1,,,,,0.11965044441444506
PNFP,2016-02-29,False,0.41907482077296465,0,0.34126529324803667,1,,,,,0.13969160692432156
SNA,2016-02-29,False,0.13432730437765605,0,0.04530949250973659,1,,,,,0.04477576812588535
SSB,2016-02-29,False,0.43339875639995173,0,0.39367522045206127,1,,,,,0.14446625213331724
STE,2016-02-29,False,0.46258579958673796,0,0.32404638835254174,1,,,,,0.15419526652891266
TYL,2016-02-29,True,0.6880817912692261,0,0.5792706604963944,1,,,,,0.22936059708974202
BBWI,2016-04-30,False,-0.5131403360855293,0,-0.488733249296726,3,-0.3829947678751662,9.0,-0.3829947678751662,9.0,-0.4466998854939783
BF-B,2016-04-30,False,0.5233918700046785,0,0.4962079478067396,1,,,,,0.17446395666822614
KR,2016-04-30,False,-0.26401665707576294,0,-0.2738021185357792,1,-0.12826958599079252,5.0,,,-0.13076208102218514
VMRK,2016-04-30,False,0.012110734153783831,0,-0.004560123427128637,1,,,0.04845133260297896,6.0,0.00403691138459461
ALK,2016-05-31,False,-0.053181150512773834,0,-0.06473091691553934,2,,,,,0.008456887818308778
CHDN,2016-05-31,False,1.4224554348766087,0,1.406160143868413,1,,,,,0.47415181162553627
CI,2016-05-31,False,0.3227231719692847,0,0.3140047277514375,2,,,,,0.10757439065642822
COKE,2016-05-31,False,0.04306655318776431,0,-0.12647494527302117,1,,,,,0.014355517729254771
HRL,2016-05-31,False,0.08462027822440632,0,0.01972066563849806,1,,,,,0.02820675940813544
NKE,2016-05-31,True,0.3339407741580065,0,0.3233449615672017,2,,,,,0.11131359138600216
SBUX,2016-05-31,False,0.0714695916893422,0,0.02963874821650414,1,,,,,0.02382319722978073
TGT,2016-05-31,False,0.14190423026255106,0,0.12489507037069814,1,0.38717238723519376,10.0,0.30267209711293863,9.0,0.14819210912516323
EXR,2016-08-31,False,0.23812129791590309,0,0.26477171438760605,4,,,,,0.21515895176968458
LDOS,2016-08-31,False,0.8299504315065929,0,0.6998112816440152,1,,,,,0.27665014383553094
PSA,2016-08-31,False,0.022708529770715913,0,0.007007559674730768,4,,,,,0.007569509923571971
CTSH,2016-09-30,False,0.6402138866558658,0,0.523945413144467,1,,,,,0.21340462888528858
CUBE,2016-09-30,False,0.1378383325154835,0,0.14662885871209452,3,,,,,0.0459461108384945
DG,2016-09-30,True,0.5973965884357257,0,0.44596294674157355,2,,,,,0.1991321961452419
IT,2016-09-30,True,0.7919729278537861,0,0.5415288900061981,2,,,,,0.26399097595126203
LOW,2016-09-30,True,0.6519227385253674,0,0.6824974007371081,2,,,,,0.2173075795084558
THG,2016-09-30,False,0.7051340506593311,0,0.6879011742700265,1,,,,,0.23504468355311037
TSCO,2016-09-30,True,0.39432968331063023,0,0.2463726444817831,2,0.6830186727242846,8.0,0.39432968331063023,0.0,0.35911611867830495
TXRH,2016-09-30,True,0.8350853505197546,0,0.7676057080171663,1,,,,,0.27836178350658486
CLX,2016-10-31,False,0.3046758969059058,0,0.3046758969059058,2,,,,,0.1015586323019686
COST,2016-10-31,False,0.645875954439981,0,0.6163406556113331,1,,,,,0.215291984813327
ESS,2016-10-31,True,0.24296561409894046,0,0.23243044048439798,1,,,,,0.08098853803298016
FDS,2016-10-31,True,0.4820097725126862,0,0.4271344568855786,1,,,,,0.1606699241708954
FRT,2016-10-31,True,-0.09017043353055465,0,-0.07675421967945917,2,,,0.06072612284880807,7.0,-0.009814770227248859
G,2016-10-31,False,0.2114714220212519,0,0.163882855143056,1,,,,,0.07049047400708397
HD,2016-10-31,True,0.5070537146227965,0,0.4134807237210134,1,,,,,0.1690179048742655
HSIC,2016-10-31,True,0.11260051347001432,0,0.09419284117633553,2,,,,,0.037533504490004775
KDP,2016-10-31,False,0.9194320944530066,0,0.8472370039790533,2,,,,,0.30647736481766885
KMB,2016-10-31,False,-0.025734464439829297,0,-0.035847369493723025,1,,,,,-0.008578154813276432
NVR,2016-10-31,True,0.4701444709762803,0,0.4037805826312697,1,,,,,0.1567148236587601
ORLY,2016-10-31,True,0.212940535211658,0,0.1684882020580607,1,0.466352670044899,8.0,0.569995109093131,9.0,0.4164294381165627
RLI,2016-10-31,False,0.4483466463608501,0,0.29874714525722035,1,,,,,0.14944888212028337
SPG,2016-10-31,False,0.07912072022797934,0,0.08211400133092805,3,,,0.2626210618388183,7.0,0.1139139273555992
AEP,2016-11-30,False,0.4135831714855258,0,0.32579524512026836,1,,,,,0.13786105716184194
CCI,2016-11-30,False,0.48940223503597347,0,0.4171142483634074,1,,,,,0.16313407834532448
CHD,2016-11-30,False,0.5607066371747389,0,0.5465796805780807,1,,,,,0.18690221239157964
EFX,2016-11-30,False,-0.07977193874006927,0,-0.1091931881169953,1,,,,,-0.026590646246689758
EW,2016-11-30,True,0.9554616945115397,0,0.7290288240884331,1,,,,,0.31848723150384656
GPN,2016-11-30,False,0.6322451467410535,0,0.6120214867638027,1,,,,,0.21074838224701783
NI,2016-11-30,False,0.27864253736132705,0,0.2670927106486034,1,,,,,0.09288084578710902
PEP,2016-11-30,False,0.28363047620069093,0,0.22805536351435052,1,,,,,0.09454349206689698
SJM,2016-11-30,False,-0.12431546895824885,0,-0.13874392313898498,1,0.03423220888902523,9.0,0.03423220888902523,9.0,-0.030027753356407876
TSN,2016-11-30,False,0.07400200392340883,0,-0.010797048862118852,1,,,,,0.02466733464113628
WTRG,2016-11-30,False,0.211102278944155,0,0.19860408069372482,1,,,,,0.07036742631471833
AYI,2017-01-31,True,-0.41239797634409314,0,-0.42371630843446506,1,-0.2530865890178916,4.0,,,-0.3248384750037772
AZO,2017-01-31,False,0.1687771382426373,0,0.15041754245964523,1,0.39843552078576927,4.0,0.39843552078576927,4.0,0.3508584462173509
STZ,2017-01-31,False,0.18728946118731704,0,0.11664010931589908,1,,,,,0.06242982039577235
TDG,2017-01-31,True,0.9630236377553423,0,0.6711183809694354,1,,,,,0.32100787925178076
GIS,2017-02-28,False,-0.15449596794510212,0,-0.09863624089883627,5,,,-0.058019034191046925,6.0,-0.07083833404538302
CASY,2017-03-31,False,0.16891214107930974,0,0.12496426266606897,2,,,,,0.05630404702643658
FN,2017-04-30,True,0.7456014898775731,0,0.7178541369325828,1,1.1087107612872833,8.0,1.4393390471790113,9.0,1.0978837661146226
NNN,2017-04-30,True,0.3625004183124789,0,0.4712216896035486,2,,,,,0.1208334727708263
INGR,2017-05-31,False,-0.3029739149339875,0,-0.33573443657502655,1,,,,,-0.10099130497799584
O,2017-05-31,False,0.3961134520797154,0,0.3846025305823486,1,,,,,0.13203781735990514
CSL,2017-06-30,False,0.5129802007390214,0,0.47902787124270985,1,,,,,0.17099340024634047
DLTR,2017-06-30,False,0.5358982008289765,0,0.48987231772489936,1,,,,,0.17863273360965884
RBA,2017-06-30,False,0.20696438837608788,0,0.15938852684598825,2,,,,,0.06898812945869597
TAP,2017-06-30,True,-0.3192560266120136,0,-0.3394535688404795,1,-0.1873900566463681,10.0,-0.25479011059607704,5.0,-0.20564979687850163
TJX,2017-06-30,True,0.515450050533629,0,0.50602551677782,2,,,,,0.17181668351120968
EVRG,2017-07-31,False,0.2695115415960152,0,0.25565581145469585,1,,,,,0.08983718053200507
MSM,2017-07-31,False,0.05829941059457311,0,-0.002758991056931448,2,,,,,0.019433136864857703
ROST,2017-07-31,True,0.9570733079900484,0,0.8522718716697641,1,,,,,0.3190244359966828
UFPI,2017-07-31,True,0.47845857766720035,0,0.4214969902453687,1,,,,,0.15948619255573346
EPR,2017-08-31,True,0.2773915488735945,0,0.26971317004579376,1,0.5448569229599034,7.0,0.4677222201965683,5.0,0.24837125635672094
MKC,2017-08-31,False,0.7720873177075207,0,0.6424266647593466,1,,,,,0.25736243923584023
MZTI,2017-08-31,False,0.2969871501360868,0,0.2517598099998266,1,,,,,0.09899571671202893
ULTA,2017-08-31,True,0.07565269280247833,0,0.051623455255149775,1,,,,,0.025217564267492776
CRUS,2017-09-30,True,0.004876259147010176,0,-0.04321425301688053,1,0.20920785760461302,5.0,0.31873001285993285,6.0,0.17760470987051868
EFX,2017-09-30,False,0.3626738647005623,0,0.3307823326228787,1,,,,,0.12089128823352076
ALK,2017-10-31,False,0.09577738611045428,0,0.04130785979461371,1,,,,,0.03192579537015142
CINF,2017-10-31,False,0.7111779524918822,0,0.5960321283002454,1,,,,,0.23705931749729406
HOMB,2017-10-31,False,-0.13873458323449905,0,-0.19064681799942296,1,,,-0.002975579421574781,12.0,-0.04723672088535794
EG,2017-11-30,False,0.2786286348411733,0,0.26903592358079154,1,,,,,0.09287621161372443
MTSI,2017-11-30,False,-0.24301933228634975,0,0.48435612698993435,5,0.15604498125095967,3.0,0.15604498125095967,3.0,0.02302354340518986
RNR,2017-11-30,False,0.44305465913345676,0,0.5017529056506345,2,,,,,0.14768488637781893
AEIS,2017-12-31,False,0.055127405839659804,0,0.0009841135178774163,1,0.378509037005055,9.0,0.6546591985969596,10.0,0.20975681538291657
EIX,2017-12-31,True,0.28459537670121526,0,0.2638945994759785,3,,,0.28459537670121526,0.0,0.2373756108073799
PEGA,2017-12-31,False,0.6958582957609767,0,0.5724622500465988,1,,,,,0.2319527652536589
MAA,2018-01-31,False,0.5434485416884149,0,0.6133132051878709,2,,,0.7152033808055664,1.0,0.41955064083132715
SMG,2018-01-31,False,0.4311346529438871,0,0.4996155554182251,4,0.6959269844114138,7.0,0.6959269844114138,7.0,0.645690461360758
SR,2018-01-31,False,0.3477023737483651,0,0.3218612640856602,1,,,,,0.11590079124945503
SWX,2018-01-31,False,0.08284676724398832,0,0.16958032320458027,2,,,,,0.02761558908132944
ACGL,2018-02-28,False,0.37454671726634636,0,0.5279668137614761,4,,,,,0.306875704522614
ADC,2018-02-28,False,0.6425611637239517,0,0.5927571742130606,1,,,,,0.21418705457465056
ALB,2018-02-28,False,-0.15655806998204636,0,-0.12921087347513782,2,0.08384077407548829,10.0,0.08384077407548829,10.0,0.0037078260563100742
ATO,2018-02-28,False,0.33734643828761435,0,0.2778135897718579,1,,,,,0.11244881276253811
AWK,2018-02-28,False,0.6175558835982156,0,0.5630008593143545,1,,,,,0.2058519611994052
CMCSA,2018-02-28,False,0.16436104574984856,0,0.27773658414711044,4,,,,,0.16663293996687303
DLR,2018-02-28,False,0.28304596321414577,0,0.2136217187126459,1,,,,,0.09434865440471525
HSY,2018-02-28,False,0.5374910220592655,0,0.5266155916481141,1,,,0.6659015701170217,3.0,0.17916367401975516
IDA,2018-02-28,True,0.25389481841494965,0,0.1513337276633524,1,,,,,0.08463160613831655
OLED,2018-02-28,False,0.22882816570962383,0,0.6103649658079828,3,0.5784763323675277,1.0,,,0.46192694348155977
PNW,2018-02-28,False,0.24312955828208405,0,0.19888760871208766,1,,,,,0.08104318609402801
POR,2018-02-28,False,0.45514406044987843,0,0.4149956696149657,1,,,,,0.15171468681662614
TXNM,2018-02-28,False,0.40699013673657936,0,0.2947990112116927,1,,,,,0.13566337891219313
UGI,2018-02-28,True,-0.12519581005064884,0,-0.1561896409026865,1,,,,,-0.04173193668354961
XEL,2018-02-28,False,0.5292338833930026,0,0.4425506029452402,1,,,,,0.1764112944643342
CDNS,2018-03-31,True,0.7960293743097726,0,0.6485271755272037,1,,,,,0.2653431247699242
CGNX,2018-03-31,True,-0.18104561584519596,0,-0.19405548154072094,4,-0.00790958216228066,7.0,,,-0.05423692482139434
CHTR,2018-03-31,False,0.40193430964349375,0,0.4880461453355336,3,0.6714296018861414,2.0,,,0.33673773781950384
CI,2018-03-31,False,0.05675173022457414,0,0.03165809060668856,1,,,,,0.01891724340819138
COKE,2018-03-31,False,0.21911294292566952,0,0.5554409914524023,3,0.6496876106416232,2.0,0.6496876106416232,2.0,0.5061627214029719
HAS,2018-03-31,False,-0.10501344102065446,0,-0.14969600399752625,1,,,,,-0.03500448034021816
MTD,2018-03-31,True,0.20082426062157932,0,0.19335327227883914,3,,,,,0.06694142020719311
NVR,2018-03-31,True,-0.0824606759207589,0,-0.17125480405745963,1,0.1474210143705199,7.0,,,0.034916364590768044
ORA,2018-03-31,False,0.21711828734960914,0,0.18516627369637262,1,,,,,0.07237276244986972
PM,2018-03-31,False,-0.17339021874932203,0,0.003458885636568043,3,0.002013040808832578,1.0,0.002013040808832578,1.0,-0.04373385570301983
THO,2018-03-31,True,-0.6180321273261173,0,-0.5500202417361773,3,-0.5249325889691827,2.0,-0.3740323698134831,7.0,-0.5397953690725349
TSLA,2018-03-31,False,0.9689625300932561,0,0.7829195071252524,1,,,,,0.32298751003108533
AVGO,2018-04-30,False,0.29002463784984256,0,0.1741081830133484,1,,,,,0.09667487928328085
CB,2018-04-30,False,-0.16776128745678287,0,-0.19654075764865697,3,,,,,-0.055920429152260955
CBOE,2018-04-30,False,-0.046867412022047805,0,-0.024714329284783787,2,,,,,0.011611971216016315
DD,2018-04-30,False,-0.45429606461904404,0,-0.46490056175052497,1,,,-0.3671595892665823,6.0,-0.27381855129520877
ECHO,2018-04-30,False,-0.25898934183389555,0,-0.13463662062844983,3,-0.12313744806822158,2.0,-0.12313744806822158,2.0,-0.15707416248067504
ITW,2018-04-30,False,0.2084091747553789,0,0.1942816292531493,1,,,,,0.06946972491845964
KNX,2018-04-30,False,-0.032676651228518705,0,-0.07374148471473463,1,0.15760994271282058,3.0,0.4977434833781904,8.0,0.2075589249541641
MLM,2018-04-30,False,-0.005374433978005078,0,-0.1325113277571356,1,,,,,0.040248806632584344
MMM,2018-04-30,False,-0.168111018393997,0,-0.18565930991393687,1,,,,,-0.056037006131332334
OC,2018-04-30,False,-0.3161178486749656,0,-0.2932389539323742,2,-0.1774001182984768,5.0,-0.1774001182984768,5.0,-0.1957321987346106
PH,2018-04-30,False,-0.003031852023877457,0,-0.043932478579408296,1,,,,,-0.0010106173412924857
ROK,2018-04-30,False,0.2036642956963428,0,0.12317096003371097,1,,,,,0.0678880985654476
SNX,2018-04-30,False,-0.10318190067450683,0,-0.15901260191896638,1,0.05693396809114559,5.0,0.05693396809114559,5.0,0.03405427792788914
SWK,2018-04-30,True,-0.19089591841847942,0,-0.23694984800116736,3,-0.025709741084072313,6.0,,,-0.07220188650085058
TRMB,2018-04-30,False,0.0008671270322910818,0,-0.0189801185106514,3,,,,,0.0002890423440970273
TTC,2018-04-30,False,0.1230224400946065,0,0.0847697078091707,2,,,,,0.0410074800315355
VMC,2018-04-30,False,0.03145769759146089,0,-0.1001102095894536,1,,,,,0.06295019369652939
AAON,2018-05-31,True,0.8044860069056778,0,0.647118633596478,1,,,,,0.26816200230189263
CMI,2018-05-31,False,0.2674194658684097,0,0.2636919648608569,2,,,,,0.08913982195613657
DLTR,2018-05-31,False,0.18501037760285333,0,0.1514117970186124,1,,,,,0.061670125867617775
JNJ,2018-05-31,False,0.31258835365374105,0,0.2939824034222158,1,,,,,0.10419611788458034
LUV,2018-05-31,False,-0.3549869771717481,0,-0.43526157608319416,2,,,,,-0.1183289923905827
MNST,2018-05-31,False,0.40559038069948095,0,0.2549739026104447,1,,,,,0.13519679356649364
RCL,2018-05-31,False,-0.47936682192982694,0,-0.5180587666368229,2,,,,,-0.15978894064327565
SLGN,2018-05-31,False,0.266408445434412,0,0.2530582701845361,2,,,0.42925857410979584,5.0,0.23188900651473596
WMT,2018-05-31,False,0.5645062644187222,0,0.5076981468602653,1,,,,,0.18816875480624073
AGCO,2018-06-30,False,-0.06817843713234584,0,-0.10218635726310332,1,,,,,-0.022726145710781947
ALL,2018-06-30,False,0.10615413919038263,0,0.06138215492520138,1,,,,,0.03538471306346088
AVY,2018-06-30,False,0.16324416573680356,0,0.03564044436646552,1,,,,,0.15531155594104887
CCL,2018-06-30,True,-0.6931319393552228,0,-0.7031294641446211,1,-0.6350396807619809,12.0,-0.6491111005826823,6.0,-0.44741434664596835
CXT,2018-06-30,True,-0.22736493930508017,0,-0.3164264487741879,1,,,,,-0.07578831310169339
DHI,2018-06-30,True,0.3899435514904701,0,0.30406601555991974,1,,,,,0.3233902662842502
GD,2018-06-30,False,-0.16015031743180996,0,-0.22012019209414468,1,,,-0.013519683038992647,6.0,-0.057890000156934206
LMT,2018-06-30,False,0.30025496027935406,0,0.17796521649517705,1,,,,,0.24919676523892523
LRCX,2018-06-30,True,0.957311445174043,0,0.7746607794700922,1,1.3706158429616542,4.0,,,1.2075604686345585
MKSI,2018-06-30,False,0.2049462808766982,0,0.46243844229413833,5,0.43552409747528786,3.0,,,0.40061314534433107
ORCL,2018-06-30,False,0.29783931034064715,0,0.1946182044759417,1,,,,,0.09927977011354905
RGA,2018-06-30,False,-0.38933112914456036,0,-0.42394284598567944,1,,,,,-0.1297770430481868
TNL,2018-06-30,False,-0.29911391582980074,0,-0.32722852084586673,1,-0.14393172105702579,4.0,-0.14393172105702579,4.0,-0.1476818789622755
TRV,2018-06-30,False,-0.021856477204153624,0,-0.08048192687068312,1,,,,,-0.007285492401384541
COHR,2018-07-31,True,0.29387755697839,0,0.019497511973932236,1,0.5625385906115197,5.0,,,0.28547204919663655
EBAY,2018-07-31,False,0.6913910593108037,0,0.6347018283637542,1,1.0155688926350037,5.0,1.0155688926350037,5.0,0.5467690568078569
IPGP,2018-07-31,True,0.09125824087660828,0,0.020116246097804602,1,0.3403967833490795,3.0,0.580104096215089,5.0,0.3372530401469256
KDP,2018-07-31,False,0.33334222715378137,0,0.38168100896361024,2,,,0.33334222715378137,0.0,0.11111407571792713
NXPI,2018-07-31,False,0.2644239107398454,0,0.44210883383990085,4,0.6032619848850644,3.0,0.40618283571072644,2.0,0.4246229104452121
SEIC,2018-07-31,False,-0.1044673416239057,0,-0.14904510093335877,1,0.15291424415301047,5.0,0.15291424415301047,5.0,0.01757226218993413
STT,2018-07-31,True,-0.2311687048046034,0,-0.07527920241496133,4,-0.017845727570170777,3.0,-0.017845727570170777,3.0,-0.08895338664831498
TSN,2018-07-31,False,0.11374220728490414,0,0.01738311912202728,1,,,0.18878916947852065,5.0,0.03791406909496805
AMAT,2018-08-31,True,0.48171544887319717,0,0.7002950577903122,3,0.9386679936344411,2.0,0.9386679936344411,2.0,0.6898768696092444
BCO,2018-08-31,False,-0.34349938080485065,0,-0.3053393008998202,3,,,,,-0.20002850473134726
BLDR,2018-08-31,False,0.9603073664259139,0,1.2631191015189502,3,1.4733441483183864,2.0,1.806599566222411,4.0,1.3023318876875623
BLK,2018-08-31,False,0.3149570069271572,0,0.46216265742392504,3,0.5809485227507181,4.0,,,0.2786933346262935
DY,2018-08-31,False,-0.2669527393989518,0,-0.2729314488067167,1,-0.09384206231039616,2.0,-0.09384206231039616,2.0,-0.14416071648464615
LEA,2018-08-31,True,-0.27183071713716844,0,-0.13314445024555632,3,-0.11129383428979833,2.0,-0.11129383428979833,2.0,-0.16696556824958475
MCHP,2018-08-31,False,0.3170933693314466,0,0.5033295732025522,3,0.7225529047799095,2.0,,,0.5873997262970886
NOC,2018-08-31,False,0.18566465837085255,0,0.11513056293116608,1,0.4384636330046201,4.0,,,0.17890676405247752
OSK,2018-08-31,False,0.13005303875660612,0,0.11450791745829902,1,0.41427758441547424,2.0,0.41427758441547424,2.0,0.31953606919585154
ALV,2018-09-30,False,-0.1168795474566432,0,-0.11544999585156246,2,0.08204008810422114,3.0,0.08204008810422114,3.0,0.05961698415156558
AOS,2018-09-30,False,0.028852819562264154,0,0.15289446895021164,2,0.27925429402978175,3.0,0.19973991176581807,1.0,0.18861825630095805
COLB,2018-09-30,False,-0.3310644563966104,0,-0.36922569010473094,2,,,,,-0.18498868088836093
CPRT,2018-09-30,False,1.0407530788523776,0,1.0547089299543178,2,,,,,0.3469176929507925
ENTG,2018-09-30,True,1.6045135200998395,0,1.5576138885434712,2,,,,,0.5348378400332798
FAF,2018-09-30,False,0.0502840573121528,0,0.12112870135855736,2,,,,,0.09085815366880645
IBKR,2018-09-30,True,-0.11227078501509569,0,-0.15276065229561253,2,,,,,-0.03951287866307288
KLAC,2018-09-30,False,0.9954501262391513,0,1.0424956857809478,2,,,,,0.74831887001274
LEN,2018-09-30,True,0.7684770894713264,0,0.738042188194673,4,1.1071146142981565,3.0,0.9193469165921393,1.0,0.6251972345898277
LFUS,2018-09-30,False,-0.0846451611827459,0,-0.05563098069405081,2,0.10186038515581797,8.0,,,0.03931349387965385
MAS,2018-09-30,True,0.5452805292772787,0,0.7782876202764959,2,0.8784646757494416,1.0,0.8784646757494416,1.0,0.47458173500890677
META,2018-09-30,True,0.5924841611416323,0,0.571179534961265,4,0.9978638271479154,3.0,,,0.8176486657940641
ON,2018-09-30,False,0.17688552224094733,0,0.1308654947312229,2,,,,,0.16354492641959043
PNFP,2018-09-30,False,-0.3936562283888363,0,-0.36599809968644903,2,-0.21127974135666527,3.0,-0.30264670781278935,1.0,-0.302527559186097
TEL,2018-09-30,False,0.16013573094999933,0,0.3181795343889273,2,,,,,0.1709013832496673
VC,2018-09-30,False,-0.25489761732709815,0,-0.09975273257769712,4,-0.06231363433096204,2.0,-0.12424072654505613,1.0,-0.14715065940103877
WLK,2018-09-30,False,-0.21248837666825293,0,-0.10041538946446316,2,-0.014494347059979318,3.0,-0.014494347059979318,3.0,-0.10300994649863275
WTW,2018-09-30,False,0.5245137185514153,0,0.5008727211869151,1,,,,,0.1748379061838051
ABBV,2018-10-31,False,0.21883622696394744,0,0.006539048284021742,1,,,0.36776722375233084,9.0,0.19553448357209277
AFG,2018-10-31,False,-0.18227630611138324,0,-0.2126230745938692,1,,,,,-0.06075876870379441
ALGN,2018-10-31,True,0.9262205806990249,0,0.8534080982360961,1,1.3269072423790842,10.0,,,0.7510426076927029
AME,2018-10-31,True,0.48519033518631427,0,0.3567557836915942,1,,,,,0.16173011172877141
AMP,2018-10-31,False,0.33485796835715553,0,0.29996041183327016,1,0.6160755675042175,2.0,0.6160755675042175,2.0,0.31697784528712436
APO,2018-10-31,False,0.4069319621269254,0,0.390558395451325,3,0.6591502706396926,2.0,,,0.3553607442555393
APTV,2018-10-31,False,0.27298671335139923,0,0.2355033129241897,3,0.5878735086068727,2.0,0.5878735086068727,2.0,0.286953407319424
BAX,2018-10-31,False,0.2678725820423664,0,0.15292968835419485,1,,,,,0.0892908606807888
BF-B,2018-10-31,True,0.5395599051984794,0,0.4950376991312113,1,,,,,0.17985330173282646
BWXT,2018-10-31,False,-0.033337314012462094,0,0.21304428418532395,3,0.2452344051940103,1.0,0.2452344051940103,1.0,0.1523771654585195
CAT,2018-10-31,True,0.3713054221232748,0,0.22626035805768208,1,,,,,0.12376847404109159
CBT,2018-10-31,False,-0.16575492979342488,0,-0.18022356055078814,1,-0.005642537362069877,7.0,-0.06071233031227374,2.0,-0.07548908670189954
CW,2018-10-31,True,-0.21972734262031246,0,-0.22743932513229437,1,,,,,-0.07324244754010416
DE,2018-10-31,False,0.7320300602473018,0,0.5146317019456335,1,,,,,0.24401002008243391
DGX,2018-10-31,False,0.35697813998111516,0,0.45288209572884286,3,,,0.5336282802134538,2.0,0.296868806731523
EME,2018-10-31,False,-0.030787034477267605,0,-0.05579590417794367,1,0.15253398598415524,2.0,0.15253398598415524,2.0,0.040582317168962545
EVR,2018-10-31,True,0.03459151083740197,0,0.017600180557125977,1,,,,,0.06953802090078105
EWBC,2018-10-31,False,-0.26782204230885365,0,-0.28486866299444336,1,-0.11795540174465491,2.0,-0.11795540174465491,2.0,-0.1555559125325178
FDX,2018-10-31,False,0.215287155580977,0,0.1693291352685078,1,0.6547880785130875,2.0,0.6547880785130875,2.0,0.5082877708690506
FNF,2018-10-31,False,0.003386743221323041,0,-0.001092621189900278,1,,,,,0.0011289144071076802
G,2018-10-31,True,0.2784421639817263,0,0.15345961460297697,1,,,,,0.09281405466057542
GGG,2018-10-31,True,0.5644879606436386,0,0.4430231385312726,1,,,,,0.18816265354787953
H,2018-10-31,False,-0.19143889946874637,0,-0.21702210381097797,1,,,,,-0.06381296648958212
HD,2018-10-31,True,0.595324240814497,0,0.5467904249881348,1,,,,,0.19844141360483233
HII,2018-10-31,True,-0.2996495163927909,0,-0.2618185210877372,3,,,,,-0.1662878664149496
HON,2018-10-31,False,0.1903534334767858,0,0.16816922116443034,1,,,,,0.06345114449226193
HXL,2018-10-31,False,-0.42010327334127673,0,-0.4511338967139086,1,,,,,-0.14003442444709224
IDCC,2018-10-31,False,-0.17187575182226977,0,-0.21930094314741688,1,0.17625829810147442,10.0,0.17625829810147442,10.0,0.06021361479355969
IEX,2018-10-31,True,0.3770159487137428,0,0.27098312661826895,1,,,,,0.12567198290458093
L,2018-10-31,True,-0.2467033556178425,0,-0.271171117058278,1,,,,,-0.08223445187261418
LECO,2018-10-31,False,0.31854090925634826,0,0.24122336101218722,1,,,,,0.10618030308544942
LSTR,2018-10-31,True,0.284622251965964,0,0.17688189140112343,1,,,,,0.09487408398865467
LYB,2018-10-31,False,-0.14772458759907314,0,-0.18462548715290195,1,,,0.00122218433181831,7.0,-0.048834134422418275
MAR,2018-10-31,True,-0.18793036088336468,0,-0.17411375225752002,3,,,,,-0.06264345362778823
MCO,2018-10-31,True,0.842354599888274,0,0.679951705064928,1,,,,,0.28078486662942465
MOG-A,2018-10-31,False,-0.10916601304906459,0,-0.27343647570922913,1,,,,,-0.036388671016354866
MPWR,2018-10-31,True,1.7619751150486884,0,1.4702392290870874,1,,,,,0.5873250383495628
MSCI,2018-10-31,True,1.3780556359981602,0,1.2675671154425059,1,,,,,0.45935187866605337
MTN,2018-10-31,True,-0.028688298498733555,0,-0.1256175804435835,1,0.14944638954624545,2.0,,,0.13598257495958221
NDSN,2018-10-31,True,0.608725686638498,0,0.5175921532527261,3,,,,,0.20290856221283268
NFLX,2018-10-31,True,0.5764464877082571,0,0.40129603072612174,3,,,,,0.45128355218466637
NVDA,2018-10-31,True,1.3929418529498694,0,2.506084802808937,3,2.0838868400871835,1.0,,,1.8535718443747455
ODFL,2018-10-31,False,1.2074798031910614,0,1.1056057770065668,1,,,,,0.4024932677303538
PKG,2018-10-31,True,0.3295131045489881,0,0.24782875141413618,1,,,0.45013793343309727,2.0,0.10983770151632936
PNC,2018-10-31,True,-0.06405753347458432,0,-0.114307846294185,1,,,,,-0.02135251115819477
PVH,2018-10-31,True,-0.5159398263824633,0,-0.46430315076559614,3,-0.3711684746784618,2.0,-0.3711684746784618,2.0,-0.41942559191312895
RJF,2018-10-31,True,0.03479318458615688,0,-0.0046617878646323385,1,,,,,0.011597728195385626
SAIA,2018-10-31,False,1.3490296250139275,0,1.4622311265041876,3,,,,,0.9981060440562809
SSD,2018-10-31,True,0.5958146110545144,0,0.557079086886036,1,,,,,0.1986048703515048
STLD,2018-10-31,False,-0.14992295848453208,0,-0.08576599708057886,3,0.11357563018062433,2.0,0.11357563018062433,2.0,-0.026670268362717908
STZ,2018-10-31,False,-0.14363059382897936,0,-0.021148826431589995,3,0.05700360846845798,2.0,0.05700360846845798,2.0,-0.02887566178684046
TCBI,2018-10-31,False,-0.3101334925802224,0,-0.22773306763166257,3,-0.11920143080491918,2.0,-0.3101334925802224,0.0,-0.18284545139668693
TROW,2018-10-31,False,0.3856389076572595,0,0.3525875173137174,1,,,,,0.12854630255241983
TXN,2018-10-31,True,0.6483727044876859,0,0.5324833193176524,1,,,,,0.21612423482922863
UMBF,2018-10-31,False,-0.00800125873912727,0,-0.06399995077230813,1,,,,,-0.002667086246375757
URI,2018-10-31,False,0.4848838454953708,0,0.4233592561461361,3,,,0.738905629598757,2.0,0.4079298250313759
VICR,2018-10-31,False,0.9451372311232888,0,1.0640380553140174,2,1.4543737669828598,4.0,,,1.1927606647529838
VLO,2018-10-31,False,-0.533247545924919,0,-0.5204814422291404,3,-0.4382908827042201,2.0,,,-0.47367542347828206
WAB,2018-10-31,False,-0.26728439910435187,0,-0.36564159200716273,1,-0.13229750900839377,3.0,-0.0411713041693188,7.0,-0.15140557742738892
WAL,2018-10-31,False,-0.11971218118309657,0,-0.0409869045793837,3,0.07533773958203827,2.0,0.07533773958203827,2.0,-0.0147914805336861
WSO,2018-10-31,False,0.637495136597434,0,0.5786854448207106,1,,,,,0.21249837886581133
WTFC,2018-10-31,False,-0.3304006006598993,0,-0.3424835992694427,1,-0.19899811796916456,10.0,,,-0.18849677941068047
WTRG,2018-10-31,False,0.32514104870067717,0,0.24867778232093962,1,,,,,0.1083803495668924
XYL,2018-10-31,True,0.3595451647398662,0,0.22169061504805332,1,,,,,0.11984838824662207
AXON,2018-11-30,True,1.89141934464784,0,1.8729143415178569,1,,,,,0.6304731148826134
BBY,2018-11-30,False,0.782524676675763,0,0.9290687456896098,2,1.1578181954172186,1.0,,,0.6467809573643272
BR,2018-11-30,False,0.43879927379128447,0,0.5033894392245966,2,,,,,0.14626642459709482
IDXX,2018-11-30,True,1.2623676060752085,0,1.1664630775022857,2,,,,,0.4207892020250695
JBHT,2018-11-30,False,0.29664344449678604,0,0.28840634741287774,2,0.6113615827874941,6.0,0.6113615827874941,6.0,0.25964001844229595
LH,2018-11-30,False,0.37215037073361823,0,0.4340869063094235,2,,,0.581512986209263,1.0,0.31788778564762704
LHX,2018-11-30,False,0.3881954245741568,0,0.2954860906345611,2,,,,,0.12939847485805225
NBIX,2018-11-30,False,0.07556368020847493,0,0.07617321613827044,2,0.32950563748230177,1.0,,,0.13502310589692557
PSX,2018-11-30,False,-0.2928736020447763,0,-0.3068813055322105,2,,,,,-0.16318163925520524
SCHW,2018-11-30,True,0.12678944200718445,0,0.07932825730513127,2,,,,,0.14331135251373564
TPL,2018-11-30,False,0.08838295815415309,0,-0.09351231358006473,2,,,,,0.029460986051384364
TTWO,2018-11-30,False,0.6459377908328445,0,0.710184645075951,2,1.0686453138635437,3.0,,,0.927742806186644
TYL,2018-11-30,False,1.2183026472764884,0,1.26016174525896,2,,,,,0.40610088242549613
WEX,2018-11-30,False,0.11789381253499132,0,0.07382386119713535,2,,,,,0.03929793751166377
XPO,2018-11-30,False,0.4062746810869158,0,0.7551826916088553,2,0.8702665094959865,1.0,1.118768632627726,3.0,0.715602566692963
AAPL,2018-12-31,True,2.4448284438191283,0,2.264763322007522,1,,,,,0.8149428146063761
ACN,2018-12-31,True,0.9059022473529361,0,0.750252495838261,1,,,,,0.301967415784312
AIT,2018-12-31,False,0.5082244801301099,0,0.3786415061896864,1,,,,,0.16940816004336998
AMZN,2018-12-31,True,1.1684386483369265,0,0.8949630895032603,1,,,,,0.38947954944564217
APH,2018-12-31,False,0.6470667835943489,0,0.5178043369683349,1,,,,,0.21568892786478297
ARE,2018-12-31,False,0.6315864793936159,0,0.42756058111869755,1,,,,,0.21052882646453863
AVAV,2018-12-31,False,0.27888161042996096,0,0.11898013685360875,1,0.5307380804150541,6.0,,,0.49867201147365164
BA,2018-12-31,True,-0.31691457660995237,0,-0.42872498565768913,1,,,,,-0.10563819220331745
BDX,2018-12-31,False,0.13949142699427886,0,0.02922395601957195,1,,,,,0.04649714233142629
BIO,2018-12-31,False,1.510291961833972,0,1.3329732013962339,1,,,,,0.5034306539446574
BKNG,2018-12-31,False,0.29310488484524333,0,0.2152212591889704,1,,,,,0.09770162828174778
CACI,2018-12-31,False,0.7310977153663201,0,0.4913866057799763,1,,,,,0.24369923845544003
CBRE,2018-12-31,True,0.5664335611036555,0,0.37092898843066946,1,,,,,0.18881118703455183
CBSH,2018-12-31,False,0.2666867505174033,0,0.19403201732826703,1,,,,,0.08889558350580111
CFR,2018-12-31,True,0.059190417662436046,0,-0.0425039463021768,1,,,,,0.019730139220812015
CHDN,2018-12-31,False,1.4146550247257612,0,1.1346339972579074,1,,,,,0.47155167490858707
CHE,2018-12-31,True,0.8916710215672974,0,0.7985918143779609,1,,,,,0.2972236738557658
CHH,2018-12-31,False,0.5113364341211746,0,0.3666170532368358,1,,,,,0.17044547804039153
CNC,2018-12-31,False,0.04128355924413296,0,-0.08049329230354985,1,0.2876447909620312,8.0,,,0.19773806498848048
CSGP,2018-12-31,True,1.7399062733867035,0,1.3654603649413772,1,,,,,0.5799687577955678
CTAS,2018-12-31,True,1.1468362355535056,0,0.9233484176688005,1,,,,,0.38227874518450183
DCI,2018-12-31,False,0.3307353468719101,0,0.22124787376793553,1,,,,,0.11024511562397003
DINO,2018-12-31,False,-0.45434042407882425,0,-0.5048967951035112,1,-0.27537748191923994,5.0,,,-0.3350317959724347
DOV,2018-12-31,False,0.8490993450060154,0,0.49372158688958145,1,,,,,0.2830331150020051
EL,2018-12-31,False,1.0808516936598345,0,0.9844508057335577,1,,,,,0.36028389788661147
EMR,2018-12-31,True,0.4285827321178086,0,0.3037697692867174,1,,,,,0.1428609107059362
FCFS,2018-12-31,False,-0.005066879915448741,0,-0.12673296546880664,1,,,,,-0.001688959971816247
FICO,2018-12-31,True,1.7328342702936999,0,1.269271827132282,1,,,,,0.5776114234312333
FIX,2018-12-31,False,0.22811020882252486,0,0.11827937789491894,1,,,,,0.2023312267686148
GL,2018-12-31,False,0.2964134781299086,0,0.15113733100062543,1,,,,,0.09880449270996954
GMED,2018-12-31,True,0.5069316788405573,0,0.4477248018918867,1,,,,,0.16897722628018577
GOOG,2018-12-31,False,0.6916405398366545,0,0.5692645926500728,1,,,,,0.23054684661221816
GOOGL,2018-12-31,False,0.6772314042825309,0,0.5566706979529508,1,,,,,0.2257438014275103
GPN,2018-12-31,False,1.1006654522823074,0,0.9294753586687505,1,,,,,0.36688848409410246
GWRE,2018-12-31,False,0.6045119075320844,0,0.485117619685246,1,,,,,0.20150396917736146
IBOC,2018-12-31,False,0.16438075750515968,0,0.12925569779544954,1,,,,,0.05479358583505323
JKHY,2018-12-31,False,0.30848083286611616,0,0.2396031550121691,1,,,,,0.10282694428870538
JPM,2018-12-31,True,0.39106696238605276,0,0.3014691597370014,1,,,,,0.13035565412868425
KKR,2018-12-31,False,1.139012316577912,0,0.8703251957995117,1,,,,,0.37967077219263734
LOPE,2018-12-31,False,-0.03151652588447096,0,-0.195107189101679,2,,,,,0.02048403608355061
MA,2018-12-31,True,0.9128618775955577,0,0.706240737716253,1,,,,,0.30428729253185255
MORN,2018-12-31,True,1.1470104264056369,0,0.8946400989119747,1,,,,,0.382336808801879
MPC,2018-12-31,False,-0.22991744400899483,0,-0.3141779350128141,1,-0.030064914113507535,5.0,-0.030064914113507535,5.0,-0.09668242407866996
MRSH,2018-12-31,False,0.5209457620348454,0,0.3685156441945652,1,,,,,0.17364858734494848
MTB,2018-12-31,False,-0.053042444572333314,0,-0.17626052382672686,1,,,,,-0.017680814857444438
OKE,2018-12-31,False,-0.16437315158292176,0,-0.307534581959102,1,,,,,-0.054791050527640585
PBF,2018-12-31,False,-0.7708200093051014,0,-0.7955403996573391,1,-0.7219355667960008,5.0,,,-0.7290342642057022
PEGA,2018-12-31,False,1.7942206145564756,0,1.3742684333290498,1,,,,,0.5980735381854919
PGR,2018-12-31,True,0.7704502712944608,0,0.5873274465952032,1,,,,,0.2568167570981536
PLD,2018-12-31,False,0.7884081807388428,0,0.5184401709796473,1,,,,,0.2628027269129476
PRI,2018-12-31,True,0.4038716676438818,0,0.2207196541707095,1,,,,,0.13462388921462728
PTC,2018-12-31,True,0.44282265873074667,0,0.41066162659337513,1,0.7646798873488023,7.0,,,0.6781487198820012
ROL,2018-12-31,False,0.6607037717623838,0,0.609866251135337,1,,,,,0.22023459058746128
ROP,2018-12-31,True,0.6359019006123261,0,0.5365750027562979,1,,,,,0.2119673002041087
RTX,2018-12-31,False,0.12247025401595901,0,0.012285811925290657,1,,,,,0.04082341800531967
SLAB,2018-12-31,False,0.6157848024702162,0,0.5717107086400779,2,,,,,0.2052616008234054
SNPS,2018-12-31,False,2.077397872844327,0,1.7770754630086327,1,,,,,0.6924659576147757
SPGI,2018-12-31,False,0.9698583569405099,0,0.746714486054028,1,,,,,0.32328611898016996
SYK,2018-12-31,False,0.599141662390299,0,0.4116427917977241,1,,,,,0.199713887463433
TECH,2018-12-31,False,1.219770914046828,0,0.8413692025424844,1,,,,,0.406590304682276
TFC,2018-12-31,False,0.1953603803606785,0,0.06112762472326594,1,,,,,0.06512012678689283
TJX,2018-12-31,True,0.5576008294329537,0,0.40130851549251756,1,,,,,0.18586694314431793
TREX,2018-12-31,True,1.8207547291063713,0,1.4002293192941977,1,,,,,0.606918243035457
TTEK,2018-12-31,True,1.2704983448756968,0,1.1298005443862564,1,,,,,0.42349944829189895
USB,2018-12-31,False,0.09764518043964854,0,-0.019499757970945164,1,,,,,0.032548393479882844
VFC,2018-12-31,False,0.33501582277458875,0,0.13151965663391652,1,,,,,0.11167194092486292
WTS,2018-12-31,False,0.9234255558368238,0,0.6577887957918109,1,,,,,0.3078085186122746
ILMN,2019-01-31,False,0.5241431182711063,0,0.3634299380843711,1,,,,,0.1747143727570354
RMD,2019-01-31,True,1.1635337979832618,0,1.002371615384272,1,,,,,0.38784459932775395
BRK-B,2019-02-28,False,0.194783859218306,0,0.10982412927702523,2,,,,,0.06492795307276866
DPZ,2019-02-28,True,0.4061973788442621,0,0.3635663011979493,1,,,,,0.1353991262814207
HAE,2019-02-28,False,0.4561988718824721,0,0.4460447547522153,1,,,,,0.1520662906274907
UNH,2019-02-28,True,0.4177117123399583,0,0.38353374281608343,1,,,,,0.13923723744665276
FFIV,2019-03-31,False,0.3293825581716445,0,0.4325344236928552,3,0.5794972155136411,2.0,0.7083196071499143,10.0,0.5390664602784
HUM,2019-03-31,False,0.5986544905239253,0,0.5995072219095743,3,,,,,0.19955149684130843
RBC,2019-03-31,True,0.5724150956819978,0,0.4537552536273237,1,,,,,0.4437684500097729
ISRG,2019-04-30,True,0.6939858535495174,0,0.6490325046666499,2,,,,,0.23132861784983913
TXRH,2019-04-30,True,1.0294660551985522,0,1.031253186536079,2,1.591282869186604,11.0,1.591282869186604,11.0,1.4040105978572537
ALSN,2019-05-31,True,0.05793656579784079,0,-0.05527513075578572,1,0.3279153906052281,10.0,0.3279153906052281,10.0,0.23792244900276568
EXPD,2019-05-31,True,0.8500781518985474,0,0.6971646066955881,1,,,,,0.2833593839661825
FTNT,2019-05-31,False,2.0151765527700434,0,1.8444617782097152,1,,,,,0.6717255175900144
GWW,2019-05-31,True,0.8301191936935439,0,0.7854970212807231,1,,,,,0.27670639789784796
LOW,2019-05-31,False,1.1615756177265797,0,0.9981340917689954,1,,,,,0.38719187257552656
MZTI,2019-05-31,True,0.34352165299520454,0,0.2946702608571188,1,,,,,0.11450721766506818
RH,2019-05-31,False,6.5284788761646695,0,4.545415192513848,1,,,,,2.176159625388223
RPM,2019-05-31,False,0.81670928879317,0,0.591069653697917,1,,,,,0.2722364295977233
SMTC,2019-05-31,True,0.5817222471448673,0,0.31113425598992817,1,,,,,0.19390741571495576
TKO,2019-05-31,False,-0.21780880731878427,0,-0.21952424516081537,2,0.0119245163343622,5.0,0.6629699664128728,10.0,-0.06465325821668662
FIVE,2019-07-31,True,0.6552017681281099,0,0.5823227299012461,1,1.005363633716652,7.0,1.762432591022919,8.0,1.1409993309558937
RVTY,2019-07-31,False,1.1268238877524355,0,1.1505471736400983,2,,,,,0.8520477014244902
CSX,2019-08-31,False,0.4932317622976934,0,0.4447292899532991,1,,,,,0.4093099748834212
ELV,2019-08-31,False,0.47164700016834304,0,0.4257109908691201,2,,,,,0.3834600011669655
HCA,2019-08-31,True,1.1327272574551333,0,1.1288308091020025,1,1.835370092220764,7.0,1.835370092220764,7.0,1.6011558139655537
QLYS,2019-08-31,False,0.4742526149744062,0,0.37560054769270046,2,,,,,0.15808420499146872
CRM,2019-09-30,False,0.8271357531429624,0,0.733146283178076,1,,,,,0.2757119177143208
ERIE,2019-09-30,False,0.00911080604381631,0,0.11307787525565405,4,0.29672173027630744,5.0,,,0.142917906062354
MOH,2019-09-30,False,1.472748765403769,0,1.3062733676150224,1,,,,,0.49091625513458964
COLM,2019-10-31,False,0.16362603729530156,0,0.13485113328155696,1,0.4996050001934482,5.0,0.4996050001934482,5.0,0.3876120125607327
GHC,2019-10-31,False,-0.04671941719562955,0,-0.04966296485439825,1,0.19040813898213105,4.0,0.09290027777100507,3.0,0.2669421795691576
ASH,2019-11-30,False,0.4491344296994728,0,0.3576761881567869,1,1.067634124231914,4.0,1.067634124231914,4.0,0.861467559387767
SIGI,2019-11-30,True,0.17598071803402626,0,0.17544815368673605,2,0.39141648255264117,3.0,0.5616337711719557,4.0,0.3763436572528744
BA,2019-12-31,False,-0.37832212051789726,0,0.38032224133973513,5,-0.2682199191463286,2.0,0.3498726575574336,3.0,-0.09888979403559743
LII,2020-01-31,False,0.24724804519194765,0,0.5501845289934404,3,0.5918835881396429,2.0,0.5918835881396429,2.0,0.4770050738237445
UAL,2020-01-31,True,-0.42673797702328375,0,0.2389482898561459,5,-0.3037830660516162,1.0,-0.3037830660516162,1.0,-0.12380281884814841
ABT,2020-02-29,False,0.613998830407789,0,0.5755454165645448,1,,,,,0.20466627680259633
AFL,2020-02-29,False,0.5029174702970425,0,0.7293234475093631,2,0.8808413423695434,1.0,0.8808413423695434,1.0,0.7548667183453764
ATO,2020-02-29,False,0.11908731243356208,0,0.13313513597600202,2,0.332486077587254,12.0,0.332486077587254,12.0,0.12168147395778495
ATR,2020-02-29,True,0.2346102544630635,0,0.16158948697544706,2,,,,,0.0782034181543545
CDW,2020-02-29,True,0.5441585205570669,0,0.5918206560933268,2,0.8910022203330616,1.0,,,0.4783869136300429
CINF,2020-02-29,False,0.3907516103461517,0,0.9902584769896852,4,0.7055367869581308,1.0,0.7055367869581308,1.0,0.6839843394999546
COKE,2020-02-29,False,1.5473707472709943,0,1.3989484424635004,1,,,,,0.5157902490903314
DIS,2020-02-29,False,0.2618783411466066,0,0.37272298523091774,2,0.5368531699121941,1.0,0.5368531699121941,1.0,0.26624383701960025
DRI,2020-02-29,False,0.540959465471301,0,1.0360964148531986,2,1.7587876063092431,1.0,1.7587876063092431,1.0,1.3528448926965957
DTE,2020-02-29,False,0.37155738032992147,0,0.45999828288411093,2,,,0.5948216852845771,1.0,0.32212635520483285
EEFT,2020-02-29,False,0.03377938391717006,0,0.39744979012929615,2,0.49591686772595267,1.0,0.49591686772595267,1.0,0.3418710397896918
ESS,2020-02-29,False,0.19344918502473996,0,0.37280532709571057,2,0.5215298337594856,1.0,0.5215298337594856,1.0,0.4121696175145704
FFIN,2020-02-29,False,0.7172115046509007,0,0.7631719385084745,2,,,,,0.2390705015503002
GATX,2020-02-29,False,0.5627315766531293,0,0.7816735892440934,3,0.8850280304910776,2.0,0.8850280304910776,2.0,0.44984366444805807
GBCI,2020-02-29,False,0.5778435103185011,0,0.5314821082053074,2,,,,,0.46068433188798047
IDA,2020-02-29,False,0.14055792041063087,0,0.20095348578575667,2,0.3591137634659656,7.0,0.3591137634659656,7.0,0.1665572279588655
IT,2020-02-29,True,1.1672464236070534,0,1.3602391986367905,2,1.8163102770634132,1.0,1.8163102770634132,1.0,1.5999556592446265
MKC,2020-02-29,False,0.3420032997133642,0,0.24567510294520556,2,,,,,0.11400109990445473
OGE,2020-02-29,False,0.08739561440535559,0,0.29727684107379426,2,0.34818651888362195,1.0,0.34818651888362195,1.0,0.1451940444296592
OGS,2020-02-29,False,0.07543442935572564,0,0.05640016463153685,1,0.28131970805253714,12.0,0.262523714094947,7.0,0.11265271448355756
PANW,2020-02-29,False,2.2187735667890007,0,2.0240190233637443,2,,,,,1.614377641738774
RGLD,2020-02-29,False,0.28543580586889483,0,0.008943070786590734,2,,,,,0.09514526862296495
RLI,2020-02-29,False,0.3250023650762164,0,0.21123225136568724,1,,,,,0.10833412169207213
SBUX,2020-02-29,True,0.2147218731655287,0,0.24163442030561932,2,0.44920304119627286,1.0,,,0.22130830478726718
SYY,2020-02-29,False,0.38165984323551827,0,0.6189429985793382,2,1.0181380564917797,1.0,1.0181380564917797,1.0,0.8059786520730259
THG,2020-02-29,True,0.2323198363604404,0,0.44634071424900057,2,0.6028231027470581,1.0,0.6028231027470581,1.0,0.47932201395151885
TSN,2020-02-29,True,0.4341175050512429,0,0.564177743938773,2,,,0.6809435851185504,1.0,0.37168703005659776
UNP,2020-02-29,False,0.6005056358429064,0,0.6007059707857909,2,,,,,0.47133697794114743
VMRK,2020-02-29,False,0.22065066391403088,0,0.39500262433557,2,0.4707320066210663,1.0,0.4707320066210663,1.0,0.40645147844812674
WAT,2020-02-29,False,0.6251732360729394,0,0.6937433742584391,2,,,,,0.2083910786909798
YUM,2020-02-29,False,0.4235664513466548,0,0.470013704224568,2,0.8539806436458894,1.0,0.8539806436458894,1.0,0.7105092462128112
ACGL,2020-03-31,True,0.7013351793248392,0,0.7158042782354965,2,1.0149810989606123,1.0,0.7013351793248392,0.0,0.5721054260951505
ACN,2020-03-31,False,1.122006429558085,0,0.8623184375316053,1,,,,,0.3740021431860283
ADC,2020-03-31,False,0.1574553639527334,0,0.10039138742249976,1,,,,,0.0524851213175778
ADP,2020-03-31,False,0.735573055885556,0,0.6171392552175154,1,,,,,0.24519101862851866
ADSK,2020-03-31,False,0.3731582173121266,0,0.14546037786804544,1,,,,,0.12438607243737554
AEP,2020-03-31,False,0.336926249544395,0,0.28657654279376454,1,,,,,0.11230874984813166
AIZ,2020-03-31,True,0.8146225391923807,0,0.7778994209045331,1,,,,,0.27154084639746023
AJG,2020-03-31,False,1.2059925962631062,0,0.9071959389687085,2,,,,,0.40199753208770206
ALLE,2020-03-31,False,0.22189827170880272,0,0.11835200442688398,1,,,,,0.0739660905696009
AMH,2020-03-31,False,0.7612911588744267,0,0.6927077562621489,1,,,,,0.25376371962480887
AON,2020-03-31,False,1.0067634112545112,0,0.913140761421066,1,,,,,0.3355878037515037
APD,2020-03-31,False,0.30679832145657815,0,0.15635252300100477,1,,,,,0.10226610715219271
APO,2020-03-31,False,0.9911537261534289,0,0.6474104348035163,1,,,,,0.3303845753844763
ARE,2020-03-31,False,0.5415742238319183,0,0.34501352536902274,1,,,,,0.1805247412773061
AVGO,2020-03-31,False,1.8307486896502754,0,1.4709908677726329,1,,,,,0.6102495632167585
AXP,2020-03-31,False,1.24709466699096,0,1.0965593402225218,1,,,1.24709466699096,0.0,0.41569822233032
AZO,2020-03-31,True,1.4167611773696072,0,1.0038614761819504,1,,,,,0.47225372578986907
BALL,2020-03-31,False,0.4136680787997018,0,0.39362372342288143,1,,,,,0.1378893595999006
BLDR,2020-03-31,False,4.277187516862803,0,2.5171661893098047,1,,,4.277187516862803,0.0,1.4257291722876009
BRKR,2020-03-31,True,0.80299314268564,0,0.6443371273916998,1,,,,,0.2676643808952133
BRO,2020-03-31,True,1.0254588812087486,0,0.8207510211440507,2,,,,,0.34181962706958285
BSX,2020-03-31,False,0.35733985491057196,0,0.18169694387580781,1,,,,,0.11911328497019065
BURL,2020-03-31,True,0.14962760602359104,0,-0.0028463750917498976,1,,,,,0.049875868674530345
BX,2020-03-31,True,1.9914358975275004,0,1.6094895117297865,1,,,,,0.6638119658425001
CASY,2020-03-31,False,0.5177990309695493,0,0.32540642386932217,1,,,,,0.17259967698984977
CHD,2020-03-31,True,0.584511193737792,0,0.4529782055636131,1,,,,,0.194837064579264
CHDN,2020-03-31,False,1.1683637242443146,0,0.6826187962778079,2,,,,,0.38945457474810485
CHH,2020-03-31,False,1.338895200534418,0,0.9018128411697315,1,,,1.338895200534418,0.0,0.4462984001781393
CME,2020-03-31,True,0.46632491443431245,0,0.4227160311185023,1,,,,,0.3775171697193204
CMG,2020-03-31,True,1.4175274667742364,0,0.8007285722597615,1,,,,,0.4725091555914121
COO,2020-03-31,False,0.5153172552635878,0,0.45701952797532197,1,,,,,0.17177241842119595
CPAY,2020-03-31,True,0.3351560336799293,0,0.03237304687499987,1,,,0.3351560336799293,0.0,0.11171867789330976
CPRT,2020-03-31,True,0.8311442990036915,0,0.5662214488173438,1,,,,,0.2770480996678972
CPT,2020-03-31,False,1.2199818834742198,0,0.9974042181294329,1,,,1.2199818834742198,0.0,0.40666062782473994
CRL,2020-03-31,True,1.2499802177372756,0,0.9628810728889592,1,,,,,0.4166600725790919
CTAS,2020-03-31,True,1.5102944735030563,0,0.9602099474104937,1,,,1.5102944735030563,0.0,0.5034314911676855
CTRE,2020-03-31,False,0.4433667554269809,0,0.29535170517462794,1,,,0.4433667554269809,0.0,0.1477889184756603
DAR,2020-03-31,False,3.193009751357158,0,2.903836651662932,1,,,,,1.0643365837857193
DECK,2020-03-31,True,1.0430598496997812,0,0.8403469169227089,1,,,,,0.3476866165665937
DHI,2020-03-31,True,1.2368470875292918,0,0.610605182158195,1,,,1.2368470875292918,0.0,0.41228236250976397
ECL,2020-03-31,False,0.15454474077062907,0,-0.07021857080484417,1,,,,,0.05151491359020969
EGP,2020-03-31,True,1.0334354543728237,0,1.0042770334376234,1,,,,,0.34447848479094123
EL,2020-03-31,True,0.7319455773618666,0,0.5644459229323409,1,,,,,0.2439818591206222
ELS,2020-03-31,True,0.3869286534773171,0,0.32184779277932907,1,,,,,0.12897621782577237
ENSG,2020-03-31,False,1.4077476928315424,0,1.0712571300961296,2,,,,,0.46924923094384746
ETR,2020-03-31,False,0.33779503149379897,0,0.31622427128940944,1,,,,,0.11259834383126632
EVRG,2020-03-31,True,0.33434811868810965,0,0.25715989881399604,1,,,,,0.11144937289603656
EXR,2020-03-31,False,1.2803758517186279,0,1.2570412607340047,2,,,,,0.42679195057287594
FICO,2020-03-31,False,0.5160063302476219,0,0.321641038783973,1,,,,,0.17200211008254063
FIS,2020-03-31,False,-0.15402355349608599,0,-0.21976961174526355,1,,,,,-0.051341184498695326
FISV,2020-03-31,False,0.06748082752146534,0,-0.016107083951472867,1,,,,,0.022493609173821778
FNF,2020-03-31,True,1.1103841460195816,0,0.9410853821723895,1,,,1.1103841460195816,0.0,0.3701280486731939
G,2020-03-31,True,0.5199309512384063,0,0.2890500259229052,1,,,,,0.17331031707946876
GL,2020-03-31,True,0.4233330198217422,0,0.2405339869380667,1,,,0.4233330198217422,0.0,0.1411110066072474
GPN,2020-03-31,False,-0.041193106753071085,0,-0.16703558297222265,1,,,,,-0.013731035584357029
GWRE,2020-03-31,False,0.19304004109541628,0,0.04161169706162493,1,,,,,0.06434668036513876
HAE,2020-03-31,False,-0.36564319789665733,0,-0.44436630428048063,1,,,,,-0.2199158919887739
HD,2020-03-31,False,0.674196069556178,0,0.42195826903601175,1,,,,,0.22473202318539265
HLT,2020-03-31,True,1.223622719202912,0,1.0042264426705185,1,,,1.223622719202912,0.0,0.40787423973430403
HSY,2020-03-31,False,0.703791262147704,0,0.6540576102900004,2,,,,,0.23459708738256801
ICE,2020-03-31,False,0.6740608856179509,0,0.51124021180012,1,,,,,0.22468696187265028
INTU,2020-03-31,False,1.1164108073731454,0,0.8002503613322376,1,,,,,0.37213693579104845
IQV,2020-03-31,False,1.1436121398619523,0,0.6215022978609015,1,,,1.1436121398619523,0.0,0.38120404662065077
IRT,2020-03-31,True,2.2024722055844164,0,1.7858645106755295,1,,,2.2024722055844164,0.0,0.7341574018614722
KO,2020-03-31,True,0.49310954252330497,0,0.43974878526326444,1,,,,,0.1643698475077683
LAD,2020-03-31,True,2.7063215216093077,0,1.7418598535976062,1,,,2.7063215216093077,0.0,0.9021071738697692
LIN,2020-03-31,False,0.9040032012007209,0,0.7902744016539676,1,,,,,0.3013344004002403
LNT,2020-03-31,False,0.3714598368098665,0,0.35388094941451675,1,,,,,0.12381994560328884
LYV,2020-03-31,False,1.5877695063533257,0,1.3930024360209852,2,,,1.5877695063533257,0.0,0.5292565021177752
MA,2020-03-31,True,0.4947068905525107,0,0.3110662304663665,1,,,,,0.1649022968508369
MAA,2020-03-31,False,1.1522955691592056,0,0.9635437585772784,1,,,,,0.3840985230530685
MANH,2020-03-31,False,1.784223355350155,0,0.9553143775042352,1,,,,,0.5947411184500516
MCD,2020-03-31,False,0.5668181358186049,0,0.3812826750719951,1,,,,,0.1889393786062016
MDT,2020-03-31,False,0.28620175144095383,0,0.18805383434081158,1,,,,,0.09540058381365128
MORN,2020-03-31,False,1.3826983065433907,0,0.7714221068224285,1,,,,,0.46089943551446355
MRSH,2020-03-31,True,1.0349083401014538,0,0.7982275678172619,1,,,,,0.3449694467004846
MSA,2020-03-31,False,0.3432194696797948,0,0.2079786230011098,1,,,,,0.11440648989326492
MUSA,2020-03-31,False,1.3954825489630887,0,0.892162054763816,1,,,,,0.4651608496543629
NKE,2020-03-31,False,0.6533309281439086,0,0.5691282810022522,1,,,,,0.21777697604796953
NSC,2020-03-31,False,1.0226660748560916,0,0.7259458252207582,1,,,,,0.3408886916186972
NVR,2020-03-31,False,0.7388394551972688,0,0.44105484501008063,1,,,0.7388394551972688,0.0,0.2462798183990896
NXST,2020-03-31,False,2.417576254563869,0,1.8169153251663506,1,,,2.417576254563869,0.0,0.8058587515212897
O,2020-03-31,True,0.566845973772468,0,0.4164894615094048,1,,,0.566845973772468,0.0,0.18894865792415602
OLED,2020-03-31,True,0.27778712620400103,0,0.12168116422998065,1,,,,,0.092595708734667
ORLY,2020-03-31,True,1.2752367792322326,0,0.7729461308060792,1,,,,,0.4250789264107442
PAYX,2020-03-31,True,1.2959768577387383,0,1.1083317102808428,1,,,1.2959768577387383,0.0,0.4319922859129128
PCTY,2020-03-31,False,1.3298234259903374,0,0.7966472231348449,1,,,,,0.4432744753301125
PEP,2020-03-31,False,0.4759343743180908,0,0.3399331054372563,1,,,,,0.1586447914393636
POR,2020-03-31,True,0.2380078836289694,0,0.2598193235977544,2,0.5418456680524051,5.0,0.4068739714293219,3.0,0.42749522934934503
REXR,2020-03-31,False,0.8827609957800109,0,0.8539085803140376,3,,,,,0.2942536652600036
RH,2020-03-31,True,2.2456453904242175,0,1.2679788503715361,1,,,,,0.7485484634747391
RNR,2020-03-31,False,0.08076794396391795,0,-0.038601908370368476,2,,,,,0.026922647987972653
ROP,2020-03-31,False,0.5308349063479505,0,0.3973735720158862,1,,,,,0.17694496878265017
ROST,2020-03-31,True,0.054037395465940996,0,0.0033893830246223278,1,,,,,0.018012465155313667
RS,2020-03-31,False,1.1776623138171187,0,1.1292856567564509,1,,,,,0.3925541046057062
RSG,2020-03-31,False,0.8237949833912928,0,0.7474347883113865,1,,,,,0.2745983277970976
SGI,2020-03-31,True,1.5835480338782562,0,1.100965492175201,1,,,1.5835480338782562,0.0,0.5278493446260853
SHW,2020-03-31,False,0.6566838390329208,0,0.41931729090236636,1,,,,,0.2188946130109736
SO,2020-03-31,False,0.45817080619085315,0,0.39159835760395856,1,,,,,0.1527236020636177
SPXC,2020-03-31,False,0.5137867883380589,0,0.29583001477357285,1,,,,,0.17126226277935297
SRE,2020-03-31,False,0.5910397090692434,0,0.45152662977295277,1,,,,,0.19701323635641446
SUI,2020-03-31,True,0.4613911049849122,0,0.3575495364509429,1,,,,,0.15379703499497074
SYK,2020-03-31,False,0.6402289384145683,0,0.464794430786843,1,,,,,0.21340964613818944
TDG,2020-03-31,False,1.034854221536111,0,0.7944804747936045,1,,,,,0.34495140717870365
TDY,2020-03-31,True,0.5899015115887651,0,0.4512542923688254,1,,,,,0.19663383719625505
TGT,2020-03-31,False,1.3576165813496965,0,0.9973354699308672,1,,,,,0.4525388604498988
TJX,2020-03-31,False,0.2907119840342849,0,0.25808219432837665,1,,,,,0.09690399467809496
TROW,2020-03-31,False,0.6563435334593908,0,0.398788955780506,1,,,,,0.21878117781979692
TT,2020-03-31,True,0.9072901346493727,0,0.8019115097478946,1,,,,,0.30243004488312425
TTEK,2020-03-31,True,1.3646776700466288,0,1.2182992096305711,1,,,,,0.45489255668220957
TXNM,2020-03-31,False,0.32572032869702516,0,0.23523490523815038,1,,,,,0.10857344289900839
UDR,2020-03-31,False,0.680735063434448,0,0.6225141830428014,1,,,0.680735063434448,0.0,0.5293124355104539
V,2020-03-31,False,0.3936558323753503,0,0.2564111489278542,1,,,,,0.13121861079178343
VRSK,2020-03-31,False,0.5589331087667377,0,0.4217368559051142,1,,,,,0.18631103625557924
WDAY,2020-03-31,False,0.8388880699518566,0,0.5559455244353801,1,,,,,0.2796293566506189
WM,2020-03-31,False,0.7728824038852358,0,0.6406515862856303,1,,,,,0.25762746796174524
WMS,2020-03-31,False,3.073944854881602,0,1.9584843549837365,1,,,,,1.024648284960534
WPC,2020-03-31,False,0.5612886173662079,0,0.3785291019926167,1,,,0.5612886173662079,0.0,0.18709620578873598
WRB,2020-03-31,False,0.9806596808548367,0,0.9135369668624738,1,,,,,0.32688656028494556
WTRG,2020-03-31,False,0.3135398796232871,0,0.279278986411984,1,,,,,0.10451329320776237
WTW,2020-03-31,True,0.42772206906474763,0,0.36013549561157854,1,,,,,0.14257402302158254
WWD,2020-03-31,True,1.1233363215456862,0,1.0840672243758993,1,,,1.1233363215456862,0.0,0.3744454405152287
ZBRA,2020-03-31,True,1.2532679654366836,0,0.8013585544294144,1,,,,,0.41775598847889456
ZTS,2020-03-31,True,0.6207501323782552,0,0.4727242423903435,1,,,,,0.20691671079275173
CMS,2020-04-30,False,0.27263406621150943,0,0.23100153052916572,1,,,,,0.09087802207050315
ORA,2020-04-30,False,0.26113325009138877,0,0.0792718233612193,1,,,,,0.08704441669712959
AEE,2020-06-30,False,0.3533256225128254,0,0.18669003466480816,1,,,,,0.11777520750427513
CACI,2020-06-30,True,0.2992437865885884,0,0.203211050180494,2,,,,,0.09974792886286281
LHX,2020-06-30,False,0.47838498524761386,0,0.3878361229593428,2,,,,,0.15946166174920462
FCN,2020-09-30,True,0.5637445013211229,0,0.5778900400946416,2,,,,,0.18791483377370763
EXPO,2020-10-31,False,0.39346039804447375,0,0.16818332725957252,1,,,,,0.13115346601482458
LDOS,2020-10-31,False,0.2596942125466899,0,0.03827821210413296,1,,,,,0.0865647375155633
LLY,2020-10-31,False,1.8627494353672147,0,1.5510824312102618,1,,,,,0.6209164784557383
VRTX,2020-10-31,False,0.497408327347161,0,0.36992316136114156,1,,,0.7200507252320174,11.0,0.40581968419305947
AMT,2020-12-31,False,-0.012233317318826487,0,-0.024832225189845514,1,,,,,-0.004077772439608829
WEC,2020-12-31,False,0.08167191613979252,0,0.05524607529898362,3,,,,,0.10212680492119068
JKHY,2021-01-31,True,0.27184349939753893,0,0.24057025798723441,1,,,,,0.09061449979917964
LMT,2021-01-31,True,0.5220150189023909,0,0.47187832324594736,1,,,,,0.17400500630079696
SBAC,2021-01-31,False,0.12596733547118655,0,0.08733955670828863,2,,,,,0.04198911182372885
BAH,2021-02-28,True,0.2748358095875749,0,0.22117040431165047,1,,,,,0.09161193652919164
CHE,2021-02-28,True,0.17861316660362103,0,0.14116482464832036,1,,,,,0.05953772220120701
CLX,2021-02-28,True,-0.08980264368823654,0,-0.14562808293213936,1,0.1014233319729505,12.0,0.1014233319729505,12.0,0.0038735627615713217
EQIX,2021-02-28,False,0.09331259883022103,0,0.04303819359404848,1,,,,,0.031104199610073675
ES,2021-02-28,False,0.004887383910726184,0,-0.08451527836153083,1,,,,,0.0016291279702420614
GME,2021-02-28,False,-0.2439551819930088,0,-0.5947740216996017,1,,,,,-0.0813183939976696
REGN,2021-02-28,True,0.6876847405825675,0,0.6071777996268355,1,,,,,0.22922824686085583
XEL,2021-02-28,False,0.1646329714544108,0,0.01835260832793617,1,,,,,0.05487765715147027
ORA,2021-04-30,False,0.19981800673063765,0,0.24707869909341884,2,,,,,0.06660600224354589
WBD,2021-06-30,False,-0.5912646728449509,0,-0.46728974196507134,6,-0.5059101506497348,3.0,-0.30909089667140877,10.0,-0.5207306340525328
MKC,2021-07-31,True,0.10112740734693304,0,0.07407454363440547,1,,,,,0.033709135782311016
SAM,2021-07-31,True,-0.4768450669839348,0,-0.2646208712076652,5,-0.3485908908503571,1.0,-0.1767183292625868,4.0,-0.36558834530954654
APPF,2021-08-31,False,0.6322608532014675,0,0.6010797494136801,1,0.9242364113119441,9.0,1.1267652865240008,10.0,0.8716941331648411
SMG,2021-08-31,True,-0.6133246414926375,0,-0.5915241548824441,2,-0.5112060463326269,7.0,-0.4217060304042394,8.0,-0.5452455780526305
APD,2021-09-30,True,0.16170150474794798,0,-0.007627144614348436,1,,,,,0.05390050158264933
ATR,2021-09-30,True,0.07626788455004152,0,0.06036268569235448,1,0.33400741883303153,12.0,0.23278773185312884,9.0,0.10301853880105678
BF-B,2021-09-30,False,-0.1067542460894435,0,-0.11833224389615538,1,,,,,-0.03558474869648117
FDX,2021-09-30,True,0.25711760454909816,0,0.17043821379527957,1,0.8254972194896648,12.0,0.8254972194896648,12.0,0.6360373478428093
FICO,2021-09-30,True,1.182620172600363,0,1.1811401372969086,1,,,,,0.880713126268768
TTWO,2021-09-30,False,-0.08879085665117581,0,-0.22436464425608593,1,0.17471338699849293,7.0,0.17471338699849293,7.0,0.08687863911527001
DVA,2021-10-31,False,-0.2519371856357209,0,-0.321114610524983,2,-0.03414201799395966,8.0,-0.03414201799395966,8.0,-0.10674040720788007
HALO,2021-10-31,False,-0.11032310997130013,0,-0.1576722282253451,2,,,,,-0.02673789562294356
PYPL,2021-10-31,False,-0.7772905220490957,0,-0.7253155355196064,2,-0.7198334283821655,1.0,-0.5372107889642938,4.0,-0.7389857929378089
TMUS,2021-10-31,False,0.2506302355555745,0,0.24038648937937412,2,,,,,0.08354341185185817
ADSK,2021-11-30,False,-0.14068220395044095,0,-0.2231943142384758,1,0.019034226527128384,4.0,0.27023717229342625,7.0,0.0017163755273545596
AGCO,2021-11-30,True,0.13319022493399402,0,0.07644290337642334,1,,,,,0.04439674164466467
ALL,2021-11-30,False,0.34202964660808965,0,0.24016562816867526,1,,,,,0.11400988220269655
CMI,2021-11-30,True,0.12926074201601634,0,0.08582766025398425,1,,,,,0.04308691400533878
CSGP,2021-11-30,False,0.06790121700416951,0,0.05074025304528984,1,0.36108839862430786,3.0,0.36108839862430786,3.0,0.26335933808426176
GRMN,2021-11-30,True,-0.03198955382923774,0,-0.055407977975905354,1,0.1646602424571646,3.0,0.4338108082040355,9.0,0.11434990465122112
LAD,2021-11-30,False,-0.07098450457932037,0,-0.08856694787072861,1,0.25623855780565985,10.0,0.3602116858261102,11.0,0.1471642036773331
VEEV,2021-11-30,True,-0.38314811436932195,0,-0.11982426041215533,7,-0.2630844571482759,2.0,-0.041989554920529804,5.0,-0.2752652736112499
GNRC,2021-12-31,False,-0.6327574432770842,0,-0.5903255301833038,2,-0.5423188495701083,1.0,0.11500303174791648,10.0,-0.5286538343030208
PEGA,2021-12-31,False,-0.5607086460423352,0,0.3176240224174498,10,-0.43616207255611295,2.0,-0.39115525295841036,3.0,-0.5005978147858895
XYZ,2021-12-31,False,-0.5210822790855383,0,-0.39333334530101105,2,-0.36748713799134625,1.0,-0.22292547957918307,4.0,-0.4186855183560769
A,2022-01-31,True,-0.05320498185620137,0,-0.0031930145983235514,2,,,,,0.01700613697326736
AAON,2022-01-31,False,0.6570902463587323,0,0.9870850877917667,4,1.184407957745612,3.0,1.184407957745612,3.0,0.9173080876316856
ADBE,2022-01-31,False,0.15624189296491853,0,0.48333656598264696,4,0.560247531887573,3.0,1.244840123161488,8.0,0.3458118180428112
ALGN,2022-01-31,False,-0.459915928682732,0,-0.47733935832652974,1,-0.07792072040473397,3.0,-0.07792072040473397,3.0,-0.30823912207791776
AMD,2022-01-31,False,0.4677461920473194,0,0.3595752182610621,1,0.9608279820366648,3.0,,,0.7964673853735497
AMZN,2022-01-31,True,0.03761692613753964,0,0.010660076779341665,1,0.24877793346460142,3.0,0.4612559861224179,5.0,0.249216948574853
AXON,2022-01-31,False,0.779890020688184,0,0.7758288595978162,1,1.2197861348738268,3.0,1.6731780879395615,5.0,1.1522861457070972
BIO,2022-01-31,False,-0.4649425156340703,0,-0.48736340439572845,1,-0.3517373441445707,5.0,-0.23073787366363974,8.0,-0.35633850457980465
BRKR,2022-01-31,True,0.08027698468573208,0,0.021684298516464473,1,0.2817257977805505,7.0,,,0.22786778750770162
BURL,2022-01-31,False,-0.1932216274616736,0,-0.060964844817003705,3,0.04929459196245367,2.0,0.04929459196245367,2.0,-0.03154414784558875
CELH,2022-01-31,True,2.136392332146725,0,1.3430897094796719,1,,,,,0.7121307773822417
CGNX,2022-01-31,False,-0.4499844135401888,0,-0.4589395283455342,1,-0.24681651636141955,4.0,-0.24681651636141955,4.0,-0.31453914875434263
CHTR,2022-01-31,True,-0.375214927906121,0,-0.38397757750748407,1,-0.13484562089231633,3.0,-0.13484562089231633,3.0,-0.2149687232302512
CRL,2022-01-31,True,-0.3441290866863552,0,-0.13674461333488108,6,-0.10446770858928145,3.0,0.01079589449649565,5.0,-0.23525833087586687
CRM,2022-01-31,False,0.2083136893468729,0,0.32389782061569306,2,0.5976468945353757,3.0,0.5976468945353757,3.0,0.46786915947254143
CROX,2022-01-31,False,-0.011108939379622318,0,0.4165271387704237,6,0.2119909147063248,1.0,0.819942726177314,4.0,0.17638474801531864
DAR,2022-01-31,True,-0.3209973510077183,0,-0.4025938571798041,1,,,,,-0.10699911700257277
DECK,2022-01-31,True,1.3537145357514677,0,1.8065610068210303,4,1.8362369674083472,3.0,,,1.686205780409385
DG,2022-01-31,False,-0.35022549819770343,0,-0.3915241382618466,2,,,,,-0.11674183273256782
DXCM,2022-01-31,False,0.12757847404882283,0,-0.05121190753412541,2,0.6291870508121666,4.0,,,0.46198419189105205
ENSG,2022-01-31,True,0.5086172379060869,0,0.3540572121414711,1,,,,,0.16953907930202897
FIVE,2022-01-31,False,0.0942683336211414,0,0.41229249346710195,6,0.37422476258847204,4.0,0.5821211869085967,5.0,0.28090595293269516
IDXX,2022-01-31,True,0.015336151161214007,0,-0.03244098673449802,1,0.19652481867782345,3.0,0.4685940779385491,5.0,0.17570520446721263
LII,2022-01-31,True,0.5566335931955102,0,0.8272237105338724,6,1.0637855961225053,3.0,1.0637855961225053,3.0,0.8947349284801737
LSCC,2022-01-31,True,0.10213689360683831,0,-0.028106010085494404,1,,,,,0.12299927712585516
LULU,2022-01-31,False,0.35971954112448357,0,0.2425594657422796,2,0.6647226136598217,5.0,,,0.3034112497073227
MPWR,2022-01-31,True,0.5189358893351987,0,0.33425948773117287,1,0.793396504390905,9.0,,,0.4374441312420346
MSA,2022-01-31,False,0.2328048011082018,0,0.2138474258651959,1,0.5337399779351384,8.0,0.5337399779351384,8.0,0.21060413765156163
NEE,2022-01-31,False,-0.21183507684861347,0,-0.21767870610614892,1,,,,,-0.07061169228287116
NFLX,2022-01-31,True,0.32066765863916746,0,1.8571211902535878,4,1.963385237345479,3.0,0.5059398235293877,2.0,0.9299975731713447
NOVT,2022-01-31,True,0.11911655482413064,0,0.08616213608901635,2,0.33635971476554016,8.0,,,0.12534313539273204
RGEN,2022-01-31,True,-0.04507412829723023,0,0.1515777496853521,4,0.20452802899907363,3.0,,,0.12132730990030567
RH,2022-01-31,False,-0.37073633106927606,0,-0.24586457393240235,3,-0.22266859279888473,2.0,-0.12617206473707787,4.0,-0.23985899620174622
RMD,2022-01-31,False,-0.15327806973283986,0,-0.21692642539873863,1,,,,,-0.062338695612513005
ROL,2022-01-31,True,0.44078486242719794,0,0.35770886840889116,1,,,,,0.14692828747573264
SWKS,2022-01-31,True,-0.2523069061599935,0,-0.0034064660574710803,6,-0.03704966031802559,3.0,-0.03704966031802559,3.0,-0.10880207559868156
TECH,2022-01-31,False,-0.24678717664218097,0,-0.3245202445460972,1,-0.004221103082500011,8.0,,,-0.1329032393476188
TER,2022-01-31,True,-0.17021737576731377,0,-0.17442845085595493,1,0.08595553645596121,5.0,,,-0.05371659803909531
TPL,2022-01-31,False,0.396168353474029,0,0.2625919474054754,1,,,,,0.13205611782467633
TREX,2022-01-31,True,-0.10921611162620626,0,-0.11280480611999744,1,0.2472065065548794,2.0,0.49724377248197027,5.0,0.12839896716118418
TRMB,2022-01-31,False,-0.2951774109033516,0,-0.2949819650587687,2,-0.126567044304011,5.0,,,-0.16152614337419424
TROW,2022-01-31,True,-0.23452450495987043,0,-0.22500248015238955,2,-0.04769273464529089,3.0,-0.04769273464529089,3.0,-0.08744515760479792
TT,2022-01-31,False,0.5050210137027378,0,0.7560368697728426,6,0.8542754432171167,3.0,,,0.7283328110368902
VICR,2022-01-31,False,-0.6006572942041029,0,-0.44026751172693435,4,-0.4961883126894785,1.0,-0.3117120686274708,5.0,-0.5310113065276866
WAT,2022-01-31,True,-0.007528438394568737,0,-0.031224334108238105,4,0.17875558525577384,8.0,,,0.0570757156204017
WING,2022-01-31,False,0.9188517776694609,0,1.243413133196952,6,1.4178851848296272,2.0,2.092184065750579,3.0,1.2515407157762384
XYL,2022-01-31,True,0.0986876085371966,0,0.3600339870591409,4,0.292905111211448,1.0,0.4286196507158051,3.0,0.2734041234881499
AMH,2022-02-28,False,0.019869669931470213,0,-0.03612027839399912,1,0.2601009834053387,10.0,,,0.06126873149115175
AMT,2022-02-28,True,-0.0697928949381067,0,-0.15995515814287342,1,,,,,-0.010421703099481353
AVY,2022-02-28,True,0.2709355362711301,0,0.23518617098749783,2,,,,,0.09031184542371003
AWK,2022-02-28,False,-0.1843452992407325,0,-0.2554987075952956,1,,,,,-0.08188686394882565
BLK,2022-02-28,False,0.15407899666102587,0,0.11602005313048847,1,0.36522519049873736,2.0,0.5273809419213884,7.0,0.34889504302705054
BR,2022-02-28,True,0.44459607822603275,0,0.35045640538711686,1,,,,,0.14819869274201092
CAT,2022-02-28,True,0.8591081787467889,0,0.5650817936133199,1,,,,,0.6532362793316165
CCI,2022-02-28,True,-0.2762060178263601,0,-0.3523511583110379,1,-0.11850808323851036,8.0,-0.11850808323851036,8.0,-0.15452088944983278
CMCSA,2022-02-28,True,-0.030066797173429305,0,-0.03130947160477027,1,0.14932583291278578,4.0,0.1342946373281444,2.0,0.11402164771797381
DLB,2022-02-28,False,0.10860207470588179,0,0.06438260731328249,1,,,0.26959299110820667,7.0,0.1260650219380295
DLR,2022-02-28,False,0.1807814816092017,0,0.11338921738907737,1,0.5605629589482706,7.0,0.5605629589482706,7.0,0.43396913316858093
EBAY,2022-02-28,False,-0.096903409240097,0,-0.14256738364849042,1,0.17291452665007645,4.0,0.17291452665007645,4.0,0.026743410817895996
EXPD,2022-02-28,True,0.18498307898621502,0,0.11850626688246435,3,,,,,0.18783862432494045
HD,2022-02-28,True,0.26980785776928795,0,0.32702249152742224,2,,,,,0.23804518317138842
HON,2022-02-28,True,0.09258285113098363,0,0.06546204879068074,1,,,,,0.1072512342861655
INTU,2022-02-28,True,0.4166759577498118,0,0.39761368838261424,1,0.7411409216105196,4.0,,,0.33977189797559837
KEYS,2022-02-28,True,-0.019508115655361036,0,-0.02323224751905828,1,,,,,0.02683775330667515
LRCX,2022-02-28,True,0.7159010451492309,0,0.8463173632932122,3,1.0614483129946155,2.0,,,1.0076158682749912
MEDP,2022-02-28,True,1.5986793870788771,0,1.4299773697201221,1,,,,,1.1915988444213135
META,2022-02-28,True,1.3250248798093334,0,1.2065570451902299,1,2.0427911353556394,4.0,1.3250248798093334,0.0,1.803535716840204
MSCI,2022-02-28,True,0.1421784417283969,0,0.13947554646931892,1,0.36028381112201036,2.0,,,0.16748741761680241
MTZ,2022-02-28,True,-0.04189947895189017,0,-0.13363949016723442,1,0.18834644227515995,7.0,,,0.04881565444108993
NDAQ,2022-02-28,False,0.014796928076038496,0,-0.02847122697240012,1,,,,,0.04844340753509117
NKE,2022-02-28,False,-0.22076572266775263,0,-0.07849095751878543,5,0.036201733528125946,4.0,0.036201733528125946,4.0,-0.09710621948637817
ORCL,2022-02-28,True,0.5185227691247325,0,0.39444178850756684,1,0.8732766583421707,7.0,,,0.4639331424889677
PNR,2022-02-28,True,0.3871928267134901,0,0.6296978536955455,5,0.7483450237575322,4.0,0.7483450237575322,4.0,0.5707738163827557
PPG,2022-02-28,True,0.10242385461668269,0,0.13267192592278487,5,0.3166088076054263,7.0,,,0.12773106333292975
RBA,2022-02-28,False,0.5326140678225397,0,0.3599582157417105,1,,,,,0.17753802260751325
ROK,2022-02-28,False,0.1088847671175881,0,0.0556245827253683,1,0.3789036546636775,3.0,0.4749998541609204,4.0,0.320929425314062
SBUX,2022-02-28,True,0.08167757076664173,0,0.2559587919427544,3,0.33021463882551205,2.0,0.33021463882551205,2.0,0.1372974031973846
SGI,2022-02-28,True,0.6954988123818471,0,1.0225297546902565,5,0.9984141036792966,1.0,1.600801215400654,4.0,1.0982380438205992
SPGI,2022-02-28,True,0.1618550840015136,0,0.0641886478914504,1,0.42281492113084385,7.0,,,0.1512455994711149
TGT,2022-02-28,True,-0.19056421055391182,0,-0.23805031226311812,1,-0.005206304864580513,3.0,0.140247684971466,4.0,-0.018507610149008775
TKR,2022-02-28,True,0.327118442560554,0,0.4170736173747167,3,0.6313042459492697,4.0,,,0.27886300697191646
TRU,2022-02-28,False,-0.13477928523550542,0,-0.24089364063118401,1,0.05931252983389412,6.0,0.05931252983389412,6.0,0.05338604249683817
TSLA,2022-02-28,False,-0.30420596887672013,0,-0.4379732794483999,1,-0.10065036675747352,4.0,0.6389024548032081,10.0,-0.20204430047497993
TTC,2022-02-28,True,0.012268949285785036,0,0.1472473546240778,3,0.24368849200327425,4.0,0.24368849200327425,4.0,0.06443506236386927
TYL,2022-02-28,False,0.020735078411062258,0,-0.017420035839923798,1,0.22854253737935815,3.0,,,0.18802115606128456
UTHR,2022-02-28,False,0.35764141716510967,0,0.25767791529956163,1,,,,,0.11921380572170322
VRSK,2022-02-28,False,0.3821417722388756,0,0.1400626148130346,1,,,,,0.12738059074629185
WMT,2022-02-28,False,0.3415063440482007,0,0.21286214482116073,1,,,,,0.11383544801606689
WSM,2022-02-28,True,0.706661466365545,0,0.7050138549101652,1,1.2161705314086344,4.0,,,0.9483343760183941
WTS,2022-02-28,True,0.4394361881415658,0,0.5801719424951803,3,,,,,0.3550325584567535
ZBRA,2022-02-28,True,-0.3238495827588307,0,-0.3244379919271899,1,-0.17360061217436507,3.0,-0.049226060962065166,4.0,-0.20567650835926873
APTV,2022-03-31,False,-0.33464203378972257,0,-0.24063302517532914,4,-0.10575949479309021,3.0,-0.10575949479309021,3.0,-0.23060376647114791
BBWI,2022-03-31,False,0.09198941128301041,0,-0.013100878605271649,1,0.9291708715740516,3.0,0.9291708715740516,3.0,0.4312131212571623
BC,2022-03-31,False,0.2405520134257888,0,0.2465605148390495,4,0.527599048034118,3.0,,,0.25605035381996893
CRH,2022-03-31,False,1.270569319262179,0,1.1923115186044044,2,1.8037234133693136,6.0,1.6122633762211604,3.0,0.9609442318277798
DHI,2022-03-31,True,1.2538622709400653,0,1.227601274886264,2,,,,,0.9276696734602417
DKS,2022-03-31,False,1.3636078449004363,0,1.510678512524822,4,1.9103537377747348,2.0,,,1.7971910562619844
DPZ,2022-03-31,True,0.2536063638712933,0,0.40493502148444316,2,0.5095571160098897,1.0,0.6349403814555308,6.0,0.46603462044557126
EL,2022-03-31,False,-0.41796164797091007,0,-0.3791766351507806,3,-0.2693838491699214,6.0,-0.21322740047096078,7.0,-0.3189097821035843
EVR,2022-03-31,True,0.8157805497377348,0,0.7583659088246173,2,1.1451271685605944,3.0,1.4235937725588097,6.0,1.1281671636190465
EXP,2022-03-31,True,1.145154767437207,0,1.109008135706015,2,1.5581435184347772,6.0,,,0.8815076635927289
FBIN,2022-03-31,True,0.3744276608590258,0,0.4590825086802419,4,0.6978767836265649,3.0,0.6978767836265649,3.0,0.6526197835651957
FERG,2022-03-31,False,0.7060705991674157,0,0.8148647583654014,4,1.0668246852688434,3.0,,,0.9476509294102943
GM,2022-03-31,False,0.05576557594068121,0,0.19387748592472898,2,0.45400440308620826,3.0,0.45400440308620826,3.0,0.24263221621709308
GS,2022-03-31,False,0.341476360318856,0,0.34656863562684204,2,,,,,0.27736757929402317
HLI,2022-03-31,False,0.5270765214784183,0,0.5601269558488073,2,,,,,0.4081782227331148
ITT,2022-03-31,True,0.8550090145252918,0,0.8899374495434187,2,,,,,0.6406371428390331
JPM,2022-03-31,False,0.561161842535127,0,0.5976078761618195,2,0.8759585765984705,3.0,1.0038224777619393,6.0,0.7782848727486765
KKR,2022-03-31,False,0.7583079040965337,0,0.8697014760956596,2,1.2138327394961537,3.0,,,0.9963916837352746
LEN,2022-03-31,False,1.1860478238635306,0,1.2003382457498413,2,,,,,0.8960675686781737
LOW,2022-03-31,True,0.31236452421018224,0,0.37202585584402725,4,,,,,0.2751253146017139
LSTR,2022-03-31,True,0.3258039096314753,0,0.2909686246209098,1,,,,,0.10860130321049177
NOW,2022-03-31,True,0.369031568026303,0,0.6032974606414789,3,0.6309066929667813,2.0,1.0190141855291843,6.0,0.5726176297408399
NVR,2022-03-31,False,0.8131789494532116,0,0.8199621058775386,2,,,,,0.6120250987648118
PHM,2022-03-31,True,1.9413713723113353,0,1.7230112281804768,2,,,,,0.6471237907704451
PTC,2022-03-31,False,0.7539918334599234,0,0.6543210222921143,1,,,,,0.2513306111533078
SAIA,2022-03-31,True,1.3993108950329018,0,1.4595332562043324,4,1.8403572583521974,1.0,,,1.783790093681558
SHW,2022-03-31,False,0.41856787308176124,0,0.28783418248685777,1,0.7213271046447207,6.0,,,0.3321218686638905
SPXC,2022-03-31,False,1.4920056189772888,0,1.4464532639345964,2,1.9386633119182242,1.0,,,1.1435563102985042
SYF,2022-03-31,False,0.3097611515772034,0,0.2314400391460445,1,0.6411774946539728,3.0,0.6411774946539728,3.0,0.5307053802950497
SYNA,2022-03-31,False,-0.5109774558466478,0,-0.3269403269223258,4,-0.34276478069243066,1.0,,,-0.39883567241050305
TXRH,2022-03-31,True,0.9204911316713043,0,0.833158153213925,4,,,,,0.7015848487159874
WAL,2022-03-31,False,-0.18283528997413656,0,-0.17224602532300026,2,0.02004350175158609,6.0,0.12032556262452565,9.0,-0.0361608339640093
ZTS,2022-03-31,True,-0.08733216390769438,0,-0.00041185229776374843,3,0.09566546518786989,5.0,,,0.05496040763311979
ABT,2022-04-30,True,-0.02948698641214542,0,-0.062206400474954404,1,,,,,0.03463073410002493
ACN,2022-04-30,False,0.03364318921337772,0,0.01013740489364956,3,,,,,0.07866445924758225
ALB,2022-04-30,False,-0.3658370287207702,0,-0.5304291573217332,1,,,,,-0.12194567624025672
ALLY,2022-04-30,False,0.039080117012661564,0,-0.057183295303470105,1,0.23908214445947573,2.0,0.47824410212996193,5.0,0.2521354545340331
AMAT,2022-04-30,True,0.8335151503705052,0,0.7208191316283803,1,1.2184530511361351,2.0,,,1.1697293925790333
AOS,2022-04-30,True,0.4704103007013771,0,0.42907640344145803,1,0.7603684400245962,5.0,,,0.4102595802419911
APO,2022-04-30,True,1.2823370415343365,0,0.9555885524430763,1,,,,,0.4274456805114455
ARES,2022-04-30,False,1.1476427270447385,0,0.9982703230835017,1,,,,,0.8743330474138916
BALL,2022-04-30,True,-0.11859295768489897,0,-0.028316881982972553,3,0.03738506825193055,2.0,0.03738506825193055,2.0,0.05385055423766505
BX,2022-04-30,False,0.23312792026313,0,0.0633227371160685,1,0.47785702095142124,5.0,,,0.41908522399593756
CBRE,2022-04-30,False,0.046363179572186164,0,0.014832943264733833,3,0.2870685326643967,5.0,,,0.07559114394553197
CDNS,2022-04-30,True,0.8271792756419969,0,0.7929487578424252,1,,,,,0.275726425213999
CDW,2022-04-30,True,0.5175216320071838,0,0.45332237565640665,1,,,,,0.17250721066906127
CG,2022-04-30,True,0.33826697710084197,0,0.24959582820468684,1,0.8473181754404449,5.0,0.8473181754404449,5.0,0.5687781184305282
CMG,2022-04-30,True,1.1706364277895749,0,1.0199204537778113,3,,,,,0.8625333791257582
COF,2022-04-30,False,0.20293019820278158,0,0.16628523621649616,1,0.4312431658229099,2.0,0.6088114410985082,5.0,0.4143282683747332
COHR,2022-04-30,False,-0.10749874391072478,0,-0.12591998291015627,1,0.07222767909853656,2.0,0.5675754220959972,5.0,0.04046968174551291
COKE,2022-04-30,False,0.9280989885698243,0,0.5067271274524239,1,,,,,0.30936632952327475
COO,2022-04-30,False,-0.013037527120121295,0,0.08959901954241278,3,0.23955903181365157,4.0,0.23955903181365157,4.0,0.12150972950932926
CPRT,2022-04-30,True,0.9114826447555919,0,0.8967956675856847,1,,,,,0.303827548251864
CUBE,2022-04-30,False,-0.06904533913274757,0,-0.04532509302470766,3,,,,,0.004059762377116249
DHR,2022-04-30,True,0.11721764374957422,0,0.06347825332893975,1,,,,,0.03907254791652474
DOV,2022-04-30,True,0.38426721705124245,0,0.37278343922487434,1,,,,,0.31829007611661364
EFX,2022-04-30,True,0.09825106080189294,0,0.06779709959999414,3,0.2985811800431193,5.0,,,0.10623308517138381
ENTG,2022-04-30,True,0.2043915293668781,0,0.21966612770285976,3,0.45491489767792803,2.0,1.0391978901289862,8.0,0.42413637165302714
ETN,2022-04-30,True,1.2783721415956903,0,1.213820888984289,3,,,,,0.9619309603959683
FFIN,2022-04-30,False,-0.22831409542269454,0,-0.2518912399507748,1,-0.05039483441120651,11.0,-0.11489500585249768,8.0,-0.10264171376027646
FFIV,2022-04-30,True,-0.01254408970538079,0,-0.012249062167074443,3,0.2303512712685838,12.0,0.2303512712685838,12.0,0.043217246678921795
FTNT,2022-04-30,True,0.09304180374298632,0,0.07397839898784841,1,0.29759708538004137,4.0,,,0.13021296304100924
GGG,2022-04-30,True,0.32640610910547196,0,0.2995844471455218,1,,,,,0.10880203636849066
GOOG,2022-04-30,True,0.43206944015612536,0,0.4115226269517187,3,0.7123246951677404,5.0,,,0.6666369803343819
GOOGL,2022-04-30,True,0.426524510009058,0,0.39941535832543607,3,0.7018295475197691,5.0,,,0.6577682389779961
IQV,2022-04-30,True,0.0632139017021538,0,0.06811373061033654,2,0.279507591108592,5.0,,,0.11424049760358194
ISRG,2022-04-30,True,0.5487671976210828,0,0.6102011472631266,3,0.8465446799847132,2.0,0.9772726754687453,5.0,0.7908615176915138
ITW,2022-04-30,True,0.29811902578385485,0,0.22974130970733797,1,,,,,0.09937300859461828
KLAC,2022-04-30,True,1.2126436279609991,0,0.9297196864604633,1,,,,,0.40421454265366635
LFUS,2022-04-30,True,0.02589349827671583,0,-0.1313521137427519,1,,,,,0.06807289186178019
LH,2022-04-30,False,0.00014125096437700435,0,-0.02879576831913644,1,,,,,0.05561044439843066
MCO,2022-04-30,True,0.19247367933016046,0,0.21338501090618878,3,0.5451160455693949,5.0,0.5451160455693949,5.0,0.3739199984798853
MKSI,2022-04-30,True,0.06289966201625763,0,-0.020880020353253648,1,0.4606290302017031,5.0,0.17822574351966436,2.0,0.24510614833152822
MRVL,2022-04-30,False,0.1459474604065638,0,0.12521770016356992,1,0.5289830132509978,2.0,,,0.4013044956361865
MSFT,2022-04-30,True,0.4282794072446432,0,0.40861685396445613,3,0.6943644846906032,5.0,,,0.37421463064508215
MSI,2022-04-30,True,0.6288360247710776,0,0.5839897399955083,1,,,,,0.20961200825702586
MTD,2022-04-30,False,-0.037439494202202495,0,-0.043868413646870996,1,0.13428398766775906,5.0,,,0.011003236072785047
MTSI,2022-04-30,False,1.000981264408531,0,0.8702990293061277,1,,,,,0.3336604214695103
NVDA,2022-04-30,True,3.6643928509250454,0,3.6331659116141317,1,4.705666669192934,2.0,,,4.831031446938208
NWS,2022-04-30,False,0.25774028175034136,0,0.44916721373358626,3,0.5759351126950245,2.0,0.5759351126950245,2.0,0.41937093149069704
NWSA,2022-04-30,False,0.22342130362484203,0,0.4175700011410053,3,0.5595089213620708,2.0,0.5595089213620708,2.0,0.39310613491792196
NXPI,2022-04-30,True,0.5609005593369074,0,0.4057645000748227,1,,,,,0.4513058188287393
ODFL,2022-04-30,True,0.308833221885479,0,0.20659623184182552,3,,,,,0.25976992458414777
OSK,2022-04-30,False,0.2585642629730047,0,0.2468940757210769,1,0.6411123912065773,5.0,0.6411123912065773,5.0,0.4366869345098754
PCTY,2022-04-30,False,-0.18177503735236877,0,-0.24654004185589795,3,,,,,-0.060591679117456256
PEN,2022-04-30,False,0.13856052387802453,0,0.4095996149942065,3,0.5778188766249304,2.0,0.3372583968778682,1.0,0.351212599126941
PNFP,2022-04-30,False,0.013652225641602067,0,-0.03713199437120174,1,0.40953608101933026,11.0,0.40953608101933026,11.0,0.2775747958934209
PODD,2022-04-30,True,-0.28055567810627835,0,-0.211067263855644,2,,,,,-0.1583802077940442
QCOM,2022-04-30,True,0.24649097276564524,0,0.21576807540549492,1,0.524552957928129,5.0,,,0.2570146435645914
RBC,2022-04-30,False,0.4577760269280764,0,0.3166832373188506,1,,,,,0.15259200897602546
RRX,2022-04-30,False,0.29384925969469733,0,0.22212545044202692,3,,,,,0.24656216000630446
RVTY,2022-04-30,True,-0.2977818488587012,0,-0.3121387158146096,1,-0.14484578102498025,5.0,,,-0.14754254329456049
SCHW,2022-04-30,False,0.14858471102460746,0,0.08347586126603623,1,0.4369874354695171,11.0,0.4369874354695171,11.0,0.34085319398788055
SLAB,2022-04-30,False,-0.0994737635020092,0,-0.18550553177124107,1,,,,,-0.014101186628799556
SLM,2022-04-30,False,0.3378749902046705,0,0.1425550119368122,1,0.5792092198115246,5.0,,,0.5583996046830902
SNPS,2022-04-30,True,0.8500994143677039,0,0.6622493939985541,1,,,,,0.28336647145590127
SSD,2022-04-30,True,0.7070615129429199,0,0.6333279449023965,1,1.2516200730498372,5.0,1.2516200730498372,5.0,0.9547324818701796
STX,2022-04-30,True,0.13946390199695125,0,0.10407017921761952,1,0.3824328811860036,4.0,0.7193859687723008,5.0,0.38486353513409294
TEL,2022-04-30,True,0.17473689656963387,0,0.12769595870141415,1,,,,,0.16381413216572596
TTEK,2022-04-30,True,0.41635954104874107,0,0.44198662232744157,2,,,,,0.1387865136829137
TXN,2022-04-30,True,0.10036293534628538,0,0.05267957302713011,1,,,,,0.033454311782095125
WMS,2022-04-30,True,0.5463219898066762,0,0.4452045958413038,1,0.926596102222216,8.0,,,0.4344825405005495
WSO,2022-04-30,True,0.7817103239906056,0,0.719813253711161,3,,,,,0.5906716496713194
WST,2022-04-30,True,0.140177580509659,0,0.04494951731407881,3,0.458886652479074,5.0,0.5602036264072205,6.0,0.35265029515593566
XPO,2022-04-30,False,2.3622453071782346,0,2.027371441467582,3,3.062335593984396,5.0,,,1.705848006263965
ANET,2022-05-31,False,1.9101485867120829,0,1.5520878067907309,2,,,,,0.6367161955706943
CAR,2022-05-31,False,-0.3709150762600124,0,-0.3424035862048034,2,-0.1861417035838262,1.0,,,-0.2477328278092216
CNO,2022-05-31,False,0.46711284367168737,0,0.5983540601273951,2,,,,,0.3745938778119757
COST,2022-05-31,True,0.8019540221904427,0,0.7528519904602085,1,,,,,0.2673180073968142
CPT,2022-05-31,False,-0.22997634697872582,0,-0.22239473923984998,2,-0.08862938613784321,4.0,0.01998139405063304,10.0,-0.11780081757730305
DE,2022-05-31,True,0.0759340145433749,0,0.11760784457573603,2,0.280731541336934,1.0,,,0.11888851862676963
EGP,2022-05-31,True,0.08690557692575873,0,0.02244359407461949,2,,,,,0.02896852564191958
EQIX,2022-05-31,True,0.15482367750986548,0,0.1275013338681419,2,0.38883792754508795,4.0,0.38883792754508795,4.0,0.1812205350183178
EXPO,2022-05-31,True,0.07607777914756753,0,0.06053279099198727,1,,,,,0.025359259715855842
EXR,2022-05-31,False,-0.11822282967141462,0,-0.17869009557521032,2,0.03950024664590268,7.0,,,-0.02624086100850398
FDS,2022-05-31,True,0.07783639225327565,0,0.07001679285724283,1,,,,,0.025945464084425218
FR,2022-05-31,True,-0.06691910137380741,0,-0.051214282004043654,2,,,,,-0.00960331990702575
ICE,2022-05-31,False,0.3475051606910724,0,0.34748073473230545,2,,,,,0.28759883635136557
IT,2022-05-31,True,0.5993522225206007,0,0.5807970320196605,2,,,,,0.19978407417353358
JLL,2022-05-31,True,0.024072571577575586,0,0.059789213115596374,2,0.33759182847291713,4.0,0.45332290766423866,11.0,0.1724248801168924
MAA,2022-05-31,False,-0.20289056737187328,0,-0.22894156037226931,2,-0.051975577228474235,12.0,,,-0.0931269276231278
MANH,2022-05-31,True,0.8154303541892618,0,0.560673890266667,2,,,,,0.27181011806308725
NSC,2022-05-31,True,-0.016653288344945616,0,-0.06171558622887019,2,,,,,0.03396599842362169
PLD,2022-05-31,False,-0.08394329717322824,0,-0.12533741577358914,2,0.1339856974514808,4.0,,,0.016680800092750858
REXR,2022-05-31,True,-0.25013304089749955,0,-0.27173989705466584,2,-0.08937532690866035,4.0,,,-0.11316945593538663
STAG,2022-05-31,False,0.14812009139358073,0,0.15736856939739718,2,,,,,0.15729283014813666
SUI,2022-05-31,False,-0.24095781633928404,0,-0.2442918797178132,2,-0.09018604394578711,4.0,-0.09018604394578711,4.0,-0.1238098551434631
TSCO,2022-05-31,True,0.5794707022619106,0,0.5265909984271488,1,,,,,0.19315690075397018
UDR,2022-05-31,False,-0.12267217602115799,0,-0.14076224371721402,2,0.03596432362963964,5.0,0.03596432362963964,5.0,-0.04187278088302852
URI,2022-05-31,True,1.28779944667569,0,1.114159786131541,2,1.8083489737549558,1.0,,,1.032049473476882
VMC,2022-05-31,False,0.577232818655506,0,0.5728442856892049,2,,,,,0.4690668563355296
AAPL,2022-06-30,True,0.5579496605928818,0,0.3107062137983454,1,,,,,0.18598322019762725
ADI,2022-06-30,False,0.6209963037201449,0,0.37713031046898693,1,,,,,0.20699876790671498
AME,2022-06-30,True,0.5371290977770218,0,0.367733587974431,1,,,,,0.17904303259234058
AMP,2022-06-30,False,0.8557470248231598,0,0.6340912535072147,1,,,,,0.2852490082743866
APH,2022-06-30,True,1.1331296517159886,0,0.7805119955185131,1,,,,,0.3777098839053295
AVGO,2022-06-30,True,2.462446728429711,0,2.1412774495223292,1,,,,,0.8208155761432371
AVNT,2022-06-30,True,0.14676621008176216,0,0.06517709946223205,1,0.5076109068163142,3.0,0.5076109068163142,3.0,0.3873293412381302
AXP,2022-06-30,True,0.712355854568824,0,0.5411425443434748,1,,,,,0.23745195152294132
BLDR,2022-06-30,False,1.5774674431221185,0,1.0354412303251377,1,,,,,0.5258224810407062
BRK-B,2022-06-30,False,0.49000074779358993,0,0.3532933450868987,1,,,,,0.16333358259786332
BYD,2022-06-30,False,0.13184973935996824,0,0.014403271947942997,1,,,,,0.043949913119989414
CCK,2022-06-30,False,-0.17420976255889875,0,-0.25144505322843524,1,0.10702246159923612,4.0,0.10702246159923612,4.0,-0.043372863004491835
CHDN,2022-06-30,False,0.4672957718027986,0,0.33951946116181086,1,,,,,0.15576525726759952
CHH,2022-06-30,True,0.08366280474433152,0,0.0008212816257886502,1,,,,,0.02788760158144384
CHRD,2022-06-30,False,0.8258059510265219,0,0.5184203117141193,1,,,,,0.27526865034217396
CLH,2022-06-30,True,1.579559696815322,0,1.3173481133606586,1,,,,,0.5265198989384406
CNH,2022-06-30,False,-0.06389483488070102,0,-0.16025858172953,1,,,,,-0.021298278293567008
CSX,2022-06-30,True,0.18278015736240638,0,0.06314858997927053,1,,,,,0.06092671912080213
DELL,2022-06-30,False,2.1529572884295076,0,2.728991106043135,4,2.7758516029056675,2.0,3.231120781958052,3.0,2.7199765577644093
ELS,2022-06-30,True,-0.023844929410438587,0,-0.06434100937273846,1,,,,,0.021289485491979104
EME,2022-06-30,True,2.574348194055531,0,2.158365306535532,1,,,,,0.858116064685177
EMR,2022-06-30,True,0.44851368551448023,0,0.2791693089308285,1,,,,,0.14950456183816008
EW,2022-06-30,True,-0.02860441367190103,0,-0.08126117062411453,1,0.2753003224822763,4.0,0.2753003224822763,4.0,0.121523614352812
EWBC,2022-06-30,False,0.1980274720528381,0,0.07538971016023766,1,0.4620711588960871,10.0,0.4620711588960871,10.0,0.38402948619842164
FN,2022-06-30,True,2.018372353783027,0,1.5483031387422028,1,,,,,0.6727907845943424
GATX,2022-06-30,False,0.46029964275172586,0,0.3715894691001873,1,,,,,0.1534332142505753
GMED,2022-06-30,True,0.21998572512272396,0,0.16697903333398134,1,,,,,0.07332857504090799
HCA,2022-06-30,True,0.9466146037732124,0,0.540099956412323,1,,,,,0.31553820125773746
IEX,2022-06-30,True,0.13479176282238448,0,-0.015901518170333695,1,,,,,0.04493058760746149
IRT,2022-06-30,False,-0.016985567726601314,0,-0.08207713056455934,1,0.19767748701271248,3.0,,,0.060230639762037054
J,2022-06-30,False,0.1171094394713681,0,0.032569134931124566,1,,,,,0.14038707452670715
JBHT,2022-06-30,True,0.03469740659585385,0,-0.11096318231075841,1,,,,,0.01156580219861795
JBL,2022-06-30,False,1.139532186468684,0,0.8464008851728222,1,,,,,0.379844062156228
KNX,2022-06-30,False,0.10106965958392866,0,-0.07245657488488111,1,,,,,0.03368988652797622
LAMR,2022-06-30,True,0.5055573392615629,0,0.31054680030725046,1,,,,,0.16851911308718762
LECO,2022-06-30,True,0.57483896874238,0,0.3735302676019152,1,,,,,0.19161298958079334
LPX,2022-06-30,True,0.618821962503999,0,0.3333720551856374,1,,,,,0.206273987501333
MA,2022-06-30,True,0.41552117023492685,0,0.2603102045548189,1,,,,,0.13850705674497563
MCHP,2022-06-30,True,0.6368496863046518,0,0.3806017457036177,1,,,,,0.21228322876821726
MLM,2022-06-30,False,0.8344152432497152,0,0.5591070358752113,1,,,,,0.2781384144165717
MORN,2022-06-30,False,0.23767242970664393,0,0.1721413024168168,1,0.46920372825705114,9.0,,,0.4390591206145958
NDSN,2022-06-30,True,0.17096934270869046,0,0.026239471377839108,1,,,,,0.056989780902896824
NUE,2022-06-30,False,0.5565211351054447,0,0.19673318221503733,1,,,,,0.18550704503514823
OC,2022-06-30,True,1.4233952503931424,0,0.9333385640228848,1,,,,,0.4744650834643808
OLN,2022-06-30,False,0.04927538980370594,0,-0.07096885857562729,1,,,,,0.016425129934568645
ON,2022-06-30,True,0.3625521999717176,0,0.026505006061929848,1,,,,,0.12085073332390588
PH,2022-06-30,True,1.1196611256328266,0,0.8040836420450201,1,,,,,0.3732203752109422
PNC,2022-06-30,False,0.07411359913997106,0,0.011669186032165602,1,0.29624885932670897,9.0,0.29624885932670897,9.0,0.2584079007886883
RJF,2022-06-30,True,0.42133867913618506,0,0.29056473243537817,1,,,,,0.14044622637872836
SF,2022-06-30,True,0.5691271842196624,0,0.4696961729653153,1,,,,,0.1897090614065541
SNA,2022-06-30,True,0.398043793416357,0,0.22944235127705248,1,,,,,0.132681264472119
SNX,2022-06-30,False,0.303528864915116,0,0.17861253282474787,1,,,,,0.25376600290481877
TDY,2022-06-30,False,0.034310005431349655,0,-0.008737820550556163,1,,,,,0.061327532438277745
TMO,2022-06-30,False,0.023067681044298682,0,-0.07118496081872172,1,,,,,0.007689227014766227
UFPI,2022-06-30,True,0.6826708111563391,0,0.24343524650047343,1,,,,,0.22755693705211302
VVV,2022-06-30,False,0.5105060377913915,0,0.35157933003819397,1,,,,,0.4072689370655939
CHD,2022-07-31,False,0.1412785590015968,0,0.35028770818086885,3,0.40113105186567966,2.0,0.40113105186567966,2.0,0.1808032036224255
NEM,2022-07-31,False,0.17223042337463257,0,0.2462214017176536,2,,,0.28333163880151013,1.0,0.05741014112487752
PG,2022-07-31,True,0.21769036140294107,0,0.24717760192867622,3,,,,,0.07256345380098035
ARW,2022-08-31,True,0.28880836730807635,0,0.33399169446317356,2,,,,,0.25134772981868175
DGX,2022-08-31,False,0.3065124039673195,0,0.13357715412307147,2,,,,,0.10217080132243983
PFE,2022-08-31,False,-0.29340230411470947,0,-0.31343888339827464,2,-0.15312329783542378,10.0,-0.1480543470235387,11.0,-0.16200271086175647
STE,2022-08-31,False,0.2206940688037513,0,0.42104085033057603,2,0.4748812374584459,1.0,,,0.2318584354207324
AIZ,2022-09-30,False,0.42207082297784004,0,0.5494830207994648,4,0.701709677599369,6.0,0.6022926730510574,2.0,0.3414544986762991
AN,2022-09-30,True,0.7563560748499976,0,0.6830025611686414,1,,,,,0.25211869161666584
FAST,2022-09-30,False,0.6398782220462622,0,0.5519161630656948,1,,,,,0.2132927406820874
LIN,2022-09-30,True,0.8159994483393154,0,0.6464613282870377,1,,,,,0.27199981611310514
MCD,2022-09-30,False,0.3817668818149582,0,0.1693276182144443,1,,,,,0.12725562727165274
PAYX,2022-09-30,True,0.2701396853055098,0,0.2046521296072239,1,,,,,0.09004656176850327
PKG,2022-09-30,True,1.0450188358506018,0,0.9102833318073538,1,,,,,0.34833961195020063
PSA,2022-09-30,True,0.3449257078512131,0,0.27137273170625176,1,,,,,0.11497523595040438
SBAC,2022-09-30,False,-0.12774284901523636,0,-0.17243299463342676,2,0.10882722147591428,8.0,0.10882722147591428,8.0,0.0299705313121974
SCI,2022-09-30,True,0.41308061037745625,0,0.3461684767967086,1,,,,,0.13769353679248542
SWX,2022-09-30,False,0.1426381702890802,0,0.09072135530135328,1,0.39682180467224315,7.0,0.39682180467224315,7.0,0.13952727346436347
TXT,2022-09-30,False,0.5235488592936306,0,0.2969310114693806,1,,,,,0.1745162864312102
UMBF,2022-09-30,False,0.29727267662539947,0,0.2786146286904343,2,0.8772955555708231,6.0,0.8772955555708231,6.0,0.6839545959223484
UNP,2022-09-30,True,0.32630197333958666,0,0.3106936944479153,1,,,,,0.10876732444652888
UPS,2022-09-30,False,-0.08279100370301073,0,-0.11685095110483845,1,,,,,-0.02759700123433691
WLK,2022-09-30,False,0.7780759324027877,0,0.5983365793272011,1,,,,,0.2593586441342626
BRO,2022-10-31,True,0.8046069957390631,0,0.7768973945144588,1,,,,,0.26820233191302106
CF,2022-12-31,True,0.04852198132268093,0,0.03530825763425627,2,0.242282981044031,4.0,,,0.2374211355145135
CSL,2022-12-31,False,0.5996168032051399,0,0.5026296881480408,1,,,,,0.19987226773504663
LNTH,2022-12-31,False,0.7554945190674234,0,0.555826071034307,1,,,,,0.2518315063558078
PANW,2022-12-31,False,1.6079979284612733,0,1.2939990848958667,1,,,,,0.5359993094870911
ADM,2023-01-31,True,-0.34451043751594834,0,-0.32197251546980565,2,-0.0450051692895187,12.0,-0.0450051692895187,12.0,-0.20984747783043278
MOH,2023-01-31,True,-0.0045537086595331955,0,0.04202889790867159,3,,,,,0.040952367698704584
RSG,2023-01-31,True,0.7819070025458463,0,0.7251042092005098,1,,,,,0.2606356675152821
ADP,2023-02-28,True,0.4985920708621523,0,0.47134411067570303,1,,,,,0.16619735695405077
KR,2023-02-28,True,0.5731050869219869,0,0.3745951341654252,1,,,,,0.19103502897399563
WM,2023-02-28,True,0.6047097031657256,0,0.465949930179282,1,,,,,0.20156990105524186
AFG,2023-03-31,False,0.22493192276399876,0,0.20640938757683802,1,,,,,0.07497730758799959
CFR,2023-03-31,True,0.2708958046784242,0,0.214296174372262,1,,,0.3911515522671267,5.0,0.23756151533999126
CI,2023-03-31,False,0.3334331849185359,0,0.20861405241880382,3,,,,,0.1111443949728453
HRB,2023-03-31,False,0.6486345763620283,0,0.8064344490906163,3,0.9468800766390881,2.0,,,0.5318382176670388
MET,2023-03-31,False,0.476677849227205,0,0.39505491665151715,1,,,0.710287822287168,2.0,0.39565522383812435
TPL,2023-03-31,True,1.4016539746317864,0,2.0957933455369857,3,2.13359054846397,2.0,,,1.7666488459426326
WTFC,2023-03-31,True,0.6005743253865397,0,0.5976071295735044,3,,,0.8250466523469198,2.0,0.4752069925778198
P,2023-04-30,False,0.9868594289065666,0,0.5755470360505444,1,,,,,0.3289531429688555
WRB,2023-04-30,True,0.9101992919766813,0,0.8861181729128904,2,,,,,0.30339976399222707
ABBV,2023-05-31,False,0.4547687192069192,0,0.32704438025046656,2,,,,,0.15158957306897305
CVX,2023-05-31,True,-0.011594991373733654,0,-0.05386993790726746,1,,,,,-0.0038649971245778847
EXLS,2023-05-31,True,0.5234530971543554,0,0.522242878361574,1,,,,,0.42828240738028045
GD,2023-05-31,False,0.4239105739735731,0,0.3513087364894232,1,,,,,0.1413035246578577
MTDR,2023-05-31,True,0.011816003195313618,0,-0.1496644633960852,1,,,,,0.003938667731771206
NOC,2023-05-31,False,0.14644332487291623,0,0.09535881748189379,1,,,,,0.048814441624305406
NXST,2023-05-31,True,0.2245596472449216,0,0.10964004160166407,1,,,,,0.07485321574830721
PFG,2023-05-31,False,0.26513795313198996,0,0.09198211512782795,1,,,,,0.08837931771066332
ULTA,2023-05-31,True,0.15037944245679347,0,0.0018274231627897208,1,,,,,0.05012648081893115
VMI,2023-05-31,True,0.23498841559767802,0,0.11062991778324704,1,0.6375418307133498,5.0,0.6375418307133498,5.0,0.5033573590081258
GIS,2023-07-31,True,-0.2919377557101648,0,-0.19650692263432346,3,,,-0.17298682770877338,2.0,-0.15497486113964606
DLTR,2023-08-31,False,-0.1077966849919284,0,-0.017283267911049727,2,0.29210558562173805,12.0,0.29210558562173805,12.0,0.06995360504375958
HSY,2023-08-31,False,-0.09230049600828172,0,0.03150559086296134,3,,,,,-0.017105617164895375
ELV,2023-09-30,True,-0.23497391342795237,0,-0.25990873148917604,1,,,,,-0.07832463780931746
GPC,2023-09-30,True,0.019090135505722028,0,0.10025620912669875,2,,,,,0.05364009403039146
ACM,2023-10-31,False,0.7886978220129257,0,0.5409050987409003,1,,,,,0.26289927400430857
ELF,2023-10-31,True,0.31857932647344,0,0.034295902932959255,1,,,,,0.10619310882448
ON,2023-10-31,False,-0.20051081866181097,0,-0.29791110969449697,1,,,,,-0.06683693955393699
PWR,2023-10-31,True,1.6945050805977142,0,1.3913004387483787,1,,,,,0.5648350268659047
WCC,2023-10-31,True,1.064103580425987,0,0.697901987729652,1,,,,,0.354701193475329
KBR,2023-11-30,False,-0.18448381616696086,0,-0.24142473548232524,1,,,,,-0.061494605388986955
TKO,2023-11-30,False,1.5294264911017001,0,1.3976528508791266,1,,,,,0.5098088303672333
EOG,2024-01-31,False,0.05090569666626199,0,0.04475413577038512,1,,,,,0.016968565555420662
LNTH,2024-01-31,False,0.2886577657554048,0,0.02355461884707921,1,,,,,0.0962192552518016
QLYS,2024-05-31,True,-0.22279899935674796,0,-0.2335904892164452,1,-0.08344512853488928,5.0,,,-0.11655547984129144
BLDR,2024-06-30,False,-0.35351491229366017,0,-0.46537607715001517,1,-0.16901928767330598,11.0,,,-0.258187079413596
LECO,2024-06-30,True,0.447317227839253,0,0.32915592294278895,1,,,,,0.14910574261308432
MOH,2024-06-30,True,-0.23074333555808169,0,-0.32985611301707496,1,,,,,-0.07691444518602723
CELH,2024-07-31,False,-0.3762545816280016,0,0.13701823578199335,7,-0.23192216613022187,1.0,0.1693354531525999,6.0,-0.22557848951670778
CRWD,2024-07-31,False,2.29125702855813,0,1.7533179666849041,1,,,,,0.76375234285271
ELF,2024-08-31,True,-0.27198072007755825,0,-0.15804509377286635,3,0.0001834749397862101,1.0,0.7367415426297728,7.0,-0.0905379233993286
PBF,2024-08-31,False,1.3020678304203397,0,1.4672062384288602,3,1.7492441833983725,2.0,1.7492441833983725,2.0,1.6591921169089165
SAIA,2024-08-31,True,-0.055078047066563385,0,-0.18782875874433358,1,0.45545083968365785,8.0,,,0.28527454410025077
SMCI,2024-08-31,True,-0.1482751110484768,0,0.1421568467038632,3,0.2806594983732176,2.0,,,0.1376812952326528
